OVERALL_RANK,SYMBOL,DATA_DATE,CMP,BIAS,NEXT_DAY_SCORE,SWING_SCORE,TECH_SCORE,TECH_SCORE_100,ALIGNED,CONFIDENCE,RSI14,ATR14,ATR_PCT,ATR_PERCENTILE,EMA20,EMA50,EMA200,MACD_HIST,MACD_DELTA,VOL_RATIO20,VOL_PERCENTILE,VWAP20,VWAP_DIST_PCT,DAY_RANGE_PCT,RANGE20_POS,RET1,RET5,RET10,RET20,GAP_PCT,DELIVERY_PCT,PREV_HIGH,PREV_LOW,PREV_CLOSE,WEEK_HIGH,WEEK_LOW,UP_DAY_PCT_3Y,DOWN_DAY_PCT_3Y,AVG_UP_RETURN_3Y,AVG_DOWN_RETURN_3Y,AVG_GAP_PCT_3Y,UP_GAP_FREQ_3Y,DOWN_GAP_FREQ_3Y,AVG_UP_GAP_3Y,AVG_DOWN_GAP_3Y,AVG_GAP_FILL_PCT_3Y,MAX_UP_STREAK_3Y,MAX_DOWN_STREAK_3Y,SIMILAR_SETUPS,HIST_1D_WIN_PCT,HIST_1D_AVG_PCT,HIST_3D_WIN_PCT,HIST_3D_AVG_PCT,HIST_5D_WIN_PCT,HIST_5D_AVG_PCT,HIST_10D_WIN_PCT,HIST_10D_AVG_PCT,HIST_15D_WIN_PCT,HIST_15D_AVG_PCT,HIST_SETUP_QUALITY,HISTORICAL_SCORE,HISTORICAL_QUALITY,PRIMARY_DRIVER,CONFLICTING_SIGNAL,EXPECTED_LOW_PCT,EXPECTED_HIGH_PCT,EXPECTED_LOW_PRICE,EXPECTED_HIGH_PRICE,INVALIDATION,LEVERAGE_RISK,AVG_VALUE20,INTRADAY_STATUS,INTRADAY_BIAS,INTRADAY_SCORE,NEXT_DAY_RANK,SWING_RANK
1,SUNLITE,2026-08-31,546.1,Bullish,82.95,77.34,9,95,9/10,High,68.71,33.31,6.1,60.0,493.88,432.14,272.04,2.409,1.2034,2.08,80.0,497.67,9.73,4.12,0.968,2.2,7.06,17.73,10.79,2.18,69.28,545.95,500.0,534.35,545.95,482.0,48.89,45.19,3.51,-2.59,1.05,37.41,22.59,4.33,-2.63,72.15,6,6,43,62.79,2.76,60.47,7.77,74.42,12.4,72.09,23.57,72.09,27.23,STRONG,86.28,STRONG,Trend + Momentum + Volume + Structure,None material,2.13,9.15,557.76,596.07,497.67,VERY_HIGH,11936504.0,NOT_AVAILABLE,NOT_AVAILABLE,,1,32
2,POLYCAB,2026-08-31,9445.0,Bullish,82.81,81.53,9,95,9/10,High,59.92,200.63,2.12,9.17,9164.25,9173.4,8468.63,18.5241,24.8374,1.45,93.33,9179.68,2.89,5.01,1.0,3.93,4.32,0.8,4.55,0.19,59.71,9103.0,9013.5,9088.0,9188.0,8906.0,52.24,43.29,1.46,-1.52,0.17,7.63,4.87,1.91,-2.61,74.67,10,6,100,52.0,0.14,66.0,0.64,69.0,1.61,79.0,3.16,80.0,4.66,STRONG,85.88,STRONG,Trend + Momentum + Volume + Structure,None material,0.74,3.19,9515.22,9745.94,9013.5,MODERATE,2455024659.0,NOT_AVAILABLE,NOT_AVAILABLE,,2,16
3,BEL,2026-08-31,414.45,Bullish,82.15,78.72,9,95,9/10,High,57.83,6.78,1.63,2.5,408.54,409.05,410.75,0.7875,0.0702,1.22,87.5,406.5,1.96,1.98,0.939,0.62,1.33,0.48,5.69,-0.11,61.08,411.9,407.25,411.9,414.6,405.55,49.87,45.39,1.54,-1.33,0.25,11.58,5.66,1.84,-2.05,76.31,9,8,100,56.0,0.65,68.0,1.5,76.0,2.44,64.0,2.95,69.0,3.81,STRONG,84.0,STRONG,Trend + Momentum + Volume + Structure,None material,0.57,2.45,416.82,424.61,406.5,LOW,4186902715.0,NOT_AVAILABLE,NOT_AVAILABLE,,3,26
4,LAURUSLABS,2026-08-31,1915.0,Bullish,79.69,85.77,6,80,7/10,Medium,69.25,44.91,2.35,22.5,1832.34,1700.8,1325.81,0.1151,0.0134,9.07,100.0,1881.43,1.78,5.22,0.811,-1.21,6.33,5.82,5.72,0.34,77.88,1938.5,1910.1,1938.5,1938.5,1790.0,53.55,41.58,1.54,-1.44,0.08,6.05,6.18,1.8,-2.46,87.1,14,6,8,87.5,1.71,87.5,3.54,87.5,4.4,87.5,5.04,75.0,5.74,STRONG,96.25,STRONG,Trend + Momentum + Structure + VWAP,Delivery,0.82,3.52,1930.72,1982.36,1881.43,MODERATE,6427562385.0,NOT_AVAILABLE,NOT_AVAILABLE,,4,12
5,GVT&D,2026-08-31,4445.2,Bullish,79.66,74.2,8,90,8/10,High,55.63,163.6,3.68,1.67,4306.9,4403.13,4002.82,36.0598,7.9545,0.86,46.67,4298.2,3.42,4.16,0.802,2.44,6.4,3.62,1.72,-0.6,61.23,4416.4,4331.0,4339.2,4539.0,4060.1,49.57,46.98,2.36,-1.98,0.2,19.18,11.85,2.07,-2.61,79.86,10,7,100,57.0,0.64,61.0,1.41,69.0,2.65,69.0,5.58,66.0,7.51,STRONG,83.3,STRONG,Trend + Momentum + Structure + VWAP,None material,1.29,5.52,4502.46,4690.61,4298.2,HIGH,4252472654.0,NOT_AVAILABLE,NOT_AVAILABLE,,5,56
6,HAPPYFORGE,2026-08-31,2412.0,Bullish,79.42,79.65,8,90,8/10,High,78.41,86.06,3.57,30.0,2113.46,1866.2,1453.08,7.4624,5.4278,1.52,83.33,2058.3,17.18,6.13,0.987,4.55,10.09,9.73,41.95,0.8,61.11,2311.0,2260.1,2307.0,2311.0,2107.3,46.95,48.98,1.61,-1.25,0.19,16.57,11.19,1.82,-1.77,90.09,8,8,86,50.0,0.46,60.47,1.31,62.79,2.13,73.26,3.89,72.09,4.94,POSITIVE,82.62,STRONG,Trend + Momentum + Volume + Structure,None material,1.25,5.35,2442.12,2541.08,2058.3,HIGH,327791953.0,NOT_AVAILABLE,NOT_AVAILABLE,,6,23
7,ATLANTAELE,2026-08-31,1830.4,Bullish,79.08,76.42,8,90,8/10,Medium,59.45,88.11,4.81,10.83,1715.6,1696.38,1430.61,10.6458,4.5784,1.78,88.33,1740.78,5.15,5.73,0.829,4.89,0.6,2.36,15.13,0.57,39.37,1750.0,1675.3,1745.1,1885.5,1668.0,48.95,45.19,3.03,-2.41,0.58,34.73,8.37,2.17,-2.24,84.51,7,9,9,33.33,-0.04,77.78,4.19,66.67,4.97,66.67,5.26,66.67,10.96,STRONG,81.67,STRONG,Trend + Momentum + Volume + Structure,None material,1.68,7.22,1861.24,1962.56,1675.3,HIGH,294198242.0,NOT_AVAILABLE,NOT_AVAILABLE,,7,37
8,ADOR,2026-08-31,1705.2,Bullish,78.96,77.98,8,90,8/10,High,66.75,73.13,4.29,55.83,1562.23,1449.82,1201.77,1.6272,6.4538,3.63,96.67,1602.62,6.4,7.54,0.799,4.26,4.91,11.79,13.43,1.66,32.09,1652.0,1546.6,1635.6,1652.0,1522.0,47.89,48.45,1.95,-1.49,0.18,13.52,5.35,1.88,-1.7,81.39,7,7,66,43.94,0.26,54.55,0.77,62.12,1.5,71.21,3.41,78.79,5.18,POSITIVE,81.31,STRONG,Trend + Momentum + Volume + Structure,None material,1.5,6.43,1730.8,1814.9,1546.6,HIGH,97374423.0,NOT_AVAILABLE,NOT_AVAILABLE,,8,30
9,QPOWER,2026-08-31,1435.8,Bullish,78.65,74.64,8,90,8/10,High,71.26,57.93,4.03,1.67,1294.35,1228.32,1044.89,14.7279,2.0418,2.09,95.83,1314.46,9.23,5.08,0.833,0.32,9.34,10.23,23.99,5.0,48.74,1431.2,1359.7,1431.2,1431.2,1267.3,50.39,46.23,3.22,-2.62,0.35,18.18,9.09,2.6,-2.24,79.08,8,8,84,59.52,0.39,54.76,1.84,65.48,3.97,64.29,6.64,58.33,8.59,STRONG,80.42,STRONG,Trend + Momentum + Volume + Structure,None material,1.41,6.05,1456.07,1522.69,1314.46,HIGH,377480183.0,NOT_AVAILABLE,NOT_AVAILABLE,,9,55
10,LIQUIDBETF,2026-08-31,1096.88,Bullish,78.42,92.68,7,85,7/10,Medium,100.0,0.24,0.02,2.5,1094.97,1091.99,1077.3,0.0009,0.0015,1.87,94.17,1095.04,0.17,0.0,0.997,0.01,0.09,0.18,0.36,0.01,83.06,1096.76,1096.74,1096.75,1096.76,1095.9,80.66,4.7,0.03,-0.11,0.02,0.7,0.52,1.87,-2.64,85.19,82,2,8,75.0,0.01,100.0,0.05,100.0,0.1,100.0,0.2,100.0,0.3,STRONG,86.2,STRONG,Trend + Momentum + Volume + Structure,None material,0.1,0.03,1097.98,1097.24,1095.04,LOW,336755647.0,NOT_AVAILABLE,NOT_AVAILABLE,,10,1
11,LIQUIDCASE,2026-08-31,115.71,Bullish,78.38,92.66,7,85,7/10,High,100.0,0.04,0.03,81.67,115.51,115.19,113.58,0.0004,0.0002,1.15,75.83,115.51,0.18,0.02,0.953,0.01,0.1,0.19,0.36,0.01,77.93,115.71,115.69,115.7,115.71,115.6,87.57,0.6,0.02,-0.01,0.49,17.66,2.1,2.69,-2.34,99.64,27,1,32,62.5,0.01,100.0,0.04,100.0,0.09,100.0,0.18,100.0,0.27,STRONG,86.08,STRONG,Trend + Momentum + Volume + Structure,None material,0.1,0.05,115.83,115.76,115.51,LOW,1858405188.0,NOT_AVAILABLE,NOT_AVAILABLE,,11,2
12,ATHERENERG,2026-08-31,1717.7,Bullish,78.27,78.96,8,90,8/10,High,78.36,63.5,3.7,1.67,1476.92,1334.35,979.85,8.8073,11.4377,3.45,95.83,1536.18,11.82,5.65,1.0,6.27,18.21,15.65,34.97,2.39,34.98,1630.0,1523.7,1616.3,1630.0,1430.0,54.25,41.94,2.49,-1.9,0.33,14.08,5.28,2.18,-2.27,88.31,7,7,60,48.33,0.32,55.0,1.35,65.0,2.46,61.67,3.51,80.0,7.56,STRONG,79.33,STRONG,Trend + Momentum + Volume + Structure,None material,1.29,5.55,1739.93,1812.95,1523.7,HIGH,8806359485.0,NOT_AVAILABLE,NOT_AVAILABLE,,12,25
13,TBZ,2026-08-31,305.7,Bullish,78.18,75.1,8,90,8/10,High,65.52,16.75,5.48,65.0,276.59,250.2,197.63,3.6077,0.1226,0.69,50.83,275.22,11.08,5.7,0.913,1.33,6.81,25.44,6.26,2.7,27.18,311.25,294.8,301.7,312.7,269.8,45.79,49.74,2.65,-2.06,0.37,16.84,8.16,2.3,-2.44,79.78,7,6,100,46.0,0.35,50.0,1.92,60.0,3.62,66.0,7.77,67.0,11.73,POSITIVE,79.1,STRONG,Trend + Momentum + Structure + VWAP,None material,1.92,8.22,311.56,330.83,275.22,VERY_HIGH,460161367.0,NOT_AVAILABLE,NOT_AVAILABLE,,13,50
14,MAHASTEEL,2026-08-31,1373.0,Bullish,78.16,79.45,6,80,6/10,Medium,84.7,56.45,4.11,3.33,1143.67,1018.0,843.04,20.3918,3.394,1.42,71.67,1167.06,17.65,5.72,0.981,3.26,16.78,24.92,33.68,0.0,,1330.0,1230.0,1329.7,1330.0,1154.3,52.89,41.58,2.34,-1.93,0.04,25.66,24.61,2.36,-2.38,81.6,13,10,8,75.0,3.99,75.0,5.68,75.0,3.59,87.5,13.52,75.0,15.34,STRONG,91.88,STRONG,Trend + Momentum + Volume + Structure,None material,1.44,6.17,1392.76,1457.67,1167.06,HIGH,30536232.0,NOT_AVAILABLE,NOT_AVAILABLE,,14,24
15,OFSS,2026-08-31,12540.0,Bullish,77.95,76.18,9,95,9/10,High,69.06,355.93,2.84,3.33,11776.04,11274.02,9629.11,39.3062,36.8494,2.21,93.33,11877.7,5.58,3.77,1.0,2.87,8.87,6.37,10.66,0.05,58.31,12275.0,11876.0,12190.0,12275.0,11355.0,47.24,48.42,1.84,-1.44,0.22,11.71,7.76,1.86,-1.87,76.32,8,11,100,50.0,0.44,48.0,1.27,53.0,2.04,54.0,2.85,59.0,4.19,MIXED,72.01,STRONG,Trend + Momentum + Volume + Structure,None material,0.99,4.26,12664.58,13073.89,11876.0,MODERATE,2617750753.0,NOT_AVAILABLE,NOT_AVAILABLE,,15,41
16,STLTECH,2026-08-31,728.45,Bullish,77.65,76.62,7,85,7/10,High,73.11,31.78,4.36,13.33,649.08,597.94,395.17,7.2746,1.5661,0.95,65.83,648.58,12.32,5.87,0.82,0.65,10.62,13.39,24.54,2.94,,728.6,699.0,723.75,728.6,625.0,47.89,47.5,2.73,-2.22,0.28,17.63,10.0,2.55,-2.99,73.39,9,6,100,56.0,0.94,63.0,2.94,69.0,5.26,71.0,10.41,72.0,16.78,STRONG,84.0,STRONG,Trend + Momentum + Structure + VWAP,None material,1.53,6.54,739.57,776.12,648.58,HIGH,1218297606.0,NOT_AVAILABLE,NOT_AVAILABLE,,16,35
17,GCSL,2026-08-31,556.55,Bullish,77.61,76.35,8,90,8/10,High,62.49,24.92,4.48,44.17,519.54,495.28,410.85,3.8219,1.2711,1.42,70.0,516.15,7.83,5.26,0.951,2.82,8.67,13.03,9.4,0.5,34.79,545.75,537.1,541.3,548.0,493.0,46.67,47.84,2.73,-2.09,0.44,29.41,17.65,2.68,-2.51,84.07,7,8,47,38.3,0.27,57.45,0.69,65.96,1.42,65.96,2.65,72.34,4.34,STRONG,77.45,STRONG,Trend + Momentum + Volume + Structure,None material,1.57,6.72,565.27,593.92,516.15,HIGH,363061603.0,NOT_AVAILABLE,NOT_AVAILABLE,,17,40
18,ETERNAL,2026-08-31,328.1,Bullish,77.56,86.47,5,75,7/10,High,65.78,8.18,2.49,5.83,319.67,301.98,277.62,-0.6209,-0.1849,7.29,100.0,324.15,1.22,5.23,0.819,0.03,0.29,3.18,5.67,0.24,86.76,330.0,324.3,328.0,332.0,323.0,48.88,46.91,1.76,-1.52,-0.01,9.27,13.76,2.49,-1.89,75.3,7,10,25,40.0,0.25,60.0,0.65,84.0,2.57,92.0,4.27,92.0,5.9,STRONG,96.6,STRONG,Trend + Volume + Structure + VWAP,"Momentum, MACD",0.87,3.74,330.96,340.37,324.15,MODERATE,12108145599.0,NOT_AVAILABLE,NOT_AVAILABLE,,18,11
19,CGPOWER,2026-08-31,916.0,Bullish,76.95,71.96,9,95,9/10,High,58.23,22.98,2.51,5.0,884.86,885.16,810.5,4.1363,1.8857,1.44,85.0,885.13,3.49,4.61,1.0,3.04,4.39,1.91,10.88,-0.55,68.92,896.45,878.2,889.0,898.75,865.05,47.37,48.03,1.84,-1.56,0.24,12.37,6.32,2.07,-2.53,80.15,7,12,100,52.0,0.27,48.0,0.48,50.0,1.27,63.0,2.38,62.0,3.59,MIXED,69.15,POSITIVE,Trend + Momentum + Volume + Structure,None material,0.88,3.76,924.04,950.47,878.2,MODERATE,2079193079.0,NOT_AVAILABLE,NOT_AVAILABLE,,19,83
20,DIXON,2026-08-31,14850.0,Bullish,76.91,78.57,7,85,7/10,High,61.85,366.93,2.47,0.83,14427.94,13761.53,12885.46,2.5735,0.8973,0.53,15.0,14460.52,2.69,1.7,0.889,1.37,1.92,5.88,6.9,0.0,43.67,14920.0,14650.0,14650.0,15000.0,14400.0,51.18,44.08,1.81,-1.71,0.26,11.97,6.84,2.01,-1.98,77.65,9,8,100,56.0,0.3,55.0,0.93,66.0,1.67,68.0,3.38,65.0,4.75,STRONG,81.9,STRONG,Trend + Momentum + Structure + VWAP,None material,0.86,3.71,14978.42,15400.39,14460.52,MODERATE,5185963699.0,NOT_AVAILABLE,NOT_AVAILABLE,,20,28
21,ARFIN,2026-08-31,87.23,Bullish,76.91,73.17,7,85,7/10,High,54.24,3.04,3.49,0.83,85.46,86.86,79.66,0.4297,0.1465,0.77,34.17,85.18,2.41,4.26,0.624,1.7,3.91,4.23,2.04,0.84,13.25,86.3,84.65,85.77,86.9,83.6,53.5,40.56,1.99,-1.84,0.39,32.87,15.38,1.94,-2.06,93.81,10,5,100,53.0,0.39,55.0,0.87,65.0,1.85,69.0,4.65,77.0,7.64,STRONG,81.9,STRONG,Trend + Momentum + Structure + VWAP,None material,1.22,5.23,88.29,91.79,84.65,HIGH,113553616.0,NOT_AVAILABLE,NOT_AVAILABLE,,20,65
22,EMKAY,2026-08-31,257.18,Bullish,76.59,67.02,8,90,8/10,High,61.34,11.03,4.29,1.67,244.02,246.72,248.23,2.2361,0.7267,3.03,94.17,245.99,4.55,4.55,0.847,2.22,4.54,9.3,6.56,-0.41,61.57,259.9,239.0,251.59,259.9,236.25,43.95,50.53,3.03,-2.23,0.32,31.97,22.11,2.48,-2.26,67.21,12,16,100,49.0,0.85,50.0,1.97,53.0,3.49,60.0,4.9,62.0,6.29,MIXED,74.55,STRONG,Trend + Momentum + Volume + Structure,None material,1.5,6.43,261.04,273.72,239.0,HIGH,7032787.0,NOT_AVAILABLE,NOT_AVAILABLE,,22,177
23,ORIENTHOT,2026-08-31,139.02,Bullish,76.5,84.02,4,70,4/10,Low,57.15,5.81,4.18,27.5,134.91,130.09,119.57,0.89,-0.1684,0.45,41.67,139.19,-0.13,2.87,0.735,1.12,-1.95,13.62,2.68,0.01,43.08,139.89,136.8,137.48,146.2,136.8,42.89,52.37,2.38,-1.76,0.18,12.37,6.71,1.85,-2.0,82.26,9,10,9,55.56,-0.1,77.78,3.25,100.0,5.51,100.0,5.93,88.89,5.81,STRONG,100.0,STRONG,Trend + Momentum + RSI + Liquidity,None material,1.46,6.27,141.05,147.74,136.8,HIGH,528690948.0,NOT_AVAILABLE,NOT_AVAILABLE,,23,14
24,AUROPHARMA,2026-08-31,1717.0,Bullish,76.46,80.49,8,90,8/10,High,68.9,37.88,2.21,5.0,1627.77,1583.65,1414.04,2.7154,5.3602,2.32,96.67,1636.5,4.92,4.98,1.0,4.36,6.78,5.52,10.44,0.2,49.22,1656.2,1620.1,1645.3,1656.2,1598.8,47.11,48.42,1.47,-1.22,0.13,7.76,5.0,1.94,-2.03,78.15,9,8,100,51.0,0.2,57.0,0.64,67.0,0.99,71.0,1.73,71.0,2.61,STRONG,74.18,STRONG,Trend + Momentum + Volume + Structure,None material,0.77,3.31,1730.26,1773.82,1620.1,MODERATE,1704933549.0,NOT_AVAILABLE,NOT_AVAILABLE,,24,19
25,ABSLAMC,2026-08-31,1051.8,Bullish,76.27,74.74,8,90,9/10,High,55.56,28.21,2.68,4.17,1028.42,1044.95,977.13,8.245,0.7731,1.58,88.33,1022.43,2.87,4.96,0.859,0.37,5.32,3.22,3.34,-1.36,57.86,1053.5,1038.1,1047.9,1054.9,992.6,47.5,47.63,1.8,-1.49,0.14,11.45,8.16,1.83,-2.33,85.21,5,8,100,48.0,0.07,50.0,0.22,61.0,1.11,69.0,2.17,74.0,3.0,POSITIVE,73.62,STRONG,Trend + Momentum + Volume + Structure,Gap,0.94,4.02,1061.68,1094.12,1022.43,MODERATE,192102615.0,NOT_AVAILABLE,NOT_AVAILABLE,,25,54
26,LIQUID1,2026-08-31,1120.6,Bullish,76.14,90.92,6,80,6/10,Medium,99.73,1.58,0.14,15.83,1118.57,1115.4,1099.7,0.0007,0.0022,0.88,44.17,1118.9,0.15,0.2,0.585,0.01,0.09,0.19,0.37,0.0,58.7,1120.47,1120.45,1120.45,1124.0,1118.11,84.39,3.98,0.02,-0.0,0.07,2.07,0.16,2.51,-2.0,99.29,107,2,15,66.67,0.01,100.0,0.04,100.0,0.09,100.0,0.19,100.0,0.29,STRONG,86.12,STRONG,Trend + Momentum + Structure + MACD,None material,0.1,0.21,1121.72,1122.96,1118.9,LOW,1026823390.0,NOT_AVAILABLE,NOT_AVAILABLE,,26,3
27,LIQUIDADD,2026-08-31,1142.7,Bullish,76.14,90.92,6,80,6/10,Medium,100.0,0.26,0.02,44.17,1140.68,1137.53,1121.79,0.0009,0.0017,0.58,12.5,1140.8,0.17,0.0,0.98,0.01,0.09,0.18,0.36,0.01,74.82,1142.78,1142.55,1142.56,1142.78,1141.66,94.17,0.65,0.02,-0.0,0.06,1.94,0.32,2.88,-2.55,98.97,82,1,19,78.95,0.01,100.0,0.05,100.0,0.09,100.0,0.19,100.0,0.29,STRONG,86.12,STRONG,Trend + Momentum + Structure + MACD,None material,0.1,0.03,1143.84,1143.09,1140.8,LOW,517707107.0,NOT_AVAILABLE,NOT_AVAILABLE,,26,3
28,LIQUIDPLUS,2026-08-31,1101.23,Bullish,76.14,90.92,6,80,6/10,Medium,100.0,0.74,0.07,25.83,1099.26,1096.19,1080.97,0.0016,0.0019,0.81,58.33,1098.76,0.22,0.01,0.865,0.01,0.09,0.18,0.37,0.0,90.42,1101.11,1101.09,1101.1,1101.9,1100.08,94.76,0.22,0.02,-0.0,0.02,0.66,0.44,1.88,-2.01,99.71,83,1,100,85.0,0.01,100.0,0.05,100.0,0.09,100.0,0.19,100.0,0.28,STRONG,86.12,STRONG,Trend + Momentum + Structure + MACD,None material,0.1,0.1,1102.33,1102.34,1098.76,LOW,666159441.0,NOT_AVAILABLE,NOT_AVAILABLE,,26,3
29,PIDILITIND,2026-08-31,1687.7,Bullish,76.11,76.41,8,90,8/10,High,58.97,32.77,1.94,18.33,1654.14,1617.38,1652.8,-4.428,3.1314,1.82,91.67,1666.13,1.29,4.62,0.812,3.57,1.67,1.12,2.75,-0.27,72.37,1658.5,1617.0,1629.5,1669.6,1617.0,47.63,47.63,1.03,-1.07,0.04,5.66,4.08,1.76,-3.19,73.17,7,8,100,55.0,0.24,65.0,0.65,65.0,0.66,75.0,1.63,77.0,1.94,STRONG,73.16,STRONG,Trend + Momentum + Volume + Structure,None material,0.68,2.91,1699.17,1736.85,1617.0,LOW,1747822112.0,NOT_AVAILABLE,NOT_AVAILABLE,,29,38
30,ELECTCAST,2026-08-31,83.44,Bullish,76.09,72.56,7,85,7/10,Medium,76.57,2.64,3.16,10.83,75.64,75.28,80.35,1.2995,0.1975,2.7,95.0,76.57,8.98,4.09,0.915,2.38,11.95,15.97,16.21,0.31,37.85,82.4,78.84,81.5,82.4,72.12,43.68,51.58,2.65,-2.08,0.27,14.74,7.5,2.05,-2.48,78.16,9,8,11,54.55,1.57,54.55,2.96,54.55,2.84,72.73,7.22,81.82,11.04,MIXED,79.55,STRONG,Trend + Momentum + Volume + Structure,None material,1.11,4.74,84.36,87.4,76.57,HIGH,160891613.0,NOT_AVAILABLE,NOT_AVAILABLE,,30,73
31,PRECWIRE,2026-08-31,505.6,Bullish,76.07,74.1,8,90,8/10,Medium,68.22,25.44,5.03,50.83,437.66,415.85,348.03,5.2906,2.7325,2.07,93.33,468.7,7.87,6.53,0.873,-0.34,17.84,10.45,33.37,1.51,16.62,507.35,421.7,507.35,507.35,405.45,46.84,48.29,2.76,-2.15,0.22,17.63,9.87,1.82,-2.24,85.17,7,6,13,46.15,-0.96,61.54,1.85,69.23,2.22,61.54,0.85,61.54,5.53,STRONG,73.05,STRONG,Trend + Momentum + Structure + VWAP,None material,1.76,7.55,514.5,543.76,421.7,VERY_HIGH,677904578.0,NOT_AVAILABLE,NOT_AVAILABLE,,31,57
32,WELENT,2026-08-31,685.3,Bullish,75.99,76.41,6,80,6/10,Medium,71.17,24.35,3.55,46.67,626.67,600.03,543.35,11.1445,-0.3046,0.46,28.33,624.59,9.72,4.62,0.897,2.24,5.77,20.35,12.95,0.25,58.39,685.75,661.6,670.3,700.0,622.6,48.16,47.24,1.99,-1.73,0.17,11.97,9.47,2.25,-2.12,86.33,8,9,15,53.33,-0.05,80.0,1.34,80.0,2.08,66.67,2.76,60.0,2.88,STRONG,85.69,STRONG,Trend + Momentum + Structure + VWAP,None material,1.24,5.33,693.82,721.82,624.59,HIGH,462144264.0,NOT_AVAILABLE,NOT_AVAILABLE,,32,38
33,STLNETWORK,2026-08-31,28.15,Bullish,75.89,68.94,9,95,9/10,Medium,67.83,1.12,3.99,5.0,25.89,25.74,24.62,0.2628,0.1016,3.26,95.83,26.4,6.63,4.0,0.894,3.19,9.92,10.96,13.83,1.43,57.61,27.28,25.7,27.28,27.28,25.06,42.97,50.39,2.83,-2.1,0.42,24.61,8.98,2.5,-3.22,82.9,7,7,9,66.67,0.2,55.56,4.65,44.44,10.3,44.44,9.39,44.44,6.62,MIXED,66.11,POSITIVE,Trend + Momentum + Volume + Structure,None material,1.4,5.99,28.54,29.84,25.7,HIGH,31515116.0,NOT_AVAILABLE,NOT_AVAILABLE,,33,138
34,VMART,2026-08-31,847.45,Bullish,75.66,71.95,8,90,8/10,Medium,60.85,29.88,3.53,37.5,818.1,783.31,835.96,0.8373,0.0788,0.67,60.0,826.17,2.58,6.16,0.79,3.39,-1.06,6.96,8.93,0.04,50.16,841.0,805.2,819.65,868.9,805.2,45.26,50.26,1.83,-1.67,0.0,12.11,8.95,1.94,-3.15,90.7,9,8,13,46.15,0.47,69.23,1.96,61.54,2.2,69.23,0.58,69.23,2.5,POSITIVE,71.89,STRONG,Trend + Momentum + Structure + VWAP,None material,1.23,5.29,857.91,892.27,805.2,HIGH,104417346.0,NOT_AVAILABLE,NOT_AVAILABLE,,34,85
35,EPL,2026-08-31,262.06,Bullish,75.62,72.72,9,95,9/10,Medium,63.17,10.25,3.91,70.83,249.49,240.38,225.78,0.6243,0.1593,2.34,94.17,252.91,3.62,6.87,0.763,4.02,-0.54,7.85,15.6,0.71,58.17,259.2,247.45,251.94,273.75,247.45,45.66,49.87,1.7,-1.44,0.17,10.66,6.84,1.82,-2.13,84.47,8,12,8,37.5,0.31,37.5,-0.85,62.5,0.69,62.5,0.96,37.5,-0.27,POSITIVE,65.35,POSITIVE,Trend + Momentum + Volume + Structure,None material,1.37,5.87,265.65,277.44,247.45,HIGH,682749666.0,NOT_AVAILABLE,NOT_AVAILABLE,,35,71
36,BAFNAPH,2026-08-31,304.25,Bullish,75.6,75.13,6,80,6/10,Medium,73.71,8.67,2.85,25.83,265.35,239.46,174.96,2.5676,1.6449,0.68,58.33,282.33,7.76,5.03,0.981,4.52,19.52,20.47,13.44,2.37,,291.35,278.0,291.1,291.35,250.0,45.5,48.27,2.62,-2.08,0.63,36.93,23.24,3.42,-2.72,68.5,10,11,12,91.67,2.92,91.67,6.94,83.33,6.85,58.33,4.26,41.67,2.24,STRONG,84.58,STRONG,Trend + Momentum + Structure + VWAP,None material,1.0,4.27,307.28,317.26,278.0,MODERATE,12285307.0,NOT_AVAILABLE,NOT_AVAILABLE,,36,48
37,HFCL,2026-08-31,249.09,Bullish,75.32,75.35,7,85,7/10,High,67.79,9.68,3.88,1.67,228.9,211.74,149.2,2.5229,-0.1165,0.85,56.67,225.06,10.68,3.66,0.865,-0.95,4.48,13.48,23.0,1.09,38.76,255.1,245.55,251.47,255.1,228.13,47.76,47.76,2.59,-2.15,0.21,12.24,9.34,2.35,-2.52,74.0,8,6,100,52.0,0.45,55.0,0.73,54.0,1.75,67.0,5.16,74.0,7.57,MIXED,77.35,STRONG,Trend + Momentum + Structure + VWAP,None material,1.36,5.83,252.48,263.61,225.06,HIGH,4392646306.0,NOT_AVAILABLE,NOT_AVAILABLE,,37,44
38,HCG,2026-08-31,733.3,Bullish,75.26,74.78,8,90,8/10,High,60.61,26.49,3.61,81.67,708.17,682.73,637.62,-2.8991,1.7459,1.41,77.5,716.83,2.3,12.57,0.659,5.31,2.02,2.94,9.16,-0.1,50.11,704.9,693.55,696.3,732.0,692.3,46.97,48.29,1.61,-1.34,0.2,10.39,5.39,1.84,-1.81,90.12,7,7,100,50.0,0.37,55.0,0.63,59.0,1.0,62.0,2.35,64.0,3.18,POSITIVE,70.75,STRONG,Trend + Momentum + Volume + Structure,None material,1.26,5.42,742.57,773.03,693.55,HIGH,134656575.0,NOT_AVAILABLE,NOT_AVAILABLE,,38,53
39,RNFI,2026-08-31,296.55,Bullish,75.12,64.92,8,90,8/10,High,61.79,11.8,3.98,38.33,280.71,273.35,275.04,1.9499,0.1324,2.95,95.0,284.27,4.32,3.08,0.767,2.58,7.86,8.87,4.03,2.04,97.67,305.0,289.1,289.1,308.9,269.95,43.36,51.42,2.97,-2.1,0.21,25.59,17.3,2.02,-2.02,77.89,9,6,100,44.0,0.68,51.0,2.6,51.0,4.21,50.0,6.71,48.0,6.49,MIXED,70.35,STRONG,Trend + Momentum + Volume + VWAP,None material,1.39,5.97,300.68,314.25,284.27,HIGH,17346195.0,NOT_AVAILABLE,NOT_AVAILABLE,,39,238
40,SBC,2026-08-31,42.15,Bullish,75.11,78.6,7,85,7/10,High,64.71,1.32,3.14,63.33,40.65,40.33,34.7,0.3064,0.0695,0.72,28.33,40.17,4.92,3.39,0.918,0.52,5.85,8.77,0.38,0.38,27.46,42.24,41.42,41.93,42.24,39.71,49.08,44.61,1.83,-1.71,0.37,20.53,5.39,2.04,-3.54,84.27,8,7,100,49.0,0.29,59.0,0.55,65.0,0.96,76.0,2.14,79.0,3.17,STRONG,76.75,STRONG,Trend + Momentum + Structure + VWAP,None material,1.1,4.71,42.61,44.14,40.17,HIGH,377137582.0,NOT_AVAILABLE,NOT_AVAILABLE,,40,27
41,SPORTKING,2026-08-31,226.71,Bullish,75.08,72.31,7,85,7/10,High,61.52,10.34,4.56,5.0,214.99,202.07,163.32,1.0206,0.0102,0.65,45.83,215.17,5.36,5.05,0.829,1.69,5.52,9.83,-1.27,0.03,41.04,229.13,222.0,222.94,231.59,208.42,46.18,49.08,2.39,-2.1,0.3,21.71,8.55,2.15,-3.55,88.18,8,7,100,45.0,0.05,54.0,0.81,59.0,2.0,60.0,3.92,69.0,3.21,POSITIVE,76.65,STRONG,Trend + Momentum + Structure + VWAP,None material,1.6,6.84,230.33,242.22,215.17,HIGH,111398734.0,NOT_AVAILABLE,NOT_AVAILABLE,,41,78
42,JUBLCPL,2026-08-31,2315.4,Bullish,74.94,70.41,7,85,7/10,High,62.79,131.59,5.68,67.5,2127.27,2031.95,1961.44,2.4937,8.544,0.97,71.67,2258.34,2.53,13.56,0.772,8.18,8.85,-1.15,27.06,1.3,38.02,2166.4,2102.0,2140.4,2294.9,2101.9,45.27,51.15,2.79,-2.14,0.17,18.16,14.58,2.17,-1.93,89.84,7,7,31,61.29,0.81,48.39,1.02,45.16,1.13,74.19,3.74,54.84,2.32,MIXED,76.25,STRONG,Trend + Momentum + Structure + VWAP,None material,1.99,8.52,2361.45,2512.78,2102.0,VERY_HIGH,80766463.0,NOT_AVAILABLE,NOT_AVAILABLE,,42,106
43,SUVEN,2026-08-31,392.05,Bullish,74.88,67.95,8,90,8/10,High,67.26,20.2,5.15,6.67,351.55,324.46,249.05,3.123,1.0048,1.89,90.0,354.44,10.61,8.73,0.969,7.43,6.03,17.72,27.62,0.15,32.24,368.3,361.5,364.95,393.5,356.65,45.66,49.61,3.07,-2.26,0.36,21.58,11.45,2.34,-2.1,90.25,10,9,100,54.0,0.85,55.0,1.96,52.0,3.53,47.0,3.4,51.0,3.77,MIXED,69.65,POSITIVE,Trend + Momentum + Volume + Structure,None material,1.8,7.73,399.12,422.34,354.44,VERY_HIGH,318809874.0,NOT_AVAILABLE,NOT_AVAILABLE,,43,154
44,BHEL,2026-08-31,442.65,Bullish,74.74,73.21,9,95,9/10,High,64.9,11.95,2.7,4.17,420.32,409.61,348.01,1.8428,0.9715,1.15,71.67,421.88,4.92,4.32,1.0,2.74,7.6,1.54,7.66,-0.06,52.92,436.65,427.0,430.85,438.2,408.15,52.63,42.37,1.9,-1.89,0.18,9.87,7.5,2.15,-2.41,79.16,8,9,100,54.0,0.15,57.0,0.68,57.0,0.68,49.0,2.0,48.0,3.05,POSITIVE,62.82,POSITIVE,Trend + Momentum + Volume + Structure,None material,0.94,4.05,446.83,460.57,421.88,MODERATE,3381849552.0,NOT_AVAILABLE,NOT_AVAILABLE,,44,64
45,SHREEJISPG,2026-08-31,644.6,Bullish,74.71,81.1,4,70,5/10,Medium,54.77,25.14,3.9,65.0,635.48,596.42,460.17,-2.9771,0.3684,1.25,68.33,636.14,1.33,4.54,0.605,-1.21,1.46,7.11,-3.29,-0.08,39.66,659.85,635.25,652.5,659.85,624.05,47.33,46.95,2.41,-1.6,0.36,20.99,7.63,1.96,-2.14,86.21,8,4,45,66.67,1.24,75.56,3.15,82.22,4.37,88.89,7.43,86.67,10.13,STRONG,94.89,STRONG,Trend + Momentum + VWAP + RSI,Volume,1.36,5.85,653.4,682.31,635.25,HIGH,703851518.0,NOT_AVAILABLE,NOT_AVAILABLE,,45,17
46,PDMJEPAPER,2026-08-31,95.21,Bullish,74.71,67.69,7,85,7/10,High,59.26,4.25,4.46,68.33,90.98,89.33,90.57,0.2024,0.3349,3.79,95.83,92.35,3.1,6.11,0.591,0.24,5.98,8.41,-1.13,2.97,37.31,95.9,87.7,94.98,95.9,86.0,44.87,50.39,2.53,-1.99,0.38,24.34,10.92,2.1,-2.26,82.84,8,12,100,55.0,0.92,57.0,1.77,58.0,2.87,58.0,3.28,76.0,6.46,POSITIVE,75.6,STRONG,Trend + Momentum + Volume + VWAP,None material,1.56,6.7,96.7,101.59,87.7,HIGH,18800297.0,NOT_AVAILABLE,NOT_AVAILABLE,,45,162
47,RUBICON,2026-08-31,1819.6,Bullish,74.5,72.24,7,85,7/10,High,64.67,79.33,4.36,62.5,1710.13,1553.65,1129.68,2.7602,-1.4215,0.66,44.17,1751.76,3.87,4.13,0.818,0.84,2.45,1.16,21.24,0.42,51.9,1899.0,1796.2,1804.4,1899.0,1695.2,51.98,42.29,2.36,-1.7,0.35,17.62,5.73,1.98,-1.57,86.84,8,4,56,50.0,0.57,58.93,1.24,55.36,1.63,58.93,3.89,75.0,5.88,POSITIVE,75.0,STRONG,Trend + Momentum + Structure + VWAP,None material,1.53,6.54,1847.37,1938.6,1751.76,HIGH,851318521.0,NOT_AVAILABLE,NOT_AVAILABLE,,47,80
48,SGMART,2026-08-31,803.3,Bullish,74.35,80.34,4,70,6/10,Medium,62.27,32.91,4.1,31.67,773.76,712.12,561.51,-1.0301,-1.7751,1.78,85.0,775.96,3.52,4.24,0.669,1.77,-1.02,6.78,14.88,0.51,66.63,819.45,785.3,789.3,860.6,785.3,47.6,46.4,2.23,-1.52,0.03,12.8,10.8,2.0,-2.37,90.1,5,6,22,45.45,0.59,54.55,1.27,77.27,1.97,90.91,6.74,100.0,10.94,STRONG,93.86,STRONG,Trend + Volume + VWAP + RSI,"Momentum, MACD",1.43,6.14,814.82,852.66,775.96,HIGH,312265737.0,NOT_AVAILABLE,NOT_AVAILABLE,,48,21
49,RGL,2026-08-31,135.22,Neutral-Range,74.25,83.75,3,65,4/10,Low,56.74,8.04,5.94,81.67,129.06,122.07,116.55,1.3184,-0.5084,0.18,5.0,141.1,-4.17,3.95,0.535,-2.99,2.19,10.93,17.07,0.0,27.97,140.9,132.5,139.39,159.0,130.0,44.21,51.18,2.52,-2.01,0.14,15.66,10.39,1.87,-2.12,85.29,8,9,8,62.5,1.32,100.0,4.25,100.0,7.78,100.0,12.84,100.0,9.07,STRONG,100.0,STRONG,Trend + Momentum + RSI + Liquidity,VWAP,-5.94,5.94,127.18,143.26,139.39,VERY_HIGH,515089312.0,NOT_AVAILABLE,NOT_AVAILABLE,,49,15
50,BOSCHLTD,2026-08-31,50000.0,Bullish,74.25,75.28,8,90,8/10,High,78.07,1031.55,2.06,5.0,46913.51,43950.7,39018.74,90.653,19.0451,1.19,74.17,46472.44,7.59,3.37,1.0,2.8,3.95,6.45,21.07,-0.09,65.52,48930.0,48020.0,48640.0,49190.0,47785.0,50.39,45.13,1.25,-1.09,0.15,5.0,3.55,1.64,-1.69,80.15,8,6,100,51.0,0.14,54.0,0.38,56.0,0.9,63.0,1.9,58.0,2.52,POSITIVE,67.85,POSITIVE,Trend + Momentum + Volume + Structure,None material,0.72,3.09,50361.04,51547.32,46472.44,MODERATE,2357781399.0,NOT_AVAILABLE,NOT_AVAILABLE,,49,45
51,BLISSGVS,2026-08-31,616.75,Bullish,73.97,69.57,7,85,7/10,High,75.18,27.38,4.44,7.5,545.44,500.85,351.3,6.0411,1.5492,1.66,85.83,542.7,13.64,6.38,0.995,4.87,9.18,18.49,32.22,-0.04,,588.1,558.0,588.1,588.1,546.8,45.26,50.13,2.92,-2.02,0.22,16.45,10.0,2.09,-2.58,84.15,9,9,100,45.0,0.43,45.0,1.25,49.0,1.59,61.0,4.04,61.0,4.83,MIXED,73.5,STRONG,Trend + Momentum + Volume + Structure,None material,1.55,6.66,626.33,657.83,542.7,HIGH,243656869.0,NOT_AVAILABLE,NOT_AVAILABLE,,51,122
52,VINDHYATEL,2026-08-31,2535.5,Bullish,73.96,72.22,6,80,6/10,Medium,62.35,125.06,4.93,1.67,2393.34,2209.82,1781.14,-1.9909,0.1037,0.67,53.33,2433.47,4.19,3.29,0.844,-1.93,6.16,1.97,6.4,-0.12,34.9,2595.0,2525.0,2585.5,2598.0,2325.6,43.03,52.37,2.25,-1.76,0.3,18.42,7.63,1.82,-2.12,87.29,8,9,92,44.57,0.09,54.35,1.07,58.7,2.11,69.57,4.72,68.48,5.34,POSITIVE,79.89,STRONG,Trend + Momentum + Structure + VWAP,None material,1.73,7.4,2579.27,2723.09,2433.47,HIGH,218282113.0,NOT_AVAILABLE,NOT_AVAILABLE,,52,81
53,ACMESOLAR,2026-08-31,401.95,Bullish,73.91,72.08,10,100,10/10,High,61.12,15.82,3.94,21.67,385.93,370.92,313.56,1.3689,0.1578,1.5,85.83,390.41,2.96,7.14,0.808,2.1,-1.76,10.15,8.31,1.35,62.35,398.0,388.05,393.7,411.5,376.3,46.29,50.0,2.39,-1.93,0.38,20.52,7.86,2.23,-2.55,86.68,6,8,75,45.33,0.08,56.0,0.52,49.33,0.46,50.67,0.55,57.33,0.57,MIXED,54.04,MIXED,Trend + Momentum + Volume + Structure,None material,1.38,5.91,407.49,425.69,388.05,HIGH,782758217.0,NOT_AVAILABLE,NOT_AVAILABLE,,53,82
54,LTF,2026-08-31,321.0,Bullish,73.9,76.74,7,85,7/10,High,55.19,8.92,2.78,8.33,316.42,310.04,285.76,0.0136,0.1246,1.02,71.67,317.13,1.22,4.6,0.724,2.13,1.63,1.9,0.94,0.0,57.88,322.4,314.3,314.3,327.3,314.3,50.5,46.03,1.66,-1.54,0.15,9.77,6.95,1.84,-2.08,67.89,6,9,100,51.0,0.11,54.0,0.57,58.0,1.29,65.0,2.52,72.0,3.28,POSITIVE,73.29,STRONG,Trend + Momentum + VWAP + RSI,None material,0.97,4.17,324.12,334.38,314.3,MODERATE,1392273023.0,NOT_AVAILABLE,NOT_AVAILABLE,,54,34
55,AONELIQUID,2026-08-31,1074.89,Bullish,73.89,89.17,5,75,5/10,Medium,100.0,0.48,0.04,12.5,1072.96,1069.96,1055.58,0.0017,0.0016,1.14,66.67,1072.79,0.2,0.0,0.738,0.01,0.09,0.18,0.37,0.01,80.78,1074.77,1074.75,1074.76,1074.77,1073.9,94.49,0.28,0.02,-0.0,0.05,3.03,2.75,2.84,-2.8,99.73,82,1,100,88.0,0.02,100.0,0.05,100.0,0.09,100.0,0.19,100.0,0.28,STRONG,86.12,STRONG,Trend + Momentum + Structure + MACD,None material,0.1,0.07,1075.96,1075.61,1072.79,LOW,21709658.0,NOT_AVAILABLE,NOT_AVAILABLE,,55,6
56,LIQGRWBEES,2026-08-31,1053.77,Bullish,73.88,89.16,5,75,5/10,Medium,100.0,0.71,0.07,20.0,1051.99,1049.2,1036.45,0.0013,0.0026,0.29,7.5,1052.04,0.16,0.01,0.793,0.01,0.09,0.17,0.35,0.0,74.49,1053.66,1053.64,1053.65,1053.66,1051.1,93.64,1.41,0.02,-0.0,0.06,1.06,0.0,2.5,,99.53,46,1,8,100.0,0.01,100.0,0.04,100.0,0.09,100.0,0.18,100.0,0.27,STRONG,86.08,STRONG,Trend + Momentum + Structure + MACD,None material,0.1,0.1,1054.82,1054.83,1052.04,LOW,88815174.0,NOT_AVAILABLE,NOT_AVAILABLE,,56,7
57,LIQUIDSHRI,2026-08-31,1119.57,Bullish,73.88,89.16,5,75,5/10,Medium,99.43,0.21,0.02,42.5,1117.67,1114.72,1099.89,0.0007,0.0027,0.35,30.0,1117.91,0.15,0.0,0.997,0.01,0.09,0.17,0.35,0.01,61.39,1119.44,1119.42,1119.42,1119.44,1118.59,95.26,0.91,0.02,-0.0,0.04,0.55,0.0,3.0,,98.82,173,1,39,79.49,0.01,100.0,0.04,100.0,0.09,100.0,0.18,100.0,0.27,STRONG,86.08,STRONG,Trend + Momentum + Structure + MACD,None material,0.1,0.03,1120.69,1119.89,1117.91,LOW,6200120.0,NOT_AVAILABLE,NOT_AVAILABLE,,56,7
58,MODISONLTD,2026-08-31,454.05,Bullish,73.88,65.7,8,90,8/10,Medium,80.51,20.75,4.57,30.83,370.29,325.76,235.4,7.9575,1.2478,2.59,93.33,375.5,20.92,8.56,1.0,9.99,14.43,27.51,61.12,1.43,52.65,415.7,392.9,412.8,423.95,373.0,46.32,49.08,2.87,-2.12,0.5,31.97,13.68,2.44,-2.22,88.15,9,7,11,63.64,3.55,45.45,3.68,45.45,6.72,45.45,7.92,45.45,4.57,MIXED,66.81,POSITIVE,Trend + Momentum + Volume + Structure,None material,1.6,6.86,461.31,485.18,375.5,HIGH,56886959.0,NOT_AVAILABLE,NOT_AVAILABLE,,56,210
59,CASHIETF,2026-08-31,1077.58,Bullish,73.86,89.16,5,75,5/10,Medium,100.0,0.92,0.09,61.67,1075.65,1072.64,1058.14,0.0006,0.0017,0.4,11.67,1075.76,0.17,0.0,0.679,0.01,0.09,0.18,0.37,0.01,81.62,1079.75,1077.44,1077.45,1079.75,1076.58,95.39,0.54,0.02,-0.0,0.07,1.63,0.0,2.35,,98.99,115,1,10,50.0,0.01,100.0,0.04,100.0,0.08,100.0,0.18,100.0,0.27,STRONG,86.04,STRONG,Trend + Momentum + MACD + Delivery,None material,0.1,0.13,1078.66,1078.96,1075.76,LOW,331328953.0,NOT_AVAILABLE,NOT_AVAILABLE,,59,7
60,WELCORP,2026-08-31,2391.0,Bullish,73.79,80.28,4,70,4/10,Low,78.81,90.22,3.77,76.67,2093.36,1827.55,1324.07,33.5808,-5.9972,0.51,19.17,2249.28,6.3,4.09,0.929,0.72,-0.76,27.05,39.39,-0.98,38.01,2443.9,2351.0,2373.8,2443.9,2203.7,50.53,45.13,2.06,-1.71,0.2,13.68,7.89,2.06,-2.51,80.02,8,8,11,81.82,1.45,81.82,3.25,81.82,4.24,81.82,4.98,90.91,7.74,STRONG,92.27,STRONG,Trend + Structure + VWAP + Liquidity,None material,1.32,5.66,2422.58,2526.33,2249.28,HIGH,5721758483.0,NOT_AVAILABLE,NOT_AVAILABLE,,60,22
61,PTCIL,2026-08-31,22114.0,Bullish,73.73,69.74,7,85,7/10,High,70.11,790.2,3.57,62.5,20140.94,18990.39,17487.71,198.2744,14.7094,1.65,89.17,20550.7,7.61,5.63,0.86,0.02,2.04,7.43,22.99,-0.86,22.81,22215.0,20622.0,22110.0,22215.0,20429.0,45.66,49.87,2.22,-1.6,0.32,21.71,9.74,2.24,-2.33,88.37,8,7,100,48.0,0.45,55.0,1.61,50.0,2.63,58.0,3.95,50.0,3.88,MIXED,72.8,STRONG,Trend + Momentum + Volume + Structure,None material,1.25,5.36,22390.57,23299.3,20550.7,HIGH,995089644.0,NOT_AVAILABLE,NOT_AVAILABLE,,61,118
62,CYIENTDLM,2026-08-31,843.0,Bullish,73.71,72.32,6,80,6/10,Medium,77.79,34.59,4.1,30.0,739.14,651.05,500.44,6.8291,1.6702,1.08,78.33,739.11,14.06,6.39,0.975,2.92,14.56,14.31,25.5,-0.15,44.1,836.3,800.0,819.1,836.3,721.0,45.66,49.87,1.99,-1.7,0.31,16.05,7.89,2.02,-2.16,85.54,7,13,61,45.9,0.52,50.82,1.06,52.46,1.26,73.77,5.16,72.13,7.56,MIXED,79.18,STRONG,Trend + Momentum + Structure + VWAP,None material,1.44,6.15,855.1,894.88,739.11,HIGH,500679278.0,NOT_AVAILABLE,NOT_AVAILABLE,,62,77
63,HDFCLIQUID,2026-08-31,1076.0,Bullish,73.66,88.67,5,75,5/10,Medium,99.72,1.06,0.1,55.0,1074.08,1071.08,1056.82,0.0012,0.0026,0.84,55.83,1074.09,0.18,0.0,0.714,0.01,0.09,0.18,0.37,0.01,90.49,1075.87,1075.85,1075.85,1076.58,1075.0,63.42,17.37,0.02,-0.0,0.01,0.39,0.66,2.33,-2.17,99.89,82,2,100,88.0,0.02,99.0,0.05,99.0,0.1,99.0,0.19,99.0,0.29,STRONG,85.46,STRONG,Trend + Momentum + Structure + MACD,None material,0.1,0.15,1077.08,1077.59,1074.09,LOW,37513333.0,NOT_AVAILABLE,NOT_AVAILABLE,,63,10
64,HCC,2026-08-31,23.83,Bullish,73.66,69.28,4,70,5/10,Medium,60.91,1.01,4.23,21.67,22.28,22.27,22.4,0.5551,-0.0671,1.07,58.33,22.73,4.85,4.38,0.656,-3.29,5.82,17.22,9.26,-0.57,38.28,25.59,24.5,24.64,26.03,20.95,45.13,50.0,2.88,-2.48,0.24,14.61,9.08,2.33,-2.88,78.41,7,12,8,62.5,1.4,50.0,3.05,87.5,6.49,75.0,9.48,62.5,4.68,STRONG,91.88,STRONG,Trend + Momentum + VWAP + RSI,Structure,1.48,6.34,24.18,25.34,22.73,HIGH,888730905.0,NOT_AVAILABLE,NOT_AVAILABLE,,63,129
65,TORNTPHARM,2026-08-31,5066.0,Bullish,73.63,75.13,9,95,9/10,High,59.57,111.11,2.19,10.0,4955.42,4856.44,4389.05,6.4706,5.4547,1.75,93.33,4960.93,2.12,3.49,0.99,0.32,3.67,3.39,0.32,-0.04,77.37,5050.0,4967.0,5050.0,5050.0,4855.0,50.92,44.47,1.14,-0.99,0.13,5.39,3.95,1.74,-1.89,90.11,11,5,100,51.0,-0.01,56.0,0.14,55.0,0.44,55.0,1.1,62.0,1.67,POSITIVE,59.66,POSITIVE,Trend + Momentum + Volume + Structure,None material,0.77,3.29,5104.89,5232.66,4960.93,MODERATE,1846102779.0,NOT_AVAILABLE,NOT_AVAILABLE,,65,48
66,APARINDS,2026-08-31,17702.0,Bullish,73.5,76.52,5,75,5/10,Medium,64.28,678.38,3.83,1.67,16700.08,15607.99,12569.4,35.8151,-6.0042,0.51,11.67,16903.74,4.72,2.77,0.792,-0.57,5.97,7.13,20.05,-0.02,33.79,17900.0,17485.0,17803.0,18075.0,16663.0,49.74,45.79,2.17,-1.92,0.22,13.29,7.37,1.93,-2.49,86.29,8,11,14,57.14,0.66,50.0,1.13,71.43,3.37,71.43,6.78,78.57,5.22,STRONG,85.0,STRONG,Trend + Momentum + VWAP + RSI,None material,1.34,5.75,17939.43,18719.56,16903.74,HIGH,2898789944.0,NOT_AVAILABLE,NOT_AVAILABLE,,66,36
67,V2RETAIL,2026-08-31,222.68,Bullish,73.4,72.75,5,75,5/10,Medium,52.5,5.83,2.62,0.83,220.7,240.31,786.17,0.7189,0.0403,0.87,49.17,219.41,1.49,2.53,0.727,0.61,2.04,1.75,1.85,0.28,47.64,224.0,220.5,221.32,225.0,216.11,50.66,44.61,2.49,-2.25,0.27,30.0,17.24,2.48,-3.14,83.1,10,6,100,58.0,0.8,65.0,2.3,72.0,4.17,70.0,5.21,74.0,8.3,STRONG,84.7,STRONG,Momentum + VWAP + RSI + MACD,None material,0.92,3.93,224.72,231.42,219.41,MODERATE,248899018.0,NOT_AVAILABLE,NOT_AVAILABLE,,67,68
68,EIMCOELECO,2026-08-31,2195.4,Bullish,73.32,72.51,6,80,6/10,Medium,68.54,81.07,3.69,11.67,2078.33,1926.46,1782.25,8.7099,-5.8638,0.47,29.17,2102.23,4.43,3.45,0.819,-0.03,-2.24,0.29,19.46,0.5,38.54,2232.5,2182.1,2196.1,2290.1,2161.3,45.92,49.74,2.82,-2.24,0.46,27.5,11.97,2.63,-2.61,87.58,8,7,100,47.0,0.48,49.0,1.61,60.0,2.66,63.0,5.5,63.0,7.05,POSITIVE,78.05,STRONG,Trend + Momentum + Structure + VWAP,None material,1.29,5.54,2223.77,2317.0,2102.23,HIGH,111025423.0,NOT_AVAILABLE,NOT_AVAILABLE,,68,74
69,AVALON,2026-08-31,2373.3,Bullish,73.32,70.11,6,80,6/10,Medium,73.02,113.86,4.8,28.33,2092.28,1894.82,1422.21,17.4245,5.3694,0.89,54.17,2071.45,14.57,9.28,0.959,6.34,11.98,15.24,35.48,0.55,36.26,2251.1,2172.0,2231.7,2280.0,2077.0,49.21,46.32,2.3,-1.95,0.24,13.55,8.16,2.45,-2.51,85.28,8,7,100,46.0,0.13,57.0,1.02,62.0,1.4,61.0,4.16,60.0,5.6,POSITIVE,78.05,STRONG,Trend + Momentum + Structure + VWAP,None material,1.68,7.2,2413.15,2544.09,2071.45,HIGH,1205771319.0,NOT_AVAILABLE,NOT_AVAILABLE,,68,110
70,ASHOKA,2026-08-31,120.29,Bullish,73.24,67.44,8,90,8/10,High,58.29,3.43,2.85,22.5,115.93,120.09,138.24,0.8181,0.5038,17.83,100.0,119.75,0.45,10.73,0.516,6.78,6.24,6.2,-0.69,4.48,4.09,113.4,112.32,112.65,116.59,112.31,44.61,50.92,2.25,-1.87,0.28,15.26,7.89,2.43,-2.52,76.88,10,9,100,56.0,0.27,57.0,0.76,58.0,1.02,54.0,1.67,47.0,3.06,POSITIVE,64.96,POSITIVE,Trend + Momentum + Volume + Structure,None material,1.0,4.28,121.49,125.44,112.32,MODERATE,661213000.0,NOT_AVAILABLE,NOT_AVAILABLE,,70,168
71,PARAGMILK,2026-08-31,254.42,Bullish,73.2,61.37,8,90,8/10,Medium,66.81,10.0,3.93,49.17,229.98,226.19,231.25,3.8816,0.5781,2.63,95.0,232.72,9.32,8.02,0.958,7.06,5.74,22.74,12.84,0.0,32.23,242.7,237.0,237.65,252.77,226.62,41.45,53.95,2.51,-1.8,0.28,14.08,6.58,1.93,-2.59,80.91,6,8,14,64.29,1.74,64.29,2.8,71.43,3.32,35.71,-0.23,21.43,-4.0,STRONG,64.86,POSITIVE,Trend + Momentum + Volume + Structure,None material,1.38,5.9,257.92,269.42,232.72,HIGH,271323272.0,NOT_AVAILABLE,NOT_AVAILABLE,,71,351
72,SEAMECLTD,2026-08-31,1674.8,Bullish,73.0,75.07,6,80,6/10,Medium,67.1,56.82,3.39,1.67,1595.95,1535.66,1380.53,5.2603,-1.1342,0.27,11.67,1596.99,4.87,2.37,0.833,-0.11,1.2,7.28,14.93,0.35,41.97,1693.5,1618.0,1676.6,1703.6,1600.0,46.45,48.95,1.99,-1.57,0.21,19.61,12.24,1.84,-1.79,92.41,7,8,16,56.25,0.5,75.0,1.88,68.75,2.5,62.5,1.55,75.0,2.58,STRONG,77.14,STRONG,Trend + Momentum + Structure + VWAP,None material,1.19,5.09,1694.69,1760.03,1596.99,HIGH,224989317.0,NOT_AVAILABLE,NOT_AVAILABLE,,72,51
73,RRKABEL,2026-08-31,2928.4,Bullish,73.0,71.56,7,85,7/10,High,67.23,96.89,3.31,0.83,2789.53,2581.57,1988.76,-8.5882,3.0735,1.49,80.83,2819.59,3.86,3.01,0.856,0.8,2.04,6.54,11.27,-0.18,48.8,2925.0,2840.0,2905.2,2983.8,2786.8,48.15,47.49,1.71,-1.43,0.26,13.72,7.52,2.02,-1.96,87.28,10,11,100,48.0,0.51,54.0,0.85,56.0,1.56,62.0,2.04,56.0,1.97,POSITIVE,70.7,STRONG,Trend + Momentum + Volume + Structure,None material,1.16,4.96,2962.31,3073.73,2819.59,HIGH,1219775746.0,NOT_AVAILABLE,NOT_AVAILABLE,,72,89
74,STOVEKRAFT,2026-08-31,849.2,Bullish,72.95,68.32,8,90,8/10,High,62.9,35.04,4.13,36.67,792.99,761.39,661.92,4.6226,2.6808,2.04,91.67,797.2,6.52,8.03,0.919,6.48,3.4,13.45,12.54,0.0,40.63,815.0,790.8,797.5,826.8,763.25,45.39,50.0,2.2,-1.8,0.25,14.61,5.79,1.81,-1.94,91.07,10,7,100,51.0,0.28,53.0,0.48,50.0,0.78,59.0,1.97,50.0,1.14,MIXED,64.15,POSITIVE,Trend + Momentum + Volume + Structure,None material,1.44,6.19,861.46,901.76,790.8,HIGH,309842489.0,NOT_AVAILABLE,NOT_AVAILABLE,,74,146
75,SKMEGGPROD,2026-08-31,267.9,Bullish,72.86,63.7,7,85,7/10,High,51.85,14.24,5.31,25.83,262.96,263.79,252.62,2.482,0.3005,1.76,88.33,253.93,5.5,7.45,0.803,4.02,4.32,3.27,10.55,-0.17,30.01,266.39,256.71,257.55,277.3,253.0,44.87,50.66,2.62,-2.28,0.17,23.29,11.84,2.02,-3.33,79.04,9,7,100,40.0,0.06,47.0,0.36,52.0,1.1,60.0,2.93,56.0,3.89,MIXED,70.32,STRONG,Trend + Momentum + Volume + Structure,None material,1.86,7.97,272.88,289.25,253.93,VERY_HIGH,109922885.0,NOT_AVAILABLE,NOT_AVAILABLE,,75,278
76,FEDERALBNK,2026-08-31,356.7,Bullish,72.82,75.46,8,90,8/10,High,55.52,7.34,2.06,30.0,352.06,343.0,299.04,-1.6983,0.8381,1.44,88.33,353.3,0.96,4.4,0.659,3.62,-0.29,0.73,-4.04,-0.48,79.29,345.85,342.25,344.25,361.25,342.05,50.79,44.21,1.19,-1.08,0.16,7.76,5.39,1.79,-2.02,76.92,8,7,100,52.0,0.16,54.0,0.47,57.0,0.62,63.0,1.07,63.0,1.04,POSITIVE,63.76,POSITIVE,Trend + Momentum + Volume + Structure,None material,0.72,3.09,359.27,367.71,342.25,MODERATE,1674815954.0,NOT_AVAILABLE,NOT_AVAILABLE,,76,43
77,NITINSPIN,2026-08-31,627.4,Bullish,72.8,71.65,6,80,6/10,Medium,65.1,24.04,3.83,15.0,589.53,562.76,470.25,5.5651,-0.4055,0.41,21.67,598.14,4.89,3.42,0.833,0.16,8.14,13.3,9.62,-0.86,40.54,629.9,612.6,626.4,647.85,575.25,45.79,49.47,2.07,-1.65,0.22,12.63,8.82,2.38,-2.04,87.67,6,10,16,31.25,-0.42,31.25,0.75,50.0,1.75,68.75,5.11,62.5,4.23,MIXED,76.56,STRONG,Trend + Momentum + Structure + VWAP,None material,1.34,5.75,635.81,663.46,598.14,HIGH,210651134.0,NOT_AVAILABLE,NOT_AVAILABLE,,77,88
78,ENGINERSIN,2026-08-31,261.87,Bullish,72.66,70.68,8,90,8/10,High,65.81,8.36,3.19,16.67,244.94,239.71,224.41,1.6586,0.5136,2.03,91.67,246.53,6.22,4.19,0.958,3.21,2.76,9.03,15.46,0.11,42.04,254.59,246.76,253.72,258.55,243.5,46.58,48.95,2.37,-2.02,0.21,11.97,8.68,2.04,-2.23,77.44,8,9,99,44.44,0.3,53.54,0.91,57.58,0.91,51.52,1.62,53.54,1.69,POSITIVE,63.3,POSITIVE,Trend + Momentum + Volume + Structure,None material,1.12,4.79,264.8,274.41,246.53,HIGH,759113193.0,NOT_AVAILABLE,NOT_AVAILABLE,,78,104
79,CARRARO,2026-08-31,559.4,Bullish,72.5,67.71,9,95,9/10,High,64.01,16.71,2.99,2.5,535.1,536.99,527.32,5.3623,0.5636,2.83,91.67,530.99,5.35,3.64,0.836,0.29,4.67,8.95,3.06,0.0,72.1,561.8,542.4,557.8,561.8,526.45,47.76,48.94,2.26,-2.16,0.24,16.94,9.18,2.24,-2.26,79.16,10,8,87,48.28,0.18,48.28,0.66,48.28,0.79,51.72,0.82,57.47,1.66,MIXED,56.44,MIXED,Trend + Momentum + Volume + Structure,None material,1.05,4.48,565.25,584.46,530.99,MODERATE,104986752.0,NOT_AVAILABLE,NOT_AVAILABLE,,79,161
80,STEELCAS,2026-08-31,349.8,Bullish,72.37,67.48,5,75,5/10,Medium,59.49,13.84,3.96,6.67,340.81,324.68,333.41,-1.8351,0.3472,0.42,27.5,346.0,1.1,5.77,0.67,2.19,0.95,-0.65,7.33,0.73,46.93,349.0,338.0,342.3,364.0,335.55,46.84,48.55,2.11,-1.93,0.16,17.76,7.5,2.11,-3.94,90.61,7,5,19,26.32,-0.52,52.63,0.93,73.68,1.6,78.95,1.74,42.11,0.44,STRONG,81.78,STRONG,Trend + Momentum + Structure + VWAP,None material,1.39,5.94,354.65,370.57,338.0,HIGH,46596936.0,NOT_AVAILABLE,NOT_AVAILABLE,,80,167
81,BAJAJ-AUTO,2026-08-31,12130.0,Bullish,72.25,71.49,8,90,8/10,High,69.15,207.41,1.71,4.17,11670.46,11187.96,10144.61,-17.4743,18.9875,1.53,90.83,11747.86,3.25,2.12,1.0,1.85,2.8,4.0,2.31,0.0,58.61,11974.0,11769.0,11910.0,11974.0,11618.0,52.37,43.29,1.18,-1.14,0.08,4.87,5.13,1.99,-1.98,71.93,10,8,100,53.0,0.21,54.0,0.57,54.0,0.97,56.0,1.19,45.0,0.85,MIXED,62.14,POSITIVE,Trend + Momentum + Volume + Structure,None material,0.6,2.56,12202.59,12441.11,11747.86,LOW,2723342721.0,NOT_AVAILABLE,NOT_AVAILABLE,,81,91
82,RELIGARE,2026-08-31,242.8,Bullish,72.17,63.76,10,100,10/10,High,53.49,8.21,3.38,43.33,237.1,242.85,240.76,1.3658,0.8804,3.55,99.17,234.47,3.55,5.49,0.504,4.18,6.98,5.06,-7.01,2.12,62.28,236.95,228.0,233.05,236.95,223.25,43.68,51.84,1.84,-1.52,0.08,9.61,7.89,1.99,-2.03,86.56,10,7,100,47.0,-0.05,42.0,-0.4,45.0,0.24,49.0,0.05,44.0,-0.55,MIXED,49.06,MIXED,Trend + Momentum + Volume + Structure,None material,1.18,5.07,245.67,255.11,228.0,HIGH,349124959.0,NOT_AVAILABLE,NOT_AVAILABLE,,82,277
83,SWANDEF,2026-08-31,2448.0,Neutral-Range,72.06,78.05,3,65,3/10,Low,54.76,109.43,4.47,36.67,2411.57,2334.14,1702.1,-8.0954,5.3747,0.33,25.0,2445.16,0.12,3.01,0.357,-0.29,5.03,2.41,-3.13,0.0,,2484.0,2366.0,2455.1,2484.0,2290.0,66.21,29.22,3.83,-1.93,1.55,51.6,18.72,4.16,-3.14,41.32,63,8,28,57.14,0.46,78.57,1.8,78.57,3.23,89.29,5.41,96.43,7.48,STRONG,93.75,STRONG,Trend + Momentum + RSI,None material,-4.47,4.47,2338.57,2557.43,2455.1,HIGH,46704233.0,NOT_AVAILABLE,NOT_AVAILABLE,,83,29
84,FEDFINA,2026-08-31,157.24,Bullish,72.06,76.93,4,70,5/10,Medium,54.86,4.59,2.92,6.67,155.3,153.98,147.0,0.7009,-0.2036,0.79,52.5,154.15,2.0,3.49,0.605,-1.07,-1.14,3.45,4.57,0.04,53.14,160.77,154.85,158.94,163.25,154.85,42.57,53.04,1.8,-1.37,0.38,19.8,6.79,1.92,-2.47,87.19,6,7,10,30.0,0.3,60.0,1.24,80.0,1.56,80.0,2.52,60.0,2.83,STRONG,87.32,STRONG,Trend + Momentum + VWAP + RSI,Delivery,1.02,4.38,158.85,164.13,154.15,MODERATE,136472859.0,NOT_AVAILABLE,NOT_AVAILABLE,,83,33
85,SETFGOLD,2026-08-31,131.45,Neutral-Range,71.92,80.82,3,65,5/10,Medium,54.43,3.78,2.87,78.33,131.12,127.96,121.66,0.0323,-0.3923,1.11,68.33,130.69,0.58,1.67,0.557,-2.64,-4.27,0.75,8.61,-2.01,48.29,137.7,133.31,135.02,140.37,132.11,52.63,42.37,0.9,-0.81,0.88,44.08,10.0,2.35,-2.36,87.77,8,7,9,66.67,0.27,66.67,0.91,77.78,1.74,88.89,3.39,88.89,3.97,STRONG,93.33,STRONG,Trend + Momentum + VWAP + RSI,"Structure, Gap",-2.87,2.87,127.67,135.23,135.02,MODERATE,638348606.0,NOT_AVAILABLE,NOT_AVAILABLE,,85,18
86,CSBBANK,2026-08-31,343.55,Bullish,71.92,66.66,5,75,5/10,Medium,56.44,10.47,3.05,10.0,333.47,339.87,366.86,3.6278,-0.0578,0.67,45.0,328.95,4.44,4.62,0.718,2.16,3.51,7.38,3.23,-0.24,46.28,350.25,334.9,336.3,355.55,321.6,47.24,48.29,1.68,-1.58,0.19,11.45,7.24,2.03,-2.06,86.73,9,8,10,70.0,0.7,70.0,1.32,60.0,3.28,70.0,3.0,60.0,0.94,POSITIVE,80.5,STRONG,Trend + Momentum + VWAP + RSI,None material,1.07,4.57,347.21,359.26,328.95,HIGH,142428535.0,NOT_AVAILABLE,NOT_AVAILABLE,,85,183
87,KSL,2026-08-31,909.75,Bullish,71.83,67.1,6,80,6/10,Medium,57.39,39.12,4.3,74.17,877.11,867.55,816.98,5.9821,0.977,1.62,79.17,877.68,3.65,5.55,0.758,2.41,3.8,9.63,2.62,0.05,37.65,932.0,880.55,888.35,939.7,864.55,47.76,47.63,2.02,-1.81,0.16,8.82,9.08,1.94,-2.04,85.93,8,13,92,54.35,0.6,51.09,1.52,53.26,2.26,57.61,3.87,54.35,4.6,MIXED,73.8,STRONG,Trend + Momentum + Volume + VWAP,None material,1.51,6.45,923.44,968.43,877.68,HIGH,68300793.0,NOT_AVAILABLE,NOT_AVAILABLE,,87,172
88,GANDHAR,2026-08-31,257.72,Neutral-Range,71.82,77.88,3,65,5/10,Medium,62.24,9.92,3.85,1.67,247.56,226.32,180.46,-0.7395,-0.0039,0.45,35.83,245.39,5.02,2.78,0.894,0.49,0.43,4.47,11.26,-0.0,46.33,259.0,253.55,256.47,261.0,251.0,43.42,52.48,1.97,-1.61,0.36,18.39,6.22,1.95,-2.25,82.52,9,9,41,70.73,1.63,75.61,2.86,85.37,5.19,80.49,8.49,82.93,12.76,STRONG,93.05,STRONG,Trend + Structure + VWAP + RSI,"Momentum, MACD",-3.85,3.85,247.8,267.64,256.47,HIGH,361607395.0,NOT_AVAILABLE,NOT_AVAILABLE,,88,31
89,CUB,2026-08-31,229.19,Bullish,71.78,67.09,8,90,8/10,High,57.78,7.99,3.49,15.83,219.87,221.52,235.03,1.7121,0.1758,1.78,90.0,216.52,5.85,4.7,0.943,3.13,8.01,6.5,11.99,-0.11,47.16,230.92,221.77,222.24,230.92,211.34,49.21,46.45,1.66,-1.55,0.1,9.08,6.18,2.19,-2.83,83.06,12,5,100,51.0,-0.19,56.0,0.01,57.0,0.46,60.0,0.75,59.0,1.04,POSITIVE,60.79,POSITIVE,Trend + Momentum + Volume + Structure,None material,1.22,5.23,231.99,241.17,216.52,HIGH,603794802.0,NOT_AVAILABLE,NOT_AVAILABLE,,89,173
90,BLSE,2026-08-31,327.9,Bullish,71.75,73.44,5,75,6/10,Medium,67.06,11.68,3.56,16.67,312.22,287.55,228.7,-1.0847,0.4688,1.13,74.17,317.19,3.38,3.34,0.918,0.51,4.1,5.5,9.37,-1.79,44.8,328.9,313.0,326.25,328.9,302.4,42.34,53.41,2.31,-1.79,0.28,19.58,9.71,1.96,-2.18,85.42,6,8,77,62.34,0.71,63.64,1.17,61.04,1.73,67.53,3.76,75.32,5.54,POSITIVE,80.0,STRONG,Trend + Momentum + Structure + VWAP,Gap,1.25,5.34,331.99,345.42,313.0,HIGH,168469640.0,NOT_AVAILABLE,NOT_AVAILABLE,,90,60
91,SUNPHARMA,2026-08-31,1984.8,Bullish,71.72,71.38,9,95,9/10,Medium,64.25,34.14,1.72,32.5,1926.31,1911.87,1819.38,3.3384,5.1801,1.51,90.83,1928.28,2.93,4.16,1.0,3.37,3.92,5.46,1.08,-0.16,71.47,1931.0,1903.8,1920.0,1931.0,1892.6,52.11,43.55,0.91,-0.91,0.09,4.87,4.34,1.6,-1.9,83.23,7,6,8,87.5,0.74,62.5,1.28,62.5,0.95,37.5,0.1,50.0,1.06,POSITIVE,54.2,MIXED,Trend + Momentum + Volume + Structure,None material,0.6,2.58,1996.75,2036.01,1903.8,LOW,3075264152.0,NOT_AVAILABLE,NOT_AVAILABLE,,91,93
92,CAMS,2026-08-31,782.0,Bullish,71.72,68.65,9,95,9/10,High,55.62,18.33,2.34,4.17,766.04,772.8,1219.97,0.3595,2.4694,2.53,98.33,777.06,0.64,4.78,0.47,2.62,3.99,0.74,-1.14,-0.43,52.41,762.0,739.0,762.0,762.0,739.0,47.37,47.89,1.8,-1.82,0.09,11.05,7.11,1.88,-3.64,73.28,9,7,100,49.0,-0.53,59.0,0.07,58.0,0.41,50.0,-0.06,59.0,-0.44,POSITIVE,54.2,MIXED,Trend + Momentum + Volume + Structure,None material,0.82,3.52,788.41,809.49,739.0,MODERATE,1163805373.0,NOT_AVAILABLE,NOT_AVAILABLE,,91,140
93,THYROCARE,2026-08-31,604.5,Bullish,71.64,64.92,6,80,6/10,Medium,54.65,24.11,3.99,36.67,592.11,570.16,593.03,-3.3469,1.5323,0.8,65.0,607.02,-0.41,6.11,0.419,3.45,3.51,-2.28,2.02,0.0,68.17,589.1,579.0,584.35,606.5,565.95,46.18,49.34,2.05,-1.74,0.2,14.21,7.63,2.28,-3.07,87.47,9,7,100,44.0,0.03,53.0,0.57,52.0,1.52,63.0,2.98,57.0,3.74,MIXED,73.25,STRONG,Trend + Momentum + Structure + RSI,None material,1.4,5.98,612.94,640.67,579.0,HIGH,493126802.0,NOT_AVAILABLE,NOT_AVAILABLE,,93,238
94,AMANTA,2026-08-31,188.8,Bullish,71.63,69.68,6,80,6/10,Medium,59.69,6.42,3.4,14.17,179.6,168.71,142.38,1.3182,-0.4299,0.68,54.17,180.43,4.64,1.51,0.698,2.0,-7.98,15.03,9.71,2.0,,185.1,183.47,185.1,205.57,183.47,43.48,51.38,2.48,-1.82,-0.0,18.97,20.55,2.05,-1.91,74.55,7,6,47,42.55,0.06,46.81,0.24,46.81,1.16,63.83,3.72,59.57,5.73,MIXED,73.24,STRONG,Trend + Momentum + Structure + VWAP,None material,1.19,5.1,191.05,198.43,180.43,HIGH,19028143.0,NOT_AVAILABLE,NOT_AVAILABLE,,94,121
95,INDOBORAX,2026-08-31,508.45,Bullish,71.62,69.11,6,80,6/10,Medium,64.26,28.73,5.65,75.83,465.46,427.8,333.43,5.0754,-0.5597,0.39,35.83,481.74,5.54,6.25,0.879,2.7,1.21,20.99,21.44,0.98,43.64,512.0,490.0,495.1,524.5,481.65,43.42,51.97,2.52,-1.74,0.23,21.84,12.37,1.83,-2.17,86.76,9,6,100,47.0,0.36,51.0,0.98,59.0,1.4,61.0,2.65,61.0,4.74,POSITIVE,73.2,STRONG,Trend + Momentum + Structure + VWAP,None material,1.98,8.48,518.51,551.55,481.74,VERY_HIGH,323741654.0,NOT_AVAILABLE,NOT_AVAILABLE,,95,134
96,SPLPETRO,2026-08-31,729.05,Bullish,71.51,66.57,8,90,8/10,High,56.66,22.45,3.08,11.67,708.66,712.66,705.5,1.4286,2.1169,8.72,98.33,719.04,1.39,6.17,0.766,4.02,5.45,0.77,1.84,0.02,15.33,717.0,691.95,700.85,717.0,688.05,44.87,50.53,1.89,-1.53,0.11,12.37,8.16,1.71,-1.84,90.07,7,8,100,56.0,0.53,57.0,0.86,52.0,0.66,57.0,1.06,64.0,2.44,MIXED,60.03,POSITIVE,Trend + Momentum + Volume + Structure,None material,1.08,4.62,736.91,762.73,691.95,HIGH,100746133.0,NOT_AVAILABLE,NOT_AVAILABLE,,96,187
97,BALRAMCHIN,2026-08-31,693.5,Bullish,71.4,71.3,5,75,6/10,Medium,57.8,38.83,5.6,100.0,658.94,621.8,547.18,-1.8565,1.2621,6.12,99.17,711.27,-2.5,13.96,0.536,5.9,-0.29,5.76,7.22,-0.71,6.41,665.8,645.65,654.85,751.7,636.8,46.84,48.55,1.77,-1.53,0.15,8.29,6.05,1.98,-1.9,81.83,11,7,100,55.0,0.36,54.0,0.55,61.0,1.34,71.0,3.11,72.0,3.52,POSITIVE,79.0,STRONG,Trend + Momentum + Volume + Structure,VWAP,1.96,8.4,707.09,751.74,645.65,VERY_HIGH,4598072996.0,NOT_AVAILABLE,NOT_AVAILABLE,,97,94
98,ABDL,2026-08-31,618.4,Bullish,71.4,70.87,7,85,7/10,High,51.18,21.66,3.5,9.17,613.88,612.42,562.88,1.255,0.5026,0.79,51.67,614.39,0.65,3.61,0.572,1.38,1.32,1.27,-0.19,0.0,57.05,613.4,605.65,610.0,643.9,592.2,46.75,49.46,2.19,-1.76,0.23,16.06,7.22,1.82,-2.35,89.5,7,10,100,44.0,-0.06,45.0,0.32,51.0,0.77,58.0,2.48,65.0,2.54,MIXED,66.15,POSITIVE,Trend + Momentum + Structure + VWAP,None material,1.23,5.25,625.98,650.88,605.65,HIGH,224748768.0,NOT_AVAILABLE,NOT_AVAILABLE,,97,101
99,ABCAPITAL,2026-08-31,409.4,Bullish,71.38,75.94,6,80,6/10,Medium,53.08,9.24,2.26,1.67,407.23,398.46,357.47,-0.5092,0.0725,1.87,93.33,409.27,0.03,2.82,0.479,0.95,-0.85,2.68,-3.52,-0.18,58.61,410.35,404.8,405.55,416.45,404.8,48.16,47.24,1.67,-1.44,0.21,9.87,5.66,1.85,-2.05,69.49,8,7,100,49.0,0.12,58.0,0.68,63.0,1.15,71.0,1.5,69.0,1.71,POSITIVE,72.5,STRONG,Trend + Momentum + Volume + RSI,None material,0.79,3.39,412.63,423.26,404.8,MODERATE,1275653401.0,NOT_AVAILABLE,NOT_AVAILABLE,,99,42
100,RATNAVEER,2026-08-31,306.02,Bullish,71.32,65.61,6,80,6/10,Medium,84.31,15.49,5.06,20.83,252.24,218.85,178.83,5.3375,0.1875,0.99,67.5,244.77,25.02,6.41,0.922,3.75,12.79,24.97,48.7,0.7,22.12,305.25,291.0,294.95,305.25,250.61,45.39,50.13,2.63,-2.03,0.46,24.74,9.34,2.08,-2.27,73.63,11,9,70,42.86,-0.02,44.29,0.85,55.71,2.04,51.43,2.92,48.57,3.53,POSITIVE,72.34,STRONG,Trend + Momentum + Structure + VWAP,None material,1.77,7.59,311.44,329.26,244.77,VERY_HIGH,2270419800.0,NOT_AVAILABLE,NOT_AVAILABLE,,100,214
101,AXISCADES,2026-08-31,1671.2,Bullish,71.31,63.27,9,95,9/10,High,59.52,64.37,3.85,0.83,1592.92,1625.84,1583.42,12.7017,3.6164,2.1,96.67,1576.73,5.99,4.43,0.967,4.8,7.34,7.58,6.25,2.53,44.0,1645.0,1581.0,1594.7,1645.0,1548.0,46.58,49.08,2.92,-2.35,0.38,25.26,11.32,2.44,-2.86,81.12,8,8,100,49.0,0.67,46.0,0.83,50.0,0.61,46.0,0.5,47.0,1.92,MIXED,53.04,MIXED,Trend + Momentum + Volume + Structure,None material,1.35,5.78,1693.73,1767.75,1576.73,HIGH,241917617.0,NOT_AVAILABLE,NOT_AVAILABLE,,101,290
102,ALIVUS,2026-08-31,1405.7,Bullish,71.21,71.2,7,85,7/10,High,67.81,51.48,3.66,59.17,1336.15,1250.76,1092.19,-7.0367,2.7923,5.62,99.17,1368.69,2.7,10.5,0.699,4.11,2.9,0.81,15.75,0.13,18.51,1375.9,1338.2,1350.2,1400.0,1334.0,45.85,50.49,1.76,-1.44,0.07,11.71,10.0,1.86,-2.18,89.88,8,7,48,41.67,0.34,56.25,0.58,56.25,1.28,56.25,1.53,64.58,2.97,POSITIVE,65.61,POSITIVE,Trend + Momentum + Volume + Structure,None material,1.28,5.49,1423.72,1482.92,1338.2,HIGH,297062652.0,NOT_AVAILABLE,NOT_AVAILABLE,,102,96
103,KARURVYSYA,2026-08-31,347.6,Bullish,71.14,73.56,7,85,7/10,High,61.64,8.56,2.46,4.17,338.9,326.38,295.19,0.2444,0.0018,1.14,73.33,340.59,2.06,2.01,0.655,0.46,2.79,4.07,-0.14,0.0,55.74,350.85,344.45,346.0,358.65,334.25,49.08,46.45,1.66,-1.43,0.2,10.66,7.5,1.76,-2.04,81.22,7,10,100,45.0,-0.2,49.0,-0.02,59.0,0.79,58.0,1.57,63.0,2.77,POSITIVE,65.39,POSITIVE,Trend + Momentum + VWAP + RSI,None material,0.86,3.69,350.6,360.44,340.59,MODERATE,544429307.0,NOT_AVAILABLE,NOT_AVAILABLE,,103,58
104,CANHLIFE,2026-08-31,156.14,Bullish,71.13,70.35,7,85,7/10,High,60.1,5.52,3.53,54.17,152.02,148.61,140.35,0.34,0.0277,6.36,98.33,154.05,1.36,8.75,0.617,1.26,0.93,4.86,3.46,-0.77,46.94,159.0,153.1,154.19,159.9,151.56,48.23,45.58,1.54,-1.26,0.1,11.95,9.29,2.49,-2.02,89.15,5,4,31,48.39,0.14,45.16,0.51,45.16,0.54,67.74,2.17,58.06,1.94,MIXED,65.36,POSITIVE,Trend + Momentum + Volume + VWAP,None material,1.24,5.3,158.07,164.42,153.1,HIGH,170255591.0,NOT_AVAILABLE,NOT_AVAILABLE,,104,107
105,VIESL,2026-08-31,365.8,Bullish,71.08,65.51,8,90,8/10,High,69.82,15.42,4.22,35.83,323.9,315.16,273.53,5.6421,1.3868,1.98,89.17,326.24,12.13,4.62,0.97,4.08,14.67,21.79,12.42,0.07,88.04,355.1,333.5,351.45,355.5,315.0,48.47,48.0,2.97,-2.51,0.23,26.59,20.24,2.43,-2.2,76.28,6,5,66,43.94,0.17,48.48,0.42,50.0,1.3,42.42,1.56,51.52,2.67,MIXED,58.79,POSITIVE,Trend + Momentum + Volume + Structure,None material,1.48,6.32,371.2,388.93,326.24,HIGH,12122912.0,NOT_AVAILABLE,NOT_AVAILABLE,,105,216
106,IDFCFIRSTB,2026-08-31,85.97,Bullish,71.07,72.85,8,90,8/10,High,57.33,1.6,1.86,8.33,84.7,82.27,76.7,-0.3527,0.1452,1.67,95.0,85.32,0.76,4.17,0.782,3.43,0.09,1.08,-0.03,-0.14,67.64,84.23,82.95,83.12,86.94,82.95,47.11,47.63,1.31,-1.28,0.06,7.37,6.05,1.87,-2.32,69.73,7,8,100,49.0,-0.01,53.0,-0.04,51.0,0.43,57.0,1.06,61.0,0.84,MIXED,58.76,POSITIVE,Trend + Momentum + Volume + Structure,None material,0.65,2.79,86.53,88.37,82.95,LOW,1009554438.0,NOT_AVAILABLE,NOT_AVAILABLE,,106,67
107,KTKBANK,2026-08-31,335.15,Bullish,71.02,71.49,8,90,8/10,High,66.47,10.23,3.05,21.67,318.28,298.45,252.74,0.3975,-0.1794,1.29,82.5,318.83,5.12,4.54,0.869,1.45,0.57,9.35,15.79,0.2,54.18,331.35,324.2,330.35,341.0,324.2,44.34,50.92,1.65,-1.31,0.22,9.34,5.79,1.73,-2.2,73.6,7,11,100,39.0,-0.33,40.0,-0.32,50.0,-0.13,56.0,1.76,68.0,3.48,MIXED,58.62,POSITIVE,Trend + Momentum + Volume + Structure,None material,1.07,4.58,338.73,350.5,318.83,HIGH,1073910819.0,NOT_AVAILABLE,NOT_AVAILABLE,,107,91
108,PREMIERENE,2026-08-31,1036.3,Bullish,71.02,64.49,8,90,8/10,High,51.52,32.44,3.13,39.17,1027.55,1032.2,986.61,0.2896,1.632,1.21,77.5,1029.88,0.62,3.8,0.637,2.21,0.61,2.05,1.53,0.0,68.14,1019.0,973.0,1013.9,1060.9,973.0,48.92,47.74,2.06,-1.94,0.17,13.95,10.02,2.19,-2.34,81.61,9,6,100,47.0,0.02,48.0,0.15,53.0,0.47,49.0,1.51,57.0,2.34,MIXED,58.62,POSITIVE,Trend + Momentum + Volume + Structure,None material,1.1,4.7,1047.65,1084.96,973.0,HIGH,1131747070.0,NOT_AVAILABLE,NOT_AVAILABLE,,107,255
109,OLAELEC,2026-08-31,41.12,Bullish,71.0,56.38,8,90,8/10,High,59.63,1.73,4.2,15.0,38.73,39.15,39.62,0.2256,0.2181,3.18,93.33,39.84,3.21,10.11,0.774,5.49,10.09,4.84,6.14,0.05,24.07,39.77,37.45,38.98,39.77,36.05,38.21,58.17,3.31,-2.3,0.25,17.68,11.79,2.44,-2.6,79.14,6,8,91,38.46,0.65,49.45,1.92,41.76,2.4,40.66,1.28,30.77,-1.96,MIXED,58.57,POSITIVE,Trend + Momentum + Volume + Structure,None material,1.47,6.31,41.73,43.71,37.45,HIGH,2237839260.0,NOT_AVAILABLE,NOT_AVAILABLE,,109,525
110,INDUSTOWER,2026-08-31,388.8,Bullish,70.9,67.79,7,85,7/10,Medium,53.99,9.51,2.45,4.17,381.7,389.94,403.33,1.7472,0.6114,1.03,60.83,379.29,2.51,2.58,0.767,2.32,3.89,2.32,-1.64,0.0,57.86,385.7,378.75,380.0,389.4,372.9,48.29,47.24,1.65,-1.43,0.23,11.45,6.32,2.06,-2.06,79.31,8,7,8,75.0,0.35,50.0,0.5,62.5,0.06,62.5,1.43,50.0,3.68,POSITIVE,64.71,POSITIVE,Momentum + Structure + VWAP + RSI,None material,0.86,3.67,392.13,403.07,378.75,MODERATE,1985999317.0,NOT_AVAILABLE,NOT_AVAILABLE,,110,158
111,BIRLACABLE,2026-08-31,309.86,Bullish,70.74,65.0,6,80,6/10,Medium,71.86,14.35,4.63,12.5,269.82,239.0,188.82,-0.2792,1.4842,2.01,87.5,281.02,10.26,6.05,1.0,5.0,14.34,11.01,44.79,3.15,,295.11,295.11,295.11,295.11,261.0,42.24,53.16,2.54,-1.95,0.43,26.71,10.39,2.26,-2.67,85.38,10,8,51,54.9,1.31,50.98,3.0,52.94,3.03,49.02,2.47,50.98,3.85,MIXED,70.69,STRONG,Trend + Momentum + Volume + Structure,None material,1.62,6.94,314.88,331.38,281.02,HIGH,51940407.0,NOT_AVAILABLE,NOT_AVAILABLE,,111,234
112,APOLLOHOSP,2026-08-31,8898.5,Bullish,70.73,75.25,7,85,7/10,High,54.68,151.59,1.7,29.17,8812.44,8725.74,8103.85,5.1348,7.1272,0.96,58.33,8805.48,1.06,1.01,0.721,0.68,2.26,0.83,0.89,0.13,63.2,8905.0,8818.5,8838.5,8905.0,8591.5,48.42,47.24,1.03,-0.89,0.05,3.82,4.74,1.86,-1.75,84.91,10,9,100,46.0,0.06,54.0,0.34,62.0,0.55,64.0,0.73,68.0,1.47,POSITIVE,64.22,POSITIVE,Trend + Momentum + VWAP + RSI,None material,0.6,2.56,8951.56,9125.89,8805.48,LOW,3710395864.0,NOT_AVAILABLE,NOT_AVAILABLE,,112,46
113,MOTISONS,2026-08-31,16.24,Bullish,70.71,65.71,4,70,4/10,Low,58.7,0.83,5.11,37.5,15.78,14.89,16.56,0.0127,-0.0444,0.22,8.33,16.28,-0.27,3.91,0.652,-2.4,-1.34,-1.81,13.96,0.72,29.66,16.73,16.11,16.64,17.7,15.85,40.49,54.43,2.99,-2.25,0.33,24.38,10.01,2.34,-3.83,85.55,11,9,13,30.77,-0.85,53.85,1.14,53.85,3.47,84.62,6.25,69.23,4.26,MIXED,83.46,STRONG,Trend + Momentum + RSI + Liquidity,None material,1.79,7.66,16.53,17.48,16.11,VERY_HIGH,1097555565.0,NOT_AVAILABLE,NOT_AVAILABLE,,113,209
114,MAXHEALTH,2026-08-31,1042.1,Bullish,70.64,68.36,6,80,6/10,Medium,51.73,26.69,2.56,16.67,1028.94,1047.65,1055.37,3.4629,2.8274,0.86,50.0,1023.79,1.79,3.98,0.495,2.76,5.21,3.83,-5.3,-0.11,65.74,1017.5,1001.8,1014.1,1023.8,980.3,49.34,46.18,1.66,-1.55,0.09,11.97,9.47,1.7,-2.18,86.39,8,7,100,52.0,0.3,57.0,0.96,53.0,0.79,67.0,2.56,66.0,3.63,MIXED,70.4,STRONG,Momentum + Structure + VWAP + MACD,None material,0.9,3.84,1051.44,1082.14,1001.8,MODERATE,2009985214.0,NOT_AVAILABLE,NOT_AVAILABLE,,114,144
115,BPCL,2026-08-31,324.05,Bullish,70.63,69.74,8,90,9/10,Medium,60.59,7.12,2.2,11.67,316.61,313.99,319.86,0.5705,0.463,1.64,96.67,317.32,2.12,4.15,0.811,1.5,3.9,2.34,-1.79,-1.33,60.88,319.9,316.0,319.25,326.35,310.0,48.16,46.58,1.51,-1.49,0.1,13.42,8.68,1.81,-2.82,75.39,8,7,13,53.85,-0.01,53.85,-0.32,53.85,-0.15,61.54,0.68,69.23,2.69,MIXED,57.51,POSITIVE,Trend + Momentum + Volume + Structure,Gap,0.77,3.29,326.54,334.72,316.0,MODERATE,1574651591.0,NOT_AVAILABLE,NOT_AVAILABLE,,115,118
116,DEEPINDS,2026-08-31,689.85,Bullish,70.58,67.59,7,85,7/10,High,62.73,32.68,4.74,41.67,650.35,588.91,498.74,-5.9245,1.04,0.65,54.17,667.94,3.28,5.12,0.718,2.28,1.74,1.34,6.25,0.32,52.16,685.25,666.0,674.45,694.6,626.05,44.47,51.05,2.52,-1.86,0.23,15.0,7.11,1.91,-2.46,85.07,6,8,100,41.0,0.01,48.0,0.23,53.0,0.65,55.0,2.1,59.0,2.96,MIXED,63.8,POSITIVE,Trend + Momentum + Structure + VWAP,None material,1.66,7.11,701.29,738.88,666.0,HIGH,314697821.0,NOT_AVAILABLE,NOT_AVAILABLE,,116,166
117,AXISBANK,2026-08-31,1300.0,Bullish,70.55,67.08,9,95,9/10,High,64.38,22.16,1.7,4.17,1252.92,1266.72,1267.33,8.2313,2.5169,1.28,84.17,1245.18,4.4,3.86,1.0,2.77,5.18,5.92,2.2,-0.63,73.02,1265.4,1248.2,1265.0,1268.7,1229.8,48.03,47.63,1.11,-1.03,0.01,6.05,5.0,1.82,-2.21,69.11,8,7,100,53.0,0.09,46.0,0.05,44.0,0.03,54.0,0.36,61.0,1.16,MIXED,50.86,MIXED,Trend + Momentum + Volume + Structure,None material,0.6,2.56,1307.76,1333.24,1245.18,LOW,5921219309.0,NOT_AVAILABLE,NOT_AVAILABLE,,117,175
118,DYNAMATECH,2026-08-31,11966.0,Bullish,70.52,69.01,8,90,8/10,High,66.35,458.33,3.83,10.83,11325.96,10978.6,10057.34,20.6561,20.616,1.37,83.33,11271.66,6.16,5.92,0.835,4.63,2.75,7.58,11.18,0.0,48.07,11615.0,11390.0,11436.0,11879.0,11390.0,45.66,49.87,2.31,-1.76,0.25,17.63,7.24,1.73,-2.24,86.23,7,8,100,41.0,-0.03,48.0,0.09,47.0,0.36,56.0,1.18,54.0,0.99,MIXED,57.21,POSITIVE,Trend + Momentum + Volume + Structure,None material,1.34,5.75,12126.41,12653.49,11271.66,HIGH,246510728.0,NOT_AVAILABLE,NOT_AVAILABLE,,118,135
119,BEML,2026-08-31,1936.1,Bullish,70.5,65.94,6,80,6/10,Medium,57.22,59.03,3.05,15.83,1898.5,1845.92,2037.91,2.1698,-2.6143,0.61,30.0,1883.12,2.81,3.65,0.812,-2.46,1.1,1.45,11.03,0.01,38.82,1990.0,1909.0,1984.9,1990.0,1902.6,47.89,47.76,2.22,-2.13,0.18,10.26,6.32,2.19,-3.6,77.53,7,8,12,58.33,0.86,58.33,0.58,58.33,0.96,58.33,2.58,66.67,7.06,POSITIVE,69.99,POSITIVE,Trend + Momentum + Structure + VWAP,None material,1.07,4.57,1956.76,2024.65,1883.12,HIGH,950014382.0,NOT_AVAILABLE,NOT_AVAILABLE,,119,206
120,DYCL,2026-08-31,493.2,Bullish,70.48,69.84,9,95,9/10,High,67.0,22.76,4.62,5.0,445.06,412.85,384.75,2.267,1.6076,1.78,87.5,454.68,8.47,4.24,0.91,1.15,13.72,5.98,22.55,1.11,32.43,491.0,447.2,487.6,491.0,422.6,42.11,53.42,2.97,-2.17,0.4,29.47,9.61,2.1,-3.35,84.79,5,9,87,43.68,-0.47,42.53,-1.1,50.57,-1.1,56.32,0.66,65.52,-1.64,MIXED,50.65,MIXED,Trend + Momentum + Volume + Structure,None material,1.62,6.92,501.17,527.35,447.2,HIGH,319927209.0,NOT_AVAILABLE,NOT_AVAILABLE,,120,113
121,AIIL,2026-08-31,560.9,Bullish,70.46,64.83,5,75,6/10,Medium,52.48,22.29,3.97,14.17,555.9,546.92,924.24,-1.9576,0.7535,3.14,95.83,571.54,-1.86,6.59,0.418,2.75,1.08,1.7,2.2,0.29,36.55,558.95,544.0,545.9,573.95,544.0,47.68,48.84,2.58,-2.33,0.13,18.71,11.75,2.31,-3.42,83.04,7,7,100,45.0,0.47,52.0,1.49,59.0,2.3,59.0,4.5,63.0,3.99,POSITIVE,76.3,STRONG,Trend + Momentum + Volume + Structure,VWAP,1.39,5.96,568.7,594.33,544.0,HIGH,332321158.0,NOT_AVAILABLE,NOT_AVAILABLE,,121,243
122,OBSCP,2026-08-31,869.9,Neutral-Range,70.45,75.25,3,65,5/10,Medium,69.51,40.48,4.65,16.67,807.47,702.94,478.31,-3.4101,-0.8324,0.44,20.0,802.34,8.42,3.53,0.787,0.44,1.77,1.13,24.93,0.0,71.11,868.7,836.0,866.05,895.95,821.9,51.32,43.38,3.2,-2.21,0.67,33.44,16.56,2.85,-2.04,76.15,8,6,64,48.44,0.8,68.75,2.86,71.88,5.13,82.81,10.42,93.75,16.38,STRONG,89.14,STRONG,Trend + Structure + VWAP + RSI,"Momentum, MACD",-4.65,4.65,829.42,910.38,866.05,HIGH,65728012.0,NOT_AVAILABLE,NOT_AVAILABLE,,122,46
123,SUBEXLTD,2026-08-31,18.48,Bullish,70.45,70.89,5,75,5/10,Medium,73.76,1.04,5.61,58.33,16.15,14.2,12.24,0.2296,-0.032,0.49,23.33,16.81,9.97,5.96,0.858,1.93,1.26,30.97,43.81,0.0,53.02,18.49,17.8,18.13,19.19,17.22,41.71,52.11,2.6,-2.13,0.36,18.16,7.24,2.07,-1.98,85.0,6,11,25,32.0,0.13,56.0,1.28,56.0,0.73,64.0,4.09,84.0,7.57,POSITIVE,76.28,STRONG,Trend + Structure + VWAP + Delivery,None material,1.96,8.42,18.84,20.04,16.81,VERY_HIGH,121660663.0,NOT_AVAILABLE,NOT_AVAILABLE,,122,99
124,NAZARA,2026-08-31,372.7,Bullish,70.44,66.14,6,80,6/10,Medium,71.55,11.11,2.98,15.0,351.89,330.83,369.58,0.0357,0.5014,2.23,92.5,358.52,3.96,3.2,0.864,-0.51,7.11,6.46,9.76,0.53,44.51,379.4,354.0,374.6,379.4,343.1,47.76,47.5,1.74,-1.74,0.18,11.97,6.18,1.78,-3.4,87.13,14,6,10,60.0,1.0,70.0,2.06,60.0,1.5,60.0,1.71,50.0,2.37,POSITIVE,69.84,POSITIVE,Trend + Momentum + Structure + VWAP,None material,1.04,4.47,376.59,389.36,354.0,MODERATE,922908017.0,NOT_AVAILABLE,NOT_AVAILABLE,,124,202
125,AKUMS,2026-08-31,776.7,Bullish,70.3,71.08,7,85,7/10,High,65.58,25.7,3.31,13.33,739.96,692.64,583.88,0.4746,0.0998,0.57,32.5,743.94,4.4,2.08,0.935,0.53,0.82,4.4,14.02,0.46,49.2,774.45,758.6,772.6,783.0,737.0,45.18,51.23,1.97,-1.69,0.18,15.31,8.51,1.94,-2.22,83.06,5,9,86,47.67,0.3,55.81,0.6,55.81,0.78,56.98,1.35,66.28,2.32,POSITIVE,63.0,POSITIVE,Trend + Momentum + Structure + VWAP,None material,1.16,4.96,785.69,815.25,743.94,HIGH,335186972.0,NOT_AVAILABLE,NOT_AVAILABLE,,125,98
126,KEI,2026-08-31,5740.3,Bullish,70.25,72.74,6,80,6/10,Medium,62.02,156.91,2.73,10.83,5546.9,5384.22,4874.46,-18.201,11.1736,0.56,19.17,5596.94,2.56,5.36,0.773,3.06,4.48,-2.26,14.27,-0.54,45.75,5570.0,5487.4,5570.0,5615.0,5448.4,49.87,45.79,1.79,-1.66,0.2,12.11,7.37,1.83,-2.05,81.17,9,6,23,43.48,-0.06,43.48,0.05,65.22,0.83,60.87,1.71,56.52,-0.6,STRONG,69.29,POSITIVE,Trend + Momentum + Structure + VWAP,None material,0.96,4.1,5795.22,5975.67,5487.4,MODERATE,2955359015.0,NOT_AVAILABLE,NOT_AVAILABLE,,126,69
127,MASPTOP50,2026-08-31,80.52,Bullish,70.24,75.05,6,80,6/10,Medium,55.34,0.56,0.7,3.33,79.96,79.35,74.6,-0.0973,0.0443,1.31,82.5,80.54,-0.03,0.01,0.776,0.93,1.16,-0.91,4.0,0.92,80.44,79.78,79.78,79.78,79.96,79.58,54.08,40.39,1.01,-1.03,0.39,27.11,9.74,1.78,-2.22,78.87,8,8,100,54.0,0.2,61.0,0.74,59.0,1.1,64.0,1.7,77.0,2.9,POSITIVE,69.25,POSITIVE,Trend + Momentum + Volume + Structure,None material,0.24,1.05,80.72,81.36,79.78,LOW,11108856.0,NOT_AVAILABLE,NOT_AVAILABLE,,127,52
128,MAFANG,2026-08-31,209.95,Bullish,70.24,72.73,7,85,7/10,High,62.41,2.26,1.07,3.33,205.14,199.84,181.49,-0.2847,0.1741,0.79,57.5,206.99,1.43,0.0,0.917,1.36,1.98,-0.7,9.82,1.36,100.0,207.13,207.13,207.13,207.13,205.29,53.16,41.32,1.19,-1.12,0.38,27.24,11.32,1.98,-2.27,54.09,11,9,30,50.0,0.15,60.0,0.27,53.33,0.23,66.67,1.23,56.67,0.79,MIXED,62.84,POSITIVE,Trend + Momentum + Structure + VWAP,None material,0.38,1.61,210.74,213.33,206.99,LOW,54054896.0,NOT_AVAILABLE,NOT_AVAILABLE,,127,70
129,MONQ50,2026-08-31,148.04,Bullish,70.21,71.96,7,85,7/10,High,55.02,1.29,0.87,3.33,146.93,144.08,124.11,-0.3489,0.0658,2.15,94.17,148.21,-0.11,0.61,0.679,1.14,1.08,-2.22,5.32,1.13,96.69,146.37,146.37,146.37,147.84,146.37,53.82,41.32,0.99,-0.94,0.5,30.0,10.39,1.84,-2.08,82.9,14,8,100,51.0,-0.2,54.0,0.25,60.0,0.5,59.0,1.02,52.0,0.76,POSITIVE,62.73,POSITIVE,Trend + Momentum + Volume + Structure,None material,0.31,1.31,148.49,149.98,146.37,LOW,5940178.0,NOT_AVAILABLE,NOT_AVAILABLE,,129,83
130,STAR,2026-08-31,1025.0,Bullish,70.19,64.7,6,80,6/10,Medium,54.82,35.38,3.45,20.0,1000.69,1023.86,991.39,7.4132,1.7445,0.89,61.67,992.0,3.33,3.06,0.751,0.5,3.16,3.84,-0.34,0.89,48.43,1026.5,982.1,1019.9,1026.5,974.3,49.47,46.18,2.1,-1.9,0.04,9.87,8.55,2.0,-3.13,86.85,8,8,100,55.0,0.44,52.0,0.82,57.0,0.96,59.0,2.42,59.0,4.09,POSITIVE,69.12,POSITIVE,Trend + Momentum + VWAP + RSI,None material,1.21,5.18,1037.38,1078.06,982.1,HIGH,475867461.0,NOT_AVAILABLE,NOT_AVAILABLE,,130,247
131,SHILPAMED,2026-08-31,949.3,Bullish,70.18,69.16,6,80,6/10,Medium,86.58,34.03,3.58,9.17,815.96,713.97,559.33,7.202,2.3206,0.72,53.33,774.1,22.63,8.5,0.998,5.03,10.93,17.3,52.24,0.37,38.21,910.0,890.7,903.8,919.0,811.25,47.5,47.89,2.41,-1.99,0.16,13.42,8.42,2.11,-2.97,87.45,8,8,100,48.0,0.1,51.0,0.92,52.0,1.49,60.0,2.23,59.0,3.14,MIXED,69.08,POSITIVE,Trend + Momentum + Structure + VWAP,None material,1.25,5.38,961.21,1000.34,774.1,HIGH,2784182165.0,NOT_AVAILABLE,NOT_AVAILABLE,,131,132
132,CONFIPET,2026-08-31,81.37,Bullish,70.11,67.65,7,85,7/10,High,59.3,4.15,5.11,5.83,76.88,74.58,60.66,0.6408,0.1838,0.92,63.33,77.52,4.96,5.38,0.711,1.88,12.79,12.16,-2.86,-0.03,42.59,80.6,78.16,79.87,82.5,71.6,41.18,53.55,2.57,-1.91,0.37,16.84,6.58,2.15,-2.29,86.97,7,9,100,41.0,0.08,45.0,-0.16,51.0,0.04,60.0,2.11,58.0,4.19,MIXED,62.45,POSITIVE,Trend + Momentum + Structure + VWAP,None material,1.79,7.66,82.82,87.6,77.52,VERY_HIGH,291658090.0,NOT_AVAILABLE,NOT_AVAILABLE,,132,163
133,SOLARINDS,2026-08-31,20108.0,Bullish,70.06,73.39,5,75,5/10,Medium,59.62,520.97,2.59,4.17,19668.41,18897.72,16401.69,29.7335,-27.837,0.67,40.0,19909.95,0.99,2.16,0.803,-1.43,0.92,0.54,7.77,0.0,49.69,20672.0,20247.0,20400.0,20672.0,19612.0,50.39,45.26,1.86,-1.59,0.31,13.03,4.74,1.94,-2.44,88.04,8,7,100,50.0,0.01,46.0,0.16,58.0,1.15,64.0,3.22,72.0,5.28,POSITIVE,75.18,STRONG,Trend + Momentum + VWAP + RSI,None material,0.91,3.89,20290.34,20889.46,19909.95,MODERATE,2992321014.0,NOT_AVAILABLE,NOT_AVAILABLE,,133,61
134,CRISIL,2026-08-31,4821.8,Bullish,70.05,70.88,7,85,7/10,High,72.16,112.97,2.34,3.33,4536.63,4389.13,4372.18,19.8861,10.7239,2.26,94.17,4603.87,4.73,3.09,0.951,1.88,7.67,7.43,8.97,0.0,49.53,4795.5,4690.7,4732.7,4795.5,4437.0,45.66,50.0,1.55,-1.32,0.22,8.03,4.08,1.89,-1.8,86.89,10,9,71,52.11,0.45,60.56,0.23,54.93,0.48,52.11,1.98,56.34,1.67,MIXED,62.3,POSITIVE,Trend + Momentum + Volume + Structure,None material,0.82,3.51,4861.34,4991.26,4603.87,MODERATE,244601233.0,NOT_AVAILABLE,NOT_AVAILABLE,,134,100
135,MCX,2026-08-31,3400.0,Bullish,70.04,69.33,4,70,4/10,Low,72.79,97.59,2.87,0.83,3090.55,2959.83,3807.29,42.0593,-1.4372,0.95,59.17,2993.27,13.59,3.0,1.0,2.04,4.04,15.92,28.69,-0.48,45.83,3339.0,3245.0,3332.0,3362.0,3180.1,52.37,43.29,2.11,-2.03,0.11,9.47,6.97,2.11,-3.98,78.43,10,7,100,50.0,0.43,58.0,0.8,63.0,1.34,70.0,4.0,74.0,6.42,POSITIVE,81.55,STRONG,Trend + Structure + VWAP + Liquidity,None material,1.0,4.31,3434.16,3546.39,2993.27,MODERATE,8816082908.0,NOT_AVAILABLE,NOT_AVAILABLE,,135,127
136,MAHSEAMLES,2026-08-31,663.2,Bullish,70.03,68.92,8,90,8/10,High,75.35,17.85,2.69,25.0,623.66,611.29,604.58,5.2703,0.2922,1.63,86.67,629.57,5.34,2.8,0.945,0.23,4.48,6.62,15.6,0.5,50.03,667.85,642.95,661.7,667.85,632.0,46.84,48.55,1.71,-1.56,0.09,8.82,8.16,1.73,-2.1,86.2,11,6,56,46.43,0.43,46.43,0.53,46.43,0.63,48.21,1.29,48.21,3.41,MIXED,55.8,MIXED,Trend + Momentum + Volume + Structure,None material,0.94,4.04,669.45,689.97,629.57,MODERATE,151674363.0,NOT_AVAILABLE,NOT_AVAILABLE,,136,139
137,MON100,2026-08-31,332.2,Bullish,69.98,71.85,8,90,8/10,High,55.28,3.29,0.99,1.67,328.84,325.74,286.73,-0.3009,0.2912,1.29,80.0,331.09,0.33,0.0,0.775,1.56,1.29,-1.37,5.31,1.56,100.0,327.1,327.1,327.1,329.05,326.0,50.53,44.87,1.05,-0.87,0.81,40.39,6.32,2.05,-2.13,85.56,8,7,100,49.0,-0.02,50.0,-0.04,51.0,0.14,56.0,0.66,58.0,1.79,MIXED,55.65,MIXED,Trend + Momentum + Volume + Structure,None material,0.35,1.48,333.35,337.13,327.1,LOW,118343337.0,NOT_AVAILABLE,NOT_AVAILABLE,,137,86
138,KINGFA,2026-08-31,6050.5,Bullish,69.96,67.06,7,85,7/10,Medium,63.88,201.69,3.33,26.67,5772.11,5486.25,4837.96,-0.149,1.3925,0.38,13.33,5882.51,2.86,3.78,0.864,1.74,5.34,-0.61,16.68,-0.61,51.1,5975.0,5910.0,5947.0,6090.0,5710.0,44.34,51.05,2.26,-1.65,0.16,14.74,9.34,1.86,-2.19,92.39,9,8,16,37.5,0.92,25.0,-0.09,31.25,0.83,68.75,2.18,50.0,2.78,MIXED,62.04,POSITIVE,Trend + Momentum + Structure + VWAP,None material,1.17,5.0,6121.09,6353.04,5882.51,HIGH,146342349.0,NOT_AVAILABLE,NOT_AVAILABLE,,138,176
139,LTTS,2026-08-31,3608.4,Bullish,69.94,66.96,8,90,8/10,High,57.6,99.01,2.74,2.5,3548.85,3491.14,3647.68,-6.0429,3.4048,6.04,99.17,3576.51,0.89,5.17,0.598,1.11,0.66,2.26,1.22,0.03,62.01,3603.0,3544.6,3568.7,3667.9,3525.3,47.37,48.16,1.39,-1.4,0.18,10.79,6.71,1.63,-2.04,77.04,7,8,100,53.0,0.17,49.0,-0.07,53.0,0.2,58.0,0.22,55.0,0.11,MIXED,55.53,MIXED,Trend + Momentum + Volume + Structure,None material,0.96,4.12,3643.05,3756.91,3544.6,MODERATE,405852230.0,NOT_AVAILABLE,NOT_AVAILABLE,,139,179
140,BASILIC,2026-08-31,199.0,Bullish,69.92,59.34,9,95,9/10,High,54.73,10.23,5.14,33.33,191.62,197.77,240.76,0.5219,0.992,2.33,95.83,187.32,6.24,6.44,0.814,6.73,3.0,16.07,-1.46,4.0,77.18,186.6,183.35,186.45,198.4,177.0,44.55,49.81,2.9,-2.57,0.31,32.89,16.54,2.31,-3.01,82.18,9,7,100,48.0,0.81,39.0,0.45,42.0,0.1,45.0,0.8,46.0,1.08,MIXED,49.05,MIXED,Trend + Momentum + Volume + Structure,None material,1.8,7.71,202.58,214.34,183.35,VERY_HIGH,5824673.0,NOT_AVAILABLE,NOT_AVAILABLE,,140,421
141,MOTHERSON,2026-08-31,170.68,Bullish,69.9,71.56,7,85,7/10,High,67.65,4.01,2.35,2.5,164.49,156.03,137.36,-0.753,0.2313,0.99,60.83,165.32,3.25,4.19,0.896,3.07,0.99,1.56,10.11,-0.55,62.5,167.15,164.68,165.6,169.14,164.68,48.95,46.18,1.72,-1.6,0.18,13.03,7.63,2.04,-2.83,78.06,8,9,100,49.0,0.3,52.0,0.15,51.0,0.44,58.0,1.74,60.0,1.76,MIXED,61.87,POSITIVE,Trend + Momentum + Structure + VWAP,None material,0.82,3.52,172.08,176.69,164.68,MODERATE,3369305597.0,NOT_AVAILABLE,NOT_AVAILABLE,,141,89
142,APCOTEXIND,2026-08-31,646.3,Bullish,69.89,67.96,7,85,7/10,High,63.58,22.8,3.53,8.33,613.34,580.09,478.44,-1.0768,1.8455,2.46,90.83,621.99,3.91,5.43,0.861,3.37,4.44,6.75,4.65,0.58,43.45,629.0,610.0,625.25,630.0,608.0,44.08,51.32,1.73,-1.38,0.17,11.71,7.37,1.89,-1.76,89.47,6,8,100,50.0,0.47,56.0,1.06,54.0,1.22,52.0,1.21,51.0,1.15,MIXED,61.82,POSITIVE,Trend + Momentum + Volume + Structure,None material,1.23,5.29,654.28,680.5,610.0,HIGH,116136606.0,NOT_AVAILABLE,NOT_AVAILABLE,,142,153
143,KANORICHEM,2026-08-31,159.08,Bullish,69.8,67.01,5,75,5/10,Medium,62.35,7.97,5.01,29.17,153.88,142.45,108.43,-0.1795,0.0257,0.74,48.33,155.35,2.4,5.34,0.821,-0.11,2.85,5.14,11.27,0.46,,160.29,155.0,159.25,163.45,150.1,43.16,51.97,2.39,-1.86,0.07,16.97,14.87,1.94,-2.14,88.72,8,7,87,47.13,0.63,55.17,1.52,52.87,2.19,59.77,4.25,64.37,6.11,MIXED,74.42,STRONG,Trend + Momentum + Structure + VWAP,None material,1.75,7.51,161.87,171.03,155.0,VERY_HIGH,5455326.0,NOT_AVAILABLE,NOT_AVAILABLE,,143,178
144,BAJAJHLDNG,2026-08-31,11644.0,Bullish,69.78,69.36,8,90,8/10,High,61.23,249.68,2.14,12.5,11326.57,11051.53,10930.48,-14.7368,18.5445,1.23,75.83,11395.53,2.18,3.65,1.0,2.68,4.71,2.33,0.39,0.0,77.59,11429.0,11250.0,11340.0,11540.0,10811.0,47.37,47.89,1.52,-1.33,0.18,9.61,5.79,1.57,-1.92,84.92,8,9,100,42.0,0.02,47.0,0.09,51.0,0.55,45.0,1.07,51.0,1.64,MIXED,55.08,MIXED,Trend + Momentum + Volume + Structure,None material,0.75,3.22,11731.39,12018.52,11250.0,MODERATE,475301881.0,NOT_AVAILABLE,NOT_AVAILABLE,,144,125
145,JSWHL,2026-08-31,12027.0,Bullish,69.71,62.2,8,90,8/10,High,57.54,429.34,3.57,53.33,11623.73,11765.25,13907.42,33.5663,28.5174,2.75,96.67,11844.74,1.54,8.27,0.695,3.88,7.76,1.94,0.09,0.2,61.65,11800.0,11524.0,11578.0,12000.0,11057.0,45.26,50.26,2.34,-1.78,0.28,22.5,10.0,1.88,-2.46,88.52,7,8,100,41.0,0.05,44.0,0.0,46.0,0.43,49.0,1.23,51.0,1.96,MIXED,54.89,MIXED,Trend + Momentum + Volume + Structure,None material,1.25,5.35,12177.27,12671.01,11524.0,HIGH,45232092.0,NOT_AVAILABLE,NOT_AVAILABLE,,145,327
146,GLENMARK,2026-08-31,2480.0,Bullish,69.7,72.7,5,75,6/10,Medium,67.7,61.97,2.5,19.17,2357.57,2296.36,2159.05,19.4474,-1.1884,1.79,94.17,2350.48,5.51,3.2,0.829,-1.39,3.74,6.48,11.21,0.69,53.57,2537.6,2431.7,2515.0,2537.6,2295.3,50.92,44.34,1.48,-1.34,0.06,6.32,5.26,1.84,-2.35,86.81,8,5,100,45.0,-0.06,57.0,0.51,61.0,1.33,66.0,2.34,63.0,3.88,POSITIVE,74.13,STRONG,Trend + Momentum + Structure + VWAP,Delivery,0.87,3.75,2501.69,2572.95,2350.48,MODERATE,1197984293.0,NOT_AVAILABLE,NOT_AVAILABLE,,146,72
147,MEDANTA,2026-08-31,1479.7,Bullish,69.68,72.27,7,85,7/10,High,60.64,43.18,2.92,37.5,1432.87,1380.86,1260.41,2.9769,0.7091,0.84,49.17,1454.68,1.72,2.28,0.608,0.51,5.28,4.57,2.41,-0.49,54.11,1531.4,1462.1,1472.2,1544.0,1393.0,47.89,47.76,1.69,-1.44,0.19,12.11,6.05,1.73,-2.39,85.7,8,8,100,45.0,0.09,52.0,0.19,53.0,0.32,64.0,1.0,58.0,0.94,MIXED,61.23,POSITIVE,Trend + Momentum + VWAP + RSI,None material,1.02,4.38,1494.81,1544.47,1454.68,MODERATE,425151491.0,NOT_AVAILABLE,NOT_AVAILABLE,,147,79
148,DIVISLAB,2026-08-31,9467.0,Bullish,69.65,70.22,8,90,8/10,Medium,83.68,187.56,1.98,10.83,8613.12,7965.74,6949.58,40.8661,20.1935,1.54,83.33,8711.54,8.67,3.54,1.0,2.47,11.43,11.62,10.27,0.0,70.24,9270.0,9080.5,9239.0,9270.0,8457.5,50.0,45.26,1.21,-1.05,0.09,4.74,5.0,2.03,-1.75,78.54,9,7,13,46.15,-0.12,46.15,0.3,46.15,0.21,53.85,0.97,53.85,1.32,MIXED,54.72,MIXED,Trend + Momentum + Volume + Structure,None material,0.69,2.97,9532.65,9748.34,8711.54,LOW,3840521417.0,NOT_AVAILABLE,NOT_AVAILABLE,,148,108
149,ICICIBANK,2026-08-31,1454.0,Bullish,69.64,69.16,9,95,9/10,High,59.72,21.79,1.5,5.83,1426.89,1407.26,1363.22,1.3245,1.8576,1.6,96.67,1430.45,1.65,2.46,0.912,2.19,2.76,2.73,-0.41,0.0,78.23,1439.8,1418.9,1422.8,1453.8,1408.0,49.74,45.92,0.9,-0.85,-0.0,4.47,4.87,1.8,-1.58,71.73,9,9,100,46.0,-0.05,49.0,0.08,49.0,0.29,45.0,-0.2,46.0,-0.36,MIXED,48.26,MIXED,Trend + Momentum + Volume + Structure,None material,0.52,2.25,1461.63,1486.68,1418.9,LOW,13708870552.0,NOT_AVAILABLE,NOT_AVAILABLE,,149,132
150,RATNAMANI,2026-08-31,2649.7,Bullish,69.58,61.52,5,75,5/10,Medium,62.52,118.07,4.46,76.67,2491.49,2483.84,2486.13,42.9541,-3.467,0.61,43.33,2567.09,3.22,5.61,0.718,1.48,-1.75,12.58,11.72,0.19,44.8,2685.3,2588.0,2611.1,2843.9,2323.0,46.45,49.08,1.56,-1.43,0.09,6.45,8.16,1.89,-1.8,88.4,8,8,100,51.0,0.33,57.0,0.91,56.0,1.45,61.0,3.01,57.0,3.24,POSITIVE,73.79,STRONG,Trend + Momentum + VWAP + RSI,None material,1.56,6.68,2691.02,2826.8,2567.09,HIGH,429892221.0,NOT_AVAILABLE,NOT_AVAILABLE,,150,347
151,LUMAXIND,2026-08-31,6233.5,Bullish,69.57,69.82,7,85,7/10,High,67.85,216.74,3.48,27.5,5849.53,5628.17,5234.34,26.8609,7.399,1.03,71.67,5916.61,5.36,5.44,0.875,2.68,7.32,7.62,7.99,-0.66,43.21,6140.0,6025.0,6071.0,6204.0,5716.0,48.16,47.37,1.99,-1.69,0.12,10.39,9.08,2.08,-2.29,85.18,10,6,100,54.0,0.14,52.0,0.38,59.0,0.75,50.0,1.19,63.0,3.29,POSITIVE,60.91,POSITIVE,Trend + Momentum + Structure + VWAP,None material,1.22,5.22,6309.36,6558.61,5916.61,HIGH,130153912.0,NOT_AVAILABLE,NOT_AVAILABLE,,151,115
152,YESBANK,2026-08-31,22.83,Bullish,69.53,63.32,8,90,8/10,High,50.96,0.39,1.73,11.67,22.69,22.87,22.0,0.0046,0.0401,2.08,95.83,22.69,0.6,3.85,0.726,3.3,1.02,-0.39,-0.74,-0.14,66.19,22.36,22.01,22.1,22.86,22.01,44.21,48.55,1.7,-1.44,0.28,10.39,4.34,2.33,-1.99,76.64,7,6,100,39.0,-0.21,36.0,-0.01,45.0,0.74,47.0,1.05,48.0,0.22,MIXED,54.36,MIXED,Trend + Momentum + Volume + Structure,None material,0.61,2.59,22.97,23.42,22.01,LOW,1112262292.0,NOT_AVAILABLE,NOT_AVAILABLE,,152,288
153,MANKIND,2026-08-31,2419.2,Bullish,69.51,65.86,7,85,7/10,High,48.6,52.33,2.16,5.0,2417.4,2435.33,2359.6,3.2893,2.7752,1.14,79.17,2405.6,0.57,3.17,0.546,1.52,1.88,1.61,-2.57,1.04,70.77,2422.1,2370.0,2382.9,2423.9,2337.6,46.05,49.61,1.53,-1.3,0.25,13.82,5.53,1.7,-2.02,88.26,7,11,100,43.0,-0.03,54.0,0.36,56.0,0.38,54.0,1.43,55.0,1.61,POSITIVE,60.74,POSITIVE,Trend + Momentum + VWAP + MACD,None material,0.76,3.24,2437.52,2497.7,2370.0,MODERATE,828096053.0,NOT_AVAILABLE,NOT_AVAILABLE,,153,208
154,MTARTECH,2026-08-31,7043.5,Bullish,69.47,67.78,5,75,5/10,Medium,55.24,272.63,3.87,0.83,6884.13,6754.23,5295.34,6.3021,-4.8521,0.81,58.33,6979.69,0.91,3.92,0.68,0.66,3.4,-0.19,17.16,-0.67,,7100.0,6950.0,6997.0,7135.0,6730.5,46.71,48.95,2.33,-1.87,0.19,15.39,7.89,2.21,-3.38,76.03,7,9,80,42.5,0.32,45.0,1.03,51.25,1.76,58.75,5.75,58.75,7.99,MIXED,73.5,STRONG,Trend + Momentum + VWAP + RSI,None material,1.35,5.81,7138.92,7452.44,6950.0,HIGH,880587679.0,NOT_AVAILABLE,NOT_AVAILABLE,,154,159
155,SANGAMIND,2026-08-31,600.2,Bullish,69.45,71.15,4,70,5/10,Medium,55.96,20.62,3.44,5.0,587.91,579.28,514.68,0.5265,1.442,0.52,45.83,588.36,2.01,2.8,0.555,-0.49,6.87,1.31,-1.53,-0.03,54.24,609.5,575.95,603.15,609.5,550.5,41.97,53.42,2.47,-1.71,0.1,16.05,12.24,1.79,-2.19,87.29,5,7,10,10.0,-1.24,60.0,0.66,70.0,1.05,60.0,3.79,70.0,2.28,STRONG,79.86,STRONG,Trend + Momentum + VWAP + RSI,Delivery,1.2,5.15,607.42,631.14,575.95,HIGH,17410371.0,NOT_AVAILABLE,NOT_AVAILABLE,,155,97
156,SBILIQETF,2026-08-31,1054.05,Neutral-Range,69.39,85.67,3,65,3/10,Low,100.0,0.31,0.03,0.83,1052.16,1049.21,1035.91,-0.001,0.003,0.38,35.83,1052.69,0.13,0.0,0.997,0.01,0.09,0.18,0.37,0.01,86.4,1053.92,1053.9,1053.9,1053.92,1053.07,94.38,0.75,0.02,-0.03,0.04,0.75,0.75,3.74,-2.25,98.99,42,1,9,100.0,0.02,100.0,0.07,100.0,0.09,100.0,0.19,100.0,0.28,STRONG,86.12,STRONG,Trend + Structure + Delivery,None material,-0.03,0.03,1053.74,1054.36,1053.9,LOW,75497126.0,NOT_AVAILABLE,NOT_AVAILABLE,,156,13
157,PENIND,2026-08-31,166.13,Bullish,69.39,63.93,8,90,8/10,High,56.96,5.85,3.52,20.0,160.77,162.05,171.92,0.9424,0.3889,1.3,83.33,159.85,3.93,4.28,0.853,2.37,3.19,9.69,-1.77,-0.17,50.19,163.9,159.0,162.28,164.9,155.65,46.18,49.47,2.56,-2.17,0.22,15.26,8.68,2.23,-2.8,80.28,7,9,100,43.0,0.1,45.0,-0.14,52.0,0.09,54.0,0.38,54.0,1.45,MIXED,53.98,MIXED,Trend + Momentum + Volume + Structure,None material,1.23,5.28,168.18,174.9,159.0,HIGH,75221062.0,NOT_AVAILABLE,NOT_AVAILABLE,,156,272
158,IPCALAB,2026-08-31,1974.9,Bullish,69.38,72.45,7,85,7/10,Medium,69.24,59.94,3.03,19.17,1873.51,1792.99,1614.06,12.1697,-0.8232,0.49,25.0,1864.61,5.91,2.25,0.946,1.26,2.84,4.79,14.45,0.61,66.23,1977.3,1929.8,1950.3,1992.0,1898.0,47.11,48.55,1.54,-1.25,0.07,5.39,7.5,1.59,-2.03,91.09,7,11,13,46.15,-0.14,46.15,-0.85,61.54,-0.3,69.23,0.2,61.54,-1.27,MIXED,60.37,POSITIVE,Trend + Momentum + Structure + VWAP,None material,1.06,4.55,1995.88,2064.81,1864.61,HIGH,1348286749.0,NOT_AVAILABLE,NOT_AVAILABLE,,158,75
159,DOMS,2026-08-31,2232.5,Bullish,69.37,66.22,6,80,6/10,Medium,50.3,44.9,2.01,5.0,2224.99,2244.88,2322.85,1.5093,2.2921,3.6,95.83,2238.25,-0.26,4.18,0.527,1.53,1.4,0.65,-2.6,0.05,51.72,2214.4,2186.1,2198.9,2235.0,2182.0,47.47,48.48,1.76,-1.52,0.15,13.28,8.08,1.85,-2.18,87.09,8,7,100,46.0,-0.09,54.0,0.68,55.0,1.01,59.0,1.96,60.0,2.48,POSITIVE,66.78,POSITIVE,Momentum + Volume + Structure + MACD,None material,0.7,3.02,2248.21,2299.85,2186.1,MODERATE,114905580.0,NOT_AVAILABLE,NOT_AVAILABLE,,159,199
160,JGCHEM,2026-08-31,633.3,Bullish,69.35,65.62,5,75,5/10,Medium,61.98,35.01,5.53,98.33,591.67,534.59,441.45,-2.9402,0.7415,0.42,17.5,619.38,2.25,5.34,0.766,-2.76,4.14,5.41,24.57,0.0,34.45,675.0,586.45,651.3,675.0,575.35,46.6,49.45,2.71,-2.05,0.28,17.38,8.85,2.09,-2.44,88.06,6,8,100,50.0,0.43,52.0,1.63,56.0,2.2,53.0,3.96,59.0,5.59,POSITIVE,73.15,STRONG,Trend + Momentum + VWAP + RSI,None material,1.93,8.29,645.55,685.82,586.45,VERY_HIGH,816961324.0,NOT_AVAILABLE,NOT_AVAILABLE,,160,213
161,INDHOTEL,2026-08-31,737.9,Bullish,69.32,69.7,8,90,8/10,High,56.08,14.47,1.96,11.67,726.43,720.16,700.22,-0.6478,1.5479,3.29,99.17,728.82,1.25,5.15,0.708,4.46,1.23,2.49,-1.88,-0.62,66.8,716.9,703.55,706.4,737.0,703.55,50.39,44.74,1.38,-1.35,0.13,6.84,5.39,1.96,-1.96,80.03,9,7,100,52.0,0.07,51.0,0.22,53.0,0.34,51.0,0.25,47.0,0.58,MIXED,53.76,MIXED,Trend + Momentum + Volume + Structure,None material,0.69,2.94,742.96,759.6,703.55,LOW,1156292851.0,NOT_AVAILABLE,NOT_AVAILABLE,,161,120
162,ASKAUTOLTD,2026-08-31,659.9,Bullish,69.18,62.1,7,85,7/10,Medium,65.24,25.6,3.88,75.83,614.94,563.37,490.91,-5.5467,2.7243,0.52,40.83,648.32,1.79,5.5,0.806,4.23,7.23,1.65,15.84,0.3,56.37,635.95,604.25,633.1,635.95,598.85,48.47,47.21,1.87,-1.64,0.21,16.57,9.47,1.85,-2.16,84.15,9,6,13,46.15,1.05,53.85,2.09,46.15,2.79,30.77,1.68,38.46,0.34,MIXED,59.8,POSITIVE,Trend + Momentum + Structure + VWAP,None material,1.36,5.82,668.86,698.31,604.25,HIGH,1166866881.0,NOT_AVAILABLE,NOT_AVAILABLE,,162,330
163,PCCL,2026-08-31,402.0,Bullish,69.17,71.71,6,80,7/10,High,90.58,15.36,3.82,47.5,337.56,304.38,258.81,6.6643,0.7513,2.33,90.83,343.8,16.93,8.93,0.884,2.58,15.17,30.33,34.31,-1.76,76.87,393.0,361.1,391.9,393.0,343.0,47.51,46.41,2.19,-2.06,-0.3,20.44,30.39,2.6,-2.7,78.72,9,8,60,53.33,0.31,55.0,-0.25,60.0,0.29,66.67,1.43,66.67,4.64,POSITIVE,66.21,POSITIVE,Trend + Momentum + Volume + Structure,Gap,1.34,5.73,407.38,425.05,343.8,HIGH,8663840.0,NOT_AVAILABLE,NOT_AVAILABLE,,163,87
164,MARINE,2026-08-31,400.85,Bullish,69.11,66.32,5,75,6/10,Medium,74.65,18.85,4.7,15.83,359.22,316.78,250.65,0.7262,0.1129,1.31,73.33,354.05,13.22,6.48,0.911,-1.46,4.69,9.19,39.3,-0.07,35.93,412.15,376.25,406.8,412.15,363.95,45.79,49.34,3.13,-2.3,0.63,37.11,12.11,2.44,-2.77,83.93,9,9,100,51.0,0.97,48.0,2.07,55.0,3.43,52.0,5.85,67.0,9.7,POSITIVE,72.45,STRONG,Trend + Momentum + Structure + VWAP,Volume,1.65,7.05,407.45,429.12,354.05,HIGH,499601628.0,NOT_AVAILABLE,NOT_AVAILABLE,,164,197
165,ANANDRATHI,2026-08-31,2204.2,Bullish,69.06,67.18,4,70,5/10,Medium,60.86,45.34,2.06,3.33,2160.35,2208.03,2637.04,4.1446,-0.3729,1.79,85.83,2155.1,2.28,2.56,0.823,-0.42,1.67,1.3,7.07,0.29,57.23,2242.0,2182.0,2213.4,2242.0,2151.3,51.71,43.95,1.51,-1.49,0.06,12.76,8.03,1.85,-3.52,88.09,7,7,100,57.0,0.6,67.0,1.44,61.0,2.1,64.0,3.91,69.0,5.96,POSITIVE,78.75,STRONG,Momentum + Structure + VWAP + RSI,Delivery,0.72,3.09,2220.07,2272.22,2155.1,MODERATE,506895525.0,NOT_AVAILABLE,NOT_AVAILABLE,,165,171
166,TEJASNET,2026-08-31,559.75,Bullish,69.01,61.78,7,85,7/10,High,63.28,20.58,3.68,9.17,524.95,527.97,520.72,4.7412,2.3323,1.94,95.0,543.73,2.95,5.03,0.778,1.74,9.91,7.06,7.73,0.0,20.58,576.85,538.0,550.15,576.85,499.7,42.11,53.55,2.47,-1.95,0.29,13.82,7.63,2.45,-3.0,76.3,6,9,100,45.0,0.67,46.0,-0.01,45.0,0.49,56.0,1.75,50.0,3.54,MIXED,59.31,POSITIVE,Trend + Momentum + Volume + VWAP,None material,1.29,5.52,566.95,590.62,538.0,HIGH,1878606533.0,NOT_AVAILABLE,NOT_AVAILABLE,,166,336
167,LICHSGFIN,2026-08-31,538.4,Bullish,68.97,63.2,9,95,9/10,High,61.1,11.95,2.22,19.17,517.53,525.79,539.32,5.8895,0.6143,1.24,68.33,513.76,4.8,2.24,0.914,0.64,9.56,8.06,3.74,0.11,59.88,543.0,531.75,535.0,543.4,485.45,49.87,45.53,1.32,-1.36,0.16,5.66,4.61,1.7,-2.07,72.96,8,7,100,51.0,0.06,47.0,-0.01,47.0,-0.23,47.0,-0.16,41.0,-0.17,MIXED,46.34,MIXED,Trend + Momentum + Volume + Structure,None material,0.78,3.33,542.58,556.32,513.76,MODERATE,1393789353.0,NOT_AVAILABLE,NOT_AVAILABLE,,167,291
168,GABRIEL,2026-08-31,1437.9,Bullish,68.96,65.59,5,75,6/10,Medium,54.4,58.94,4.1,55.83,1410.48,1356.81,1145.43,-13.5507,7.0565,2.62,91.67,1457.4,-1.34,9.11,0.429,5.14,5.81,-0.32,-5.86,0.53,44.28,1375.0,1316.1,1367.6,1418.4,1316.1,45.79,49.47,2.55,-1.86,0.2,13.29,10.26,2.18,-2.25,81.21,7,7,100,50.0,0.26,59.0,1.06,55.0,1.95,51.0,3.03,63.0,4.4,POSITIVE,72.02,STRONG,Trend + Momentum + Volume + Structure,VWAP,1.43,6.15,1458.53,1526.32,1316.1,HIGH,497904617.0,NOT_AVAILABLE,NOT_AVAILABLE,,168,215
169,OLIL,2026-08-31,420.0,Bullish,68.94,68.39,4,70,6/10,Medium,59.56,20.21,4.81,85.0,400.73,371.18,301.25,-3.6237,1.0853,1.16,65.0,428.56,-2.0,4.1,0.52,1.2,4.3,1.2,0.26,-1.2,98.63,417.0,391.4,415.0,417.0,382.05,48.64,44.26,3.19,-2.55,0.1,29.02,26.3,3.43,-3.51,62.99,7,6,100,55.0,0.97,53.0,2.69,56.0,3.59,68.0,6.65,72.0,9.06,POSITIVE,78.4,STRONG,Trend + Momentum + Volume + Structure,"VWAP, Gap",1.68,7.22,427.07,450.32,391.4,HIGH,10799590.0,NOT_AVAILABLE,NOT_AVAILABLE,,169,143
170,RPEL,2026-08-31,1771.2,Bullish,68.92,67.86,4,70,4/10,Low,75.95,75.51,4.26,45.83,1550.35,1374.3,1038.93,25.9092,-2.5917,1.12,70.0,1549.93,14.28,4.72,0.933,1.3,6.54,23.85,42.2,0.0,34.21,1798.0,1719.4,1748.4,1798.0,1571.0,49.91,46.68,2.51,-2.25,0.16,20.11,11.57,2.03,-2.51,89.01,7,6,63,47.62,0.2,52.38,0.96,57.14,1.59,66.67,4.42,68.25,6.46,POSITIVE,78.33,STRONG,Trend + Structure + VWAP + Liquidity,None material,1.49,6.39,1797.63,1884.46,1549.93,HIGH,169358560.0,NOT_AVAILABLE,NOT_AVAILABLE,,170,155
171,PETRONET,2026-08-31,300.6,Bullish,68.86,69.33,9,95,9/10,High,68.43,6.1,2.03,2.5,287.81,282.89,281.3,1.0608,0.3996,1.43,87.5,287.26,4.64,3.97,1.0,2.95,1.57,6.67,5.53,0.0,72.83,292.85,290.05,292.0,296.8,289.0,48.29,47.11,1.38,-1.32,0.11,6.45,6.32,1.81,-1.99,76.19,8,9,89,46.07,-0.29,38.2,-0.45,43.82,-0.22,46.07,0.11,53.93,0.66,NEGATIVE,46.02,MIXED,Trend + Momentum + Volume + Structure,None material,0.71,3.05,302.74,309.75,287.26,MODERATE,576726096.0,NOT_AVAILABLE,NOT_AVAILABLE,,171,127
172,ABB,2026-08-31,7638.5,Bullish,68.86,69.25,7,85,7/10,High,56.66,183.73,2.41,4.17,7534.16,7375.79,6655.69,-17.3497,8.8468,1.17,82.5,7620.25,0.24,4.43,0.565,1.72,1.79,-0.28,0.49,-0.28,54.61,7529.0,7440.0,7509.0,7699.0,7429.5,51.97,43.42,1.46,-1.52,0.17,5.39,5.66,1.96,-2.12,80.75,9,6,100,46.0,0.02,51.0,0.13,52.0,0.4,55.0,1.21,48.0,1.21,MIXED,58.89,POSITIVE,Trend + Momentum + Volume + Structure,None material,0.84,3.61,7702.81,7914.1,7440.0,MODERATE,1483759710.0,NOT_AVAILABLE,NOT_AVAILABLE,,171,130
173,PARADEEP,2026-08-31,160.04,Bullish,68.82,69.41,4,70,5/10,Medium,61.18,5.49,3.43,30.0,152.99,145.82,139.65,1.1654,-0.2758,0.86,66.67,156.59,2.2,3.88,0.672,-3.52,7.12,9.12,10.43,-0.08,43.58,168.0,161.35,165.88,168.0,146.11,46.84,48.42,2.37,-1.99,0.25,11.71,6.71,2.09,-2.29,84.3,8,10,100,53.0,0.31,60.0,1.05,60.0,1.75,63.0,3.64,66.0,3.93,POSITIVE,78.05,STRONG,Trend + Momentum + VWAP + RSI,Structure,1.2,5.14,161.96,168.27,156.59,HIGH,998851673.0,NOT_AVAILABLE,NOT_AVAILABLE,,173,123
174,IITL,2026-08-31,157.7,Bullish,68.82,62.54,4,70,4/10,Low,61.34,8.06,5.11,7.5,149.97,144.37,152.57,0.6444,-0.1652,0.79,13.33,148.59,6.13,4.61,0.745,0.75,1.87,4.89,2.93,-0.02,10.4,164.46,152.73,156.53,164.46,145.1,46.58,47.37,2.46,-2.2,0.43,35.13,21.84,2.89,-2.78,82.46,13,11,100,47.0,0.22,53.0,1.63,60.0,3.42,63.0,5.8,67.0,6.94,POSITIVE,78.05,STRONG,Trend + Momentum + VWAP + RSI,None material,1.79,7.66,160.52,169.78,148.59,VERY_HIGH,19496915.0,NOT_AVAILABLE,NOT_AVAILABLE,,173,315
175,A2ZINFRA,2026-08-31,16.75,Bullish,68.81,58.76,7,85,7/10,High,63.91,0.85,5.05,31.67,15.6,15.04,15.49,0.0957,0.0201,0.45,18.33,16.06,4.33,3.55,0.692,0.72,4.23,15.6,-2.05,2.22,83.29,17.12,16.18,16.63,17.12,15.2,43.55,50.26,2.98,-2.35,0.46,38.03,24.47,2.76,-2.34,69.51,11,9,100,49.0,0.43,51.0,0.67,47.0,0.78,47.0,1.93,50.0,4.34,MIXED,58.74,POSITIVE,Trend + Momentum + VWAP + RSI,None material,1.77,7.57,17.05,18.02,16.06,VERY_HIGH,8747383.0,NOT_AVAILABLE,NOT_AVAILABLE,,175,443
176,TVSSRICHAK,2026-08-31,5519.6,Bullish,68.78,65.87,6,80,6/10,Medium,79.61,225.01,4.08,64.17,4744.82,4388.31,4012.05,96.1684,4.8589,0.9,70.83,4740.26,16.44,6.52,0.962,4.29,12.46,13.36,38.41,0.0,18.83,5314.8,5155.3,5292.3,5359.3,4668.1,45.26,50.0,1.85,-1.46,0.13,10.39,7.24,1.69,-2.05,86.91,8,7,76,50.0,0.17,52.63,0.68,55.26,0.85,57.89,1.77,52.63,1.26,POSITIVE,65.08,POSITIVE,Trend + Momentum + Structure + VWAP,None material,1.43,6.11,5598.35,5857.11,4740.26,HIGH,429101278.0,NOT_AVAILABLE,NOT_AVAILABLE,,176,207
177,JAIBALAJI,2026-08-31,72.16,Bullish,68.78,58.85,9,95,9/10,High,62.95,3.32,4.6,33.33,67.12,66.73,86.2,0.5393,0.1845,4.09,99.17,68.49,5.37,5.69,0.9,4.23,10.13,3.14,19.1,3.13,70.93,70.81,68.45,69.23,71.9,63.5,42.89,52.5,2.64,-2.28,0.24,25.66,12.5,2.3,-3.26,85.29,8,10,100,49.0,0.64,49.0,0.66,46.0,0.3,46.0,-0.65,41.0,-0.05,MIXED,45.8,MIXED,Trend + Momentum + Volume + Structure,None material,1.61,6.89,73.32,77.13,68.45,HIGH,68424850.0,NOT_AVAILABLE,NOT_AVAILABLE,,176,439
178,IIFLCAPS,2026-08-31,336.95,Bullish,68.75,63.02,8,90,8/10,High,53.69,3.57,1.06,8.33,335.3,335.62,326.24,0.2621,0.1761,1.98,95.0,334.79,0.64,1.28,0.664,1.13,0.96,0.72,0.09,0.15,72.81,335.35,333.1,333.2,339.2,333.1,45.72,50.45,2.3,-2.0,0.01,11.49,10.36,2.26,-2.86,83.97,7,8,87,41.38,-0.12,41.38,0.21,41.38,0.17,45.98,1.47,52.87,2.43,MIXED,52.14,MIXED,Trend + Momentum + Volume + Structure,None material,0.37,1.59,338.2,342.3,333.1,LOW,72363708.0,NOT_AVAILABLE,NOT_AVAILABLE,,178,298
179,NYKAA,2026-08-31,349.55,Bullish,68.67,70.07,9,95,9/10,Medium,66.35,7.8,2.23,5.0,333.02,321.48,281.71,0.9206,0.817,1.26,81.67,333.49,4.82,4.83,1.0,4.14,5.83,6.88,1.35,-0.37,65.4,339.95,334.5,335.65,340.35,328.0,47.63,47.63,1.58,-1.31,0.17,11.18,6.18,1.77,-1.9,82.22,7,8,8,62.5,-0.26,25.0,-1.51,62.5,-0.35,37.5,-0.78,50.0,-0.66,MIXED,45.48,MIXED,Trend + Momentum + Volume + Structure,None material,0.78,3.35,352.28,361.24,333.49,MODERATE,2100018793.0,NOT_AVAILABLE,NOT_AVAILABLE,,179,111
180,CEIGALL,2026-08-31,341.35,Bullish,68.67,60.55,8,90,8/10,High,57.94,12.74,3.73,20.0,330.35,337.18,318.1,4.1873,0.1981,0.64,38.33,324.5,5.19,1.88,0.836,0.1,5.96,8.04,-0.99,0.0,65.53,344.65,335.6,341.0,346.0,315.35,43.83,52.56,1.72,-1.44,0.27,20.49,10.44,1.84,-1.85,87.72,6,8,100,45.0,0.21,52.0,0.27,49.0,0.4,47.0,0.43,41.0,-0.63,MIXED,51.92,MIXED,Trend + Momentum + Structure + VWAP,None material,1.31,5.6,345.81,360.46,324.5,HIGH,169538209.0,NOT_AVAILABLE,NOT_AVAILABLE,,179,378
181,AAREYDRUGS,2026-08-31,88.21,Bullish,68.61,64.62,6,80,7/10,High,60.93,3.91,4.43,34.17,82.77,82.01,77.63,0.6444,0.2388,0.61,43.33,83.29,5.91,4.86,0.83,-0.9,12.94,3.07,8.19,1.11,65.65,89.01,86.1,89.01,89.01,74.6,45.92,49.08,2.59,-2.16,0.33,34.87,25.92,2.69,-2.3,81.33,11,10,100,55.0,0.6,54.0,1.06,49.0,1.33,55.0,1.97,53.0,2.99,MIXED,64.6,POSITIVE,Trend + Momentum + Structure + VWAP,Delivery,1.55,6.64,89.58,94.07,83.29,HIGH,13928095.0,NOT_AVAILABLE,NOT_AVAILABLE,,181,250
182,BRIGADE,2026-08-31,655.85,Bullish,68.56,60.67,6,80,6/10,Medium,66.93,21.35,3.26,11.67,618.74,604.01,705.84,4.461,-0.6674,0.6,43.33,621.33,5.56,4.16,0.858,2.12,0.27,10.47,12.37,-0.35,37.93,657.75,640.4,642.25,671.0,629.05,47.63,48.03,1.86,-1.76,0.24,14.74,7.63,2.04,-2.43,86.23,8,9,22,54.55,0.59,68.18,1.6,68.18,1.85,45.45,0.57,36.36,-1.47,STRONG,64.45,POSITIVE,Trend + Momentum + Structure + VWAP,None material,1.14,4.88,663.32,687.88,621.33,HIGH,357476656.0,NOT_AVAILABLE,NOT_AVAILABLE,,182,369
183,ARVINDFASN,2026-08-31,452.5,Bullish,68.53,65.2,5,75,5/10,Medium,52.02,13.23,2.92,5.0,447.92,453.55,462.16,1.7616,0.4475,0.66,42.5,445.64,1.54,3.33,0.644,0.41,2.16,1.88,0.75,0.0,61.21,454.5,442.35,450.65,455.75,434.95,45.79,49.61,1.89,-1.61,0.18,12.11,7.11,2.03,-2.31,86.92,9,8,8,50.0,1.27,75.0,2.19,75.0,2.01,50.0,1.0,50.0,0.76,STRONG,70.79,STRONG,Momentum + VWAP + RSI + MACD,None material,1.02,4.39,457.13,472.34,442.35,MODERATE,99281436.0,NOT_AVAILABLE,NOT_AVAILABLE,,183,224
184,KCP,2026-08-31,166.91,Bullish,68.45,61.05,4,70,4/10,Low,54.29,7.14,4.28,61.67,164.01,163.51,169.64,1.6327,-0.4824,0.48,25.0,164.65,1.37,4.55,0.57,-1.06,-5.5,7.49,9.11,-0.65,47.99,173.94,166.35,168.69,180.4,164.0,46.71,48.95,2.03,-1.77,0.21,14.08,8.29,1.85,-2.09,88.29,9,7,25,44.0,0.02,48.0,0.23,56.0,1.89,64.0,4.74,60.0,4.0,POSITIVE,77.0,STRONG,Trend + Momentum + VWAP + RSI,None material,1.5,6.42,169.41,177.62,164.65,HIGH,46788634.0,NOT_AVAILABLE,NOT_AVAILABLE,,184,360
185,UNIONBANK,2026-08-31,188.63,Bullish,68.42,70.79,7,85,7/10,High,62.69,4.65,2.47,10.0,183.43,178.2,169.06,-0.2433,0.1199,0.86,53.33,184.56,2.21,3.67,0.814,1.41,2.74,-0.14,8.41,-0.71,60.57,186.31,184.09,186.0,192.33,181.4,49.47,45.79,1.75,-1.65,0.2,13.16,6.97,1.78,-2.38,65.71,6,7,100,50.0,-0.04,53.0,0.38,54.0,0.51,55.0,0.61,59.0,1.31,MIXED,57.63,POSITIVE,Trend + Momentum + Structure + VWAP,None material,0.86,3.7,190.26,195.61,184.09,MODERATE,2099696666.0,NOT_AVAILABLE,NOT_AVAILABLE,,185,103
186,SBCL,2026-08-31,1070.0,Bullish,68.38,69.23,6,80,6/10,Medium,70.45,51.07,4.77,31.67,981.46,874.12,666.0,-1.8768,0.2503,0.38,25.83,1025.86,4.3,7.52,0.898,1.98,6.84,4.43,40.15,1.66,40.84,1087.95,1036.1,1049.2,1087.95,990.35,46.71,48.95,2.16,-1.8,0.21,14.87,8.82,1.99,-2.03,87.23,8,8,13,46.15,0.57,53.85,0.37,46.15,1.03,69.23,1.11,76.92,6.25,MIXED,63.94,POSITIVE,Trend + Momentum + Structure + VWAP,None material,1.67,7.16,1087.88,1146.61,1025.86,HIGH,1254814277.0,NOT_AVAILABLE,NOT_AVAILABLE,,186,131
187,JAGSNPHARM,2026-08-31,240.84,Bullish,68.31,68.11,5,75,5/10,Medium,58.69,8.84,3.67,35.83,235.17,229.07,217.87,0.5308,-0.0009,2.22,93.33,235.59,2.23,5.04,0.714,0.74,0.03,3.13,2.32,0.35,45.44,242.86,236.17,239.06,248.0,235.1,45.66,49.74,2.32,-2.11,0.22,20.0,8.68,1.98,-2.87,85.2,6,7,100,46.0,0.38,54.0,0.72,58.0,1.0,56.0,2.82,61.0,4.61,POSITIVE,70.18,STRONG,Trend + Momentum + Volume + VWAP,None material,1.28,5.5,243.93,254.09,235.59,HIGH,25020707.0,NOT_AVAILABLE,NOT_AVAILABLE,,187,150
188,TCS,2026-08-31,2399.3,Bullish,68.27,64.53,7,85,7/10,High,58.65,61.44,2.56,20.0,2322.5,2301.4,2547.37,-4.3824,8.3613,1.06,71.67,2356.26,1.83,3.98,0.679,2.45,5.04,3.72,-3.01,0.0,69.77,2348.5,2263.3,2342.0,2348.5,2243.9,44.34,51.32,1.08,-1.02,0.03,7.5,5.92,1.58,-1.84,67.43,8,10,100,47.0,0.08,54.0,0.26,55.0,0.46,54.0,0.55,50.0,0.61,POSITIVE,57.19,POSITIVE,Trend + Momentum + Structure + VWAP,None material,0.9,3.84,2420.8,2491.46,2263.3,MODERATE,6448129412.0,NOT_AVAILABLE,NOT_AVAILABLE,,188,254
189,MONOLITH,2026-08-31,1177.6,Neutral-Range,68.24,72.39,2,60,3/10,Low,75.42,54.19,4.6,38.33,1022.83,889.87,641.62,17.1338,-1.7878,0.79,42.5,1012.08,16.35,5.79,0.846,-3.95,11.21,16.88,32.66,-0.82,77.49,1238.5,1169.9,1226.0,1238.5,1006.9,47.88,46.19,3.17,-1.96,0.36,28.81,13.14,2.45,-2.91,83.18,7,6,40,55.0,0.56,70.0,1.62,72.5,3.48,82.5,8.23,85.0,14.05,STRONG,89.25,STRONG,Trend + Structure + VWAP,Delivery,-4.6,4.6,1123.41,1231.79,1226.0,HIGH,61218240.0,NOT_AVAILABLE,NOT_AVAILABLE,,189,76
190,SGFIN,2026-08-31,688.65,Neutral-Range,68.21,72.86,3,65,5/10,Medium,54.94,26.14,3.8,2.5,680.91,656.99,543.56,-0.5499,-0.1086,1.12,75.83,682.14,0.95,3.71,0.557,0.6,-0.1,4.3,-1.99,-0.23,51.88,690.8,682.05,684.55,715.0,682.05,43.48,51.81,2.31,-1.49,0.33,20.29,7.25,1.85,-1.93,93.4,6,7,44,45.45,0.44,65.91,1.8,65.91,2.82,70.45,4.32,86.36,5.69,STRONG,82.73,STRONG,Trend + VWAP + RSI + Delivery,"Momentum, MACD",-3.8,3.8,662.51,714.79,684.55,HIGH,170362333.0,NOT_AVAILABLE,NOT_AVAILABLE,,190,66
191,BLUSPRING,2026-08-31,126.4,Bullish,68.19,67.65,4,70,5/10,Medium,57.47,7.55,5.97,30.83,121.32,112.44,88.59,0.7569,-0.3548,0.39,28.33,123.42,2.42,4.84,0.651,-0.81,-4.97,15.96,10.12,1.55,48.67,135.0,127.0,127.43,136.67,122.51,43.81,51.11,3.06,-2.26,0.27,25.08,12.38,2.11,-2.58,88.29,7,9,56,48.21,0.88,64.29,3.21,50.0,3.35,67.86,6.07,75.0,9.16,MIXED,76.25,STRONG,Trend + Momentum + VWAP + RSI,Structure,2.09,8.96,129.04,137.72,123.42,VERY_HIGH,75677261.0,NOT_AVAILABLE,NOT_AVAILABLE,,191,163
192,SOLARA,2026-08-31,632.65,Bullish,68.18,67.09,6,80,6/10,Medium,68.23,26.86,4.25,27.5,580.1,559.11,543.8,9.5934,-0.9229,0.39,23.33,617.27,2.49,4.35,0.861,1.43,0.56,24.27,22.64,0.37,37.31,634.4,610.3,623.7,653.9,601.2,45.26,50.13,2.46,-1.98,0.25,18.16,7.89,1.92,-2.64,89.18,9,10,13,46.15,0.54,53.85,0.62,69.23,2.52,53.85,-1.2,53.85,1.68,STRONG,63.36,POSITIVE,Trend + Momentum + Structure + VWAP,None material,1.49,6.37,642.05,672.94,610.3,HIGH,354637584.0,NOT_AVAILABLE,NOT_AVAILABLE,,192,173
193,LUMAXTECH,2026-08-31,2078.5,Bullish,68.13,64.43,5,75,5/10,Medium,70.18,74.75,3.6,10.0,1904.14,1766.4,1567.73,-6.8308,5.6421,0.92,67.5,2020.82,2.85,6.57,0.939,4.68,5.81,1.44,27.85,0.0,39.05,2000.0,1928.1,1985.5,2007.4,1900.0,48.55,47.11,2.4,-1.9,0.26,17.63,9.34,2.0,-2.26,84.48,10,8,100,46.0,0.1,52.0,1.13,50.0,2.38,49.0,3.98,49.0,6.62,MIXED,69.65,POSITIVE,Trend + Momentum + Structure + VWAP,None material,1.26,5.39,2104.66,2190.62,1928.1,HIGH,999151450.0,NOT_AVAILABLE,NOT_AVAILABLE,,193,257
194,AYMSYNTEX,2026-08-31,280.45,Bullish,68.11,64.14,6,80,6/10,Medium,66.82,15.37,5.48,25.83,256.95,246.87,218.24,-0.1118,1.7684,12.28,100.0,271.85,3.17,17.92,0.744,10.24,12.83,3.14,11.47,-0.49,34.33,256.55,241.55,254.4,260.0,241.55,45.92,49.47,2.68,-2.02,0.51,35.66,15.79,2.4,-2.41,85.96,17,8,100,48.0,0.36,50.0,0.77,52.0,0.78,52.0,2.16,51.0,3.02,MIXED,63.16,POSITIVE,Trend + Momentum + Volume + Structure,None material,1.92,8.22,285.83,303.5,241.55,VERY_HIGH,33462022.0,NOT_AVAILABLE,NOT_AVAILABLE,,194,265
195,COCHINSHIP,2026-08-31,1510.0,Bullish,68.08,63.56,4,70,5/10,Medium,55.44,34.94,2.31,7.5,1495.41,1476.74,1522.7,2.7928,-2.4291,0.46,13.33,1499.2,0.72,2.48,0.582,-1.63,-0.26,3.58,4.72,-0.52,33.28,1543.9,1528.0,1535.0,1577.9,1480.5,45.53,50.0,2.5,-2.07,0.24,15.13,6.32,2.19,-3.85,73.52,7,7,100,49.0,0.17,49.0,1.03,55.0,1.64,62.0,3.38,53.0,3.28,POSITIVE,75.95,STRONG,Trend + Momentum + VWAP + RSI,Structure,0.81,3.47,1522.23,1562.4,1499.2,MODERATE,1634736972.0,NOT_AVAILABLE,NOT_AVAILABLE,,195,282
196,PLATIND,2026-08-31,235.3,Bullish,68.06,59.49,8,90,8/10,High,62.06,9.28,3.94,37.5,221.6,223.61,234.28,2.4667,0.7689,1.73,86.67,220.83,6.55,6.97,0.889,2.05,11.91,9.85,4.33,-0.01,51.47,234.0,226.41,230.58,234.0,205.0,45.07,50.55,2.62,-2.22,0.29,21.28,11.27,2.05,-2.42,85.3,7,9,100,47.0,0.28,50.0,0.2,44.0,-0.28,44.0,1.37,43.0,3.79,NEGATIVE,50.16,MIXED,Trend + Momentum + Volume + Structure,None material,1.38,5.92,238.55,249.22,220.83,HIGH,17511269.0,NOT_AVAILABLE,NOT_AVAILABLE,,196,416
197,WONDERLA,2026-08-31,537.25,Bullish,67.92,60.0,6,80,6/10,Medium,69.97,16.22,3.02,48.33,503.42,492.57,517.42,6.0622,-0.2072,0.33,9.17,503.87,6.62,2.33,0.811,0.03,4.94,14.63,10.73,0.61,48.81,555.0,532.8,537.1,555.0,511.15,44.47,50.79,1.62,-1.41,0.2,13.03,6.05,1.63,-2.02,90.82,7,11,17,52.94,0.52,52.94,1.36,58.82,0.46,52.94,1.67,35.29,1.32,POSITIVE,62.64,POSITIVE,Trend + Momentum + Structure + VWAP,None material,1.06,4.53,542.93,561.58,503.87,HIGH,126203689.0,NOT_AVAILABLE,NOT_AVAILABLE,,197,391
198,PARACABLES,2026-08-31,65.34,Bullish,67.91,64.27,7,85,7/10,High,53.93,3.41,5.21,22.5,63.59,63.58,54.43,-0.1137,0.3393,2.8,95.0,65.09,0.38,10.15,0.524,4.76,4.96,2.82,-1.58,-0.59,54.61,63.53,59.3,62.37,63.53,58.28,44.08,51.32,2.85,-2.36,0.45,23.95,8.29,2.46,-3.02,81.26,7,12,73,46.58,0.16,46.58,0.68,57.53,1.06,49.32,-0.12,43.84,-0.84,POSITIVE,56.16,MIXED,Trend + Momentum + Volume + Structure,None material,1.82,7.82,66.53,70.45,59.3,VERY_HIGH,128894725.0,NOT_AVAILABLE,NOT_AVAILABLE,,198,260
199,DIFFNKG,2026-08-31,485.5,Bullish,67.91,64.25,8,90,8/10,High,72.65,22.9,4.72,60.83,407.71,393.07,344.62,5.2987,5.3406,12.32,100.0,452.95,7.19,18.99,0.944,18.13,20.88,21.86,19.55,3.04,10.29,419.7,400.25,411.0,419.7,387.05,49.38,46.71,2.74,-2.38,0.35,26.13,12.96,2.24,-2.77,80.41,7,8,47,44.68,-0.15,44.68,-1.02,46.81,-0.39,51.06,0.51,46.81,0.9,MIXED,49.73,MIXED,Trend + Momentum + Volume + Structure,None material,1.65,7.07,493.51,519.84,400.25,HIGH,287526506.0,NOT_AVAILABLE,NOT_AVAILABLE,,198,261
200,MFSL,2026-08-31,1573.1,Bullish,67.89,68.02,6,80,6/10,Medium,53.2,36.07,2.29,0.83,1559.93,1566.66,1590.73,4.5679,-1.1418,0.5,14.17,1543.22,1.94,1.87,0.769,0.56,0.21,0.09,1.98,-0.2,70.25,1588.3,1553.6,1564.4,1604.9,1553.6,48.68,46.97,1.38,-1.26,0.1,7.89,5.66,1.78,-1.93,83.13,8,5,13,38.46,0.17,53.85,0.54,38.46,0.05,76.92,1.74,76.92,2.9,MIXED,62.54,POSITIVE,Trend + Momentum + VWAP + RSI,None material,0.8,3.44,1585.73,1627.21,1543.22,MODERATE,1193512428.0,NOT_AVAILABLE,NOT_AVAILABLE,,200,152
201,DCBBANK,2026-08-31,218.2,Bullish,67.85,66.55,7,85,7/10,High,68.67,7.17,3.28,36.67,199.41,192.49,179.4,3.2013,0.0636,0.6,20.83,204.79,6.55,3.62,0.943,2.46,9.24,18.53,14.19,0.0,46.67,217.85,212.5,212.97,220.5,199.25,46.58,48.82,1.69,-1.41,0.19,11.97,6.32,2.1,-2.05,77.1,8,8,100,46.0,0.08,48.0,0.36,47.0,0.53,52.0,1.06,54.0,0.59,MIXED,56.01,MIXED,Trend + Momentum + Structure + VWAP,None material,1.15,4.93,220.71,228.95,204.79,HIGH,608406061.0,NOT_AVAILABLE,NOT_AVAILABLE,,201,189
202,ARIHANTCAP,2026-08-31,77.75,Neutral-Range,67.83,64.67,3,65,4/10,Low,54.25,2.82,3.63,6.67,76.87,75.11,77.16,0.217,-0.0948,0.35,22.5,77.09,0.85,2.73,0.594,-2.07,2.02,5.83,0.35,-0.03,51.75,80.49,76.93,79.39,81.0,75.43,45.92,49.08,2.4,-2.12,0.41,20.92,8.16,2.04,-2.05,84.18,8,8,9,44.44,-0.88,44.44,-0.83,77.78,2.92,55.56,3.67,66.67,3.44,STRONG,81.67,STRONG,Trend + Momentum + VWAP + RSI,Delivery,-3.63,3.63,74.93,80.57,79.39,HIGH,13987478.0,NOT_AVAILABLE,NOT_AVAILABLE,,202,248
203,APOLLOPIPE,2026-08-31,627.05,Bullish,67.76,64.81,5,75,5/10,Medium,68.92,25.13,4.01,38.33,581.55,538.56,457.37,7.2409,-2.4361,0.36,30.83,576.53,8.76,3.77,0.747,-0.63,2.92,14.99,21.56,0.05,30.68,643.0,620.6,631.0,668.8,601.6,40.0,55.53,2.09,-1.47,0.11,11.97,8.55,1.81,-2.05,91.69,5,9,100,39.0,0.24,43.0,0.64,52.0,1.19,57.0,2.67,58.0,3.65,MIXED,68.59,POSITIVE,Trend + Momentum + VWAP + RSI,None material,1.4,6.01,635.85,664.75,576.53,HIGH,350559917.0,NOT_AVAILABLE,NOT_AVAILABLE,,203,244
204,PRICOLLTD,2026-08-31,803.25,Bullish,67.75,66.37,7,85,7/10,High,67.46,27.41,3.41,55.0,765.65,706.58,614.33,-5.7689,1.1849,1.55,88.33,777.22,3.35,8.27,0.795,4.23,1.56,-0.41,9.61,0.0,49.59,780.75,767.05,770.65,804.85,764.15,48.16,47.11,1.76,-1.51,0.28,13.29,6.58,2.19,-2.24,80.94,11,7,100,46.0,0.01,42.0,-0.2,46.0,0.22,54.0,1.21,52.0,1.65,MIXED,55.72,MIXED,Trend + Momentum + Volume + Structure,None material,1.19,5.12,812.84,844.36,767.05,HIGH,400382580.0,NOT_AVAILABLE,NOT_AVAILABLE,,204,195
205,SILKFLEX,2026-08-31,242.95,Bullish,67.71,67.78,4,70,4/10,Low,81.64,10.29,4.24,80.83,200.17,156.88,104.41,2.5706,-0.7869,0.67,55.83,210.24,15.56,3.22,0.913,0.16,10.18,17.37,120.86,-0.02,90.91,251.85,240.0,242.55,255.2,220.5,50.57,43.35,4.18,-3.26,0.72,40.68,28.52,4.16,-3.45,45.09,8,7,43,51.16,1.63,46.51,2.61,44.19,4.7,69.77,16.6,81.4,30.07,MIXED,74.89,STRONG,Trend + Structure + VWAP + Delivery,None material,1.48,6.35,246.55,258.39,210.24,HIGH,6927358.0,NOT_AVAILABLE,NOT_AVAILABLE,,205,159
206,MACPOWER,2026-08-31,1989.3,Bullish,67.69,63.3,6,80,6/10,Medium,67.85,114.45,5.75,66.67,1804.69,1579.8,1214.79,-1.5465,0.2149,0.75,52.5,1839.49,8.14,5.01,0.899,-0.89,1.32,11.67,36.46,-0.6,43.76,2050.0,1876.0,2007.1,2050.0,1812.7,48.42,46.58,2.79,-2.24,0.36,32.11,18.68,2.52,-2.54,68.84,8,7,14,28.57,-0.24,42.86,1.11,57.14,1.52,50.0,0.85,42.86,-1.44,POSITIVE,61.98,POSITIVE,Trend + Momentum + Structure + VWAP,None material,2.01,8.63,2029.36,2160.97,1839.49,VERY_HIGH,122651662.0,NOT_AVAILABLE,NOT_AVAILABLE,,206,289
207,CRAFTSMAN,2026-08-31,11198.5,Bullish,67.67,66.06,8,90,8/10,High,69.03,339.14,3.03,19.17,10537.1,9978.05,8488.74,22.0643,16.8903,4.99,97.5,10759.42,4.08,5.17,0.777,0.72,5.66,6.86,8.32,0.0,58.33,11199.5,10858.0,11118.0,11199.5,10350.0,46.32,49.21,1.85,-1.46,0.17,13.68,6.58,1.6,-2.46,87.69,8,8,100,42.0,-0.03,41.0,-0.33,42.0,-0.43,52.0,0.72,50.0,0.9,NEGATIVE,49.06,MIXED,Trend + Momentum + Volume + VWAP,None material,1.06,4.54,11317.2,11707.22,10759.42,HIGH,476874493.0,NOT_AVAILABLE,NOT_AVAILABLE,,207,205
208,NORTHARC,2026-08-31,311.65,Bullish,67.62,64.34,9,95,9/10,High,63.34,12.26,3.93,28.33,290.35,290.24,273.14,2.3356,1.4502,11.19,100.0,300.57,3.69,7.35,0.829,9.06,9.6,11.82,9.49,5.44,19.52,292.0,283.5,285.75,298.15,280.45,43.32,53.04,2.27,-1.8,0.24,14.98,6.68,1.96,-2.58,79.03,5,9,63,36.51,-0.28,41.27,-0.71,46.03,-0.76,41.27,-0.01,38.1,-0.97,MIXED,42.48,NEGATIVE,Trend + Momentum + Volume + Structure,None material,1.38,5.9,315.94,330.04,283.5,HIGH,679266921.0,NOT_AVAILABLE,NOT_AVAILABLE,,208,259
209,RANASUG,2026-08-31,15.64,Bullish,67.57,65.11,6,80,6/10,Medium,68.8,0.8,5.11,66.67,14.13,13.3,13.07,0.1556,-0.0023,1.61,81.67,14.74,6.08,6.4,0.807,2.16,-1.76,21.24,24.92,0.91,45.07,15.45,14.45,15.31,16.45,14.41,40.92,50.79,1.83,-1.57,0.39,26.05,8.95,1.97,-2.39,90.4,9,7,25,36.0,-0.44,52.0,0.7,56.0,0.44,60.0,1.07,48.0,-0.03,POSITIVE,61.64,POSITIVE,Trend + Momentum + Volume + Structure,None material,1.79,7.67,15.92,16.84,14.45,VERY_HIGH,15511629.0,NOT_AVAILABLE,NOT_AVAILABLE,,209,228
210,DURLAX,2026-08-31,65.4,Bullish,67.53,69.99,4,70,5/10,Medium,61.62,3.82,5.85,57.5,61.86,56.09,48.45,0.1721,-0.2051,0.51,35.0,63.84,2.45,5.68,0.668,-0.91,2.19,2.03,14.74,4.32,75.61,69.0,65.3,66.0,69.0,61.25,39.27,53.0,2.86,-2.13,0.03,26.18,25.11,2.8,-2.92,69.96,6,8,8,25.0,0.08,37.5,-0.82,50.0,0.57,62.5,7.06,100.0,10.46,MIXED,74.38,STRONG,Trend + Momentum + VWAP + RSI,Delivery,2.05,8.77,66.74,71.13,63.84,VERY_HIGH,10309995.0,NOT_AVAILABLE,NOT_AVAILABLE,,210,112
211,UNIPARTS,2026-08-31,893.45,Bullish,67.52,68.34,7,85,7/10,High,72.12,33.19,3.71,17.5,808.87,747.22,597.97,2.127,3.3209,1.75,90.0,818.39,9.17,4.79,0.966,2.32,10.55,11.52,21.15,0.9,43.47,879.8,813.05,873.15,879.8,800.05,44.87,50.53,1.68,-1.34,0.29,13.55,6.05,1.99,-1.94,83.85,6,20,77,46.75,0.03,46.75,-0.08,50.65,0.36,50.65,0.79,66.23,2.36,MIXED,55.05,MIXED,Trend + Momentum + Volume + Structure,None material,1.3,5.57,905.07,943.24,813.05,HIGH,207848614.0,NOT_AVAILABLE,NOT_AVAILABLE,,211,145
212,TMB,2026-08-31,932.6,Bullish,67.51,67.86,8,90,8/10,High,69.59,27.59,2.96,5.0,870.84,831.31,698.93,3.1224,2.6605,4.38,96.67,882.9,5.63,7.1,0.922,5.25,6.57,10.54,8.25,0.0,41.38,897.0,882.35,886.05,907.8,868.0,43.16,51.97,1.39,-0.99,0.29,12.89,4.61,1.59,-2.06,84.94,11,10,100,41.0,-0.04,39.0,-0.34,50.0,0.04,45.0,0.05,48.0,0.42,MIXED,48.61,MIXED,Trend + Momentum + Volume + Structure,None material,1.04,4.44,942.26,973.99,882.35,MODERATE,156576959.0,NOT_AVAILABLE,NOT_AVAILABLE,,212,155
213,PGIL,2026-08-31,2463.8,Bullish,67.4,67.42,7,85,7/10,High,65.59,89.3,3.62,8.33,2318.06,2157.52,1783.12,-15.87,9.7458,1.26,85.0,2399.26,2.69,7.82,0.84,6.46,3.86,3.61,17.13,0.68,37.46,2333.1,2290.0,2314.3,2411.0,2262.0,48.68,46.97,2.61,-2.28,0.23,21.71,10.92,2.21,-3.01,85.27,8,8,100,50.0,0.08,49.0,0.09,45.0,-0.24,57.0,1.24,59.0,2.82,MIXED,54.7,MIXED,Trend + Momentum + Volume + Structure,None material,1.27,5.44,2495.05,2597.74,2290.0,HIGH,507478803.0,NOT_AVAILABLE,NOT_AVAILABLE,,213,169
214,INDSWFTLAB,2026-08-31,364.87,Bullish,67.35,63.84,4,70,4/10,Low,74.01,18.18,4.98,38.33,313.73,264.19,180.66,3.8716,-0.6193,0.31,17.5,316.01,15.46,4.66,0.94,0.54,11.49,16.56,59.59,0.15,33.89,366.0,355.65,362.92,373.72,316.61,45.0,50.39,2.76,-1.99,0.34,25.0,12.11,2.05,-2.26,80.87,7,9,100,47.0,0.15,55.0,0.96,57.0,2.0,54.0,3.43,56.0,6.06,POSITIVE,73.85,STRONG,Trend + Structure + VWAP + Liquidity,None material,1.74,7.47,371.23,392.14,316.01,HIGH,673836709.0,NOT_AVAILABLE,NOT_AVAILABLE,,214,275
215,SAKHTISUG,2026-08-31,21.2,Bullish,67.3,56.66,6,80,6/10,Medium,62.74,1.2,5.66,80.83,19.5,18.42,18.53,0.1817,-0.0243,1.13,72.5,20.59,2.98,8.31,0.709,2.37,-5.36,20.25,21.56,1.4,35.32,21.0,19.74,20.71,23.29,19.53,43.16,51.32,2.2,-1.89,0.62,31.58,7.63,2.08,-2.34,90.52,11,10,100,46.0,0.18,47.0,0.96,46.0,1.47,49.0,1.68,44.0,1.0,MIXED,60.85,POSITIVE,Trend + Momentum + Structure + VWAP,None material,1.98,8.48,21.62,23.0,19.74,VERY_HIGH,10836736.0,NOT_AVAILABLE,NOT_AVAILABLE,,215,508
216,MAHSCOOTER,2026-08-31,13674.0,Bullish,67.27,70.6,5,75,5/10,Medium,58.3,385.87,2.82,29.17,13398.38,13169.61,13135.69,11.2145,9.7804,1.88,91.67,13586.74,0.64,3.08,0.599,-0.16,4.68,1.67,-1.89,0.72,42.44,13934.0,13561.0,13696.0,13949.0,13001.0,48.42,46.84,1.54,-1.38,0.24,11.05,5.39,1.89,-2.44,86.42,9,6,100,43.0,0.12,49.0,0.62,49.0,0.72,63.0,2.53,70.0,4.47,MIXED,67.2,POSITIVE,Trend + Momentum + VWAP + RSI,None material,0.99,4.23,13809.06,14252.81,13561.0,MODERATE,54675775.0,NOT_AVAILABLE,NOT_AVAILABLE,,216,105
217,INDIGO,2026-08-31,5234.0,Bullish,67.21,70.84,5,75,5/10,Medium,51.01,109.21,2.09,3.33,5223.58,5152.63,4973.8,-10.639,5.338,1.18,82.5,5253.9,-0.38,3.44,0.394,1.32,2.33,-0.79,-3.07,-0.7,62.64,5200.5,5137.5,5166.0,5280.0,5080.5,51.18,44.47,1.43,-1.38,0.09,11.32,10.0,1.96,-2.17,69.54,12,7,100,58.0,-0.02,60.0,0.34,67.0,1.27,58.0,0.8,59.0,1.12,STRONG,67.03,POSITIVE,Trend + Volume + Structure + Delivery,None material,0.73,3.13,5272.22,5397.81,5137.5,MODERATE,2500700271.0,NOT_AVAILABLE,NOT_AVAILABLE,,217,102
218,NESTLEIND,2026-08-31,1496.5,Bullish,67.04,65.34,7,85,7/10,High,55.57,32.38,2.16,37.5,1476.88,1463.17,1467.56,-3.5248,3.3327,1.29,83.33,1494.87,0.11,4.74,0.549,2.88,1.71,1.8,-2.19,-0.65,74.71,1456.5,1438.0,1454.6,1483.4,1438.0,47.89,47.63,0.97,-1.26,-0.11,2.5,3.16,1.72,-7.38,81.83,8,9,100,50.0,-0.01,44.0,-0.08,50.0,-0.07,58.0,0.29,61.0,-1.39,MIXED,53.68,MIXED,Trend + Momentum + Volume + Structure,None material,0.76,3.25,1507.83,1545.08,1438.0,MODERATE,2679183049.0,NOT_AVAILABLE,NOT_AVAILABLE,,218,221
219,WIPRO,2026-08-31,184.5,Bullish,66.98,62.76,8,90,8/10,High,56.48,3.78,2.05,15.0,181.17,182.33,206.41,-0.165,0.42,2.06,94.17,182.78,0.94,4.6,0.63,1.96,1.76,1.43,-2.21,-0.43,63.43,181.85,178.25,180.95,183.92,176.4,46.58,48.68,1.23,-1.33,0.04,9.61,7.5,1.81,-3.11,63.54,10,6,100,45.0,-0.03,52.0,-0.09,47.0,-0.31,49.0,-0.07,48.0,0.2,MIXED,47.08,MIXED,Trend + Momentum + Volume + Structure,None material,0.72,3.08,185.82,190.18,178.25,MODERATE,1478721112.0,NOT_AVAILABLE,NOT_AVAILABLE,,219,307
220,IOLCP,2026-08-31,193.69,Bullish,66.91,64.91,6,80,6/10,Medium,73.68,9.06,4.68,26.67,171.85,157.66,127.67,3.1122,0.0442,0.61,34.17,173.94,11.35,3.5,0.909,-0.65,14.56,20.1,27.68,-0.02,35.21,197.0,190.1,194.95,197.0,167.1,43.55,52.11,2.41,-1.97,0.15,10.79,7.63,2.18,-3.35,76.62,8,8,65,43.08,-0.09,50.77,0.12,47.69,0.78,58.46,1.12,58.46,3.4,MIXED,59.75,POSITIVE,Trend + Momentum + Structure + VWAP,None material,1.64,7.02,196.86,207.28,173.94,HIGH,819873592.0,NOT_AVAILABLE,NOT_AVAILABLE,,220,240
221,GPIL,2026-08-31,243.67,Neutral-Range,66.91,57.12,3,65,4/10,Low,48.59,8.32,3.42,41.67,244.06,250.36,262.16,0.3708,0.0391,1.46,88.33,243.47,0.08,4.34,0.555,1.59,-0.65,-2.85,-0.29,-0.1,29.11,247.0,239.0,239.85,250.0,238.65,45.79,49.34,2.08,-1.9,0.05,13.03,9.34,2.07,-3.64,82.1,9,8,62,58.06,0.73,58.06,1.55,59.68,2.3,66.13,2.83,58.06,-3.47,POSITIVE,79.03,STRONG,Momentum + Volume + MACD + Liquidity,Trend,-3.42,3.42,235.35,251.99,239.85,HIGH,480642503.0,NOT_AVAILABLE,NOT_AVAILABLE,,220,492
222,INDUSINDBK,2026-08-31,1016.6,Bullish,66.9,70.22,7,85,7/10,High,53.17,19.61,1.93,6.67,1010.7,994.34,927.96,-2.589,1.2407,1.42,83.33,1014.19,0.24,3.65,0.629,2.27,-0.18,0.59,-1.2,-0.2,56.06,1000.6,987.3,994.0,1022.0,987.3,48.16,47.11,1.31,-1.39,0.06,6.84,6.71,1.76,-2.19,75.32,9,6,89,39.33,-0.21,47.19,0.08,53.93,0.07,58.43,-0.33,56.18,-0.49,MIXED,53.29,MIXED,Trend + Momentum + Volume + Structure,None material,0.68,2.89,1023.46,1046.02,987.3,LOW,1054705472.0,NOT_AVAILABLE,NOT_AVAILABLE,,222,108
223,SSWL,2026-08-31,305.65,Bullish,66.9,66.47,6,80,7/10,High,57.59,10.52,3.44,8.33,299.62,282.39,239.49,-3.4094,1.1348,1.2,75.83,307.46,-0.59,5.57,0.492,3.43,3.72,-1.24,-3.84,-0.02,59.12,297.2,289.5,295.5,302.15,287.85,44.21,51.32,1.83,-1.49,0.23,13.55,6.18,1.93,-2.34,86.9,11,8,88,43.18,-0.02,52.27,0.68,53.41,0.51,54.55,1.22,53.41,2.19,MIXED,59.71,POSITIVE,Trend + Momentum + Volume + Structure,VWAP,1.2,5.16,309.33,321.43,289.5,HIGH,163302091.0,NOT_AVAILABLE,NOT_AVAILABLE,,222,192
224,IFCI,2026-08-31,89.7,Bullish,66.89,62.69,5,75,6/10,Medium,73.72,3.45,3.84,19.17,81.35,77.36,67.03,1.0959,0.0714,1.49,75.83,83.31,7.68,4.48,0.861,-0.29,8.75,13.65,16.03,0.27,24.32,92.45,83.57,89.96,92.45,80.7,44.21,51.18,3.2,-2.22,0.35,18.42,8.68,2.47,-2.91,75.59,7,6,72,45.83,0.39,44.44,0.87,40.28,1.81,48.61,3.25,50.0,2.75,MIXED,66.11,POSITIVE,Trend + Momentum + Structure + VWAP,Volume,1.35,5.76,90.91,94.87,83.31,HIGH,2826776457.0,NOT_AVAILABLE,NOT_AVAILABLE,,224,311
225,PROZONER,2026-08-31,44.92,Bullish,66.89,56.43,5,75,6/10,Medium,57.95,2.18,4.85,9.17,43.26,44.34,47.68,0.4409,0.0226,1.14,72.5,43.38,3.56,3.72,0.717,0.02,7.67,3.26,4.15,-2.03,68.0,45.25,43.1,44.91,46.59,41.15,42.89,50.92,2.72,-2.08,0.09,19.34,20.66,2.33,-2.24,70.93,9,10,9,11.11,-1.75,44.44,-1.13,33.33,2.47,55.56,10.52,55.56,7.51,MIXED,66.11,POSITIVE,Trend + Momentum + VWAP + RSI,Gap,1.7,7.28,45.68,48.19,43.1,HIGH,8165553.0,NOT_AVAILABLE,NOT_AVAILABLE,,224,521
226,VINYAS,2026-08-31,1545.55,Bullish,66.86,57.9,4,70,5/10,Medium,59.23,95.53,6.18,99.17,1470.69,1382.89,1212.53,13.3938,-6.3894,0.38,19.17,1454.46,6.26,5.44,0.645,-1.8,-3.59,16.16,24.08,1.03,74.7,1630.0,1521.1,1573.8,1700.0,1521.1,46.39,48.45,3.02,-2.29,0.18,30.58,19.93,2.87,-3.53,74.84,7,9,100,46.0,0.71,53.0,1.75,54.0,2.21,53.0,3.42,47.0,1.72,MIXED,72.45,STRONG,Trend + Momentum + VWAP + RSI,Delivery,2.16,9.27,1578.98,1688.84,1454.46,VERY_HIGH,31779862.0,NOT_AVAILABLE,NOT_AVAILABLE,,226,466
227,NAVNETEDUL,2026-08-31,134.61,Neutral-Range,66.8,62.36,3,65,4/10,Low,46.48,3.26,2.42,2.5,134.73,137.68,141.98,0.5314,0.0405,0.85,59.17,131.62,2.27,3.42,0.693,0.07,0.77,0.05,1.84,0.07,51.76,135.52,133.2,134.51,135.52,132.75,43.29,52.37,1.66,-1.37,0.12,10.26,8.42,1.93,-1.86,88.73,5,9,94,48.94,0.13,59.57,1.02,64.89,1.17,75.53,2.47,68.09,2.26,POSITIVE,78.71,STRONG,Momentum + VWAP + MACD + Delivery,Trend,-2.42,2.42,131.35,137.87,134.51,MODERATE,27656085.0,NOT_AVAILABLE,NOT_AVAILABLE,,227,320
228,PRAJIND,2026-08-31,343.9,Bullish,66.8,61.38,4,70,5/10,Medium,53.12,11.93,3.47,34.17,340.52,340.38,356.39,1.8479,-0.8574,0.56,34.17,338.1,1.71,3.39,0.598,-1.15,-2.48,2.95,9.16,-0.04,36.16,354.85,346.5,347.9,363.6,343.6,43.03,52.5,1.95,-1.67,0.21,11.97,7.89,2.05,-2.3,80.57,8,11,11,36.36,0.86,54.55,1.65,54.55,1.37,54.55,3.41,63.64,3.97,MIXED,72.3,STRONG,Trend + Momentum + VWAP + RSI,Structure,1.21,5.21,348.08,361.8,338.1,HIGH,462995474.0,NOT_AVAILABLE,NOT_AVAILABLE,,227,350
229,ICIL,2026-08-31,469.45,Bullish,66.74,63.66,8,90,8/10,High,67.15,24.76,5.27,70.0,425.53,405.56,339.22,2.8828,2.3016,1.33,83.33,434.69,8.0,11.38,0.95,7.93,9.07,20.77,14.58,0.47,38.93,439.35,420.2,434.95,452.5,417.1,43.42,51.97,2.78,-2.05,0.2,14.08,10.13,2.45,-2.48,84.3,9,7,100,41.0,0.1,46.0,0.43,47.0,-0.13,49.0,-0.42,48.0,-0.95,MIXED,46.4,MIXED,Trend + Momentum + Volume + Structure,None material,1.85,7.91,478.11,506.58,420.2,VERY_HIGH,899652480.0,NOT_AVAILABLE,NOT_AVAILABLE,,229,279
230,20MICRONS,2026-08-31,218.03,Bullish,66.74,63.05,4,70,4/10,Low,62.71,8.77,4.02,20.83,205.9,199.53,192.82,2.8837,-0.3782,0.79,57.5,208.99,4.32,4.88,0.699,-1.79,2.24,10.53,11.22,-0.45,41.08,224.87,217.0,222.0,233.53,202.86,41.18,54.08,2.71,-1.84,0.32,22.76,11.84,1.98,-2.24,75.15,12,13,100,44.0,0.33,46.0,1.24,53.0,2.1,53.0,4.23,57.0,6.68,MIXED,72.1,STRONG,Trend + Momentum + VWAP + RSI,None material,1.41,6.04,221.1,231.19,208.99,HIGH,45487243.0,NOT_AVAILABLE,NOT_AVAILABLE,,229,296
231,ROSSTECH,2026-08-31,1109.95,Bullish,66.7,62.21,6,80,6/10,Medium,60.64,51.96,4.68,2.5,1072.14,1034.2,876.67,0.4047,0.6586,0.69,48.33,1088.22,2.0,4.43,0.555,0.48,5.34,0.09,4.02,0.79,41.53,1120.7,1092.65,1104.6,1149.0,1032.75,47.05,49.55,2.98,-2.36,0.4,29.55,12.73,2.11,-2.22,75.4,11,7,100,44.0,0.22,43.0,0.68,45.0,1.08,48.0,1.82,52.0,3.09,MIXED,59.15,POSITIVE,Trend + Momentum + VWAP + RSI,None material,1.64,7.02,1128.14,1187.89,1088.22,HIGH,270840513.0,NOT_AVAILABLE,NOT_AVAILABLE,,231,326
232,ICICIPRULI,2026-08-31,517.05,Bullish,66.7,61.3,9,95,9/10,High,56.89,11.86,2.29,11.67,508.43,507.69,547.43,0.5701,0.4596,2.25,95.0,509.17,1.55,3.76,0.749,2.18,1.13,1.98,-1.01,0.0,77.99,510.4,502.45,506.0,525.75,502.45,47.5,47.76,1.19,-1.2,0.08,5.53,4.47,1.85,-2.14,75.18,7,8,100,51.0,0.03,52.0,0.16,46.0,-0.26,36.0,-0.7,46.0,-0.43,MIXED,39.86,NEGATIVE,Trend + Momentum + Volume + Structure,None material,0.8,3.44,521.2,534.84,502.45,MODERATE,782199349.0,NOT_AVAILABLE,NOT_AVAILABLE,,231,355
233,HDFCAMC,2026-08-31,2622.1,Bullish,66.67,65.18,7,85,7/10,High,53.57,62.28,2.38,10.83,2588.58,2599.63,2951.87,9.6227,-0.3359,1.0,62.5,2567.34,2.13,3.85,0.667,2.07,0.16,3.93,0.83,-0.89,70.76,2589.2,2539.0,2569.0,2698.0,2539.0,48.82,46.71,1.47,-1.45,0.04,6.18,5.66,1.85,-3.11,73.58,7,8,100,41.0,-0.07,52.0,-0.23,57.0,-0.31,59.0,-0.43,53.0,-0.18,MIXED,52.64,MIXED,Trend + Momentum + Structure + VWAP,None material,0.83,3.56,2643.9,2715.52,2539.0,MODERATE,2154512232.0,NOT_AVAILABLE,NOT_AVAILABLE,,233,225
234,KPRMILL,2026-08-31,1177.6,Bullish,66.66,64.2,8,90,8/10,Medium,64.24,36.09,3.06,26.67,1120.15,1096.94,1022.51,4.8539,2.3608,3.03,95.83,1116.4,5.48,6.45,0.859,4.19,5.87,3.7,10.71,0.01,35.01,1138.0,1100.6,1130.2,1160.0,1100.1,44.34,50.92,1.9,-1.48,0.16,10.66,7.37,1.96,-2.14,86.75,7,8,9,22.22,-0.48,55.56,1.41,55.56,-0.31,44.44,-0.65,33.33,0.18,MIXED,46.16,MIXED,Trend + Momentum + Volume + Structure,None material,1.07,4.6,1190.23,1231.73,1100.6,HIGH,335248071.0,NOT_AVAILABLE,NOT_AVAILABLE,,234,264
235,SMSPHARMA,2026-08-31,371.85,Bullish,66.63,59.56,7,85,7/10,High,53.03,12.64,3.4,5.0,364.66,373.94,359.62,1.5053,1.0669,2.52,96.67,365.77,1.66,7.86,0.652,4.58,5.01,3.84,2.28,-0.42,48.57,363.15,349.25,355.55,363.85,349.25,46.58,48.82,2.36,-1.86,0.28,16.45,8.42,1.77,-1.97,87.08,8,6,100,47.0,0.31,43.0,0.85,39.0,0.54,42.0,1.75,61.0,3.74,MIXED,52.51,MIXED,Trend + Momentum + Volume + Structure,None material,1.19,5.1,376.27,390.81,349.25,HIGH,66780070.0,NOT_AVAILABLE,NOT_AVAILABLE,,235,414
236,TARIL,2026-08-31,313.8,Bullish,66.55,59.23,9,95,9/10,High,58.52,10.75,3.43,13.33,302.25,307.78,334.83,2.8838,0.5038,6.21,99.17,303.34,3.45,5.88,0.694,3.41,3.87,5.91,6.19,4.48,13.54,308.45,301.6,303.45,313.9,298.9,44.85,51.65,2.89,-2.63,0.14,21.17,13.4,2.48,-3.77,78.5,7,8,100,45.0,0.35,47.0,-0.12,45.0,-0.39,40.0,-0.94,43.0,-1.2,MIXED,39.43,NEGATIVE,Trend + Momentum + Volume + Structure,None material,1.2,5.14,317.56,329.93,301.6,HIGH,574513215.0,NOT_AVAILABLE,NOT_AVAILABLE,,236,425
237,VENUSPIPES,2026-08-31,1643.1,Bullish,66.52,64.93,6,80,6/10,Medium,54.72,60.76,3.7,2.5,1609.59,1601.91,1429.81,11.4189,1.4592,0.87,53.33,1600.45,2.66,3.19,0.586,0.54,5.99,2.92,5.04,0.89,48.26,1668.8,1620.0,1634.3,1672.0,1538.0,44.61,51.05,2.2,-1.83,0.33,20.92,9.08,2.08,-2.38,85.2,7,9,100,49.0,0.22,45.0,0.34,48.0,0.32,52.0,1.84,51.0,2.48,MIXED,58.64,POSITIVE,Trend + Momentum + VWAP + RSI,None material,1.29,5.55,1664.37,1734.24,1600.45,HIGH,188752035.0,NOT_AVAILABLE,NOT_AVAILABLE,,237,237
238,INNOVACAP,2026-08-31,1078.1,Bullish,66.5,66.12,6,80,6/10,Medium,63.4,42.46,3.94,26.67,1030.21,987.79,870.19,0.7679,1.4253,1.13,67.5,1031.08,4.56,4.08,0.785,2.18,1.42,3.82,12.72,0.18,49.67,1060.0,1016.2,1055.1,1115.4,1011.0,47.81,48.25,1.95,-1.66,0.22,17.78,10.93,1.96,-2.05,89.95,8,10,100,48.0,0.29,49.0,0.9,51.0,1.01,51.0,0.96,58.0,2.63,MIXED,58.58,POSITIVE,Trend + Momentum + Structure + VWAP,None material,1.38,5.91,1092.96,1141.8,1016.2,HIGH,95920553.0,NOT_AVAILABLE,NOT_AVAILABLE,,238,203
239,MRF,2026-08-31,133745.0,Bullish,66.47,62.96,7,85,7/10,High,52.87,2177.24,1.63,11.67,133052.93,132309.66,134953.89,-62.4051,55.2375,2.9,97.5,132863.06,0.66,3.6,0.67,1.26,-0.46,0.55,0.01,-0.14,65.08,134000.0,131910.0,132080.0,135755.0,131400.0,46.71,48.82,1.09,-0.97,0.19,5.92,2.76,1.65,-1.63,78.69,10,12,100,46.0,0.03,47.0,0.38,44.0,0.48,50.0,0.56,59.0,1.05,MIXED,52.06,MIXED,Trend + Momentum + Volume + VWAP,None material,0.57,2.44,134507.03,137010.86,131910.0,LOW,585487646.0,NOT_AVAILABLE,NOT_AVAILABLE,,239,300
240,RKFORGE,2026-08-31,743.6,Bullish,66.46,66.63,6,80,6/10,Medium,62.69,24.33,3.27,37.5,718.07,667.19,602.03,-5.3672,0.3699,0.92,60.83,728.76,2.04,4.57,0.698,-1.02,2.07,-1.51,9.17,1.72,48.11,753.0,720.15,751.25,753.0,713.35,45.26,50.39,1.9,-1.63,0.19,12.11,7.5,1.74,-2.21,80.78,8,9,75,53.33,0.24,54.67,0.78,58.67,0.85,52.0,0.33,53.33,0.23,POSITIVE,58.45,POSITIVE,Trend + Momentum + VWAP + RSI,None material,1.15,4.91,752.11,780.09,720.15,HIGH,878316411.0,NOT_AVAILABLE,NOT_AVAILABLE,,240,184
241,WHEELS,2026-08-31,1546.4,Neutral-Range,66.44,65.07,3,65,5/10,Medium,59.65,62.82,4.06,4.17,1480.14,1465.09,1237.79,15.1029,-0.4608,1.22,73.33,1475.04,4.84,3.84,0.752,-0.08,-0.96,9.09,9.23,-0.11,54.68,1613.7,1506.6,1547.7,1613.7,1478.2,47.89,47.76,1.92,-1.67,0.27,13.95,5.79,1.84,-1.97,88.19,11,7,100,48.0,0.48,57.0,1.46,59.0,2.21,63.0,4.16,63.0,6.37,POSITIVE,77.7,STRONG,Trend + Momentum + VWAP + RSI,"Volume, Delivery",-4.06,4.06,1483.58,1609.22,1547.7,HIGH,142467202.0,NOT_AVAILABLE,NOT_AVAILABLE,,241,230
242,MAANALU,2026-08-31,122.67,Bullish,66.4,54.26,7,85,7/10,High,54.54,5.03,4.1,14.17,120.32,122.44,130.03,0.0708,0.2935,1.56,86.67,122.72,-0.04,5.46,0.427,1.86,3.05,2.8,-3.24,-0.36,79.25,121.95,116.61,120.43,121.95,115.6,44.08,51.18,2.61,-2.08,0.43,30.79,14.21,2.27,-2.38,84.92,12,9,100,47.0,0.39,38.0,0.25,39.0,0.57,39.0,1.82,40.0,4.01,MIXED,51.86,MIXED,Trend + Momentum + Volume + Structure,None material,1.43,6.15,124.43,130.21,116.61,HIGH,6335783.0,NOT_AVAILABLE,NOT_AVAILABLE,,242,599
243,GRASIM,2026-08-31,3371.0,Bullish,66.36,64.56,8,90,8/10,High,63.37,72.67,2.16,42.5,3270.85,3201.12,2984.39,0.4453,5.0423,0.87,50.0,3294.54,2.32,3.68,0.865,2.46,2.52,3.71,3.4,0.0,64.56,3292.5,3229.0,3290.0,3316.0,3222.1,49.08,46.32,1.12,-1.01,0.08,3.42,3.29,2.01,-1.86,71.78,9,12,100,43.0,0.05,48.0,0.23,44.0,-0.08,44.0,-0.04,34.0,-0.41,NEGATIVE,45.32,MIXED,Trend + Momentum + Structure + VWAP,None material,0.75,3.23,3396.43,3480.01,3229.0,MODERATE,3856097344.0,NOT_AVAILABLE,NOT_AVAILABLE,,243,253
244,TBOTEK,2026-08-31,1745.1,Bullish,66.23,64.1,8,90,8/10,High,65.69,58.88,3.37,10.83,1659.2,1562.18,1435.06,-1.2272,1.8938,1.99,87.5,1669.88,4.5,5.85,0.972,3.71,2.44,2.65,8.0,-0.3,51.41,1717.5,1659.2,1682.7,1737.9,1659.2,46.77,49.83,2.06,-1.79,0.22,19.22,10.03,1.92,-1.93,89.97,6,11,56,35.71,-0.07,44.64,-0.16,42.86,-0.05,48.21,-0.43,42.86,-0.33,NEGATIVE,44.95,MIXED,Trend + Momentum + Volume + Structure,None material,1.18,5.06,1765.71,1833.41,1659.2,HIGH,381307555.0,NOT_AVAILABLE,NOT_AVAILABLE,,244,268
245,CPPLUS,2026-08-31,3566.0,Neutral-Range,66.2,64.97,3,65,5/10,Medium,52.11,153.89,4.32,27.5,3527.1,3445.2,2607.44,5.8425,2.677,1.34,81.67,3548.87,0.48,3.96,0.374,-0.3,4.28,6.67,4.0,-0.01,72.37,3662.0,3552.0,3576.6,3662.0,3330.1,48.19,47.1,2.65,-1.71,0.39,19.2,4.71,2.33,-3.63,82.41,9,6,20,65.0,1.28,60.0,2.14,65.0,3.3,55.0,10.19,65.0,13.55,STRONG,77.0,STRONG,Trend + Momentum + RSI + MACD,"Volume, Delivery",-4.32,4.32,3412.11,3719.89,3576.6,HIGH,957531888.0,NOT_AVAILABLE,NOT_AVAILABLE,,245,236
246,ESAFSFB,2026-08-31,42.97,Neutral-Range,66.18,66.22,3,65,4/10,Low,58.72,2.17,5.04,60.83,41.71,38.3,32.1,0.0377,-0.1298,0.22,11.67,41.54,3.44,4.88,0.76,-3.89,-1.26,9.45,5.01,0.0,,44.99,43.8,44.71,44.99,42.5,41.75,51.73,1.8,-1.52,0.36,18.86,5.96,1.82,-2.35,88.92,7,10,91,43.96,0.34,56.04,1.18,53.85,1.67,68.13,3.14,72.53,4.97,MIXED,76.93,STRONG,Trend + Momentum + VWAP + RSI,Structure,-5.04,5.04,40.8,45.14,44.71,VERY_HIGH,77323692.0,NOT_AVAILABLE,NOT_AVAILABLE,,246,199
247,MOREPENLAB,2026-08-31,107.16,Bullish,66.17,62.73,6,80,6/10,Medium,81.51,5.47,5.11,60.83,88.31,73.77,55.48,1.2549,0.12,1.1,68.33,85.24,25.71,8.34,0.941,0.91,12.54,19.31,85.88,-0.06,25.16,106.37,96.06,106.19,106.37,92.7,43.42,51.58,2.79,-1.98,0.31,14.21,5.92,2.03,-2.57,79.08,12,8,81,44.44,0.18,41.98,0.48,48.15,0.5,45.68,1.95,56.79,4.72,MIXED,57.64,POSITIVE,Trend + Momentum + Structure + VWAP,None material,1.79,7.66,109.07,115.37,85.24,VERY_HIGH,3192949394.0,NOT_AVAILABLE,NOT_AVAILABLE,,247,309
248,MOL,2026-08-31,63.94,Bullish,66.16,59.76,7,85,7/10,High,64.1,3.07,4.79,52.5,59.76,55.98,57.23,-0.0865,0.1041,1.99,90.0,61.06,4.72,11.54,0.879,4.92,-0.76,1.54,17.62,0.41,29.41,61.9,60.29,60.94,65.35,60.1,44.08,51.18,2.18,-1.88,0.25,12.63,6.18,2.03,-2.73,80.68,9,7,100,46.0,0.04,43.0,-0.28,43.0,-0.28,53.0,0.92,64.0,2.91,NEGATIVE,51.16,MIXED,Trend + Momentum + Volume + Structure,None material,1.68,7.19,65.01,68.54,60.29,HIGH,155673278.0,NOT_AVAILABLE,NOT_AVAILABLE,,248,406
249,SRHHYPOLTD,2026-08-31,501.55,Bullish,66.14,60.4,8,90,8/10,High,59.15,14.87,2.96,23.33,484.45,488.74,501.33,0.0291,2.241,3.08,95.83,491.9,1.96,6.46,0.636,5.82,5.17,1.11,1.51,0.01,72.57,480.45,468.05,473.95,483.3,466.0,43.82,51.84,2.05,-1.72,0.22,16.84,10.0,1.55,-1.91,85.46,7,8,100,38.0,0.2,48.0,0.66,48.0,0.38,40.0,-0.66,41.0,-0.4,MIXED,44.68,MIXED,Trend + Momentum + Volume + Structure,None material,1.04,4.45,506.75,523.85,468.05,MODERATE,6283986.0,NOT_AVAILABLE,NOT_AVAILABLE,,249,381
250,KRN,2026-08-31,1553.1,Bullish,66.13,60.1,6,80,6/10,Medium,66.35,67.25,4.33,26.67,1444.04,1335.26,1101.68,10.3925,-3.5617,1.73,90.0,1484.92,4.59,8.19,0.76,-3.52,5.57,0.87,28.13,3.42,44.62,1612.1,1539.9,1609.7,1612.1,1461.1,46.41,50.1,3.0,-2.18,0.22,15.2,10.88,2.53,-2.46,82.18,6,6,58,41.38,0.36,48.28,1.21,48.28,1.68,44.83,0.8,37.93,0.06,MIXED,57.51,POSITIVE,Trend + Momentum + VWAP + RSI,None material,1.52,6.5,1576.64,1653.98,1484.92,HIGH,358602922.0,NOT_AVAILABLE,NOT_AVAILABLE,,250,386
251,YATHARTH,2026-08-31,1001.9,Bullish,66.12,64.99,8,90,8/10,High,78.07,33.72,3.37,40.83,901.14,865.89,777.7,14.4719,1.7241,1.23,72.5,910.41,10.05,5.4,0.886,3.57,10.4,18.87,20.14,0.17,52.26,1024.85,956.3,967.4,1024.85,852.25,48.82,46.71,1.94,-1.69,0.35,19.87,6.71,1.79,-2.23,87.78,6,14,100,48.0,-0.0,48.0,0.24,46.0,-0.24,44.0,-0.23,51.0,0.82,MIXED,44.62,MIXED,Trend + Momentum + Volume + Structure,None material,1.18,5.05,1013.7,1052.48,910.41,HIGH,483030785.0,NOT_AVAILABLE,NOT_AVAILABLE,,251,235
252,FMGOETZE,2026-08-31,624.85,Bullish,66.11,61.61,8,90,8/10,High,84.97,27.0,4.32,78.33,514.31,487.03,460.77,15.1296,3.2997,2.51,90.0,567.19,10.17,5.49,0.917,3.79,29.27,37.65,31.7,2.32,19.98,614.8,561.95,602.05,614.8,470.05,46.18,49.34,1.81,-1.5,0.18,12.89,8.95,1.75,-1.95,84.54,9,11,75,36.0,-0.12,46.67,-0.4,44.0,-0.1,44.0,-0.2,42.67,0.13,NEGATIVE,44.6,MIXED,Trend + Momentum + Volume + Structure,None material,1.51,6.48,634.3,665.34,561.95,HIGH,1926075639.0,NOT_AVAILABLE,NOT_AVAILABLE,,252,343
253,SUNDRMFAST,2026-08-31,1203.9,Bullish,66.08,68.55,4,70,6/10,Medium,66.01,30.16,2.5,21.67,1169.32,1069.46,957.79,-8.6619,-2.0221,0.75,61.67,1166.3,3.22,2.16,0.825,0.32,-1.26,-0.89,21.21,0.0,54.64,1225.0,1196.65,1200.0,1245.4,1196.65,45.39,50.0,1.27,-1.14,0.15,6.32,4.47,2.06,-1.7,91.36,10,8,72,54.17,0.12,54.17,0.65,58.33,1.32,55.56,2.52,62.5,3.58,POSITIVE,70.22,STRONG,Trend + Structure + VWAP + RSI,"Momentum, MACD",0.88,3.76,1214.45,1249.13,1166.3,MODERATE,304512334.0,NOT_AVAILABLE,NOT_AVAILABLE,,253,141
254,SOTL,2026-08-31,688.5,Neutral-Range,65.98,60.81,3,65,4/10,Low,54.35,32.63,4.74,41.67,679.21,631.0,496.85,-5.6357,0.27,0.28,22.5,738.33,-6.75,3.91,0.344,-0.68,0.98,-0.6,9.27,1.0,36.98,701.9,681.25,693.2,708.35,671.15,45.66,49.47,2.1,-1.67,0.2,13.82,7.76,2.05,-2.25,83.64,11,8,11,54.55,0.76,63.64,2.33,63.64,3.15,54.55,2.16,36.36,3.09,POSITIVE,76.37,STRONG,Trend + Momentum + RSI + Liquidity,VWAP,-4.74,4.74,655.87,721.13,693.2,HIGH,485715495.0,NOT_AVAILABLE,NOT_AVAILABLE,,254,365
255,FINEORG,2026-08-31,5282.8,Bullish,65.95,63.47,7,85,7/10,High,59.83,170.34,3.22,47.5,5142.96,5039.59,4764.1,13.9237,0.3359,0.98,64.17,5153.6,2.51,2.84,0.821,0.01,0.1,3.37,7.08,0.0,42.36,5312.0,5187.0,5282.5,5357.0,5080.8,42.76,52.76,1.57,-1.23,0.03,8.29,7.63,1.44,-2.02,86.46,6,11,100,45.0,0.23,53.0,0.28,47.0,0.19,45.0,0.65,44.0,0.36,MIXED,50.56,MIXED,Trend + Momentum + Structure + VWAP,None material,1.13,4.84,5342.42,5538.31,5153.6,HIGH,249002064.0,NOT_AVAILABLE,NOT_AVAILABLE,,255,284
256,BHARATFORG,2026-08-31,2104.9,Bullish,65.87,68.13,5,75,5/10,Medium,51.59,53.9,2.56,12.5,2085.35,2085.3,1844.87,-2.1448,5.9218,0.61,29.17,2092.23,0.61,4.56,0.344,3.3,3.13,0.57,-4.8,-0.14,73.48,2048.1,2005.4,2037.7,2067.2,2005.0,49.74,45.79,1.47,-1.38,0.18,9.87,5.39,1.84,-2.16,82.91,10,6,100,55.0,0.23,55.0,0.46,56.0,0.71,56.0,1.54,56.0,2.29,POSITIVE,63.2,POSITIVE,Trend + Structure + VWAP + Delivery,None material,0.9,3.84,2123.76,2185.75,2005.4,MODERATE,2670666784.0,NOT_AVAILABLE,NOT_AVAILABLE,,256,149
257,GENCON,2026-08-31,47.23,Bullish,65.87,56.84,7,85,7/10,High,69.17,2.22,4.71,50.83,42.13,41.21,41.98,0.795,0.108,2.35,91.67,42.7,10.61,9.0,0.941,7.05,13.62,20.61,19.21,0.73,33.42,46.13,43.16,44.12,47.0,41.15,41.45,53.55,2.87,-2.1,0.82,44.21,13.55,2.48,-2.34,92.5,7,9,100,50.0,0.65,45.0,1.24,49.0,1.08,44.0,-0.38,46.0,0.22,MIXED,50.35,MIXED,Trend + Momentum + Volume + Structure,None material,1.65,7.06,48.01,50.57,42.7,HIGH,15787884.0,NOT_AVAILABLE,NOT_AVAILABLE,,256,503
258,VIJAYA,2026-08-31,1518.4,Bullish,65.84,64.21,8,90,8/10,High,63.92,48.15,3.17,5.83,1457.58,1397.3,1207.44,-2.2157,2.4068,1.39,79.17,1457.93,4.15,5.16,0.766,4.54,2.43,0.78,12.14,0.0,55.7,1479.9,1440.0,1452.5,1508.0,1440.0,45.92,49.61,2.05,-1.53,0.08,9.74,6.97,1.85,-2.49,88.24,7,12,100,34.0,-0.33,46.0,-0.32,42.0,-0.29,47.0,-0.29,47.0,-0.46,NEGATIVE,43.83,MIXED,Trend + Momentum + Volume + Structure,None material,1.11,4.76,1535.25,1590.63,1440.0,HIGH,353358173.0,NOT_AVAILABLE,NOT_AVAILABLE,,258,263
259,LALPATHLAB,2026-08-31,1934.6,Bullish,65.76,63.2,6,80,6/10,Medium,62.51,50.92,2.63,4.17,1899.08,1816.48,1862.55,-6.0013,0.6548,0.72,57.5,1917.68,0.88,4.06,0.569,0.18,2.7,3.05,1.8,0.0,57.53,1946.8,1916.1,1931.1,1948.8,1875.1,47.5,48.16,1.41,-1.36,-0.01,6.97,5.79,1.6,-3.02,91.92,6,7,100,47.0,0.09,48.0,-0.08,56.0,0.29,57.0,0.19,50.0,-0.22,POSITIVE,56.47,MIXED,Trend + Momentum + VWAP + RSI,None material,0.92,3.95,1952.42,2010.98,1916.1,MODERATE,422172897.0,NOT_AVAILABLE,NOT_AVAILABLE,,259,291
260,AJANTPHARM,2026-08-31,3601.9,Bullish,65.75,67.8,6,80,6/10,Medium,57.41,97.53,2.71,6.67,3564.09,3447.84,3090.5,-16.0618,2.6154,0.79,53.33,3590.5,0.32,4.25,0.506,1.26,0.61,-3.13,2.5,0.44,52.09,3596.0,3541.6,3557.0,3666.9,3500.7,47.76,47.76,1.56,-1.31,0.16,7.5,6.32,1.97,-1.82,90.0,13,8,100,52.0,0.23,59.0,0.56,55.0,0.37,54.0,0.45,51.0,0.24,POSITIVE,56.43,MIXED,Trend + Momentum + Structure + RSI,None material,0.95,4.06,3636.03,3748.19,3541.6,MODERATE,281991070.0,NOT_AVAILABLE,NOT_AVAILABLE,,260,157
261,SHRIRAMFIN,2026-08-31,1109.9,Bullish,65.72,68.47,6,80,7/10,High,53.07,28.67,2.58,13.33,1105.41,1072.13,1005.75,-5.9686,0.371,1.51,90.0,1121.39,-1.02,4.58,0.532,2.12,-0.81,-1.08,1.81,-0.63,69.48,1106.7,1083.2,1086.9,1142.0,1083.2,49.21,46.05,1.76,-1.74,0.04,10.79,7.37,1.87,-3.56,68.61,8,7,66,45.45,-0.26,45.45,-0.53,45.45,0.04,59.09,1.15,60.61,1.61,MIXED,56.35,MIXED,Trend + Momentum + Volume + Structure,VWAP,0.9,3.87,1119.93,1152.9,1083.2,MODERATE,4341153120.0,NOT_AVAILABLE,NOT_AVAILABLE,,261,142
262,UNIMECH,2026-08-31,1490.0,Neutral-Range,65.71,68.05,2,60,4/10,Low,62.75,60.74,4.08,5.0,1443.16,1325.65,1115.26,-7.5809,-1.7173,1.09,66.67,1435.53,3.79,6.15,0.744,-0.87,-0.63,-1.41,18.27,-0.21,30.96,1511.7,1482.5,1503.1,1529.0,1435.0,43.63,53.3,2.62,-2.02,0.45,29.48,9.2,2.12,-2.97,85.93,7,7,32,40.62,0.15,56.25,1.13,68.75,2.08,65.62,4.58,81.25,7.25,STRONG,82.03,STRONG,Trend + VWAP + RSI + Liquidity,"Momentum, MACD",-4.08,4.08,1429.26,1550.74,1503.1,HIGH,419471923.0,NOT_AVAILABLE,NOT_AVAILABLE,,262,151
263,WINDLAS,2026-08-31,994.2,Bullish,65.71,64.22,5,75,6/10,Medium,64.57,41.18,4.14,79.17,949.2,902.25,854.92,3.3173,-1.2121,0.34,9.17,946.89,5.0,3.0,0.817,-0.44,0.25,6.51,14.57,0.0,50.14,1004.9,978.05,998.55,1035.9,965.45,45.79,49.74,2.26,-1.73,0.27,18.16,8.29,1.87,-2.22,89.17,7,8,13,53.85,1.17,46.15,0.25,38.46,-2.62,76.92,4.46,53.85,2.2,NEGATIVE,62.74,POSITIVE,Trend + Momentum + Structure + VWAP,Delivery,1.45,6.21,1008.61,1055.97,946.89,HIGH,211655742.0,NOT_AVAILABLE,NOT_AVAILABLE,,262,262
264,CGCL,2026-08-31,256.46,Bullish,65.71,63.14,7,85,7/10,High,62.81,10.86,4.24,80.83,239.0,231.79,206.48,3.2816,0.2594,0.57,29.17,244.86,4.74,3.79,0.848,-0.59,9.45,13.36,12.74,0.0,32.96,263.56,244.1,257.98,263.56,223.32,43.03,52.24,1.97,-1.7,0.12,11.71,7.63,2.15,-3.45,83.05,6,7,69,46.38,-0.2,50.72,-0.15,46.38,-0.03,52.17,0.13,50.72,0.55,MIXED,49.89,MIXED,Trend + Momentum + Structure + VWAP,None material,1.48,6.35,260.26,272.76,244.1,HIGH,1611541948.0,NOT_AVAILABLE,NOT_AVAILABLE,,262,293
265,PCJEWELLER,2026-08-31,10.99,Bullish,65.67,51.96,6,80,6/10,Medium,65.5,0.46,4.21,45.83,10.31,9.86,11.25,0.1187,-0.0175,1.34,75.0,10.49,4.78,4.11,0.751,0.46,-1.17,12.26,14.0,-0.55,19.87,11.25,10.83,10.94,11.5,10.19,44.34,50.13,3.02,-2.44,0.47,30.13,9.34,2.45,-3.98,79.21,7,11,100,44.0,0.39,39.0,1.06,38.0,1.55,38.0,2.1,33.0,1.01,MIXED,56.2,MIXED,Trend + Momentum + Volume + VWAP,None material,1.47,6.31,11.15,11.68,10.49,HIGH,2778890278.0,NOT_AVAILABLE,NOT_AVAILABLE,,265,697
266,APLLTD,2026-08-31,834.9,Bullish,65.64,65.03,7,85,7/10,High,56.35,21.95,2.63,7.5,821.14,810.45,806.71,-0.5257,1.2931,1.06,68.33,824.08,1.31,3.85,0.63,2.64,2.2,1.51,3.62,-0.06,64.21,828.45,811.1,813.45,848.95,801.05,46.05,49.47,1.56,-1.4,0.09,8.16,6.58,1.84,-2.03,90.09,6,6,83,45.78,0.32,53.01,0.58,53.01,0.71,40.96,-0.26,39.76,-0.67,MIXED,49.69,MIXED,Trend + Momentum + Structure + VWAP,None material,0.92,3.94,842.58,867.83,811.1,MODERATE,108605662.0,NOT_AVAILABLE,NOT_AVAILABLE,,266,232
267,VOLTAMP,2026-08-31,10908.5,Neutral-Range,65.63,69.75,3,65,5/10,Medium,61.58,375.71,3.44,27.5,10491.05,10104.55,9332.4,71.469,-27.13,0.74,45.83,10615.05,2.76,2.81,0.591,-1.18,-3.4,9.07,8.86,0.8,53.32,11338.0,11000.0,11038.5,11699.0,10670.0,45.26,50.39,2.41,-1.88,0.33,18.42,6.84,1.84,-2.49,84.57,11,9,13,30.77,-0.66,30.77,-1.37,38.46,-1.1,76.92,6.83,92.31,8.17,NEGATIVE,75.38,STRONG,Trend + Momentum + VWAP + RSI,"Structure, Delivery",-3.44,3.44,10532.79,11284.21,11038.5,HIGH,433958800.0,NOT_AVAILABLE,NOT_AVAILABLE,,267,117
268,SAFEENTP,2026-08-31,256.7,Bullish,65.6,56.76,8,90,8/10,High,54.44,8.54,3.33,0.83,251.56,255.97,248.33,1.4959,0.3295,0.82,60.0,248.96,3.11,3.18,0.887,2.01,2.7,0.77,-1.87,1.25,81.94,259.0,248.3,251.65,259.0,245.0,43.69,50.85,2.93,-2.26,0.25,30.38,21.16,2.5,-2.61,82.56,5,8,49,38.78,0.28,30.61,-0.17,32.65,-1.05,40.82,1.66,44.9,2.25,NEGATIVE,43.15,MIXED,Trend + Momentum + Structure + VWAP,None material,1.16,4.99,259.69,269.51,248.3,HIGH,10923108.0,NOT_AVAILABLE,NOT_AVAILABLE,,268,506
269,GAEL,2026-08-31,176.92,Bullish,65.58,62.11,7,85,7/10,High,55.66,7.38,4.17,85.0,172.0,166.33,149.43,-0.9615,0.3556,1.64,85.0,175.19,0.99,6.37,0.596,5.95,-2.04,2.41,-2.08,0.6,31.7,170.57,165.56,166.98,184.54,165.56,46.45,49.21,1.88,-1.79,0.09,10.26,7.24,1.96,-3.22,90.23,8,8,81,56.79,0.35,54.32,0.43,53.09,0.33,46.91,-0.45,41.98,-2.05,MIXED,49.52,MIXED,Trend + Momentum + Volume + Structure,None material,1.46,6.26,179.5,187.99,165.56,HIGH,238633801.0,NOT_AVAILABLE,NOT_AVAILABLE,,269,329
270,TATACOMM,2026-08-31,1723.4,Bullish,65.57,60.57,7,85,7/10,High,48.75,48.08,2.79,0.83,1715.54,1760.83,1733.65,6.0563,3.2801,1.27,80.83,1711.26,0.71,2.54,0.579,1.69,2.07,0.67,-3.19,0.02,52.57,1704.0,1678.1,1694.7,1710.9,1640.2,46.18,49.08,1.41,-1.32,0.13,5.13,5.26,2.01,-1.69,83.11,7,8,100,49.0,0.02,47.0,-0.03,48.0,0.53,44.0,0.04,46.0,-0.63,MIXED,49.48,MIXED,Momentum + Volume + Structure + VWAP,None material,0.98,4.18,1740.23,1795.52,1678.1,MODERATE,438310566.0,NOT_AVAILABLE,NOT_AVAILABLE,,270,376
271,SPAL,2026-08-31,1050.25,Bullish,65.53,58.99,9,95,9/10,High,60.61,50.78,4.83,57.5,982.16,978.26,866.2,9.3078,5.4099,1.94,90.83,1001.01,4.92,5.24,0.848,2.76,11.57,12.63,6.23,2.74,29.38,1049.9,980.0,1022.0,1049.9,867.8,44.61,51.05,2.55,-1.96,0.24,16.18,11.18,2.05,-1.88,88.43,6,8,100,35.0,-0.36,37.0,-0.58,37.0,-0.9,39.0,-0.37,31.0,0.66,NEGATIVE,36.52,NEGATIVE,Trend + Momentum + Volume + Structure,None material,1.69,7.25,1068.02,1126.42,980.0,HIGH,135440332.0,NOT_AVAILABLE,NOT_AVAILABLE,,271,436
272,PRUDENT,2026-08-31,3674.4,Bullish,65.48,63.53,7,85,7/10,High,73.31,160.1,4.36,84.17,3351.82,3179.73,2825.78,10.5473,16.1562,0.92,63.33,3361.99,9.29,21.62,0.506,7.4,10.12,10.08,9.38,-0.5,55.76,3485.0,3361.6,3421.3,3509.9,3283.1,47.76,47.76,2.34,-1.94,0.16,19.21,8.29,1.74,-2.68,89.03,8,16,100,47.0,-0.01,40.0,-0.46,51.0,-0.56,50.0,0.28,52.0,0.69,MIXED,49.23,MIXED,Trend + Momentum + Structure + VWAP,None material,1.53,6.54,3730.44,3914.55,3361.6,HIGH,157615972.0,NOT_AVAILABLE,NOT_AVAILABLE,,272,283
273,FCL,2026-08-31,50.79,Bullish,65.47,55.2,7,85,7/10,High,68.28,2.7,5.31,47.5,45.71,42.06,60.69,0.5876,-0.0258,1.18,64.17,45.81,10.88,6.68,0.898,1.52,2.36,17.0,29.34,0.48,37.42,50.49,47.81,50.03,51.38,47.2,45.13,50.39,2.3,-2.13,0.26,16.84,7.24,2.35,-4.17,81.45,6,8,100,41.0,-0.03,40.0,-0.05,44.0,0.42,41.0,0.69,43.0,1.0,MIXED,49.19,MIXED,Trend + Momentum + Volume + Structure,None material,1.86,7.96,51.73,54.83,45.81,VERY_HIGH,670406138.0,NOT_AVAILABLE,NOT_AVAILABLE,,273,563
274,DIACABS,2026-08-31,347.3,Neutral-Range,65.46,62.65,3,65,4/10,Low,59.27,16.86,4.86,16.67,341.21,300.96,222.83,-6.3565,0.4022,0.47,25.83,350.45,-0.9,3.43,0.561,-0.6,-1.67,-3.5,7.57,-0.11,,353.0,335.0,349.4,364.95,325.8,57.76,37.89,2.63,-2.49,0.7,47.11,13.95,2.37,-3.31,46.65,29,11,100,45.0,-0.74,51.0,0.23,57.0,2.2,57.0,5.04,56.0,5.92,POSITIVE,74.9,STRONG,Trend + Momentum + RSI + Liquidity,VWAP,-4.86,4.86,330.44,364.16,349.4,HIGH,449785631.0,NOT_AVAILABLE,NOT_AVAILABLE,,274,312
275,SHYAMMETL,2026-08-31,1093.5,Bullish,65.44,67.4,6,80,6/10,Medium,70.74,29.8,2.73,22.5,1024.15,1001.79,925.15,10.6609,2.0636,0.78,40.83,1033.8,5.78,2.33,0.876,-0.57,9.24,10.8,6.67,0.69,40.81,1111.0,1039.6,1099.8,1111.0,984.2,47.89,47.76,1.74,-1.44,0.12,9.74,8.29,1.91,-1.79,85.29,8,6,100,46.0,0.12,48.0,0.02,45.0,0.16,56.0,1.14,57.0,1.38,MIXED,55.55,MIXED,Trend + Momentum + Structure + VWAP,None material,0.95,4.09,1103.93,1138.2,1033.8,MODERATE,637367688.0,NOT_AVAILABLE,NOT_AVAILABLE,,275,170
276,CLSEL,2026-08-31,300.65,Neutral-Range,65.42,64.13,3,65,4/10,Low,56.51,12.48,4.15,40.0,292.24,286.89,278.67,1.5542,-0.2794,0.75,66.67,305.98,-1.74,5.77,0.557,2.59,-3.87,6.76,2.86,0.65,41.17,299.0,291.25,293.05,324.8,288.9,45.53,49.74,2.09,-1.74,0.29,17.63,8.95,2.22,-2.19,87.93,9,12,16,31.25,-0.53,43.75,1.25,56.25,2.25,62.5,2.3,62.5,5.81,POSITIVE,74.76,STRONG,Trend + Momentum + Structure + RSI,VWAP,-4.15,4.15,288.17,313.13,293.05,HIGH,82327487.0,NOT_AVAILABLE,NOT_AVAILABLE,,276,267
277,VGUARD,2026-08-31,346.35,Bullish,65.38,58.07,9,95,9/10,High,67.99,10.6,3.06,44.17,328.63,319.75,325.26,0.2076,0.7488,1.52,87.5,328.71,5.37,5.52,0.917,3.93,4.46,0.7,10.06,-0.08,55.79,337.95,330.05,333.25,337.95,327.15,45.13,50.13,1.37,-1.17,0.16,8.95,5.26,1.74,-2.12,91.49,7,12,100,41.0,-0.23,43.0,-0.59,43.0,-0.68,39.0,-1.22,41.0,-1.07,NEGATIVE,36.1,NEGATIVE,Trend + Momentum + Volume + Structure,None material,1.07,4.59,350.06,362.26,328.71,HIGH,388254498.0,NOT_AVAILABLE,NOT_AVAILABLE,,277,461
278,TTKHLTCARE,2026-08-31,1159.7,Bullish,65.34,65.03,6,80,6/10,Medium,64.48,53.44,4.61,77.5,1094.71,1040.31,1003.37,-1.5408,3.3415,2.61,90.83,1112.67,4.23,7.14,0.728,2.25,4.23,1.87,10.53,0.86,45.03,1150.9,1081.0,1134.2,1150.9,1075.5,43.68,51.84,1.44,-1.19,0.28,21.05,7.37,1.52,-1.8,93.54,12,9,51,49.02,-0.06,47.06,0.6,50.98,0.67,54.9,0.13,64.71,1.08,MIXED,55.26,MIXED,Trend + Momentum + Volume + Structure,None material,1.61,6.91,1178.41,1239.87,1081.0,HIGH,42803581.0,NOT_AVAILABLE,NOT_AVAILABLE,,278,232
279,CHALET,2026-08-31,903.95,Bullish,65.31,65.46,7,85,7/10,High,66.68,26.18,2.9,25.0,866.17,841.38,829.7,6.525,-0.6938,1.15,79.17,876.44,3.14,3.19,0.813,0.31,3.96,7.01,10.04,-0.12,48.17,925.1,894.75,901.2,925.1,851.5,46.05,49.47,1.7,-1.41,0.14,9.87,7.24,1.83,-1.94,88.84,7,11,100,46.0,0.15,46.0,-0.0,53.0,0.11,48.0,-0.51,37.0,-0.84,MIXED,48.75,MIXED,Trend + Momentum + Volume + Structure,None material,1.01,4.34,913.11,943.22,876.44,MODERATE,167307072.0,NOT_AVAILABLE,NOT_AVAILABLE,,279,217
280,NEULANDLAB,2026-08-31,23010.0,Neutral-Range,65.25,73.39,1,55,4/10,Low,60.65,685.85,2.98,1.67,22482.08,20724.55,17135.34,-134.075,-39.8838,0.37,12.5,22296.91,3.2,2.19,0.816,-0.84,0.46,-2.75,16.95,0.26,52.17,23876.0,23100.0,23205.0,23876.0,22637.0,47.24,48.42,2.57,-1.92,0.26,16.97,6.58,2.04,-2.85,84.54,7,6,100,53.0,0.33,65.0,0.87,67.0,2.15,82.0,6.6,84.0,8.91,STRONG,87.15,STRONG,Trend + VWAP + RSI + Liquidity,"Momentum, MACD, Delivery",-2.98,2.98,22324.15,23695.85,23205.0,MODERATE,2522011875.0,NOT_AVAILABLE,NOT_AVAILABLE,,280,61
281,NRAIL,2026-08-31,510.0,Neutral-Range,65.25,66.56,3,65,4/10,Low,54.74,20.45,4.01,15.0,502.61,484.63,453.29,-2.9237,0.3185,0.34,30.0,520.7,-2.06,3.99,0.366,2.51,-1.7,0.02,4.48,0.0,70.38,510.0,492.35,497.5,525.0,492.35,45.53,49.61,2.33,-1.98,0.56,34.74,14.87,2.26,-2.04,90.44,8,10,18,50.0,0.14,38.89,0.69,55.56,1.22,72.22,2.42,72.22,2.82,POSITIVE,74.28,STRONG,Trend + Momentum + RSI + Delivery,VWAP,-4.01,4.01,489.55,530.45,497.5,HIGH,10497732.0,NOT_AVAILABLE,NOT_AVAILABLE,,280,188
282,KIRIINDUS,2026-08-31,530.9,Bullish,65.2,57.6,8,90,8/10,High,72.08,23.57,4.44,77.5,461.51,432.75,445.44,7.5252,1.2852,2.55,94.17,473.11,12.21,7.47,0.956,7.71,5.67,29.35,24.74,1.65,25.39,497.0,482.5,492.9,528.0,473.15,45.79,49.87,2.34,-1.88,0.19,12.24,8.42,1.94,-2.31,84.51,7,9,100,42.0,-0.13,42.0,-0.15,45.0,-0.16,43.0,-0.79,53.0,1.69,MIXED,42.0,NEGATIVE,Trend + Momentum + Volume + Structure,None material,1.55,6.66,539.15,566.26,473.11,HIGH,567268724.0,NOT_AVAILABLE,NOT_AVAILABLE,,282,476
283,POLICYBZR,2026-08-31,1875.0,Bullish,65.19,66.21,7,85,7/10,High,72.92,49.24,2.63,4.17,1754.78,1686.43,1652.51,9.1379,1.2647,0.86,57.5,1733.85,8.14,4.34,1.0,3.51,5.04,8.5,13.64,-0.03,76.56,1844.8,1804.8,1811.5,1875.0,1773.5,48.03,47.24,2.02,-1.75,0.07,10.92,9.87,2.01,-1.97,84.74,9,13,100,45.0,-0.01,43.0,-0.25,41.0,-0.45,48.0,1.01,55.0,1.77,NEGATIVE,48.39,MIXED,Trend + Momentum + Structure + VWAP,None material,0.92,3.94,1892.23,1948.86,1733.85,MODERATE,2322441195.0,NOT_AVAILABLE,NOT_AVAILABLE,,283,201
284,RAMRAT,2026-08-31,563.7,Neutral-Range,65.16,62.92,3,65,4/10,Low,71.07,25.03,4.44,28.33,497.39,459.43,443.41,9.9564,-0.4555,0.88,65.83,528.22,6.72,6.1,0.79,-4.76,16.02,20.58,31.11,-1.01,40.05,602.45,562.1,591.9,602.45,475.0,49.08,46.58,2.09,-1.88,0.26,20.26,10.53,2.12,-2.53,88.83,8,9,100,53.0,0.71,58.0,1.75,60.0,2.09,54.0,2.69,59.0,3.78,POSITIVE,74.02,STRONG,Trend + Momentum + VWAP + Liquidity,Gap,-4.44,4.44,538.67,588.73,591.9,HIGH,277653806.0,NOT_AVAILABLE,NOT_AVAILABLE,,284,303
285,ASAHIINDIA,2026-08-31,952.05,Bullish,65.13,69.39,4,70,5/10,Medium,59.98,24.14,2.54,0.83,935.67,911.57,886.43,0.3667,-0.8186,0.53,55.83,936.55,1.66,2.39,0.769,-0.07,-1.05,2.24,6.13,-0.4,56.64,968.1,944.0,952.7,970.0,941.15,45.0,50.53,1.81,-1.46,0.15,8.82,6.84,1.6,-1.91,86.62,8,6,14,50.0,0.88,57.14,0.85,64.29,1.37,50.0,1.76,71.43,3.03,POSITIVE,67.52,POSITIVE,Trend + Momentum + VWAP + RSI,Delivery,0.89,3.8,960.5,988.26,936.55,MODERATE,244862474.0,NOT_AVAILABLE,NOT_AVAILABLE,,285,124
286,KRISHIVAL,2026-08-31,410.95,Bullish,65.09,65.11,6,80,6/10,Medium,56.84,13.43,3.27,85.0,399.18,394.98,378.69,2.073,0.1791,0.47,33.33,388.61,5.75,1.46,0.608,0.17,0.6,0.65,5.55,0.2,89.23,411.95,404.35,410.25,411.95,389.55,46.33,42.33,2.18,-2.11,0.36,28.83,17.67,3.1,-3.56,53.85,10,9,100,46.0,-0.13,46.0,-0.2,44.0,-0.08,59.0,0.95,54.0,1.17,NEGATIVE,54.53,MIXED,Trend + Momentum + VWAP + RSI,None material,1.14,4.9,415.65,431.1,388.61,HIGH,14711165.0,NOT_AVAILABLE,NOT_AVAILABLE,,286,228
287,GOLDCASE,2026-08-31,24.22,Neutral-Range,65.06,69.81,3,65,6/10,Medium,53.94,0.73,3.02,29.17,24.18,23.6,22.44,0.0027,-0.0739,1.28,82.5,24.07,0.63,5.78,0.58,-2.73,-4.38,0.67,8.56,2.01,59.9,25.35,24.55,24.9,25.93,24.42,53.67,39.0,0.97,-0.96,1.34,57.88,5.62,2.35,-2.33,91.74,7,4,100,56.0,0.1,63.0,0.68,63.0,0.98,74.0,1.72,73.0,2.59,POSITIVE,73.75,STRONG,Trend + Momentum + VWAP + RSI,"Volume, Structure, Delivery",-3.02,3.02,23.49,24.95,24.9,HIGH,276403313.0,NOT_AVAILABLE,NOT_AVAILABLE,,287,116
288,SUDARSCHEM,2026-08-31,1266.8,Bullish,64.96,65.33,6,80,6/10,Medium,73.34,45.1,3.56,0.83,1166.53,1078.65,999.86,9.3712,-0.8347,1.21,75.0,1152.13,9.95,3.17,0.969,0.79,2.48,15.91,18.58,0.42,63.51,1264.7,1232.1,1256.9,1264.7,1197.6,46.18,48.82,2.08,-1.64,0.2,12.5,8.29,2.12,-2.15,84.04,8,6,100,42.0,0.03,51.0,0.05,45.0,0.0,54.0,1.13,60.0,2.35,MIXED,54.17,MIXED,Trend + Volume + Structure + VWAP,None material,1.25,5.34,1282.58,1334.45,1152.13,HIGH,756636161.0,NOT_AVAILABLE,NOT_AVAILABLE,,288,222
289,INOXINDIA,2026-08-31,2134.2,Bullish,64.93,59.7,6,80,6/10,Medium,65.55,88.83,4.16,26.67,1988.35,1911.9,1571.47,21.1629,3.5365,0.82,56.67,2097.2,1.76,3.91,0.699,0.38,9.93,9.4,11.13,0.61,36.42,2267.9,2115.2,2126.2,2267.9,1880.3,47.11,48.7,1.89,-1.53,0.11,10.55,8.38,1.88,-2.15,87.84,8,7,94,39.36,0.14,43.62,0.19,44.68,0.88,39.36,1.54,47.87,2.79,MIXED,54.09,MIXED,Trend + Momentum + VWAP + RSI,None material,1.46,6.24,2165.29,2267.44,2097.2,HIGH,835259271.0,NOT_AVAILABLE,NOT_AVAILABLE,,289,410
290,ANURAS,2026-08-31,1262.8,Bullish,64.92,59.76,7,85,7/10,High,62.92,20.48,1.62,2.5,1241.3,1249.13,1239.26,6.9819,-0.6727,0.56,24.17,1228.83,2.76,2.1,0.864,0.19,0.58,5.51,4.38,0.1,65.04,1269.0,1253.0,1260.4,1273.9,1242.0,48.16,47.24,1.14,-1.05,0.05,6.18,6.45,1.77,-1.94,94.56,11,8,100,56.0,0.28,53.0,0.2,47.0,0.22,42.0,0.15,45.0,0.29,MIXED,47.63,MIXED,Trend + Momentum + Structure + VWAP,None material,0.57,2.43,1269.97,1293.52,1228.83,LOW,367743579.0,NOT_AVAILABLE,NOT_AVAILABLE,,290,406
291,GAIL,2026-08-31,177.5,Bullish,64.85,65.24,9,95,9/10,High,56.81,3.57,2.01,5.83,174.01,172.8,169.58,0.0072,0.3453,1.49,92.5,174.79,1.55,4.19,0.943,3.74,2.16,3.14,1.84,0.64,80.53,172.44,170.11,171.1,176.29,170.11,48.03,47.5,1.5,-1.38,0.12,9.34,6.45,1.81,-2.18,73.66,7,8,100,42.0,-0.24,40.0,-0.5,36.0,-1.1,43.0,-0.92,47.0,-0.96,NEGATIVE,34.57,NEGATIVE,Trend + Momentum + Volume + Structure,None material,0.7,3.01,178.75,182.85,170.11,MODERATE,1524856845.0,NOT_AVAILABLE,NOT_AVAILABLE,,291,223
292,CARTRADE,2026-08-31,2991.5,Bullish,64.82,66.63,4,70,5/10,Medium,57.46,119.18,3.98,9.17,2932.64,2756.23,2375.99,10.9981,-9.2044,0.97,75.0,2975.53,0.54,4.45,0.534,-0.77,-4.69,6.96,6.71,0.0,46.62,3079.0,3001.0,3014.6,3254.0,3001.0,47.24,48.42,2.67,-2.05,0.17,12.24,7.63,1.92,-2.23,88.46,7,7,100,49.0,0.22,55.0,0.97,55.0,1.27,54.0,2.1,72.0,5.89,POSITIVE,66.63,POSITIVE,Trend + Momentum + VWAP + RSI,Structure,1.39,5.98,3033.21,3170.27,2975.53,HIGH,1096271038.0,NOT_AVAILABLE,NOT_AVAILABLE,,292,184
293,BIKAJI,2026-08-31,625.7,Bullish,64.82,61.87,6,80,6/10,Medium,53.51,13.1,2.09,5.0,618.03,629.86,659.38,2.1051,1.0675,0.9,59.17,617.57,1.32,1.94,0.443,1.12,3.77,1.96,-3.74,0.84,58.51,624.2,612.0,618.8,635.9,598.1,44.47,51.05,1.56,-1.26,0.2,10.53,6.18,1.9,-2.14,86.34,6,8,100,40.0,-0.24,46.0,-0.46,51.0,-0.41,56.0,0.74,49.0,1.03,MIXED,53.77,MIXED,Momentum + Structure + VWAP + RSI,None material,0.73,3.14,630.28,645.35,612.0,MODERATE,95391578.0,NOT_AVAILABLE,NOT_AVAILABLE,,292,335
294,EBGNG,2026-08-31,612.5,Bullish,64.82,61.75,6,80,6/10,Medium,57.2,30.93,5.05,7.5,585.38,559.38,454.87,3.393,-0.0792,0.66,41.67,574.92,6.54,3.47,0.834,-3.56,1.52,3.29,14.44,-0.8,49.39,638.25,578.0,635.1,638.25,572.0,46.79,48.57,2.89,-2.23,0.55,28.93,12.5,2.57,-2.36,87.51,7,7,63,46.03,0.33,41.27,-0.11,36.51,-0.19,55.56,1.83,55.56,2.55,NEGATIVE,53.78,MIXED,Trend + Momentum + Structure + VWAP,None material,1.77,7.58,623.33,658.9,574.92,VERY_HIGH,369354937.0,NOT_AVAILABLE,NOT_AVAILABLE,,292,338
295,CYIENT,2026-08-31,1174.8,Bullish,64.81,57.05,7,85,7/10,High,86.9,42.19,3.59,65.0,954.35,906.56,969.86,30.5893,5.5663,1.54,79.17,1004.87,16.91,9.99,0.951,6.08,29.23,35.35,36.84,0.35,26.99,1114.5,1039.2,1107.45,1114.5,894.1,45.0,50.53,1.71,-1.56,0.18,9.74,7.5,2.06,-2.32,80.18,9,8,100,48.0,0.1,52.0,0.45,45.0,0.25,43.0,0.13,41.0,0.68,MIXED,47.32,MIXED,Trend + Momentum + Volume + Structure,None material,1.26,5.39,1189.57,1238.08,1004.87,HIGH,1664895644.0,NOT_AVAILABLE,NOT_AVAILABLE,,295,495
296,MVKAGRO,2026-08-31,194.5,Neutral-Range,64.77,46.8,3,65,6/10,Medium,32.42,13.14,6.75,71.67,222.63,298.36,349.54,3.0231,2.5048,4.09,93.33,195.51,-0.52,2.97,0.308,4.99,15.46,-10.6,-34.54,4.99,84.27,185.25,185.25,185.25,185.25,152.05,35.2,58.04,12.4,-2.37,2.98,23.78,31.47,16.44,-3.0,72.52,5,10,12,66.67,1.44,66.67,2.22,50.0,2.95,58.33,6.63,50.0,10.85,MIXED,72.92,STRONG,Momentum + Volume + Structure + MACD,"Trend, VWAP, RSI",-6.75,6.75,181.36,207.64,185.25,VERY_HIGH,42362857.0,NOT_AVAILABLE,NOT_AVAILABLE,,296,911
297,GMMPFAUDLR,2026-08-31,1042.45,Bullish,64.76,57.04,6,80,6/10,Medium,70.28,35.66,3.42,50.83,986.43,918.34,936.03,-4.3369,0.5648,0.55,39.17,990.61,5.23,6.13,0.845,1.53,5.37,-1.33,21.43,-0.06,50.76,1043.0,1015.0,1026.7,1043.0,981.0,41.32,54.08,1.46,-1.22,0.12,9.21,6.05,1.55,-2.07,84.77,7,10,20,50.0,0.48,60.0,0.91,65.0,0.73,50.0,-1.14,20.0,-2.79,STRONG,53.61,MIXED,Trend + Momentum + Structure + VWAP,None material,1.2,5.13,1054.93,1095.94,990.61,HIGH,487245863.0,NOT_AVAILABLE,NOT_AVAILABLE,,297,496
298,SAMBHV,2026-08-31,127.91,Bullish,64.74,62.88,5,75,5/10,Medium,57.36,5.3,4.14,45.0,124.39,119.98,111.22,0.1556,-0.0715,1.07,65.83,124.99,2.34,6.41,0.678,0.39,-2.49,6.7,6.63,0.01,30.57,128.18,123.5,127.41,133.1,123.0,45.0,50.33,2.39,-1.88,0.24,17.0,8.67,2.03,-2.55,79.29,7,5,45,37.78,0.28,42.22,-0.36,55.56,0.57,60.0,0.56,46.67,-0.44,POSITIVE,59.97,POSITIVE,Trend + Momentum + VWAP + RSI,None material,1.45,6.21,129.76,135.86,123.5,HIGH,251609063.0,NOT_AVAILABLE,NOT_AVAILABLE,,298,304
299,KABRAEXTRU,2026-08-31,600.3,Neutral-Range,64.73,61.89,3,65,4/10,Low,72.66,30.7,5.11,51.67,529.16,434.48,313.1,2.0269,-1.6186,0.42,22.5,519.21,15.62,3.96,0.884,-0.53,-1.77,15.33,43.41,0.55,50.41,612.15,578.3,603.5,625.15,567.0,42.11,53.42,2.58,-1.88,0.19,17.5,11.45,1.88,-2.11,88.57,7,7,87,40.23,0.25,54.02,1.73,55.17,2.4,52.87,4.49,58.62,7.66,POSITIVE,72.81,STRONG,Trend + Structure + VWAP + Liquidity,Delivery,-5.11,5.11,569.6,631.0,603.5,VERY_HIGH,260422807.0,NOT_AVAILABLE,NOT_AVAILABLE,,299,334
300,CUPID,2026-08-31,280.46,Neutral-Range,64.72,64.74,2,60,4/10,Low,61.43,12.72,4.54,37.5,271.24,239.93,220.21,-2.9934,-0.2602,0.34,4.17,275.01,1.98,2.97,0.718,-0.66,-2.08,4.92,21.44,0.54,41.31,287.94,274.25,282.33,291.9,272.11,51.45,43.95,2.77,-2.42,0.37,29.47,8.95,2.37,-5.42,83.54,15,9,99,48.48,0.5,62.63,1.76,62.63,2.7,63.64,6.66,67.68,10.8,POSITIVE,79.19,STRONG,Trend + VWAP + RSI + Liquidity,"Momentum, MACD",-4.54,4.54,267.74,293.18,282.33,HIGH,8724142022.0,NOT_AVAILABLE,NOT_AVAILABLE,,300,246
301,NAVA,2026-08-31,568.1,Bullish,64.72,59.32,4,70,4/10,Low,48.88,18.03,3.17,30.83,567.63,579.08,593.65,0.9479,0.4239,0.84,63.33,570.85,-0.48,2.52,0.415,0.58,0.19,1.51,-2.03,0.5,54.61,586.4,559.0,564.85,586.4,554.4,47.89,47.63,2.15,-1.95,0.16,13.55,7.11,1.79,-3.3,83.15,10,6,100,49.0,0.23,56.0,0.57,52.0,1.21,55.0,2.26,57.0,3.69,MIXED,66.33,POSITIVE,Momentum + MACD + Delivery + Liquidity,None material,1.11,4.76,574.41,595.14,559.0,HIGH,199564945.0,NOT_AVAILABLE,NOT_AVAILABLE,,300,423
302,RAYMOND,2026-08-31,631.85,Bullish,64.68,65.35,5,75,5/10,Medium,53.87,20.8,3.29,0.83,625.07,604.33,572.76,-2.2037,0.4485,0.66,38.33,630.66,0.19,3.29,0.576,0.8,-0.06,-2.47,4.96,0.02,40.87,630.0,612.1,626.85,645.0,611.0,41.84,53.68,2.3,-1.88,0.16,13.95,5.39,2.03,-5.37,82.75,8,9,100,41.0,-0.25,47.0,0.42,51.0,0.7,57.0,1.05,58.0,-1.62,MIXED,59.8,POSITIVE,Trend + Momentum + Structure + RSI,None material,1.15,4.94,639.13,663.05,612.1,HIGH,346918056.0,NOT_AVAILABLE,NOT_AVAILABLE,,302,220
303,ITETF,2026-08-31,32.74,Bullish,64.65,64.89,4,70,4/10,Low,54.77,0.78,2.4,15.83,32.47,31.82,33.09,-0.1132,0.0244,0.57,49.17,32.9,-0.48,3.87,0.38,-1.03,1.14,0.24,-2.15,2.0,35.19,33.21,32.07,33.08,33.21,31.95,47.61,46.79,1.07,-1.04,0.57,27.77,3.69,1.85,-2.36,88.5,11,8,100,51.0,0.16,55.0,0.47,54.0,0.77,67.0,1.43,70.0,1.86,MIXED,66.15,POSITIVE,Trend + Momentum + RSI + Gap,None material,0.84,3.6,33.01,33.92,32.07,MODERATE,10011801.0,NOT_AVAILABLE,NOT_AVAILABLE,,303,241
304,IOC,2026-08-31,139.13,Bullish,64.59,63.13,4,70,4/10,Low,49.35,2.49,1.79,6.67,139.0,140.2,146.1,-0.0114,0.1328,1.75,96.67,139.55,-0.3,3.51,0.461,1.48,0.45,0.38,-3.18,-0.72,63.48,137.57,136.23,137.1,141.15,135.95,50.79,44.47,1.38,-1.42,0.18,12.5,7.11,1.89,-2.15,71.5,10,7,100,55.0,0.24,58.0,0.62,58.0,0.75,58.0,1.84,62.0,2.96,POSITIVE,65.96,POSITIVE,Volume + Structure + Delivery + Liquidity,None material,0.63,2.68,140.0,142.86,136.23,LOW,1120350651.0,NOT_AVAILABLE,NOT_AVAILABLE,,304,295
305,KAPSTON,2026-08-31,586.8,Bullish,64.57,62.76,6,80,6/10,Medium,68.89,26.0,4.43,73.33,524.86,476.33,377.46,-2.6947,4.2872,2.2,91.67,548.42,7.0,5.87,0.873,4.94,14.56,12.26,11.58,0.86,44.99,566.4,504.7,559.2,566.4,500.0,48.82,46.58,2.26,-1.86,0.75,40.39,13.82,2.8,-3.24,87.15,10,8,100,50.0,0.38,49.0,0.88,51.0,0.72,50.0,-0.04,55.0,-0.29,MIXED,53.07,MIXED,Trend + Momentum + Volume + Structure,None material,1.55,6.65,595.9,625.8,504.7,HIGH,53569851.0,NOT_AVAILABLE,NOT_AVAILABLE,,305,307
306,PRSMJOHNSN,2026-08-31,111.22,Bullish,64.52,66.26,4,70,4/10,Low,54.38,4.1,3.68,84.17,109.4,111.64,123.27,0.7022,-0.0093,0.06,3.33,110.57,0.59,1.66,0.417,0.04,3.84,5.59,2.15,0.0,48.44,111.8,111.0,111.18,113.65,106.26,42.5,51.97,1.84,-1.49,0.2,11.18,5.92,1.78,-1.99,84.97,6,8,12,66.67,0.29,75.0,0.44,83.33,0.62,66.67,-1.05,66.67,0.63,STRONG,65.78,POSITIVE,Momentum + VWAP + RSI + Liquidity,None material,1.29,5.53,112.65,117.37,110.57,HIGH,596728405.0,NOT_AVAILABLE,NOT_AVAILABLE,,306,198
307,AETHER,2026-08-31,1691.3,Bullish,64.49,65.14,5,75,6/10,Medium,67.25,55.62,3.29,3.33,1619.22,1506.42,1211.72,-1.1647,0.1952,1.32,81.67,1625.27,4.06,4.2,0.869,-0.32,1.41,5.33,12.04,0.39,44.23,1717.0,1664.0,1696.8,1717.0,1619.0,45.26,50.0,1.62,-1.28,0.15,10.39,6.18,1.77,-2.33,87.72,8,7,100,44.0,0.4,53.0,0.91,50.0,0.92,52.0,1.22,63.0,2.5,MIXED,59.26,POSITIVE,Trend + Momentum + Structure + VWAP,Volume,1.15,4.93,1710.77,1774.73,1625.27,HIGH,437917833.0,NOT_AVAILABLE,NOT_AVAILABLE,,307,227
308,VMM,2026-08-31,110.64,Bullish,64.45,59.17,6,80,6/10,Medium,53.15,3.33,3.01,50.0,108.54,111.06,118.44,0.6613,0.1228,0.91,57.5,110.54,0.09,4.52,0.636,3.4,-2.52,4.87,-0.5,0.17,53.68,108.5,107.0,107.0,115.4,107.0,45.03,51.5,1.75,-1.49,0.11,10.39,9.01,2.18,-2.29,83.76,7,6,100,46.0,-0.24,52.0,-0.03,51.0,-0.04,53.0,0.37,48.0,0.71,MIXED,52.72,MIXED,Momentum + Structure + RSI + MACD,None material,1.05,4.51,111.8,115.63,107.0,HIGH,1844439500.0,NOT_AVAILABLE,NOT_AVAILABLE,,308,427
309,AGARWALEYE,2026-08-31,513.2,Bullish,64.43,63.99,6,80,6/10,Medium,56.78,16.04,3.13,32.5,504.13,494.1,471.1,-1.3964,0.9798,0.67,54.17,511.16,0.4,3.33,0.334,1.06,3.09,2.31,6.19,0.1,61.15,512.7,489.5,507.8,512.7,489.5,47.62,49.12,1.55,-1.34,-0.08,10.53,10.53,1.87,-2.37,89.39,7,8,73,50.68,0.31,49.32,0.22,54.79,0.12,50.68,0.07,45.21,-0.44,MIXED,52.67,MIXED,Trend + Momentum + Structure + RSI,None material,1.09,4.69,518.81,537.26,489.5,HIGH,1470608002.0,NOT_AVAILABLE,NOT_AVAILABLE,,309,269
310,FOSECOIND,2026-08-31,6432.0,Bullish,64.42,60.63,7,85,7/10,High,79.83,262.7,4.08,71.67,5693.08,5414.88,5099.36,91.4174,15.6266,2.02,87.5,5950.79,8.09,4.83,0.892,1.1,20.04,14.02,23.59,0.8,44.14,6580.0,6066.0,6362.0,6580.0,5257.0,43.82,51.84,1.95,-1.43,0.27,15.92,8.29,1.71,-1.85,85.48,8,9,75,46.67,-0.14,44.0,-0.11,45.33,-0.01,44.0,-0.01,45.33,0.95,MIXED,46.19,MIXED,Trend + Momentum + Volume + Structure,None material,1.43,6.13,6523.95,6826.05,5950.79,HIGH,105306156.0,NOT_AVAILABLE,NOT_AVAILABLE,,310,375
311,NH,2026-08-31,1907.2,Bullish,64.35,61.03,5,75,6/10,Medium,52.4,40.71,2.13,1.67,1884.92,1905.66,1854.97,14.1902,0.3794,0.69,37.5,1864.65,2.28,2.15,0.794,-1.29,2.55,4.3,-0.65,0.0,68.06,1940.0,1905.9,1932.1,1940.0,1824.8,46.71,48.95,1.53,-1.28,0.24,8.16,5.0,1.84,-1.97,85.07,9,8,14,50.0,0.48,57.14,0.35,78.57,0.74,42.86,-0.4,35.71,-1.05,STRONG,58.86,POSITIVE,Trend + Momentum + VWAP + RSI,Delivery,0.75,3.2,1921.45,1968.27,1864.65,MODERATE,652707379.0,NOT_AVAILABLE,NOT_AVAILABLE,,311,361
312,GOLDETF,2026-08-31,150.18,Neutral-Range,64.28,73.47,3,65,4/10,Low,55.91,2.87,1.91,39.17,149.41,145.79,138.56,0.0683,-0.418,0.99,65.83,150.26,-0.06,3.67,0.56,-2.33,-3.8,1.09,8.91,0.0,51.56,154.24,150.01,153.76,160.07,150.01,54.21,40.92,0.85,-0.8,0.43,22.89,5.13,1.86,-2.24,75.32,13,5,8,50.0,-0.12,50.0,-0.02,75.0,1.02,75.0,-0.02,75.0,1.83,STRONG,71.5,STRONG,Trend + Momentum + RSI + Liquidity,Delivery,-1.91,1.91,147.31,153.05,153.76,LOW,228309315.0,NOT_AVAILABLE,NOT_AVAILABLE,,312,59
313,JUSTDIAL,2026-08-31,710.2,Bullish,64.19,60.25,9,95,9/10,High,59.49,26.22,3.69,61.67,678.83,658.1,650.11,0.0302,3.2223,6.86,98.33,693.26,2.44,5.83,0.754,0.8,6.81,4.4,-0.06,2.19,23.88,704.55,653.35,704.55,704.55,637.3,43.42,51.84,1.85,-1.49,0.23,11.71,5.92,1.98,-2.08,80.24,11,12,88,44.32,0.45,39.77,0.46,34.09,-0.98,35.23,-0.66,36.36,-1.66,NEGATIVE,32.7,NEGATIVE,Trend + Momentum + Volume + Structure,None material,1.29,5.54,719.38,749.54,653.35,HIGH,193770696.0,NOT_AVAILABLE,NOT_AVAILABLE,,313,382
314,METROPOLIS,2026-08-31,582.35,Bullish,64.17,59.72,6,80,6/10,Medium,57.63,17.75,3.05,4.17,567.51,572.61,964.26,3.0006,0.2977,1.54,78.33,564.87,3.09,4.07,0.7,-1.04,3.37,5.74,-2.36,0.09,35.81,602.0,581.25,588.45,602.0,553.3,46.45,49.08,1.57,-1.53,-0.02,8.42,6.05,1.71,-3.63,85.95,8,8,100,47.0,0.26,56.0,0.47,47.0,0.34,53.0,0.14,57.0,0.55,MIXED,51.92,MIXED,Trend + Momentum + VWAP + RSI,None material,1.07,4.57,588.56,608.97,564.87,HIGH,152921212.0,NOT_AVAILABLE,NOT_AVAILABLE,,314,409
315,AGI,2026-08-31,776.1,Bullish,64.1,61.21,7,85,7/10,High,68.02,25.62,3.3,26.67,730.12,704.01,681.16,5.1248,0.9918,2.72,94.17,741.87,4.61,4.62,0.718,0.17,4.65,8.32,10.2,0.8,36.05,777.15,725.7,774.8,777.15,725.3,42.5,53.16,2.39,-1.82,0.26,13.68,6.05,1.93,-2.49,84.89,7,10,60,46.67,0.24,48.33,1.06,41.67,0.9,41.67,-0.62,41.67,-1.49,MIXED,45.29,MIXED,Trend + Momentum + Volume + VWAP,None material,1.16,4.95,785.07,814.54,725.7,HIGH,129766500.0,NOT_AVAILABLE,NOT_AVAILABLE,,315,357
316,IDEA,2026-08-31,14.33,Bullish,64.08,63.91,4,70,5/10,Medium,55.74,0.45,3.17,30.83,14.08,13.72,12.01,0.1117,-0.0548,0.89,57.5,14.03,2.12,4.02,0.625,-2.38,1.85,4.52,11.43,0.68,35.21,15.1,14.6,14.68,15.37,13.97,43.42,49.34,2.73,-2.21,0.45,20.26,6.84,2.4,-2.35,81.96,7,8,100,48.0,0.35,55.0,1.16,54.0,1.0,55.0,1.84,54.0,0.76,MIXED,64.51,POSITIVE,Trend + Momentum + VWAP + RSI,Structure,1.11,4.76,14.49,15.01,14.03,HIGH,6623831084.0,NOT_AVAILABLE,NOT_AVAILABLE,,316,273
317,LOKESHMACH,2026-08-31,345.25,Bullish,64.08,59.34,7,85,7/10,High,58.78,15.05,4.36,35.83,326.43,317.75,262.12,-1.995,2.8632,9.3,100.0,336.12,2.72,18.5,0.625,10.5,7.82,4.68,3.03,1.46,28.74,312.45,297.7,312.45,329.9,296.1,44.61,50.92,2.78,-2.18,0.41,29.74,15.53,2.47,-2.41,75.56,8,11,100,45.0,0.2,41.0,-0.24,38.0,-0.26,42.0,0.82,46.0,1.97,NEGATIVE,45.24,MIXED,Trend + Momentum + Volume + Structure,None material,1.53,6.54,350.52,367.83,297.7,HIGH,12716454.0,NOT_AVAILABLE,NOT_AVAILABLE,,316,421
318,KALYANIFRG,2026-08-31,914.3,Bullish,64.07,63.97,6,80,6/10,Medium,84.89,48.04,5.25,89.17,690.13,651.25,630.66,18.9278,11.9833,5.9,99.17,753.19,21.39,22.68,1.0,19.99,34.5,40.29,52.48,0.27,38.44,784.5,672.05,761.95,784.5,666.05,43.42,52.24,2.43,-1.8,0.86,40.66,15.13,2.94,-2.48,80.05,7,9,9,55.56,3.38,33.33,0.82,55.56,-0.9,44.44,1.31,66.67,3.23,MIXED,51.64,MIXED,Trend + Momentum + Volume + Structure,None material,1.84,7.88,931.11,986.36,672.05,VERY_HIGH,7682882.0,NOT_AVAILABLE,NOT_AVAILABLE,,318,270
319,EMUDHRA,2026-08-31,547.85,Neutral-Range,64.07,60.8,2,60,4/10,Low,61.28,19.24,3.51,25.0,531.95,503.59,520.0,-0.7393,-0.8991,0.31,22.5,540.24,1.41,2.51,0.814,-2.11,0.18,5.61,14.65,0.0,48.75,564.0,550.4,559.65,564.0,533.0,43.29,52.24,1.92,-1.51,0.13,14.21,9.08,1.88,-2.42,92.23,8,10,100,41.0,0.27,52.0,0.99,53.0,2.21,68.0,4.98,68.0,7.37,MIXED,77.35,STRONG,Trend + VWAP + RSI + Liquidity,"Momentum, MACD",-3.51,3.51,528.61,567.09,559.65,HIGH,107379605.0,NOT_AVAILABLE,NOT_AVAILABLE,,318,366
320,SINDHUTRAD,2026-08-31,24.98,Neutral-Range,64.0,56.49,3,65,5/10,Medium,54.31,1.11,4.45,34.17,24.52,24.66,24.21,0.1523,0.0057,1.18,73.33,24.62,1.45,2.88,0.688,-0.04,4.0,5.0,1.96,0.0,75.07,25.45,24.5,24.99,25.88,23.26,40.79,53.82,3.14,-2.28,0.38,26.84,12.37,2.26,-2.4,89.09,8,11,100,47.0,0.4,47.0,0.25,52.0,1.24,61.0,2.8,53.0,3.03,MIXED,70.71,STRONG,Trend + Momentum + VWAP + RSI,"Volume, Delivery",-4.45,4.45,23.87,26.09,24.99,HIGH,35147809.0,NOT_AVAILABLE,NOT_AVAILABLE,,320,516
321,BLUESTONE,2026-08-31,817.4,Bullish,63.98,62.94,4,70,5/10,Medium,55.63,41.03,5.02,49.17,806.15,734.37,598.52,-12.6172,1.7237,0.37,30.0,848.6,-3.68,7.63,0.303,2.86,-0.51,-2.07,1.83,-0.21,41.56,809.85,790.15,794.7,848.7,790.15,45.69,49.44,2.63,-2.02,0.36,17.98,7.12,2.04,-2.09,90.43,6,5,38,44.74,-0.19,65.79,0.81,57.89,0.41,57.89,1.77,55.26,2.33,POSITIVE,64.24,POSITIVE,Trend + Momentum + Structure + RSI,VWAP,1.76,7.53,831.76,878.94,790.15,VERY_HIGH,2925795018.0,NOT_AVAILABLE,NOT_AVAILABLE,,321,302
322,QUESS,2026-08-31,381.75,Bullish,63.96,62.39,7,85,7/10,High,73.3,15.75,4.13,74.17,342.08,311.25,268.1,2.7248,0.8659,1.24,85.0,351.84,8.5,6.21,0.918,2.55,12.74,11.01,10.64,-0.01,32.8,374.7,356.85,372.25,376.5,332.05,47.89,47.76,1.77,-1.71,0.25,16.32,5.79,1.95,-3.13,82.48,9,8,69,50.72,-0.05,40.58,-0.23,36.23,-0.61,53.62,0.22,59.42,0.75,NEGATIVE,44.89,MIXED,Trend + Momentum + Volume + Structure,None material,1.44,6.19,387.26,405.38,351.84,HIGH,290739592.0,NOT_AVAILABLE,NOT_AVAILABLE,,322,318
323,INFOBEAN,2026-08-31,161.47,Neutral-Range,63.94,54.86,3,65,4/10,Low,50.26,8.13,5.04,32.5,160.64,165.45,290.98,0.1471,0.2642,2.71,94.17,164.06,-1.58,11.1,0.251,-2.54,4.06,0.82,-6.09,6.47,22.51,183.0,155.01,165.67,183.0,154.26,42.89,52.5,2.68,-2.2,0.38,23.16,8.42,2.3,-3.08,85.82,8,9,100,48.0,0.45,49.0,1.05,52.0,2.14,51.0,2.73,51.0,3.24,MIXED,70.53,STRONG,Momentum + MACD + Gap + Liquidity,VWAP,-5.04,5.04,153.34,169.6,165.67,VERY_HIGH,117115533.0,NOT_AVAILABLE,NOT_AVAILABLE,,323,573
324,MANINFRA,2026-08-31,122.62,Bullish,63.85,57.85,6,80,6/10,Medium,71.46,4.29,3.5,11.67,111.72,108.66,116.07,1.3958,0.1886,0.9,54.17,112.84,8.67,2.52,0.948,-0.15,7.86,17.77,22.84,0.0,38.82,123.45,116.02,122.81,123.45,108.7,43.55,51.45,2.11,-1.77,0.17,13.03,8.16,2.04,-2.24,81.17,6,13,100,46.0,0.27,47.0,0.18,46.0,0.15,49.0,0.54,49.0,0.9,MIXED,51.01,MIXED,Trend + Momentum + Structure + VWAP,None material,1.22,5.25,124.12,129.06,112.84,HIGH,324740316.0,NOT_AVAILABLE,NOT_AVAILABLE,,324,469
325,HONASA,2026-08-31,480.9,Neutral-Range,63.84,65.15,3,65,4/10,Low,54.26,16.14,3.36,32.5,475.71,457.48,380.17,-1.3878,0.0505,0.7,56.67,490.35,-1.93,4.82,0.484,2.18,-2.02,-0.16,4.95,-0.56,41.75,483.8,467.2,470.65,493.0,467.2,46.27,48.62,2.07,-1.79,0.17,15.06,10.5,2.16,-2.4,83.57,7,6,100,48.0,0.16,59.0,1.07,62.0,1.46,57.0,1.94,60.0,2.78,POSITIVE,70.25,STRONG,Trend + Momentum + RSI + Liquidity,VWAP,-3.36,3.36,464.76,497.04,470.65,HIGH,1053056783.0,NOT_AVAILABLE,NOT_AVAILABLE,,325,226
326,COMSYN,2026-08-31,297.1,Bullish,63.79,62.57,5,75,5/10,Medium,74.54,15.9,5.35,67.5,267.9,231.76,179.44,-1.2671,0.2037,0.56,60.0,263.1,12.92,8.43,0.96,5.35,2.74,5.47,42.34,0.96,58.04,286.76,266.04,282.0,294.0,266.04,47.31,48.05,2.27,-1.75,0.44,30.24,14.07,2.36,-2.27,90.2,12,11,100,55.0,-0.13,53.0,0.24,53.0,0.1,53.0,1.19,57.0,4.17,MIXED,57.26,POSITIVE,Trend + Structure + VWAP + Delivery,None material,1.87,8.03,302.67,320.95,263.1,VERY_HIGH,233520784.0,NOT_AVAILABLE,NOT_AVAILABLE,,326,313
327,KOPRAN,2026-08-31,217.83,Bullish,63.79,59.31,8,90,8/10,High,66.69,10.69,4.91,35.83,196.22,191.71,173.22,2.0314,1.2158,8.11,98.33,202.32,7.67,15.45,0.75,7.96,12.35,9.07,14.48,1.11,35.65,202.35,191.0,201.76,202.35,188.0,42.5,53.03,2.48,-1.93,0.19,12.76,8.55,2.04,-2.29,85.04,6,7,72,38.89,0.2,33.33,-0.37,36.11,-0.51,40.28,-0.43,44.44,0.89,NEGATIVE,37.98,NEGATIVE,Trend + Momentum + Volume + Structure,None material,1.72,7.36,221.57,233.87,191.0,HIGH,46959625.0,NOT_AVAILABLE,NOT_AVAILABLE,,326,424
328,RAJSREESUG,2026-08-31,37.8,Bullish,63.7,52.31,7,85,7/10,High,61.23,2.26,5.99,75.83,35.24,33.57,34.13,0.1679,-0.0218,0.71,49.17,37.54,0.69,8.71,0.663,3.59,-4.74,9.6,24.38,1.4,53.05,36.92,35.76,36.49,42.0,35.1,42.63,52.5,2.63,-2.13,0.65,37.11,10.53,2.22,-2.32,86.82,8,8,100,34.0,-0.28,37.0,-0.55,37.0,-0.48,36.0,1.38,39.0,0.82,NEGATIVE,44.15,MIXED,Trend + Momentum + Structure + VWAP,None material,2.1,8.99,38.59,41.2,35.76,VERY_HIGH,5698413.0,NOT_AVAILABLE,NOT_AVAILABLE,,328,671
329,DPEL,2026-08-31,577.2,Bullish,63.68,62.98,5,75,5/10,Medium,56.85,17.41,3.02,21.67,567.23,548.68,401.27,-0.5417,0.3731,0.46,35.83,561.27,2.84,1.51,0.786,0.82,-0.13,-2.09,5.33,0.45,76.32,580.0,570.0,572.5,585.0,555.0,48.42,46.67,3.37,-2.04,0.94,38.95,9.47,2.99,-3.39,75.83,6,7,70,42.86,0.21,42.86,0.13,44.29,0.49,48.57,1.87,58.57,3.75,MIXED,56.94,MIXED,Trend + Momentum + VWAP + RSI,None material,1.06,4.52,583.29,603.31,561.27,HIGH,22970139.0,NOT_AVAILABLE,NOT_AVAILABLE,,329,299
330,GEOJITFSL,2026-08-31,83.32,Bullish,63.66,63.46,4,70,5/10,Medium,61.3,2.98,3.58,27.5,80.55,78.64,74.71,0.4055,-0.0073,1.08,65.0,80.8,3.12,3.79,0.814,-0.45,0.41,5.06,7.48,0.0,50.07,85.25,81.4,83.7,85.3,79.12,47.24,48.29,2.31,-2.04,0.14,12.5,10.53,2.07,-2.1,82.36,8,9,100,56.0,0.32,52.0,0.4,52.0,0.31,56.0,2.32,53.0,2.09,MIXED,63.32,POSITIVE,Trend + Momentum + Structure + VWAP,Delivery,1.25,5.37,84.36,87.79,80.8,HIGH,34881311.0,NOT_AVAILABLE,NOT_AVAILABLE,,330,285
331,GREENPLY,2026-08-31,290.2,Bullish,63.66,56.58,5,75,5/10,Medium,49.74,9.4,3.24,4.17,289.57,289.63,273.78,1.0535,0.0036,1.45,89.17,288.8,0.48,3.32,0.626,1.38,-0.46,1.36,0.97,0.93,53.85,293.4,283.1,286.25,297.05,283.1,45.26,50.0,2.16,-1.73,0.21,15.79,6.84,1.74,-2.2,81.85,8,7,100,52.0,0.45,50.0,0.78,42.0,0.43,48.0,2.17,51.0,3.0,MIXED,56.9,MIXED,Trend + Momentum + Volume + MACD,None material,1.13,4.86,293.49,304.29,283.1,HIGH,37416893.0,NOT_AVAILABLE,NOT_AVAILABLE,,330,514
332,SAIL,2026-08-31,195.0,Bullish,63.65,62.96,6,80,6/10,Medium,67.25,6.61,3.39,51.67,180.8,176.36,165.15,2.7195,-0.1858,0.87,52.5,182.4,6.91,2.69,0.859,-2.5,8.54,12.33,18.18,-0.95,49.84,200.96,192.55,200.0,200.96,174.71,50.66,44.61,1.83,-1.81,0.13,10.79,8.42,1.83,-1.91,68.8,8,6,11,36.36,-1.11,54.55,-0.19,54.55,0.11,36.36,0.79,54.55,-0.02,MIXED,50.42,MIXED,Trend + Momentum + Structure + VWAP,None material,1.19,5.09,197.31,204.92,182.4,HIGH,4622430802.0,NOT_AVAILABLE,NOT_AVAILABLE,,332,300
333,BSLGOLDETF,2026-08-31,135.82,Neutral-Range,63.62,73.36,2,60,4/10,Low,55.22,3.59,2.64,80.83,135.27,131.97,125.42,0.076,-0.4046,0.4,31.67,136.55,-0.53,7.53,0.557,-2.72,-3.93,0.99,8.93,0.0,47.45,140.01,137.57,139.62,144.94,136.65,53.29,41.58,0.93,-0.88,0.58,30.26,8.42,2.12,-1.89,83.47,11,5,28,46.43,0.21,53.57,0.54,60.71,0.83,85.71,1.62,85.71,2.63,POSITIVE,76.05,STRONG,Trend + Momentum + RSI + Liquidity,"Structure, VWAP",-2.64,2.64,132.23,139.41,139.62,MODERATE,139033607.0,NOT_AVAILABLE,NOT_AVAILABLE,,333,63
334,GSMFOILS,2026-08-31,123.45,Bullish,63.62,45.24,4,70,6/10,Medium,41.45,8.87,7.19,80.0,125.74,165.63,179.96,6.9889,1.3456,0.14,8.33,93.98,31.36,0.0,0.58,4.97,27.47,32.96,-28.37,4.97,100.0,117.6,117.6,117.6,117.6,92.25,47.06,45.8,5.39,-2.85,0.92,22.27,24.79,8.27,-3.57,66.61,8,18,18,38.89,-0.31,61.11,1.19,55.56,2.99,44.44,0.31,44.44,1.87,POSITIVE,63.2,POSITIVE,Momentum + Structure + VWAP + MACD,"Trend, RSI",2.52,10.78,126.56,136.76,93.98,VERY_HIGH,38342274.0,NOT_AVAILABLE,NOT_AVAILABLE,,333,976
335,ASIANHOTNR,2026-08-31,366.4,Bullish,63.56,60.74,5,75,6/10,Medium,76.82,17.68,4.83,50.0,311.27,307.41,306.9,4.8106,3.5873,10.15,100.0,338.12,8.36,21.89,0.854,15.97,21.69,22.13,20.78,-1.9,13.36,317.8,301.55,315.95,317.8,292.0,45.92,48.29,2.39,-1.93,0.64,35.79,18.95,3.05,-2.53,84.96,10,10,8,37.5,0.51,50.0,3.55,50.0,5.15,37.5,-2.41,62.5,0.72,MIXED,56.59,MIXED,Trend + Momentum + Volume + Structure,Gap,1.69,7.24,372.59,392.92,301.55,HIGH,33563451.0,NOT_AVAILABLE,NOT_AVAILABLE,,335,367
336,QMSMEDI,2026-08-31,157.21,Neutral-Range,63.55,63.66,3,65,3/10,Low,79.98,6.94,4.41,31.67,137.49,121.9,101.88,1.7098,-0.0533,0.76,45.83,135.96,15.63,3.52,0.995,3.5,7.53,13.81,39.99,0.76,,154.7,151.0,151.89,155.5,141.22,41.88,51.01,2.8,-2.18,0.42,31.81,21.48,3.04,-2.63,71.95,7,6,43,41.86,-0.19,53.49,0.72,48.84,0.35,67.44,3.08,67.44,6.35,MIXED,69.42,POSITIVE,Trend + Structure + VWAP,None material,-4.41,4.41,150.27,164.15,151.89,HIGH,6184125.0,NOT_AVAILABLE,NOT_AVAILABLE,,336,279
337,TASTYBITE,2026-08-31,10139.0,Bullish,63.53,64.88,6,80,6/10,Medium,60.82,394.14,3.89,44.17,9798.34,9268.28,8511.94,-19.0287,2.1252,0.18,10.83,9964.66,1.75,2.47,0.736,0.66,0.3,1.24,7.52,-0.01,58.47,10160.0,9800.0,10073.0,10300.0,9755.0,42.63,52.89,1.72,-1.46,0.32,18.55,6.58,1.77,-1.89,90.62,8,8,88,43.18,0.06,47.73,-0.2,42.05,-0.39,57.95,0.41,60.23,2.08,NEGATIVE,50.08,MIXED,Trend + Momentum + VWAP + RSI,None material,1.36,5.83,10276.95,10730.22,9800.0,HIGH,183023362.0,NOT_AVAILABLE,NOT_AVAILABLE,,337,242
338,ARIES,2026-08-31,474.45,Neutral-Range,63.53,59.16,3,65,4/10,Low,69.14,23.61,4.98,84.17,429.96,389.68,357.53,5.9264,-2.1424,0.22,0.83,454.48,4.39,3.19,0.762,-2.03,3.35,9.16,39.26,-0.89,57.56,497.6,465.3,484.3,517.9,433.0,45.79,49.21,2.54,-2.0,0.22,16.84,12.24,2.14,-1.96,86.45,7,8,8,50.0,0.27,75.0,0.9,100.0,3.67,50.0,-3.2,0.0,-13.29,STRONG,69.38,POSITIVE,Trend + Momentum + VWAP + RSI,Delivery,-4.98,4.98,450.84,498.06,484.3,HIGH,64504520.0,NOT_AVAILABLE,NOT_AVAILABLE,,337,429
339,JKIPL,2026-08-31,106.17,Bullish,63.5,62.83,6,80,6/10,Low,58.58,4.94,4.65,3.33,101.96,99.43,94.67,0.8549,-0.0841,2.98,90.83,102.26,3.82,4.77,0.77,1.19,1.7,9.34,9.65,0.0,92.44,109.8,104.26,104.92,109.8,100.21,42.37,52.12,3.09,-2.48,0.25,27.54,19.07,3.02,-3.28,87.05,5,6,5,20.0,-1.03,20.0,0.81,60.0,1.78,40.0,-1.03,60.0,-0.9,INSUFFICIENT,50.0,INSUFFICIENT,Trend + Momentum + Volume + VWAP,None material,1.63,6.98,107.9,113.58,102.26,HIGH,6003332.0,NOT_AVAILABLE,NOT_AVAILABLE,,339,305
340,PRESTIGE,2026-08-31,1633.0,Bullish,63.49,63.05,9,95,9/10,High,53.96,46.93,2.87,5.0,1612.02,1590.17,1519.5,1.8605,1.5208,1.4,80.83,1601.0,2.0,5.73,0.805,2.83,-0.17,2.58,-2.22,0.25,58.88,1628.5,1584.5,1588.0,1647.3,1584.5,49.61,46.05,2.05,-1.86,0.11,12.24,11.32,2.04,-2.02,77.56,8,8,100,40.0,-0.25,41.0,-0.55,46.0,-1.15,37.0,-2.19,31.0,-2.36,MIXED,30.69,NEGATIVE,Trend + Momentum + Volume + Structure,None material,1.01,4.31,1649.43,1703.4,1584.5,MODERATE,797584515.0,NOT_AVAILABLE,NOT_AVAILABLE,,340,296
341,INDIANB,2026-08-31,898.75,Bullish,63.46,64.79,8,90,8/10,High,63.03,19.94,2.22,5.83,875.42,861.15,836.73,-0.139,0.9158,1.3,85.83,881.96,1.9,3.85,0.908,1.85,3.25,1.99,6.36,-0.5,63.92,883.95,872.45,882.4,905.0,862.0,46.97,48.16,1.75,-1.45,0.16,10.39,7.24,1.67,-2.12,75.81,7,6,100,41.0,-0.2,46.0,-0.17,38.0,-0.76,43.0,-0.82,52.0,0.56,NEGATIVE,37.03,NEGATIVE,Trend + Momentum + Volume + Structure,None material,0.78,3.33,905.73,928.66,872.45,MODERATE,1118045617.0,NOT_AVAILABLE,NOT_AVAILABLE,,341,245
342,UJJIVANSFB,2026-08-31,69.11,Neutral-Range,63.38,63.85,1,55,2/10,Low,49.26,2.13,3.09,4.17,69.79,67.01,59.37,-0.7206,0.0674,0.67,33.33,70.79,-2.37,4.05,0.335,1.86,-1.68,-4.29,-2.85,-0.91,50.23,69.23,67.6,67.85,72.38,67.6,45.26,49.87,1.88,-1.56,0.19,15.26,6.71,1.86,-2.56,78.32,6,12,15,66.67,1.23,66.67,2.51,86.67,2.03,66.67,1.25,66.67,-1.0,STRONG,81.79,STRONG,Delivery + Liquidity,VWAP,-3.09,3.09,66.98,71.24,67.85,HIGH,900970513.0,NOT_AVAILABLE,NOT_AVAILABLE,,342,274
343,VRLLOG,2026-08-31,303.15,Bullish,63.37,57.23,7,85,7/10,High,69.27,9.15,3.02,26.67,287.6,271.12,279.77,-1.3075,0.6254,0.43,21.67,288.13,5.21,3.73,0.825,2.43,5.1,2.35,11.41,0.15,58.14,299.9,292.55,295.95,299.9,285.0,45.26,50.0,1.43,-1.44,0.24,14.34,6.18,1.97,-2.81,88.25,9,9,100,41.0,-0.07,45.0,-0.11,47.0,-0.21,44.0,-0.7,44.0,-1.69,MIXED,43.21,MIXED,Trend + Momentum + Structure + VWAP,None material,1.06,4.53,306.35,316.88,288.13,HIGH,176013629.0,NOT_AVAILABLE,NOT_AVAILABLE,,343,487
344,TCPLPACK,2026-08-31,3908.1,Neutral-Range,63.33,65.65,1,55,4/10,Low,58.11,185.82,4.75,74.17,3800.79,3468.45,3079.81,-42.6673,-1.4583,0.41,33.33,4234.15,-7.7,6.58,0.612,2.26,-1.61,-3.21,20.22,0.1,22.59,3871.1,3790.0,3821.7,4137.0,3790.0,44.34,51.32,2.05,-1.54,0.13,15.39,8.68,1.8,-2.18,91.43,7,6,9,22.22,-0.4,77.78,0.24,44.44,4.69,88.89,18.43,77.78,14.9,MIXED,81.67,STRONG,Trend + Structure + RSI + Liquidity,"Momentum, VWAP, MACD",-4.75,4.75,3722.28,4093.92,3821.7,HIGH,176850658.0,NOT_AVAILABLE,NOT_AVAILABLE,,344,212
345,COFORGE,2026-08-31,1985.3,Bullish,63.31,62.29,6,80,6/10,Medium,72.57,50.89,2.56,5.0,1838.89,1695.79,1790.59,6.2089,1.1913,1.03,67.5,1860.31,6.72,2.46,0.875,-1.45,6.0,9.93,12.29,0.02,49.3,2016.5,1911.0,2014.6,2016.5,1869.6,48.95,46.71,1.64,-1.73,0.13,15.0,8.03,1.88,-3.62,71.71,12,8,100,47.0,0.24,46.0,-0.12,50.0,-0.45,56.0,-0.21,58.0,1.03,MIXED,49.46,MIXED,Trend + Momentum + Structure + VWAP,None material,0.9,3.85,2003.11,2061.64,1860.31,MODERATE,3926175484.0,NOT_AVAILABLE,NOT_AVAILABLE,,345,324
346,GICL,2026-08-31,23.84,Bullish,63.26,53.2,6,80,6/10,Medium,70.55,0.98,4.11,8.33,22.39,22.56,42.36,0.0577,-0.0438,0.33,23.33,22.21,7.34,3.71,0.9,0.46,-0.21,1.97,33.71,1.14,52.58,23.89,23.11,23.73,24.2,22.65,48.69,43.79,2.93,-3.08,-0.14,32.19,30.56,3.35,-4.06,68.35,15,12,100,46.0,0.25,42.0,0.05,39.0,0.47,46.0,0.67,41.0,2.24,MIXED,49.31,MIXED,Trend + Momentum + Structure + VWAP,None material,1.44,6.16,24.18,25.31,22.21,HIGH,6434429.0,NOT_AVAILABLE,NOT_AVAILABLE,,346,637
347,IRISDOREME,2026-08-31,58.48,Neutral-Range,63.23,68.14,0,50,2/10,Low,70.17,2.02,3.45,5.0,56.23,50.97,42.01,-0.3956,-0.0045,0.25,2.5,57.08,2.44,2.45,0.768,-0.37,1.53,0.31,9.27,0.22,38.8,59.09,58.11,58.7,59.09,54.23,46.32,48.95,1.94,-1.79,0.46,34.87,11.18,2.08,-2.98,95.51,10,9,57,63.16,0.83,70.18,1.02,77.19,1.85,73.68,3.65,70.18,5.96,STRONG,87.8,STRONG,Trend + VWAP,"Momentum, MACD",-3.45,3.45,56.46,60.5,58.7,HIGH,85356050.0,NOT_AVAILABLE,NOT_AVAILABLE,,347,148
348,IGPL,2026-08-31,534.8,Bullish,63.18,60.57,6,80,6/10,Medium,69.14,21.55,4.03,35.0,492.93,471.09,434.92,5.2633,0.5233,0.98,62.5,500.47,6.86,3.94,0.888,0.45,6.74,13.11,7.68,-0.26,40.8,536.0,522.4,532.4,541.0,475.2,44.47,50.92,1.92,-1.63,0.12,8.42,8.68,1.85,-2.1,87.85,6,10,84,40.48,0.06,47.62,0.23,46.43,0.21,45.24,0.29,52.38,0.75,MIXED,49.08,MIXED,Trend + Momentum + Structure + VWAP,None material,1.41,6.04,542.34,567.13,500.47,HIGH,66919867.0,NOT_AVAILABLE,NOT_AVAILABLE,,348,376
349,DECCANCE,2026-08-31,573.1,Bullish,63.16,57.14,7,85,7/10,High,56.03,18.47,3.22,15.83,562.17,569.72,651.52,3.2373,0.0779,1.2,72.5,565.65,1.32,2.59,0.65,0.76,4.8,5.35,3.08,0.0,84.87,576.95,567.0,568.75,592.5,543.5,44.87,50.53,1.87,-1.59,0.21,14.47,6.84,1.89,-2.03,89.35,8,6,100,45.0,-0.13,49.0,-0.1,48.0,-0.36,44.0,-0.79,43.0,-1.33,MIXED,42.6,NEGATIVE,Trend + Momentum + Volume + VWAP,None material,1.13,4.83,579.56,600.8,565.65,HIGH,18313713.0,NOT_AVAILABLE,NOT_AVAILABLE,,349,491
350,MAGADSUGAR,2026-08-31,595.0,Bullish,63.14,61.36,5,75,5/10,Medium,61.12,30.74,5.17,98.33,561.71,530.11,509.39,-0.0738,0.4118,0.81,50.0,570.35,4.32,6.3,0.693,1.86,-1.01,4.27,11.23,-0.51,31.8,590.35,552.95,584.15,634.95,547.35,43.68,51.97,2.13,-1.77,0.34,17.5,6.84,2.02,-1.89,88.25,6,9,100,42.0,-0.2,46.0,0.53,52.0,0.52,51.0,0.57,53.0,-0.58,MIXED,55.41,MIXED,Trend + Momentum + Structure + VWAP,None material,1.81,7.75,605.76,641.12,552.95,VERY_HIGH,55047077.0,NOT_AVAILABLE,NOT_AVAILABLE,,350,352
351,SYNCOMF,2026-08-31,19.49,Bullish,62.93,58.08,7,85,7/10,High,80.3,0.98,5.01,85.0,16.23,15.02,14.55,0.4203,0.0406,1.39,84.17,16.99,14.69,4.06,0.881,0.15,13.45,28.06,47.76,0.62,31.6,20.38,17.26,19.46,20.38,16.3,41.32,52.24,2.73,-1.86,0.61,28.42,6.71,2.33,-2.53,86.56,8,8,59,37.29,0.01,33.9,-0.37,37.29,-0.88,38.98,0.94,44.07,1.92,NEGATIVE,41.93,NEGATIVE,Trend + Momentum + Volume + Structure,None material,1.75,7.52,19.83,20.95,16.99,VERY_HIGH,199196977.0,NOT_AVAILABLE,NOT_AVAILABLE,,351,459
352,GHCLTEXTIL,2026-08-31,134.77,Bullish,62.92,62.17,7,85,7/10,High,70.06,5.55,4.12,4.17,123.38,115.12,96.12,0.5983,0.368,1.59,80.83,123.69,8.96,4.59,0.909,3.04,8.5,12.23,17.85,0.85,39.87,132.04,125.0,130.79,132.04,118.56,45.66,49.47,2.14,-1.77,0.38,22.89,8.95,1.83,-1.9,91.8,8,12,100,46.0,-0.26,43.0,-0.56,45.0,-0.65,48.0,-0.76,58.0,0.68,MIXED,41.91,NEGATIVE,Trend + Momentum + Volume + Structure,None material,1.44,6.18,136.71,143.1,123.69,HIGH,102848023.0,NOT_AVAILABLE,NOT_AVAILABLE,,352,328
353,MSTCLTD,2026-08-31,751.1,Bullish,62.88,56.26,6,80,6/10,Medium,70.63,29.17,3.88,23.33,681.93,639.2,552.19,9.8787,-0.3853,1.74,86.67,683.83,9.84,6.18,0.938,2.94,2.81,14.99,23.37,0.32,45.98,734.4,705.1,729.65,753.5,695.0,43.95,51.58,2.6,-1.97,0.29,13.68,6.71,2.07,-2.13,77.99,9,9,44,38.64,-0.21,45.45,0.44,45.45,1.04,36.36,0.11,15.91,-2.48,MIXED,48.23,MIXED,Trend + Momentum + Volume + Structure,None material,1.36,5.83,761.31,794.86,683.83,HIGH,287405400.0,NOT_AVAILABLE,NOT_AVAILABLE,,353,531
354,BALUFORGE,2026-08-31,630.6,Neutral-Range,62.84,56.77,3,65,3/10,Low,74.09,25.24,4.0,30.0,553.05,505.67,505.28,12.5951,-2.4124,0.67,37.5,565.9,11.43,3.69,0.909,-1.28,-0.25,22.84,41.76,0.2,21.99,649.5,635.0,638.8,649.5,568.0,45.17,51.17,3.01,-2.26,0.36,18.5,7.5,2.25,-2.48,75.57,7,9,67,43.28,0.06,47.76,0.61,52.24,1.9,40.3,3.97,41.79,4.7,MIXED,67.39,POSITIVE,Trend + VWAP + Liquidity,None material,-4.0,4.0,605.36,655.84,638.8,HIGH,1667483963.0,NOT_AVAILABLE,NOT_AVAILABLE,,354,505
355,SANGINITA,2026-08-31,55.97,Neutral-Range,62.82,58.05,3,65,3/10,Low,51.24,2.43,4.35,94.17,55.49,52.04,32.95,-0.8536,0.3999,0.11,2.5,55.88,0.15,0.0,0.509,4.99,4.42,-1.29,-12.63,4.99,,53.31,50.78,53.31,58.9,45.97,47.11,46.05,2.5,-2.19,0.77,49.21,18.82,2.57,-2.75,71.15,24,11,100,45.0,-0.02,46.0,0.44,48.0,1.21,51.0,3.21,45.0,2.0,MIXED,67.33,POSITIVE,Trend + Structure + Gap,None material,-4.35,4.35,53.54,58.4,53.31,HIGH,25283749.0,NOT_AVAILABLE,NOT_AVAILABLE,,355,462
356,BHAGERIA,2026-08-31,250.68,Bullish,62.75,58.08,7,85,7/10,High,76.69,9.94,3.97,9.17,218.67,210.45,189.43,4.4031,1.108,2.71,90.0,224.97,11.43,0.0,1.0,5.0,12.25,24.05,14.17,5.0,,238.75,225.0,238.75,238.75,215.0,45.13,50.26,2.38,-1.93,0.49,30.13,9.08,2.02,-2.25,87.48,7,8,68,39.71,0.14,39.71,-0.23,41.18,0.08,36.76,-0.29,27.94,-2.35,MIXED,41.44,NEGATIVE,Trend + Momentum + Volume + Structure,None material,1.39,5.95,254.16,265.59,224.97,HIGH,12254774.0,NOT_AVAILABLE,NOT_AVAILABLE,,356,459
357,KPIL,2026-08-31,1400.9,Bullish,62.69,61.96,6,80,6/10,Medium,59.88,36.41,2.6,1.67,1370.12,1342.8,1260.22,1.8228,-0.1724,0.63,41.67,1383.72,1.24,3.13,0.666,1.05,0.86,-0.24,9.15,0.27,59.46,1404.9,1382.0,1386.3,1421.9,1380.5,46.84,48.16,1.84,-1.53,0.22,13.16,6.71,2.02,-2.45,85.58,7,7,23,34.78,-0.2,47.83,0.2,65.22,0.58,34.78,-1.16,26.09,-3.38,STRONG,47.68,MIXED,Trend + Momentum + VWAP + RSI,None material,0.91,3.9,1413.65,1455.52,1382.0,MODERATE,479675222.0,NOT_AVAILABLE,NOT_AVAILABLE,,357,332
358,RMDRIP,2026-08-31,21.33,Bullish,62.68,58.39,5,75,5/10,Medium,74.08,0.91,4.28,0.83,18.91,19.51,77.55,0.3928,0.0775,0.75,52.5,18.25,16.85,5.09,0.977,4.41,15.86,19.36,14.55,0.49,,20.5,19.7,20.43,20.5,17.62,53.54,39.39,2.49,-2.92,-0.17,28.14,25.08,3.0,-4.31,67.0,21,10,11,36.36,-0.34,36.36,-2.77,36.36,-1.8,63.64,2.82,72.73,6.24,NEGATIVE,54.08,MIXED,Trend + Momentum + Structure + VWAP,None material,1.5,6.42,21.65,22.7,18.25,HIGH,12700886.0,NOT_AVAILABLE,NOT_AVAILABLE,,358,449
359,USHAMART,2026-08-31,498.95,Bullish,62.67,63.43,5,75,5/10,Medium,50.91,13.75,2.75,7.5,496.77,495.24,460.61,-0.5533,0.7345,1.17,84.17,500.9,-0.39,3.14,0.45,1.32,1.7,0.18,-1.01,0.29,60.46,498.7,487.5,492.45,498.8,479.0,44.87,50.53,2.07,-1.69,0.13,10.26,8.42,1.79,-2.14,83.84,8,9,100,46.0,0.27,45.0,-0.01,52.0,0.46,49.0,0.47,42.0,0.19,MIXED,54.07,MIXED,Trend + Volume + Structure + Delivery,None material,0.96,4.13,503.76,519.57,487.5,MODERATE,204610862.0,NOT_AVAILABLE,NOT_AVAILABLE,,359,286
360,GROWWLIQID,2026-08-31,110.56,Neutral-Range,62.63,80.41,0,50,2/10,Low,100.0,0.27,0.24,95.0,110.38,110.08,108.63,-0.0,-0.0002,0.66,51.67,110.4,0.15,0.02,0.368,0.01,0.08,0.17,0.34,0.0,54.59,110.56,110.55,110.55,112.71,110.46,92.89,0.2,0.02,-0.01,0.05,4.47,2.85,2.14,-1.76,99.68,82,1,35,100.0,0.03,100.0,0.07,100.0,0.09,100.0,0.18,100.0,0.27,STRONG,86.08,STRONG,Trend + Delivery,"Momentum, MACD",-0.24,0.24,110.29,110.83,110.55,LOW,31562826.0,NOT_AVAILABLE,NOT_AVAILABLE,,360,20
361,NRL,2026-08-31,122.5,Bullish,62.61,65.7,4,70,4/10,Low,67.95,2.33,1.9,1.67,117.26,105.77,79.91,0.0465,-0.1836,1.02,67.5,118.34,3.51,1.2,0.844,-2.0,2.07,5.6,12.67,-0.8,,125.0,124.8,125.0,125.0,119.9,43.03,51.84,2.64,-2.0,0.53,40.0,14.87,2.15,-2.63,90.94,8,8,68,50.0,0.69,54.41,0.86,51.47,0.7,50.0,1.75,64.71,4.99,MIXED,60.31,POSITIVE,Trend + Momentum + VWAP + RSI,None material,0.67,2.86,123.32,126.0,118.34,LOW,7671249.0,NOT_AVAILABLE,NOT_AVAILABLE,,361,210
362,ECLERX,2026-08-31,1976.9,Bullish,62.6,53.03,7,85,7/10,High,64.21,79.44,4.02,4.17,1869.75,1789.2,2326.53,6.8291,2.8935,4.6,99.17,1887.0,4.76,6.36,0.741,1.09,8.45,6.92,2.85,0.0,17.84,1998.0,1930.0,1955.5,1998.0,1812.2,47.24,48.42,2.12,-1.93,0.08,14.08,8.95,1.81,-2.87,84.48,7,10,100,41.0,0.3,52.0,0.84,41.0,0.23,35.0,-0.38,45.0,0.79,MIXED,41.0,NEGATIVE,Trend + Momentum + Volume + VWAP,None material,1.41,6.03,2004.7,2096.06,1887.0,HIGH,482632167.0,NOT_AVAILABLE,NOT_AVAILABLE,,362,647
363,KAMDHENU,2026-08-31,36.58,Bullish,62.53,57.28,6,80,6/10,Medium,63.68,1.76,4.81,29.17,34.89,33.08,35.59,0.1145,0.0479,1.13,77.5,34.61,5.68,6.5,0.854,1.13,5.81,8.06,5.88,-0.47,,36.5,35.03,36.17,36.66,33.66,43.16,51.84,2.55,-2.19,0.24,22.5,8.16,1.99,-3.7,89.56,6,9,100,43.0,0.31,47.0,-0.49,49.0,-1.12,53.0,0.25,57.0,1.59,MIXED,47.22,MIXED,Trend + Momentum + Structure + VWAP,None material,1.68,7.22,37.2,39.22,34.61,HIGH,20857060.0,NOT_AVAILABLE,NOT_AVAILABLE,,363,485
364,PHARMABEES,2026-08-31,27.6,Bullish,62.5,65.07,6,80,7/10,Medium,63.38,0.67,2.43,3.33,27.26,26.71,24.83,0.0037,0.0047,1.11,80.0,27.32,1.03,2.95,0.604,-0.58,1.96,1.55,1.36,2.02,62.61,27.94,27.51,27.76,27.94,26.92,49.21,44.61,0.77,-0.67,0.69,35.92,9.21,2.07,-2.3,99.23,9,7,8,50.0,0.09,62.5,0.38,37.5,-0.04,50.0,0.42,62.5,1.29,NEGATIVE,47.15,MIXED,Trend + Momentum + VWAP + RSI,Delivery,0.85,3.64,27.83,28.61,27.32,MODERATE,106199706.0,NOT_AVAILABLE,NOT_AVAILABLE,,364,230
365,SUNCLAY,2026-08-31,1305.6,Bullish,62.47,55.94,5,75,6/10,Medium,55.35,47.88,3.67,16.67,1277.7,1300.01,1388.79,7.2072,1.6916,3.31,97.5,1263.97,3.29,7.97,0.732,1.96,3.98,1.22,4.2,-1.59,46.38,1321.8,1259.4,1280.5,1321.8,1242.0,46.36,49.71,1.89,-1.74,0.25,20.12,12.1,2.08,-1.93,92.8,6,7,100,52.0,0.48,50.0,0.76,45.0,0.76,47.0,0.81,48.0,0.57,MIXED,53.48,MIXED,Trend + Momentum + Volume + VWAP,Gap,1.28,5.5,1322.36,1377.42,1259.4,HIGH,9351418.0,NOT_AVAILABLE,NOT_AVAILABLE,,365,540
366,GTPL,2026-08-31,57.73,Bullish,62.47,53.23,8,90,8/10,High,54.67,2.4,4.15,53.33,55.81,58.48,72.05,0.3777,0.2759,1.56,86.67,54.06,6.79,11.77,0.591,7.83,5.95,6.83,-3.7,2.71,51.81,55.1,53.25,53.54,56.4,53.25,40.79,54.74,1.82,-1.57,0.23,13.82,9.87,1.93,-2.08,89.02,7,9,100,44.0,-0.16,44.0,-0.31,41.0,-0.65,39.0,-1.55,37.0,-2.66,NEGATIVE,34.2,NEGATIVE,Momentum + Volume + Structure + VWAP,None material,1.45,6.23,58.57,61.32,53.25,HIGH,6825899.0,NOT_AVAILABLE,NOT_AVAILABLE,,365,635
367,ITBEES,2026-08-31,34.32,Neutral-Range,62.43,62.35,3,65,4/10,Low,55.6,0.99,2.88,25.0,34.01,33.34,34.72,-0.108,0.0243,0.95,67.5,34.47,-0.42,2.28,0.289,-1.1,1.18,0.23,-1.89,0.43,55.43,34.82,33.62,34.7,34.82,33.24,44.87,49.74,1.04,-0.92,0.67,31.58,5.39,2.05,-2.06,95.94,7,8,100,51.0,0.18,61.0,0.53,58.0,0.74,64.0,1.39,63.0,1.84,POSITIVE,66.22,POSITIVE,Trend + Momentum + RSI + Liquidity,Delivery,-2.88,2.88,33.33,35.31,34.7,MODERATE,305737289.0,NOT_AVAILABLE,NOT_AVAILABLE,,367,322
368,RISHABH,2026-08-31,705.45,Bullish,62.4,60.1,6,80,6/10,Medium,61.47,32.83,4.65,25.83,675.07,639.91,518.98,0.8623,0.5287,0.46,28.33,681.05,3.58,5.02,0.778,2.0,0.84,1.56,8.5,0.8,44.28,714.0,685.25,691.6,722.1,669.3,44.21,50.92,2.43,-1.9,0.29,20.79,10.66,1.93,-2.18,86.81,9,8,100,45.0,0.23,46.0,0.33,39.0,0.01,50.0,0.17,54.0,1.13,MIXED,46.87,MIXED,Trend + Momentum + VWAP + RSI,None material,1.63,6.98,716.94,754.7,681.05,HIGH,269005314.0,NOT_AVAILABLE,NOT_AVAILABLE,,368,386
369,GODREJAGRO,2026-08-31,615.3,Bullish,62.4,58.7,6,80,6/10,Medium,62.31,17.25,2.8,48.33,587.62,577.21,594.74,4.8286,-0.3116,0.86,55.83,594.69,3.47,2.58,0.809,0.98,7.43,3.07,8.89,-0.17,44.04,616.65,604.0,609.3,634.45,566.6,45.53,50.13,1.59,-1.34,0.18,10.26,4.74,1.74,-2.23,82.62,12,7,100,42.0,-0.14,44.0,-0.02,43.0,-0.12,51.0,-0.14,46.0,-0.48,NEGATIVE,46.86,MIXED,Trend + Momentum + Structure + VWAP,None material,0.98,4.2,621.34,641.17,594.69,MODERATE,244265598.0,NOT_AVAILABLE,NOT_AVAILABLE,,368,445
370,ATL,2026-08-31,25.88,Neutral-Range,62.4,51.01,3,65,5/10,Medium,55.89,1.31,5.07,62.5,25.21,24.57,25.64,0.2077,-0.0925,0.5,14.17,25.75,0.51,7.69,0.556,-4.29,-6.2,8.24,11.17,1.52,67.85,28.0,26.35,27.04,28.18,24.56,45.0,49.74,2.32,-2.09,0.39,23.29,9.87,2.2,-2.43,88.78,9,8,100,42.0,0.36,45.0,0.58,46.0,1.85,43.0,3.35,41.0,1.85,MIXED,66.15,POSITIVE,Trend + Momentum + VWAP + RSI,"Structure, Delivery",-5.07,5.07,24.57,27.19,27.04,VERY_HIGH,8101006.0,NOT_AVAILABLE,NOT_AVAILABLE,,368,738
371,SHRIPISTON,2026-08-31,4609.2,Bullish,62.36,60.73,7,85,7/10,High,58.63,162.19,3.52,45.0,4503.71,4289.34,3577.12,-6.6119,0.2354,1.35,85.0,4533.53,1.67,3.51,0.746,0.81,-2.9,3.89,1.87,0.0,56.85,4613.8,4444.2,4572.2,4785.8,4434.2,46.58,49.08,2.18,-1.61,0.4,18.95,7.89,2.21,-2.23,84.5,6,8,100,36.0,-0.29,40.0,-0.63,47.0,-0.54,41.0,-0.83,39.0,-0.39,MIXED,40.32,NEGATIVE,Trend + Momentum + Volume + VWAP,None material,1.23,5.28,4665.97,4852.49,4444.2,HIGH,355812056.0,NOT_AVAILABLE,NOT_AVAILABLE,,371,368
372,SALSTEEL,2026-08-31,78.8,Bullish,62.34,58.17,8,90,8/10,High,66.95,4.65,5.9,62.5,70.55,64.54,51.78,0.2526,0.1311,0.57,25.83,70.92,11.11,3.7,0.883,4.84,2.26,9.64,36.59,1.25,57.95,75.16,71.5,75.16,79.71,70.05,45.26,48.29,2.95,-2.22,0.41,37.89,24.87,2.65,-2.44,73.21,10,20,100,54.0,0.36,48.0,-0.24,45.0,-0.69,37.0,-1.78,35.0,-3.27,MIXED,33.82,NEGATIVE,Trend + Momentum + Structure + VWAP,None material,2.07,8.85,80.43,85.78,70.92,VERY_HIGH,53889095.0,NOT_AVAILABLE,NOT_AVAILABLE,,372,456
373,KHAICHEM,2026-08-31,55.55,Neutral-Range,62.31,58.73,1,55,3/10,Low,55.12,2.81,5.05,54.17,54.43,53.51,61.62,0.0613,-0.0899,0.59,36.67,56.35,-1.42,5.02,0.456,-0.05,2.95,-7.03,12.56,0.74,52.19,56.78,55.37,55.58,58.79,53.07,42.5,52.89,2.61,-2.06,0.29,18.29,11.45,2.28,-2.19,81.81,6,7,8,37.5,-0.98,37.5,0.15,50.0,2.46,75.0,10.35,75.0,12.61,MIXED,78.75,STRONG,Trend + Momentum + RSI,"VWAP, Delivery",-5.05,5.05,52.74,58.36,55.58,VERY_HIGH,19485036.0,NOT_AVAILABLE,NOT_AVAILABLE,,373,444
374,UNICHEMLAB,2026-08-31,556.55,Bullish,62.3,58.83,5,75,5/10,Medium,57.81,29.65,5.33,54.17,533.33,511.96,460.2,2.7186,0.8124,0.94,74.17,553.87,0.48,6.73,0.631,-1.36,9.17,2.44,10.15,0.0,33.29,570.0,535.0,564.25,570.0,504.05,45.0,50.26,2.06,-1.7,0.16,17.76,9.61,1.67,-2.06,92.88,8,8,68,42.65,0.36,39.71,0.41,41.18,0.25,47.06,1.53,51.47,2.51,MIXED,53.0,MIXED,Trend + Momentum + RSI + MACD,None material,1.86,7.99,566.93,601.02,535.0,VERY_HIGH,189345001.0,NOT_AVAILABLE,NOT_AVAILABLE,,374,440
375,AMBER,2026-08-31,7620.0,Bullish,62.26,59.73,4,70,5/10,Medium,58.43,189.08,2.48,0.83,7432.83,7467.08,7356.24,59.3568,-2.1962,0.3,0.83,7319.64,4.1,1.65,0.794,-0.72,3.28,4.97,2.97,0.18,37.45,7794.0,7655.0,7675.0,7794.0,7280.0,48.82,46.84,2.16,-1.9,0.24,16.18,6.58,1.89,-2.67,78.3,10,7,100,47.0,0.12,47.0,0.4,50.0,0.7,55.0,1.19,55.0,0.99,MIXED,59.31,POSITIVE,Trend + Momentum + VWAP + RSI,Structure,0.87,3.72,7686.18,7903.61,7319.64,MODERATE,2612563752.0,NOT_AVAILABLE,NOT_AVAILABLE,,375,408
376,PVP,2026-08-31,68.48,Bullish,62.23,59.03,8,90,8/10,High,93.12,3.34,4.88,2.5,46.44,37.86,31.7,3.0069,0.2044,1.53,75.83,44.94,52.38,7.9,1.0,5.0,40.93,85.03,152.69,4.08,38.16,65.22,63.9,65.22,65.22,45.51,45.13,49.61,3.41,-2.47,0.58,39.21,20.92,2.73,-2.48,73.59,12,9,80,58.75,1.1,51.25,1.34,43.75,0.43,33.75,-2.58,46.25,1.24,MIXED,33.52,NEGATIVE,Trend + Momentum + Volume + Structure,None material,1.71,7.33,69.65,73.5,44.94,HIGH,186817848.0,NOT_AVAILABLE,NOT_AVAILABLE,,376,434
377,QGOLDHALF,2026-08-31,127.78,Neutral-Range,62.2,68.99,3,65,4/10,Low,54.06,4.09,3.2,75.0,127.51,124.39,118.15,0.0062,-0.3806,0.72,40.0,128.06,-0.22,7.33,0.344,-2.58,-4.23,0.83,8.78,2.49,27.55,132.0,129.6,131.17,135.9,128.65,53.16,41.58,0.9,-0.83,0.43,23.16,6.45,2.0,-2.37,78.76,12,5,23,52.17,0.08,52.17,-0.09,52.17,0.29,82.61,0.56,78.26,1.96,MIXED,65.57,POSITIVE,Trend + Momentum + RSI + Gap,Structure,-3.2,3.2,123.69,131.87,131.17,HIGH,25346919.0,NOT_AVAILABLE,NOT_AVAILABLE,,377,137
378,ARVIND,2026-08-31,555.65,Bullish,62.2,60.94,6,80,6/10,Medium,56.49,20.65,3.72,31.67,541.81,529.53,446.46,-0.0797,1.0837,0.95,64.17,546.15,1.74,4.91,0.662,2.26,4.49,0.61,5.05,-0.09,48.14,545.25,532.2,543.35,547.0,524.9,45.66,50.0,2.23,-1.66,0.17,12.89,9.61,2.08,-2.17,87.91,6,8,100,51.0,0.16,44.0,0.22,44.0,0.19,40.0,0.28,51.0,0.75,MIXED,46.28,MIXED,Trend + Momentum + Structure + VWAP,None material,1.3,5.58,562.88,586.63,532.2,HIGH,483829882.0,NOT_AVAILABLE,NOT_AVAILABLE,,377,363
379,SANDHAR,2026-08-31,653.55,Bullish,62.14,61.39,5,75,5/10,Medium,52.59,24.72,3.78,8.33,648.32,641.17,583.1,1.4687,-0.7302,0.7,53.33,646.96,1.02,4.59,0.482,0.66,-3.97,3.32,0.86,0.0,44.96,658.2,645.0,649.25,704.9,644.8,45.92,49.61,2.23,-1.86,0.28,16.58,7.11,1.89,-2.33,87.44,7,8,18,44.44,0.14,44.44,-0.02,33.33,-0.24,61.11,1.36,50.0,0.84,NEGATIVE,52.53,MIXED,Trend + Momentum + VWAP + RSI,None material,1.32,5.67,662.2,690.64,645.0,HIGH,162245702.0,NOT_AVAILABLE,NOT_AVAILABLE,,379,349
380,MOLDTKPAC,2026-08-31,709.25,Bullish,62.12,60.64,6,80,6/10,Medium,56.4,23.51,3.31,4.17,694.7,685.92,650.27,1.9088,0.2543,1.08,70.0,698.67,1.51,3.84,0.626,2.61,-0.98,4.28,5.06,0.62,44.45,703.6,688.0,691.2,736.0,688.0,41.97,53.42,1.7,-1.36,0.13,10.26,6.05,1.79,-2.31,88.76,8,9,100,44.0,-0.1,48.0,0.01,44.0,-0.26,47.0,0.06,42.0,-0.37,NEGATIVE,46.05,MIXED,Trend + Momentum + Structure + VWAP,None material,1.16,4.97,717.48,744.51,688.0,HIGH,61637999.0,NOT_AVAILABLE,NOT_AVAILABLE,,380,374
381,SIS,2026-08-31,428.65,Bullish,62.11,65.41,4,70,5/10,Medium,53.24,10.61,2.48,9.17,424.49,421.99,382.04,0.7367,0.4796,0.99,72.5,425.86,0.65,2.08,0.544,-0.55,2.54,2.93,0.84,0.0,61.22,436.0,421.5,431.0,436.0,411.05,46.97,48.03,1.37,-1.3,0.13,11.84,8.68,1.8,-1.67,86.13,7,8,61,63.93,0.52,62.3,0.73,60.66,0.8,54.1,0.13,50.82,0.61,POSITIVE,58.89,POSITIVE,Trend + Momentum + VWAP + RSI,Delivery,0.87,3.71,432.36,444.57,421.5,MODERATE,82428483.0,NOT_AVAILABLE,NOT_AVAILABLE,,381,219
382,RAJRATAN,2026-08-31,497.15,Neutral-Range,62.1,66.62,-2,40,2/10,Low,48.3,19.44,3.91,23.33,501.84,489.21,449.58,-3.868,0.6615,0.58,33.33,523.05,-4.95,3.51,0.174,0.1,1.42,-3.8,-3.18,-0.73,49.51,500.0,487.0,496.65,509.0,483.05,43.95,51.58,1.98,-1.73,0.17,13.68,9.21,1.94,-2.24,86.34,6,9,16,68.75,0.67,93.75,2.32,87.5,2.07,93.75,2.68,81.25,3.89,STRONG,97.44,STRONG,No strong driver,"Structure, VWAP",-3.91,3.91,477.71,516.59,496.65,HIGH,66450100.0,NOT_AVAILABLE,NOT_AVAILABLE,,382,186
383,MENONBE,2026-08-31,287.01,Neutral-Range,62.1,61.76,2,60,3/10,Low,72.43,15.21,5.3,57.5,256.34,223.51,164.24,1.5921,-0.0801,0.8,59.17,260.89,10.01,6.41,0.93,0.84,9.98,19.01,29.82,-3.2,,286.9,280.0,284.62,286.9,249.39,47.76,47.37,1.91,-1.69,0.08,13.95,11.84,2.05,-1.78,92.39,8,7,100,46.0,0.33,50.0,0.46,51.0,1.13,58.0,3.51,71.0,7.14,MIXED,71.71,STRONG,Trend + Structure + VWAP,Gap,-5.3,5.3,271.8,302.22,284.62,VERY_HIGH,19978458.0,NOT_AVAILABLE,NOT_AVAILABLE,,382,337
384,CDSL,2026-08-31,1402.5,Bullish,62.09,58.44,5,75,5/10,Medium,58.78,30.59,2.18,11.67,1374.53,1349.6,1355.88,6.7547,-1.5056,0.91,55.83,1376.55,1.89,2.21,0.679,-0.86,1.26,3.37,6.07,-0.06,44.11,1417.3,1397.0,1414.7,1445.0,1375.2,47.11,48.55,1.86,-1.69,0.15,10.79,6.97,2.12,-3.11,70.67,8,7,100,53.0,0.13,44.0,-0.11,40.0,-0.44,55.0,1.48,50.0,2.39,NEGATIVE,52.41,MIXED,Trend + Momentum + VWAP + RSI,None material,0.76,3.27,1413.21,1448.38,1376.55,MODERATE,1806182509.0,NOT_AVAILABLE,NOT_AVAILABLE,,384,447
385,SHAILY,2026-08-31,3272.3,Bullish,62.08,62.79,4,70,5/10,Medium,55.07,112.06,3.42,5.83,3253.42,3095.91,2610.16,-26.7253,0.6175,1.01,78.33,3326.78,-1.64,4.07,0.403,0.06,0.11,-3.65,7.08,-0.54,51.74,3310.0,3244.0,3270.4,3391.8,3182.5,47.76,47.76,2.64,-2.13,0.24,24.61,10.13,2.09,-3.51,87.91,8,8,100,44.0,0.49,56.0,0.56,49.0,0.88,50.0,1.41,62.0,2.11,MIXED,58.81,POSITIVE,Trend + Momentum + RSI + Delivery,VWAP,1.2,5.14,3311.52,3440.39,3244.0,HIGH,652713292.0,NOT_AVAILABLE,NOT_AVAILABLE,,385,306
386,SIMPLEXINF,2026-08-31,268.83,Neutral-Range,62.04,57.45,3,65,5/10,Medium,60.03,11.45,4.26,16.67,255.82,251.12,243.21,2.0707,0.1395,1.39,77.5,260.27,3.29,6.34,0.766,-3.16,5.94,6.97,14.09,0.86,51.45,279.55,258.14,277.59,279.55,245.05,46.71,48.55,2.79,-2.16,0.34,33.03,21.45,2.54,-2.43,69.88,9,9,100,54.0,0.46,44.0,0.65,48.0,1.39,52.0,2.39,42.0,2.77,MIXED,65.12,POSITIVE,Trend + Momentum + VWAP + RSI,"Volume, Delivery",-4.26,4.26,257.38,280.28,277.59,HIGH,39755135.0,NOT_AVAILABLE,NOT_AVAILABLE,,386,480
387,PONNIERODE,2026-08-31,403.3,Bullish,62.03,59.0,6,80,6/10,Medium,66.36,20.66,5.12,96.67,372.53,345.9,313.97,2.3133,-0.5539,0.63,46.67,384.43,4.91,5.25,0.627,1.6,-4.4,14.98,22.84,1.88,48.03,400.0,385.7,396.95,455.0,379.95,44.61,50.79,1.73,-1.49,0.38,21.45,7.24,1.83,-1.99,89.11,8,9,100,43.0,-0.01,41.0,-0.03,45.0,-0.1,40.0,0.36,51.0,1.14,MIXED,45.79,MIXED,Trend + Momentum + Structure + VWAP,None material,1.79,7.69,410.53,434.29,384.43,VERY_HIGH,41282386.0,NOT_AVAILABLE,NOT_AVAILABLE,,387,435
388,JINDALSTEL,2026-08-31,1192.9,Bullish,62.02,62.72,7,85,7/10,High,70.68,26.14,2.19,6.67,1133.09,1116.63,1112.02,7.3445,0.5315,0.96,62.5,1131.13,5.46,3.56,0.968,1.16,3.82,6.88,7.94,-0.43,56.39,1191.9,1170.0,1179.2,1196.4,1130.1,50.13,45.53,1.42,-1.38,0.1,8.16,6.71,1.68,-1.95,75.84,9,7,100,41.0,-0.25,43.0,-0.53,42.0,-0.75,41.0,-0.43,45.0,-0.67,NEGATIVE,39.33,NEGATIVE,Trend + Momentum + Structure + VWAP,None material,0.77,3.29,1202.05,1232.12,1131.13,MODERATE,917236811.0,NOT_AVAILABLE,NOT_AVAILABLE,,388,310
389,GOLDBEES,2026-08-31,127.32,Neutral-Range,61.99,69.84,2,60,4/10,Low,54.23,2.16,1.7,35.0,127.05,124.01,117.94,0.0296,-0.3837,1.65,91.67,127.55,-0.18,1.31,0.632,-2.7,-4.29,0.71,8.58,-2.34,43.59,131.08,129.13,130.85,133.61,128.15,53.42,41.18,0.9,-0.86,0.64,30.0,5.53,2.13,-2.02,73.35,11,6,100,53.0,0.03,57.0,0.54,63.0,0.65,76.0,1.29,72.0,2.09,POSITIVE,71.41,STRONG,Trend + Momentum + RSI + Liquidity,"Structure, Gap",-1.7,1.7,125.16,129.48,130.85,LOW,3774856691.0,NOT_AVAILABLE,NOT_AVAILABLE,,389,113
390,JAYNECOIND,2026-08-31,98.41,Bullish,61.99,60.2,5,75,5/10,Medium,57.96,3.79,3.85,10.83,95.45,92.93,85.12,0.6739,-0.301,0.54,20.83,96.35,2.13,2.72,0.633,-0.7,-5.57,11.44,11.6,-0.3,44.19,102.1,97.31,99.1,105.17,97.31,45.66,49.61,2.84,-2.24,0.47,30.53,11.18,2.17,-2.48,86.08,6,8,100,41.0,-0.1,51.0,0.1,43.0,0.15,50.0,0.99,43.0,0.26,MIXED,52.11,MIXED,Trend + Momentum + VWAP + RSI,None material,1.35,5.78,99.74,104.1,96.35,HIGH,462184915.0,NOT_AVAILABLE,NOT_AVAILABLE,,389,383
391,TRIVENI,2026-08-31,295.64,Bullish,61.89,54.64,4,70,4/10,Low,51.65,15.8,5.34,74.17,285.22,316.2,359.85,7.8961,-0.2308,1.23,74.17,276.54,6.91,5.63,0.778,4.16,-0.52,5.72,27.27,-0.48,32.82,287.93,279.42,283.82,305.69,279.42,46.18,48.95,1.89,-1.77,0.12,10.66,6.71,2.1,-3.79,78.2,6,10,100,46.0,-0.05,49.0,0.22,47.0,0.59,51.0,1.65,55.0,1.91,MIXED,58.26,POSITIVE,Volume + Structure + VWAP + Liquidity,None material,1.87,8.02,301.17,319.34,276.54,VERY_HIGH,424807381.0,NOT_AVAILABLE,NOT_AVAILABLE,,391,583
392,MANALIPETC,2026-08-31,81.75,Bullish,61.88,62.38,8,90,8/10,Medium,70.37,3.92,4.8,69.17,71.66,67.65,62.3,0.6138,0.4414,13.99,99.17,78.9,3.61,15.24,0.854,11.44,9.13,20.86,22.67,2.24,4.49,74.14,70.64,73.36,77.14,70.47,41.71,53.42,2.31,-1.68,0.23,14.21,8.55,2.01,-2.04,89.51,6,10,8,25.0,-0.71,25.0,-0.73,25.0,-2.27,62.5,-1.01,62.5,-0.46,NEGATIVE,32.5,NEGATIVE,Trend + Momentum + Volume + Structure,None material,1.68,7.2,83.12,87.64,70.64,HIGH,413863562.0,NOT_AVAILABLE,NOT_AVAILABLE,,392,319
393,SANGHVIMOV,2026-08-31,457.25,Neutral-Range,61.88,56.64,1,55,2/10,Low,47.12,23.05,5.04,61.67,468.14,448.55,379.44,-7.4236,0.8215,0.82,54.17,483.51,-5.43,6.01,0.292,2.96,-1.89,-9.8,4.51,0.38,49.71,455.6,437.5,444.1,479.5,437.5,45.53,50.13,2.78,-2.46,0.23,19.21,8.68,2.14,-3.22,84.98,7,7,14,50.0,0.72,57.14,1.05,57.14,3.54,64.29,9.3,64.29,10.85,POSITIVE,77.5,STRONG,Structure + Liquidity,VWAP,-5.04,5.04,434.2,480.3,444.1,VERY_HIGH,243631302.0,NOT_AVAILABLE,NOT_AVAILABLE,,392,509
394,ZUARI,2026-08-31,231.48,Neutral-Range,61.88,54.92,3,65,4/10,Low,52.76,8.02,3.47,25.0,229.32,228.75,235.94,1.3075,-0.311,1.35,86.67,229.52,0.86,4.09,0.588,-3.85,1.99,3.94,-0.77,-0.02,44.7,243.5,230.32,240.76,243.5,224.0,46.05,49.34,2.44,-2.09,0.35,16.97,6.18,2.11,-2.25,79.95,8,9,100,44.0,0.08,42.0,0.66,41.0,1.06,53.0,3.13,52.0,4.18,MIXED,64.66,POSITIVE,Trend + Momentum + VWAP + RSI,Volume,-3.47,3.47,223.46,239.5,240.76,HIGH,29882007.0,NOT_AVAILABLE,NOT_AVAILABLE,,392,570
395,GROWWEV,2026-08-31,33.39,Bullish,61.8,65.42,4,70,5/10,Medium,54.46,0.69,2.08,14.17,33.35,32.59,31.03,-0.1536,0.0105,0.48,14.17,33.79,-1.19,2.58,0.224,0.03,0.12,-2.31,0.72,1.77,65.09,33.55,33.11,33.38,34.48,33.03,46.9,47.48,0.89,-0.87,0.46,19.96,6.4,1.78,-1.98,94.93,6,12,90,50.0,0.07,53.33,0.13,55.56,0.29,57.78,0.54,53.33,0.9,POSITIVE,57.99,POSITIVE,Trend + Momentum + RSI + Gap,VWAP,0.73,3.12,33.63,34.43,33.11,MODERATE,15460249.0,NOT_AVAILABLE,NOT_AVAILABLE,,395,218
396,SMARTWORKS,2026-08-31,537.55,Bullish,61.77,64.59,4,70,4/10,Low,66.58,17.37,3.23,0.83,514.23,492.13,467.03,3.3539,-0.9427,0.17,4.17,515.81,4.22,2.61,0.696,-0.22,-2.35,8.61,11.61,0.0,47.99,542.0,533.75,538.75,567.9,523.85,48.44,46.71,1.78,-1.66,0.06,15.92,12.8,1.85,-1.58,92.59,6,14,45,35.56,-0.49,40.0,-0.76,46.67,-0.03,62.22,1.23,66.67,2.57,MIXED,57.91,POSITIVE,Trend + Momentum + VWAP + RSI,None material,1.13,4.85,543.63,563.6,515.81,HIGH,64327890.0,NOT_AVAILABLE,NOT_AVAILABLE,,396,252
397,INDORAMA,2026-08-31,65.92,Bullish,61.71,58.9,8,90,8/10,High,67.88,3.61,5.48,56.67,59.74,54.61,47.24,0.3186,0.1373,3.76,95.0,61.94,6.42,9.16,0.793,3.57,5.29,20.38,3.83,3.46,23.41,64.89,61.81,63.65,64.98,59.41,45.0,49.61,2.48,-2.08,0.42,24.47,11.18,2.15,-1.99,89.94,7,8,90,34.44,-0.11,34.44,-0.72,37.78,-1.07,43.33,-1.77,43.33,-1.52,NEGATIVE,32.03,NEGATIVE,Trend + Momentum + Volume + Structure,None material,1.92,8.22,67.19,71.34,61.81,VERY_HIGH,30953340.0,NOT_AVAILABLE,NOT_AVAILABLE,,397,438
398,INGERRAND,2026-08-31,4848.5,Bullish,61.69,60.66,5,75,7/10,High,65.64,145.53,3.0,20.83,4589.79,4473.82,4143.45,28.8483,5.0713,1.32,75.83,4627.13,4.78,3.04,0.879,-0.24,4.19,8.29,12.05,0.22,54.45,4899.0,4609.0,4860.2,4899.0,4560.0,47.37,48.29,1.53,-1.34,0.09,9.21,5.53,1.72,-2.07,87.74,8,8,99,51.52,0.2,48.48,0.33,55.56,0.34,46.46,-0.2,38.38,-0.49,POSITIVE,51.27,MIXED,Trend + Momentum + Structure + VWAP,"Volume, Delivery",1.05,4.5,4899.44,5066.8,4609.0,HIGH,189200898.0,NOT_AVAILABLE,NOT_AVAILABLE,,398,371
399,CMSINFO,2026-08-31,243.6,Neutral-Range,61.69,56.44,-2,40,5/10,Medium,37.77,8.49,3.49,52.5,254.03,266.75,307.93,-0.9174,0.3622,5.62,100.0,252.24,-3.43,4.29,0.107,0.43,-2.09,-4.23,-11.55,-0.49,68.39,244.65,239.5,242.55,251.4,239.0,44.47,50.79,1.47,-1.35,0.28,13.16,6.18,1.92,-1.84,84.67,7,15,8,50.0,1.02,75.0,1.49,87.5,3.24,87.5,4.93,50.0,3.93,STRONG,96.25,STRONG,Volume + Delivery + Liquidity,"Trend, Momentum, Structure",-3.49,3.49,235.11,252.09,242.55,HIGH,262344934.0,NOT_AVAILABLE,NOT_AVAILABLE,,398,520
400,APLAPOLLO,2026-08-31,2223.4,Neutral-Range,61.68,66.9,3,65,4/10,Low,74.56,50.57,2.27,19.17,2093.91,1988.35,1908.4,9.7862,-1.6214,1.75,91.67,2091.98,6.28,2.55,0.852,-1.86,3.66,6.83,14.52,-0.25,59.38,2278.4,2182.5,2265.6,2278.4,2119.7,49.47,46.05,1.37,-1.34,0.19,8.29,4.34,1.77,-1.82,84.63,10,8,100,57.0,0.12,45.0,0.21,55.0,0.42,64.0,1.44,65.0,1.88,POSITIVE,64.09,POSITIVE,Trend + Structure + VWAP + Liquidity,Delivery,-2.27,2.27,2172.83,2273.97,2265.6,MODERATE,1288983982.0,NOT_AVAILABLE,NOT_AVAILABLE,,400,180
401,CARERATING,2026-08-31,1729.0,Bullish,61.67,60.45,6,80,6/10,Medium,56.45,54.19,3.13,32.5,1685.91,1680.95,1628.22,-1.8465,5.6554,2.58,94.17,1700.74,1.66,6.24,0.743,2.79,6.33,1.29,0.78,-0.42,33.83,1685.2,1634.0,1682.1,1690.0,1590.2,46.05,49.47,1.81,-1.44,0.16,13.82,8.95,1.83,-1.74,89.2,6,7,100,43.0,-0.06,36.0,-0.28,42.0,-0.07,44.0,-0.01,47.0,0.56,NEGATIVE,44.78,MIXED,Trend + Momentum + Volume + Structure,None material,1.1,4.7,1747.97,1810.28,1634.0,HIGH,91221671.0,NOT_AVAILABLE,NOT_AVAILABLE,,401,380
402,AZAD,2026-08-31,2861.8,Bullish,61.67,59.9,7,85,7/10,High,67.1,108.79,3.8,1.67,2703.44,2495.85,2053.11,0.6288,-1.8124,1.17,73.33,2723.19,5.09,3.94,0.815,0.4,2.35,-1.31,24.06,0.33,34.16,2882.0,2798.5,2850.5,2916.9,2782.7,48.03,48.03,2.39,-1.87,0.38,18.34,7.42,2.25,-2.37,80.25,8,9,100,39.0,-0.19,41.0,-0.01,39.0,-0.25,40.0,-0.83,44.0,-0.88,NEGATIVE,38.33,NEGATIVE,Trend + Momentum + Volume + Structure,None material,1.33,5.7,2899.88,3024.99,2723.19,HIGH,1848395638.0,NOT_AVAILABLE,NOT_AVAILABLE,,401,399
403,MASFIN,2026-08-31,304.55,Bullish,61.66,61.46,5,75,6/10,Medium,50.22,8.55,2.81,10.0,302.55,307.88,311.43,0.194,0.7097,7.19,99.17,301.59,0.98,7.35,0.494,3.45,4.08,-0.25,-4.12,-1.15,64.1,297.6,290.6,294.4,304.3,289.3,44.74,50.79,1.5,-1.46,0.13,13.16,6.45,1.63,-3.44,85.46,9,10,100,44.0,-0.02,55.0,-0.43,56.0,-0.26,52.0,-0.15,61.0,0.9,MIXED,51.16,MIXED,Momentum + Volume + Structure + VWAP,Gap,0.98,4.21,307.54,317.38,290.6,MODERATE,75562754.0,NOT_AVAILABLE,NOT_AVAILABLE,,403,348
404,CENTURYPLY,2026-08-31,757.25,Neutral-Range,61.64,66.7,-1,45,1/10,Low,47.16,21.09,2.79,15.0,760.89,765.99,763.23,-0.4779,0.6875,0.39,26.67,760.28,-0.4,2.41,0.364,0.46,1.65,0.87,-2.01,0.0,42.37,758.25,740.0,753.8,766.35,737.0,45.66,50.0,1.47,-1.27,0.08,11.58,7.37,1.59,-1.99,89.66,6,9,16,56.25,-0.09,62.5,1.99,75.0,2.48,81.25,4.7,87.5,6.37,STRONG,89.69,STRONG,No strong driver,Trend,-2.79,2.79,736.16,778.34,753.8,MODERATE,45510237.0,NOT_AVAILABLE,NOT_AVAILABLE,,404,182
405,SAHANA,2026-08-31,928.15,Bullish,61.64,51.82,7,85,7/10,Medium,64.36,32.94,3.55,5.0,874.33,867.18,925.34,14.7279,-0.8825,0.6,36.67,854.9,8.57,2.52,0.859,0.89,3.95,18.11,11.61,1.09,74.77,928.0,912.0,919.95,954.95,836.5,46.08,49.16,3.12,-2.33,0.49,33.75,18.49,2.92,-2.67,78.42,13,8,8,12.5,-1.72,25.0,-0.82,37.5,-0.23,25.0,0.58,37.5,4.68,NEGATIVE,38.27,NEGATIVE,Trend + Momentum + Structure + VWAP,None material,1.24,5.32,939.68,977.55,854.9,HIGH,23864664.0,NOT_AVAILABLE,NOT_AVAILABLE,,404,705
406,EXICOM,2026-08-31,165.99,Bullish,61.62,57.22,6,80,6/10,Medium,56.76,8.06,4.86,1.67,158.82,156.71,141.99,1.4295,0.2736,0.81,59.17,158.57,4.68,4.1,0.777,-1.16,3.83,11.91,1.24,-0.02,39.57,171.39,156.15,167.93,171.39,154.5,40.22,55.4,3.35,-2.39,0.31,23.0,10.02,2.16,-3.13,80.77,8,11,46,54.35,-0.13,50.0,0.27,43.48,-0.5,36.96,0.87,43.48,1.46,NEGATIVE,44.63,MIXED,Trend + Momentum + VWAP + RSI,None material,1.7,7.29,168.81,178.09,156.15,HIGH,245398591.0,NOT_AVAILABLE,NOT_AVAILABLE,,406,489
407,VERANDA,2026-08-31,249.3,Bullish,61.57,57.23,4,70,5/10,Medium,53.09,12.46,5.0,35.83,245.63,240.23,218.87,-0.6433,0.3824,0.78,60.0,251.95,-1.05,7.31,0.561,3.59,-0.34,6.04,-2.02,-0.35,45.22,244.0,238.6,240.65,258.6,238.6,43.42,52.11,2.91,-2.24,0.27,20.13,11.05,2.03,-2.09,87.64,8,9,100,37.0,-0.32,40.0,-0.12,40.0,0.11,50.0,2.6,46.0,3.75,MIXED,57.34,POSITIVE,Trend + Momentum + Structure + RSI,VWAP,1.75,7.5,253.66,267.99,238.6,HIGH,244709707.0,NOT_AVAILABLE,NOT_AVAILABLE,,407,487
408,DOLLEX,2026-08-31,36.3,Bullish,61.52,52.3,7,85,7/10,High,77.12,1.53,4.2,18.33,32.87,31.81,33.98,0.3269,0.098,0.57,32.5,32.05,13.26,5.8,0.942,2.69,9.5,13.26,19.21,2.55,78.26,35.8,33.4,35.35,35.8,32.6,43.86,49.22,2.27,-2.02,-0.28,28.49,34.7,3.26,-3.49,75.91,10,8,100,40.0,-0.25,41.0,-0.23,38.0,-0.36,39.0,-0.65,42.0,-1.3,NEGATIVE,37.91,NEGATIVE,Trend + Momentum + Structure + VWAP,None material,1.47,6.31,36.83,38.59,32.05,HIGH,5204820.0,NOT_AVAILABLE,NOT_AVAILABLE,,408,672
409,SKYGOLD,2026-08-31,807.1,Neutral-Range,61.46,61.23,1,55,4/10,Low,61.48,33.76,4.18,10.83,777.14,693.12,535.92,-2.7863,-2.4014,0.63,34.17,782.51,3.14,4.18,0.684,-0.53,1.14,3.95,16.66,0.07,48.43,850.05,807.2,811.4,868.8,782.55,49.34,45.79,3.16,-2.58,0.33,31.18,16.71,2.79,-3.57,80.08,8,8,100,52.0,0.67,54.0,1.69,59.0,3.41,59.0,5.04,66.0,8.12,POSITIVE,76.3,STRONG,Trend + VWAP + RSI + Liquidity,"Momentum, Structure, MACD",-4.18,4.18,773.34,840.86,811.4,HIGH,1060626831.0,NOT_AVAILABLE,NOT_AVAILABLE,,409,356
410,GOLD1,2026-08-31,128.68,Neutral-Range,61.43,69.34,2,60,5/10,Medium,54.36,2.97,2.31,45.0,128.35,125.22,118.97,0.0228,-0.3834,1.19,77.5,127.89,0.62,1.81,0.593,-2.67,-4.31,0.77,8.69,-2.13,48.21,132.48,130.52,132.21,136.25,129.6,52.38,43.35,1.0,-0.91,0.45,25.78,7.88,2.3,-2.04,81.63,7,6,100,53.0,0.0,64.0,0.62,61.0,0.69,74.0,1.2,74.0,2.48,POSITIVE,69.81,POSITIVE,Trend + Momentum + VWAP + RSI,"Volume, Structure, Gap",-2.31,2.31,125.71,131.65,132.21,MODERATE,323552361.0,NOT_AVAILABLE,NOT_AVAILABLE,,410,126
411,SUZLON,2026-08-31,47.52,Bullish,61.39,52.28,4,70,6/10,Medium,43.44,1.11,2.34,1.67,47.8,49.85,51.64,0.2302,0.0533,1.43,85.0,47.57,-0.11,3.42,0.471,1.56,1.0,-3.02,-1.21,0.0,58.57,47.05,46.5,46.79,47.4,46.25,45.13,49.47,2.21,-1.78,0.32,20.66,10.0,2.2,-2.83,79.93,8,6,72,44.44,-0.24,48.61,0.16,52.78,1.06,41.67,1.13,50.0,1.14,MIXED,56.82,MIXED,Momentum + Volume + Structure + MACD,"Trend, RSI",0.82,3.5,47.91,49.19,46.5,MODERATE,1991484844.0,NOT_AVAILABLE,NOT_AVAILABLE,,411,675
412,SGIL,2026-08-31,603.0,Bullish,61.37,61.53,5,75,6/10,Medium,57.77,23.25,3.86,37.5,584.22,580.67,549.41,4.227,0.5928,0.32,16.67,567.98,6.17,7.15,0.768,-0.77,4.71,9.71,1.82,2.19,61.43,611.9,590.0,607.7,611.9,550.6,49.34,45.53,2.07,-1.87,0.49,32.37,14.34,2.34,-2.14,91.96,7,7,100,50.0,0.15,51.0,0.3,47.0,0.12,47.0,0.49,54.0,1.29,MIXED,50.34,MIXED,Trend + Momentum + VWAP + RSI,Delivery,1.35,5.78,611.14,637.87,567.98,HIGH,8808397.0,NOT_AVAILABLE,NOT_AVAILABLE,,412,346
413,PRINCEPIPE,2026-08-31,294.1,Bullish,61.36,63.4,4,70,4/10,Low,64.43,8.15,2.77,1.67,283.9,276.74,275.95,1.3676,-0.2245,0.61,45.83,282.29,4.18,2.39,0.773,0.22,3.57,3.47,11.66,0.19,46.71,297.4,291.4,293.45,303.0,282.1,41.18,54.08,1.75,-1.5,0.23,12.24,5.39,2.09,-2.18,82.2,8,10,51,47.06,0.35,52.94,0.62,45.1,0.8,60.78,0.37,47.06,-0.52,MIXED,56.74,MIXED,Trend + Momentum + VWAP + RSI,None material,0.97,4.16,296.95,306.32,282.29,MODERATE,88770150.0,NOT_AVAILABLE,NOT_AVAILABLE,,413,287
414,DLF,2026-08-31,691.05,Bullish,61.34,60.01,8,90,8/10,High,61.73,16.22,2.35,4.17,671.13,654.71,647.19,1.2004,0.5191,0.98,62.5,663.82,4.1,3.98,1.0,1.65,0.3,2.99,3.37,-0.54,63.92,682.95,672.5,679.8,690.4,672.5,50.79,44.74,1.46,-1.53,0.17,8.29,6.05,2.09,-1.88,72.89,9,8,100,47.0,0.03,46.0,-0.44,41.0,-0.91,35.0,-1.75,28.0,-1.93,NEGATIVE,30.96,NEGATIVE,Trend + Momentum + Structure + VWAP,None material,0.82,3.52,696.73,715.38,663.82,MODERATE,2130789057.0,NOT_AVAILABLE,NOT_AVAILABLE,,414,390
415,LAXMIINDIA,2026-08-31,129.92,Bullish,61.25,66.42,5,75,6/10,Low,53.32,7.26,5.59,52.5,127.96,123.33,117.96,-1.178,0.3993,1.54,74.17,131.12,-0.91,8.93,0.387,2.87,3.52,-4.86,-0.86,0.0,50.34,127.65,122.11,126.29,133.88,121.66,41.3,53.99,3.38,-2.47,0.22,18.12,11.96,2.32,-2.5,84.28,6,7,3,33.33,0.09,33.33,-1.79,66.67,2.21,66.67,4.29,66.67,3.95,INSUFFICIENT,50.0,INSUFFICIENT,Trend + Momentum + Volume + Structure,VWAP,1.96,8.39,132.46,140.82,122.11,VERY_HIGH,28915291.0,NOT_AVAILABLE,NOT_AVAILABLE,,415,193
416,SBFC,2026-08-31,98.82,Bullish,61.25,56.59,7,85,7/10,High,63.61,2.68,2.71,27.5,95.16,93.69,95.08,0.5763,0.0068,0.52,31.67,97.2,1.67,2.47,0.616,0.07,7.15,5.18,7.32,-0.2,58.68,101.05,98.12,98.75,103.37,91.52,45.39,49.21,1.62,-1.41,0.2,11.84,6.84,2.04,-2.37,81.79,7,8,100,38.0,-0.14,36.0,-0.39,36.0,-0.64,42.0,-0.65,44.0,-0.2,NEGATIVE,37.14,NEGATIVE,Trend + Momentum + VWAP + RSI,None material,0.95,4.07,99.76,102.84,97.2,MODERATE,244796893.0,NOT_AVAILABLE,NOT_AVAILABLE,,415,513
417,BIOCON,2026-08-31,412.0,Neutral-Range,61.24,64.62,-1,45,4/10,Low,42.94,8.59,2.08,3.33,418.12,418.88,398.38,-0.5664,0.006,1.15,78.33,421.91,-2.35,2.57,0.253,0.22,0.64,0.0,-3.51,0.0,62.3,418.65,410.0,411.1,421.6,407.0,50.66,44.61,1.49,-1.53,0.22,9.08,5.0,1.78,-2.05,80.88,7,7,17,52.94,0.58,52.94,2.06,76.47,2.55,76.47,2.75,76.47,2.29,STRONG,88.53,STRONG,Volume + Delivery + Liquidity,"Trend, Momentum, VWAP",-2.08,2.08,403.41,420.59,411.1,MODERATE,1374280546.0,NOT_AVAILABLE,NOT_AVAILABLE,,417,250
418,VIMTALABS,2026-08-31,643.45,Bullish,61.21,58.83,7,85,7/10,High,59.06,24.65,3.83,6.67,622.48,596.62,566.01,-2.4872,1.691,8.25,98.33,640.25,0.5,8.09,0.522,4.17,4.48,3.21,3.76,0.7,12.4,620.7,612.0,617.7,637.5,610.95,45.92,49.47,2.65,-2.25,0.26,18.29,8.03,2.07,-2.77,85.49,8,9,79,50.63,0.22,44.3,-0.36,46.84,-0.21,36.71,-1.59,32.91,-2.39,MIXED,37.04,NEGATIVE,Trend + Momentum + Volume + Structure,None material,1.34,5.75,652.08,680.42,612.0,HIGH,187435012.0,NOT_AVAILABLE,NOT_AVAILABLE,,418,440
419,TATVA,2026-08-31,1626.7,Neutral-Range,61.18,60.67,-1,45,1/10,Low,49.93,72.53,4.46,35.0,1640.6,1555.74,1339.6,-20.4121,3.5791,0.61,35.0,1681.83,-3.28,2.39,0.216,-0.2,1.32,-3.51,-8.15,0.24,41.42,1660.0,1588.9,1630.0,1695.0,1570.9,44.21,51.18,2.16,-1.79,0.25,17.89,7.89,1.75,-2.21,85.71,8,9,10,50.0,-0.18,70.0,1.92,80.0,1.96,80.0,2.38,70.0,0.98,STRONG,88.36,STRONG,No strong driver,VWAP,-4.46,4.46,1554.17,1699.23,1630.0,HIGH,89840417.0,NOT_AVAILABLE,NOT_AVAILABLE,,419,369
420,SBIN,2026-08-31,1060.0,Bullish,61.16,64.45,5,75,6/10,Medium,54.58,17.69,1.67,1.67,1051.52,1043.65,1014.56,-1.9792,1.118,0.54,8.33,1067.27,-0.68,2.43,0.311,1.19,1.97,-0.11,1.44,-0.6,66.8,1051.2,1040.5,1047.5,1062.3,1031.3,51.18,44.21,1.08,-1.05,0.12,4.87,4.87,1.95,-1.79,66.73,7,7,18,61.11,-0.01,50.0,-0.25,55.56,-0.33,50.0,-0.22,50.0,0.37,MIXED,49.75,MIXED,Trend + Momentum + Structure + RSI,VWAP,0.58,2.5,1066.19,1086.54,1040.5,LOW,10237242157.0,NOT_AVAILABLE,NOT_AVAILABLE,,420,256
421,TATAGOLD,2026-08-31,14.96,Neutral-Range,61.13,67.61,2,60,4/10,Low,54.58,0.41,2.72,30.0,14.92,14.57,13.85,0.0044,-0.0445,1.26,80.83,14.96,-0.02,4.17,0.566,-2.6,-4.16,0.74,8.56,0.0,33.89,15.67,15.07,15.36,15.88,15.06,51.26,39.52,0.99,-0.97,0.75,29.87,5.05,2.72,-3.33,89.46,9,4,100,52.0,0.13,56.0,0.69,60.0,0.77,71.0,1.25,66.0,1.83,POSITIVE,68.93,POSITIVE,Trend + Momentum + RSI + Liquidity,"Volume, Structure",-2.72,2.72,14.55,15.37,15.36,MODERATE,855761743.0,NOT_AVAILABLE,NOT_AVAILABLE,,421,165
422,SHIVASHRIT,2026-08-31,127.0,Bullish,61.13,51.28,8,90,8/10,High,56.39,5.46,4.3,14.17,123.61,123.26,125.04,0.2869,0.2419,0.06,3.33,123.97,2.44,0.0,0.872,2.46,5.83,1.6,0.36,2.46,100.0,126.0,122.2,123.95,128.05,116.6,43.33,48.33,2.23,-1.97,-0.05,27.92,33.75,3.19,-2.82,80.0,6,5,90,43.33,-0.38,38.89,-0.48,40.0,-0.62,34.44,-2.05,32.22,-2.61,NEGATIVE,30.37,NEGATIVE,Trend + Momentum + Structure + VWAP,None material,1.51,6.45,128.91,135.19,122.2,HIGH,6260692.0,NOT_AVAILABLE,NOT_AVAILABLE,,421,725
423,TEXRAIL,2026-08-31,108.95,Bullish,61.1,57.22,5,75,5/10,Medium,51.78,3.23,2.96,5.83,107.85,108.81,115.2,0.5813,0.0411,0.8,56.67,107.48,1.37,2.37,0.524,-0.45,4.71,1.93,-3.51,0.05,47.96,112.64,108.8,109.44,112.64,103.7,45.39,50.13,2.41,-2.15,0.31,15.79,8.03,2.38,-2.61,71.96,6,9,100,40.0,-0.23,48.0,-0.09,43.0,0.1,48.0,0.58,48.0,0.4,MIXED,49.57,MIXED,Trend + Momentum + VWAP + MACD,None material,1.04,4.44,110.08,113.79,107.48,MODERATE,154797906.0,NOT_AVAILABLE,NOT_AVAILABLE,,423,489
424,AURUM,2026-08-31,231.25,Bullish,61.09,60.09,4,70,4/10,Low,54.06,8.68,3.75,21.67,228.79,221.7,198.17,0.169,-0.1379,0.47,35.0,224.17,3.16,2.47,0.761,-0.74,-0.4,0.93,5.78,-0.46,39.55,235.25,228.21,232.98,239.39,226.25,44.21,51.18,2.29,-1.75,0.29,23.55,13.29,2.09,-1.94,91.74,6,8,100,40.0,-0.06,39.0,-0.14,41.0,0.51,55.0,1.33,48.0,1.98,MIXED,55.96,MIXED,Trend + Momentum + VWAP + RSI,None material,1.31,5.63,234.29,244.27,224.17,HIGH,48737341.0,NOT_AVAILABLE,NOT_AVAILABLE,,424,388
425,ARVSMART,2026-08-31,665.55,Neutral-Range,60.97,63.94,2,60,4/10,Low,56.68,23.93,3.6,66.67,653.74,631.27,608.47,-1.4692,-0.4896,0.14,31.67,654.24,1.73,3.76,0.639,0.63,-4.22,-0.72,10.8,-0.2,48.03,668.0,646.0,661.4,707.85,646.0,47.63,48.03,1.97,-1.7,0.18,16.97,10.0,1.82,-1.86,90.27,7,8,100,44.0,0.17,49.0,0.62,52.0,0.66,62.0,2.74,71.0,3.56,MIXED,68.5,POSITIVE,Trend + VWAP + RSI + Liquidity,"Momentum, MACD",-3.6,3.6,641.62,689.48,661.4,HIGH,323630944.0,NOT_AVAILABLE,NOT_AVAILABLE,,425,271
426,PVTBANIETF,2026-08-31,28.05,Bullish,60.94,59.57,5,75,5/10,Medium,55.03,0.34,1.23,0.83,27.89,27.81,27.92,0.0462,-0.0003,0.66,55.83,27.84,0.76,1.07,0.737,0.11,0.54,1.12,0.0,0.46,54.79,28.15,27.95,28.02,28.23,27.7,49.06,45.89,0.7,-0.98,0.32,21.79,4.76,1.95,-4.73,93.5,7,5,28,46.43,0.03,39.29,-0.03,46.43,0.15,50.0,-0.06,60.71,-0.07,MIXED,49.11,MIXED,Trend + Momentum + VWAP + RSI,None material,0.43,1.84,28.17,28.57,27.84,LOW,57646734.0,NOT_AVAILABLE,NOT_AVAILABLE,,426,413
427,NCC,2026-08-31,148.37,Bullish,60.87,56.85,5,75,5/10,Medium,56.65,4.05,2.73,20.0,145.35,145.62,158.56,0.8012,-0.0996,0.53,10.0,146.97,0.95,2.16,0.649,-0.02,0.69,6.43,2.74,0.0,43.91,150.79,146.53,148.4,153.86,145.83,46.32,48.68,1.93,-1.77,0.22,12.89,6.18,2.07,-2.66,73.66,10,7,100,45.0,0.0,47.0,-0.27,42.0,-0.61,47.0,1.3,48.0,1.74,NEGATIVE,48.91,MIXED,Trend + Momentum + VWAP + RSI,None material,0.96,4.1,149.79,154.45,146.53,MODERATE,421311826.0,NOT_AVAILABLE,NOT_AVAILABLE,,427,502
428,ISGEC,2026-08-31,790.65,Neutral-Range,60.72,57.75,3,65,3/10,Low,46.86,26.36,3.33,27.5,789.14,836.48,911.28,7.2988,0.9392,0.75,52.5,766.95,3.09,3.28,0.58,0.2,0.94,5.86,-5.76,0.88,46.73,791.0,774.6,789.05,793.9,753.3,46.71,48.82,2.07,-1.89,0.21,13.16,6.32,1.88,-2.41,86.49,9,11,100,46.0,0.29,55.0,0.93,60.0,1.29,49.0,0.76,62.0,2.79,POSITIVE,61.35,POSITIVE,Momentum + VWAP + MACD,None material,-3.33,3.33,764.29,817.01,789.05,HIGH,71155148.0,NOT_AVAILABLE,NOT_AVAILABLE,,428,472
429,NSIL,2026-08-31,5703.0,Neutral-Range,60.72,56.21,3,65,4/10,Low,56.5,134.32,2.36,25.83,5635.2,5588.7,5830.67,12.1793,-3.3951,0.62,27.5,5656.44,0.82,2.28,0.65,-0.22,-0.37,2.66,1.44,-0.1,75.14,5799.5,5700.5,5715.5,5837.0,5520.5,46.32,49.34,2.02,-1.61,0.39,22.24,6.32,1.96,-2.52,82.9,10,8,9,33.33,-0.86,66.67,0.58,55.56,0.74,55.56,1.12,33.33,-0.05,POSITIVE,61.33,POSITIVE,Trend + Momentum + VWAP + RSI,Delivery,-2.36,2.36,5568.68,5837.32,5715.5,MODERATE,11538864.0,NOT_AVAILABLE,NOT_AVAILABLE,,428,533
430,NAVINFLUOR,2026-08-31,8675.5,Bullish,60.66,59.88,7,85,7/10,Medium,66.92,233.2,2.69,2.5,8248.46,7903.43,6844.91,24.0494,8.1593,0.61,35.0,8468.58,2.44,3.57,0.918,1.86,5.97,6.43,14.83,0.0,46.85,8591.0,8470.5,8517.5,8625.0,8090.0,50.53,45.13,1.46,-1.4,0.17,7.24,5.92,2.3,-2.31,80.72,7,5,9,33.33,-0.7,55.56,-0.81,55.56,-0.78,22.22,-0.91,33.33,0.07,MIXED,35.46,NEGATIVE,Trend + Momentum + Structure + VWAP,None material,0.94,4.03,8757.12,9025.3,8468.58,MODERATE,2990183785.0,NOT_AVAILABLE,NOT_AVAILABLE,,430,401
431,REMSONSIND,2026-08-31,98.48,Bullish,60.64,49.39,6,80,6/10,Medium,71.16,4.56,4.63,25.0,85.21,85.43,101.45,0.7157,1.0195,5.45,99.17,89.27,10.32,15.5,0.938,13.86,19.28,20.26,18.02,0.13,42.63,90.95,81.31,86.49,90.95,80.1,44.47,50.92,2.29,-2.09,0.37,29.74,13.29,2.39,-3.0,84.96,11,10,17,70.59,1.03,76.47,0.93,52.94,0.15,35.29,-1.16,17.65,-13.77,MIXED,41.84,NEGATIVE,Trend + Momentum + Volume + Structure,None material,1.62,6.95,100.08,105.32,81.31,HIGH,12612506.0,NOT_AVAILABLE,NOT_AVAILABLE,,431,784
432,GICRE,2026-08-31,354.75,Bullish,60.63,52.97,4,70,5/10,Medium,47.15,5.84,1.65,12.5,355.48,360.44,372.87,0.0681,0.1675,1.49,83.33,354.43,0.09,1.64,0.441,0.41,-0.62,-0.21,-0.92,0.21,54.81,355.9,351.9,353.3,358.65,347.5,46.97,48.55,1.84,-1.6,0.17,10.66,6.97,1.74,-2.18,82.55,7,9,100,35.0,-0.11,45.0,-0.01,46.0,0.54,51.0,0.89,55.0,1.55,MIXED,54.67,MIXED,Momentum + Volume + MACD + Delivery,Trend,0.58,2.47,356.79,363.51,351.9,LOW,255451093.0,NOT_AVAILABLE,NOT_AVAILABLE,,432,652
433,SHREEPUSHK,2026-08-31,470.5,Bullish,60.62,56.1,6,80,6/10,Medium,70.09,21.58,4.59,45.0,422.09,406.31,374.91,7.6872,0.7774,2.46,93.33,430.22,9.36,11.12,0.833,4.23,10.21,25.02,15.93,-0.31,37.46,455.85,449.5,451.4,481.5,396.1,45.53,50.0,2.66,-2.11,0.13,16.97,12.11,1.76,-2.16,88.8,8,7,16,43.75,-0.33,43.75,-1.24,37.5,-0.13,43.75,-0.29,37.5,0.26,NEGATIVE,41.76,NEGATIVE,Trend + Momentum + Volume + Structure,None material,1.61,6.88,478.05,502.87,430.22,HIGH,41695875.0,NOT_AVAILABLE,NOT_AVAILABLE,,433,536
434,LANDMARK,2026-08-31,517.45,Neutral-Range,60.61,59.48,1,55,2/10,Low,50.46,22.97,4.44,18.33,519.1,498.81,467.92,-4.4754,0.9355,0.58,46.67,540.7,-4.3,4.9,0.238,2.8,-4.49,1.26,-4.69,-0.67,36.47,513.95,501.0,503.35,553.85,501.0,41.32,54.21,2.2,-1.71,0.28,16.32,7.76,2.38,-2.21,90.88,6,8,9,11.11,-1.13,33.33,0.0,44.44,1.41,66.67,6.35,100.0,12.07,MIXED,73.89,STRONG,Structure + Liquidity,VWAP,-4.44,4.44,494.48,540.42,503.35,HIGH,105163404.0,NOT_AVAILABLE,NOT_AVAILABLE,,434,417
435,VIVIANA,2026-08-31,727.55,Neutral-Range,60.6,54.39,1,55,1/10,Low,51.22,30.1,4.14,1.67,719.68,742.18,777.64,6.3188,-0.4073,0.71,37.5,712.57,2.1,3.29,0.748,-0.12,0.08,4.53,1.34,0.0,,744.8,716.05,728.4,750.0,690.0,46.34,48.46,3.97,-2.83,0.59,37.59,21.75,3.62,-3.54,68.79,8,7,100,44.0,0.5,51.0,0.89,52.0,2.75,59.0,6.89,62.0,12.84,MIXED,73.85,STRONG,VWAP,None material,-4.14,4.14,697.45,757.65,728.4,HIGH,14246288.0,NOT_AVAILABLE,NOT_AVAILABLE,,435,593
436,TVSMOTOR,2026-08-31,4341.3,Neutral-Range,60.51,66.54,2,60,5/10,Medium,56.53,93.94,2.16,9.17,4315.05,4078.84,3683.51,-32.6061,-2.1637,1.67,85.0,4379.04,-0.86,2.01,0.557,0.86,-0.51,-1.02,-1.09,-0.33,68.53,4425.0,4161.5,4304.2,4484.5,4161.5,50.53,45.0,1.36,-1.2,0.19,8.03,4.74,1.92,-1.85,71.78,9,7,100,56.0,0.32,62.0,0.76,61.0,0.99,62.0,1.29,68.0,1.47,POSITIVE,67.17,POSITIVE,Trend + Volume + RSI + Delivery,"Momentum, VWAP, MACD",-2.16,2.16,4247.36,4435.24,4304.2,MODERATE,3948723677.0,NOT_AVAILABLE,NOT_AVAILABLE,,436,190
437,SOMANYCERA,2026-08-31,557.3,Bullish,60.5,61.75,4,70,5/10,Medium,64.23,19.79,3.55,8.33,530.6,516.35,480.72,5.3676,-0.6126,0.48,26.67,524.96,6.16,3.47,0.8,-1.28,0.94,7.4,9.49,0.44,53.03,568.6,553.8,564.5,568.6,520.05,43.95,51.45,1.74,-1.49,0.3,15.53,6.05,1.94,-2.07,89.73,7,9,84,39.29,-0.05,50.0,-0.14,52.38,-0.22,47.62,1.29,58.33,3.22,MIXED,54.28,MIXED,Trend + Momentum + VWAP + RSI,Delivery,1.24,5.33,564.23,586.99,524.96,HIGH,168603293.0,NOT_AVAILABLE,NOT_AVAILABLE,,437,338
438,NIACL,2026-08-31,191.23,Bullish,60.48,56.73,7,85,7/10,High,64.66,6.19,3.24,8.33,183.11,178.22,168.98,0.6344,0.2085,6.38,96.67,185.97,2.83,7.33,0.694,2.62,3.88,4.13,8.99,0.0,9.06,191.91,185.5,186.34,191.91,183.15,46.18,49.21,2.27,-1.96,0.22,13.95,6.58,1.94,-2.68,79.68,12,8,65,44.62,-0.75,44.62,-0.73,32.31,-1.29,35.38,0.35,35.38,-0.01,NEGATIVE,34.93,NEGATIVE,Trend + Momentum + Volume + VWAP,None material,1.13,4.86,193.4,200.52,185.5,HIGH,766285530.0,NOT_AVAILABLE,NOT_AVAILABLE,,438,507
439,INDGN,2026-08-31,611.65,Bullish,60.45,62.31,7,85,7/10,High,76.99,17.8,2.91,10.83,563.27,542.1,522.59,1.8982,2.2875,4.19,97.5,572.11,6.91,6.16,0.954,5.65,7.94,8.88,12.18,0.54,43.31,587.15,565.5,578.95,587.15,557.7,47.8,48.64,1.66,-1.56,0.17,10.68,7.8,1.74,-2.09,84.51,12,7,20,65.0,0.07,45.0,-0.55,45.0,-1.05,40.0,-1.42,45.0,-0.65,MIXED,34.87,NEGATIVE,Trend + Momentum + Volume + Structure,None material,1.02,4.37,617.88,638.35,565.5,MODERATE,542670386.0,NOT_AVAILABLE,NOT_AVAILABLE,,439,323
440,ONDOOR,2026-08-31,301.0,Neutral-Range,60.43,51.8,2,60,3/10,Low,72.4,19.18,6.37,39.17,266.8,228.3,207.37,3.0486,-0.4329,0.1,15.0,275.19,9.38,3.53,0.832,-1.57,3.61,23.36,10.07,0.0,66.67,309.4,300.6,305.8,317.0,245.05,45.02,47.4,3.51,-2.93,0.77,43.72,25.54,3.85,-3.62,77.43,9,7,54,51.85,0.84,55.56,1.77,51.85,2.04,44.44,2.52,44.44,1.53,MIXED,66.94,POSITIVE,Trend + Structure + VWAP,Delivery,-6.37,6.37,281.82,320.18,305.8,VERY_HIGH,5192845.0,NOT_AVAILABLE,NOT_AVAILABLE,,440,706
441,EBBETF0431,2026-08-31,1436.39,Neutral-Range,60.38,68.3,1,55,1/10,Low,46.89,8.37,0.58,14.17,1438.3,1434.55,1408.95,-1.3015,0.2977,0.89,63.33,1440.3,-0.27,0.4,0.476,0.29,-0.47,-0.47,-0.18,-0.0,88.84,1437.28,1430.01,1432.21,1448.0,1425.06,58.03,37.37,0.14,-0.14,0.14,2.24,0.13,2.5,-2.0,99.87,9,4,100,56.0,0.02,72.0,0.12,78.0,0.18,82.0,0.38,88.0,0.62,STRONG,73.24,STRONG,Delivery,None material,-0.58,0.58,1428.02,1444.76,1432.21,LOW,7678659.0,NOT_AVAILABLE,NOT_AVAILABLE,,441,147
442,IGL,2026-08-31,150.49,Bullish,60.35,59.98,4,70,4/10,Low,48.15,3.25,2.16,10.83,150.42,153.46,171.22,-0.022,0.2247,2.32,94.17,150.96,-0.31,2.13,0.373,1.95,1.88,-0.34,-3.64,1.61,23.69,148.66,147.21,147.61,149.5,146.22,47.76,47.37,1.45,-1.68,0.15,10.0,6.32,1.93,-3.07,77.94,7,8,100,53.0,0.21,61.0,0.52,62.0,0.38,53.0,-0.73,53.0,-0.44,POSITIVE,53.85,MIXED,Volume + Structure + Gap + Liquidity,None material,0.76,3.24,151.63,155.37,147.21,MODERATE,339295247.0,NOT_AVAILABLE,NOT_AVAILABLE,,442,393
443,HDFCGOLD,2026-08-31,131.82,Neutral-Range,60.32,66.86,2,60,4/10,Low,55.03,3.63,2.75,80.0,131.33,128.16,121.83,0.0532,-0.3853,1.32,81.67,132.04,-0.17,3.61,0.569,-2.56,-4.15,0.92,8.76,0.0,48.12,137.99,132.62,135.29,140.14,132.22,53.29,41.71,0.89,-0.82,0.51,27.5,8.16,2.21,-2.2,79.0,11,5,100,51.0,-0.02,57.0,0.47,61.0,0.54,69.0,0.99,64.0,1.71,POSITIVE,66.62,POSITIVE,Trend + Momentum + RSI + Liquidity,"Volume, Structure",-2.75,2.75,128.19,135.45,135.29,MODERATE,460716384.0,NOT_AVAILABLE,NOT_AVAILABLE,,443,181
444,TNPETRO,2026-08-31,120.77,Bullish,60.31,53.14,7,85,7/10,Medium,71.81,5.43,4.49,94.17,109.7,102.88,96.32,0.1641,0.4231,12.3,98.33,116.29,3.85,14.46,0.779,8.44,3.81,5.79,23.42,0.58,7.97,112.39,109.0,111.37,118.0,108.3,45.66,49.74,1.78,-1.51,0.22,14.61,8.82,1.89,-1.96,90.31,8,8,12,41.67,-0.07,41.67,-0.65,41.67,0.27,33.33,-1.97,16.67,-5.1,MIXED,34.45,NEGATIVE,Trend + Momentum + Volume + Structure,None material,1.57,6.74,122.67,128.91,109.0,HIGH,206071583.0,NOT_AVAILABLE,NOT_AVAILABLE,,444,642
445,NMDC,2026-08-31,88.2,Bullish,60.3,61.03,8,90,8/10,High,60.08,2.1,2.38,28.33,85.68,85.63,85.38,0.3474,0.0871,0.86,45.0,85.55,3.09,3.57,0.888,1.66,2.68,3.16,5.25,-0.53,63.86,87.59,86.0,86.76,89.1,84.51,50.13,45.13,1.63,-1.78,0.16,13.42,6.97,1.7,-3.18,72.43,8,7,100,51.0,-0.05,42.0,-0.77,43.0,-1.05,36.0,-2.61,36.0,-4.15,NEGATIVE,28.01,NEGATIVE,Trend + Momentum + Structure + VWAP,None material,0.83,3.58,88.94,91.36,85.55,MODERATE,1677911498.0,NOT_AVAILABLE,NOT_AVAILABLE,,445,361
446,RENUKA,2026-08-31,24.9,Bullish,60.21,48.93,8,90,8/10,High,60.15,1.19,4.76,83.33,23.68,23.3,25.18,0.0954,0.0157,1.7,85.0,24.73,0.67,8.57,0.538,3.15,-2.24,8.26,11.51,-0.5,23.09,24.79,23.55,24.14,27.68,23.32,40.26,54.74,1.95,-1.57,0.22,12.11,6.32,2.1,-2.16,74.7,6,9,100,37.0,-0.29,41.0,-0.12,39.0,-0.47,23.0,-1.77,30.0,-2.55,NEGATIVE,27.74,NEGATIVE,Trend + Momentum + Volume + Structure,None material,1.67,7.15,25.32,26.68,23.55,HIGH,713530865.0,NOT_AVAILABLE,NOT_AVAILABLE,,446,806
447,SILGO,2026-08-31,72.83,Neutral-Range,60.2,55.66,3,65,4/10,Low,53.46,2.73,3.75,20.0,71.95,72.76,71.83,0.6575,-0.1385,0.5,10.0,70.66,3.07,6.21,0.607,-3.7,0.52,5.87,4.36,0.74,11.02,76.0,73.7,75.63,76.0,71.55,44.34,50.79,2.81,-2.06,0.72,41.32,17.11,2.74,-2.61,88.01,6,8,100,50.0,0.54,51.0,1.27,49.0,0.91,54.0,1.29,54.0,2.03,MIXED,59.85,POSITIVE,Trend + Momentum + VWAP + RSI,Structure,-3.75,3.75,70.1,75.56,75.63,HIGH,13969477.0,NOT_AVAILABLE,NOT_AVAILABLE,,447,549
448,ALLCARGO,2026-08-31,11.95,Neutral-Range,60.14,48.26,3,65,5/10,Medium,61.01,0.81,6.76,100.0,10.98,9.82,12.95,0.1346,-0.0844,0.38,1.67,11.05,8.17,6.15,0.685,-1.97,-10.35,18.79,45.73,-1.48,27.92,12.83,12.02,12.19,13.72,11.81,41.84,52.63,2.18,-2.2,0.09,15.79,6.71,2.07,-5.28,79.44,7,10,15,26.67,0.1,40.0,-0.71,33.33,0.1,66.67,2.32,46.67,-1.17,MIXED,59.68,POSITIVE,Trend + Momentum + VWAP + RSI,"Structure, Gap",-6.76,6.76,11.14,12.76,12.19,VERY_HIGH,540717663.0,NOT_AVAILABLE,NOT_AVAILABLE,,448,828
449,UNIVCABLES,2026-08-31,1648.2,Neutral-Range,60.12,56.64,2,60,4/10,Low,59.71,83.98,5.1,10.0,1580.35,1425.24,1073.32,-14.3671,-0.0475,0.63,40.83,1649.21,-0.06,5.84,0.752,-2.66,1.01,-4.43,15.11,2.47,42.41,1700.0,1605.8,1693.2,1704.8,1549.5,45.13,50.26,2.59,-1.9,0.3,18.55,11.45,2.2,-1.88,90.38,8,9,100,51.0,0.63,53.0,1.22,54.0,1.44,51.0,2.14,43.0,1.62,MIXED,66.07,POSITIVE,Trend + RSI + Gap + Liquidity,"Momentum, MACD",-5.1,5.1,1564.22,1732.18,1693.2,VERY_HIGH,436720716.0,NOT_AVAILABLE,NOT_AVAILABLE,,449,509
450,KAJARIACER,2026-08-31,1244.8,Bullish,60.1,59.48,8,90,8/10,High,58.98,32.08,2.58,25.83,1217.23,1199.7,1126.28,-0.3189,2.4093,2.38,95.0,1224.41,1.67,5.15,0.741,2.41,3.25,-0.54,2.48,-0.04,53.26,1229.9,1202.0,1215.5,1231.9,1187.0,45.39,50.13,1.43,-1.29,0.16,8.82,5.53,1.81,-2.1,83.48,7,8,100,39.0,-0.26,32.0,-1.19,32.0,-1.35,36.0,-1.49,36.0,-2.2,NEGATIVE,27.44,NEGATIVE,Trend + Momentum + Volume + Structure,None material,0.9,3.87,1256.03,1292.91,1202.0,MODERATE,278331301.0,NOT_AVAILABLE,NOT_AVAILABLE,,450,417
451,CSLFINANCE,2026-08-31,239.7,Bullish,60.09,51.62,9,95,9/10,Medium,67.89,8.12,3.39,20.83,225.39,223.84,244.97,1.5857,0.5062,3.75,98.33,226.75,5.71,5.09,0.871,3.8,6.52,9.18,9.06,1.33,80.76,236.0,228.0,230.92,236.77,222.0,43.95,51.58,2.17,-1.85,0.51,30.13,8.82,1.97,-1.95,93.46,7,7,12,50.0,1.06,41.67,-0.31,33.33,-1.29,25.0,-2.32,33.33,-1.26,NEGATIVE,20.98,NEGATIVE,Trend + Momentum + Volume + Structure,None material,1.19,5.08,242.54,251.88,226.75,HIGH,9053097.0,NOT_AVAILABLE,NOT_AVAILABLE,,451,714
452,GROWWNET,2026-08-31,10.84,Neutral-Range,60.08,69.01,-1,45,4/10,Low,65.28,0.29,2.69,0.83,10.63,10.19,9.73,-0.0026,-0.0121,1.34,80.83,10.68,1.51,1.47,0.75,-0.37,0.37,1.78,5.14,-0.18,76.84,11.09,10.81,10.88,11.09,10.65,46.49,46.15,1.09,-1.02,0.83,41.81,5.69,1.95,-1.79,97.59,5,6,14,42.86,0.03,85.71,0.95,71.43,1.44,85.71,2.37,71.43,2.81,STRONG,85.24,STRONG,Trend + VWAP + RSI,"Momentum, Volume, MACD",-2.69,2.69,10.55,11.13,10.88,MODERATE,6270643.0,NOT_AVAILABLE,NOT_AVAILABLE,,452,135
453,SHIVALIK,2026-08-31,322.19,Bullish,60.02,48.86,7,85,7/10,High,77.15,14.14,4.39,9.17,274.13,257.99,298.84,5.1696,1.2744,1.24,73.33,271.91,18.49,5.34,1.0,5.0,18.66,26.55,28.73,1.66,,306.85,285.8,306.85,306.85,261.05,41.32,54.08,2.48,-2.0,0.31,19.08,10.39,2.01,-2.04,88.05,6,10,100,36.0,0.03,34.0,-0.54,35.0,-0.29,34.0,-1.09,29.0,-2.01,NEGATIVE,33.63,NEGATIVE,Trend + Momentum + Volume + Structure,None material,1.54,6.58,327.14,343.4,271.91,HIGH,8917882.0,NOT_AVAILABLE,NOT_AVAILABLE,,453,807
454,POLYMED,2026-08-31,1759.6,Bullish,60.0,59.81,5,75,6/10,Medium,54.31,62.01,3.52,15.83,1738.69,1691.91,1658.54,-8.0691,2.8926,1.34,83.33,1785.85,-1.47,5.57,0.413,1.53,1.29,1.5,1.83,-0.17,44.01,1741.0,1681.7,1733.0,1769.9,1681.7,44.47,51.18,2.09,-1.7,0.15,7.63,6.05,1.98,-2.16,84.77,8,11,81,46.91,0.08,49.38,0.06,48.15,-0.23,46.91,-0.23,44.44,-0.63,MIXED,46.43,MIXED,Trend + Momentum + Volume + Structure,VWAP,1.23,5.29,1781.31,1852.62,1681.7,HIGH,378284156.0,NOT_AVAILABLE,NOT_AVAILABLE,,454,405
455,HARSHA,2026-08-31,455.9,Bullish,60.0,58.22,8,90,8/10,High,66.21,15.21,3.34,18.33,429.99,420.9,402.53,2.3746,0.9232,2.11,90.83,426.56,6.88,5.23,0.966,3.89,2.94,7.12,11.86,0.96,50.29,447.8,436.65,438.85,448.65,422.8,44.47,50.39,1.77,-1.5,0.09,11.45,6.18,1.62,-2.12,86.02,7,8,71,35.21,-0.66,36.62,-0.95,33.8,-1.43,33.8,-1.45,42.25,-0.38,NEGATIVE,27.14,NEGATIVE,Trend + Momentum + Volume + Structure,None material,1.17,5.0,461.22,478.71,426.56,HIGH,93115328.0,NOT_AVAILABLE,NOT_AVAILABLE,,454,455
456,GLAXO,2026-08-31,3050.1,Neutral-Range,59.94,62.55,3,65,4/10,Low,70.84,85.97,2.82,61.67,2859.25,2669.04,2532.74,20.0646,-5.7727,1.09,62.5,2946.35,3.52,2.73,0.883,-1.81,4.04,12.85,14.57,0.0,67.48,3120.7,3052.7,3106.4,3120.7,2865.4,46.18,49.47,1.71,-1.38,0.14,7.11,5.0,1.85,-1.98,82.71,10,7,100,48.0,0.23,52.0,0.63,51.0,0.65,53.0,1.28,53.0,2.75,MIXED,59.12,POSITIVE,Trend + Momentum + VWAP + Liquidity,Delivery,-2.82,2.82,2964.13,3136.07,3106.4,MODERATE,555789117.0,NOT_AVAILABLE,NOT_AVAILABLE,,456,314
457,SUPREMEPWR,2026-08-31,223.2,Neutral-Range,59.93,57.62,2,60,4/10,Low,56.02,12.17,5.45,14.17,217.71,203.31,190.97,0.3403,-0.6386,0.47,31.67,214.03,4.29,2.83,0.645,-1.33,-3.81,15.98,7.13,-0.09,78.87,233.0,225.25,226.2,239.0,224.0,46.06,48.18,3.8,-3.15,0.27,33.03,18.48,2.82,-3.73,83.59,8,9,59,50.85,-0.03,50.85,0.2,38.98,-0.17,54.24,4.64,62.71,8.84,NEGATIVE,65.51,POSITIVE,Trend + Momentum + VWAP + RSI,"Structure, Delivery",-5.45,5.45,211.03,235.37,226.2,VERY_HIGH,16159039.0,NOT_AVAILABLE,NOT_AVAILABLE,,457,474
458,GUFICBIO,2026-08-31,416.35,Neutral-Range,59.92,58.14,3,65,5/10,Medium,54.15,16.8,4.04,29.17,412.2,395.39,354.57,-2.5795,0.4173,1.41,79.17,420.21,-0.92,7.13,0.506,2.47,-0.39,-0.44,6.62,-1.3,39.32,414.05,400.5,406.3,433.05,400.5,44.47,51.18,2.02,-1.61,0.02,6.84,8.42,1.82,-2.11,86.8,7,6,100,47.0,0.25,48.0,0.36,48.0,0.69,57.0,1.14,49.0,1.67,MIXED,59.07,POSITIVE,Trend + Momentum + Volume + Structure,"VWAP, Gap",-4.04,4.04,399.55,433.15,406.3,HIGH,49482440.0,NOT_AVAILABLE,NOT_AVAILABLE,,458,457
459,IRIS,2026-08-31,248.97,Neutral-Range,59.89,53.01,2,60,4/10,Low,51.9,12.66,5.09,26.67,245.61,247.73,262.9,0.3072,0.4976,1.49,85.83,247.61,0.55,3.23,0.426,-0.7,2.85,0.9,-2.18,0.03,66.27,253.0,235.68,250.72,253.0,235.0,43.03,51.97,2.64,-1.88,0.38,36.18,24.34,2.61,-2.41,68.11,13,14,100,43.0,0.45,44.0,0.32,45.0,0.89,58.0,2.7,56.0,3.45,MIXED,65.41,POSITIVE,Trend + Momentum + VWAP + MACD,"Volume, Delivery",-5.09,5.09,236.31,261.63,250.72,VERY_HIGH,7403124.0,NOT_AVAILABLE,NOT_AVAILABLE,,459,648
460,PANAMAPET,2026-08-31,471.35,Neutral-Range,59.83,52.78,0,50,2/10,Low,49.19,24.45,5.19,54.17,477.77,452.33,368.96,-5.3024,0.2337,0.18,16.67,486.31,-3.08,4.51,0.142,1.32,-2.46,-3.23,2.3,1.01,36.59,474.05,464.0,465.2,496.0,464.0,45.92,49.21,1.95,-1.65,0.15,10.13,7.63,2.04,-2.13,88.71,7,11,13,76.92,0.69,69.23,1.49,61.54,2.95,61.54,2.24,46.15,0.52,POSITIVE,78.08,STRONG,Gap + Liquidity,"Structure, VWAP",-5.19,5.19,446.9,495.8,465.2,VERY_HIGH,595034631.0,NOT_AVAILABLE,NOT_AVAILABLE,,460,656
461,VENTIVE,2026-08-31,591.2,Neutral-Range,59.83,52.03,3,65,4/10,Low,46.32,17.87,3.02,30.0,593.58,607.76,651.11,1.4209,0.5002,0.79,62.5,590.88,0.05,3.7,0.471,0.7,0.94,-0.17,-4.99,1.49,49.71,590.0,581.55,587.1,610.0,572.85,44.94,51.76,1.68,-1.49,0.28,23.06,10.12,1.9,-2.01,90.22,8,10,73,43.84,-0.03,56.16,0.25,56.16,0.38,58.9,0.5,53.42,0.69,POSITIVE,58.79,POSITIVE,Momentum + Structure + MACD + Gap,Trend,-3.02,3.02,573.33,609.07,587.1,HIGH,16556046.0,NOT_AVAILABLE,NOT_AVAILABLE,,460,691
462,MMP,2026-08-31,393.45,Neutral-Range,59.81,58.41,2,60,5/10,Medium,68.89,21.15,5.37,66.67,367.72,329.22,283.04,1.2074,-1.5942,1.16,73.33,364.11,8.06,10.11,0.737,-2.71,-0.16,12.41,33.53,2.1,51.49,419.8,402.75,404.4,419.8,383.25,45.26,50.26,2.31,-1.86,0.49,30.66,15.53,2.38,-2.03,91.49,7,7,90,50.0,0.26,46.67,0.16,48.89,0.84,57.78,2.37,55.56,4.38,MIXED,65.17,POSITIVE,Trend + Momentum + VWAP + RSI,"Volume, Structure, Delivery",-5.37,5.37,372.3,414.6,404.4,VERY_HIGH,50858977.0,NOT_AVAILABLE,NOT_AVAILABLE,,462,448
463,PITTIENG,2026-08-31,1106.35,Bullish,59.78,59.93,4,70,5/10,Medium,67.12,40.97,3.7,40.0,1054.97,1003.32,938.31,6.9094,-2.8499,0.66,41.67,1074.7,2.95,4.34,0.745,-1.32,0.74,5.71,19.17,0.52,47.32,1140.9,1113.35,1121.2,1168.0,1037.4,45.0,50.66,1.93,-1.5,0.23,16.84,6.84,1.93,-2.28,90.69,7,10,100,37.0,0.03,44.0,-0.05,45.0,-0.12,53.0,0.85,49.0,2.13,MIXED,52.22,MIXED,Trend + Momentum + VWAP + RSI,Structure,1.3,5.55,1120.69,1167.8,1074.7,HIGH,192827900.0,NOT_AVAILABLE,NOT_AVAILABLE,,463,395
464,THEJO,2026-08-31,2076.6,Neutral-Range,59.62,57.35,3,65,4/10,Low,53.2,84.84,4.09,55.0,2064.29,1980.34,1836.86,-13.9094,1.7796,0.3,11.67,2108.76,-1.52,3.64,0.28,0.78,2.18,-1.96,-4.26,0.72,62.08,2114.9,2052.3,2060.6,2114.9,1995.0,45.13,50.53,2.15,-1.79,0.31,22.37,10.26,2.12,-2.23,94.55,8,8,100,41.0,-0.0,41.0,0.24,50.0,0.75,51.0,1.21,48.0,1.51,MIXED,58.19,POSITIVE,Trend + Momentum + RSI + Delivery,VWAP,-4.09,4.09,1991.76,2161.44,2060.6,HIGH,22465102.0,NOT_AVAILABLE,NOT_AVAILABLE,,464,483
465,MARKOLINES,2026-08-31,173.76,Neutral-Range,59.54,64.66,2,60,2/10,Low,50.21,5.11,2.94,6.67,173.53,172.66,166.94,-0.2324,0.1897,1.91,91.67,174.49,-0.42,3.14,0.348,1.07,1.61,1.23,-1.99,0.0,24.09,173.85,171.2,171.92,176.4,169.09,45.41,48.91,1.64,-1.53,0.53,21.4,2.62,1.7,-1.39,90.73,7,5,20,55.0,0.53,80.0,1.3,65.0,0.55,60.0,0.86,55.0,0.98,STRONG,64.39,POSITIVE,Trend + Volume,None material,-2.94,2.94,168.65,178.87,171.92,MODERATE,28825239.0,NOT_AVAILABLE,NOT_AVAILABLE,,465,249
466,TIIL,2026-08-31,3281.5,Bullish,59.54,57.02,5,75,5/10,Medium,65.77,144.72,4.41,79.17,3102.39,2849.08,2571.23,11.8523,-12.8393,0.42,22.5,3114.0,5.38,3.52,0.713,-0.34,-4.64,5.95,24.86,0.34,44.78,3420.0,3259.8,3292.6,3565.3,3259.8,44.87,50.79,2.28,-1.82,0.17,15.92,11.58,2.26,-1.96,88.03,8,9,100,42.0,-0.05,39.0,-0.52,43.0,-0.73,50.0,0.12,42.0,0.58,NEGATIVE,45.11,MIXED,Trend + Momentum + VWAP + RSI,None material,1.54,6.62,3332.15,3498.58,3114.0,HIGH,282991301.0,NOT_AVAILABLE,NOT_AVAILABLE,,465,498
467,GANDHITUBE,2026-08-31,900.95,Neutral-Range,59.53,66.54,3,65,5/10,Medium,54.85,21.9,2.43,33.33,893.8,881.97,844.91,-0.5054,0.0651,0.72,52.5,908.67,-0.85,3.11,0.313,0.3,0.65,2.7,2.24,-2.36,63.77,900.0,893.4,898.25,908.0,875.6,46.05,49.34,1.78,-1.53,0.18,17.76,9.21,1.7,-2.17,85.5,8,7,17,47.06,0.17,58.82,0.67,47.06,0.06,70.59,0.38,70.59,2.42,MIXED,57.94,POSITIVE,Trend + Momentum + Structure + RSI,"VWAP, Gap",-2.43,2.43,879.05,922.85,898.25,MODERATE,12950821.0,NOT_AVAILABLE,NOT_AVAILABLE,,467,190
468,OAL,2026-08-31,463.9,Bullish,59.52,58.31,5,75,5/10,Medium,71.29,24.42,5.26,81.67,385.1,362.81,329.62,12.8585,1.7977,1.07,75.83,436.09,6.38,7.18,0.821,-4.9,37.05,32.75,22.45,-0.57,35.92,492.7,424.0,487.8,492.7,335.0,42.63,52.89,2.51,-1.88,0.34,26.58,11.58,1.92,-1.93,93.3,5,8,96,43.75,-0.28,38.54,-0.89,38.54,-1.3,55.21,0.61,51.04,0.19,NEGATIVE,45.05,MIXED,Trend + Momentum + Structure + VWAP,None material,1.84,7.9,472.45,500.53,424.0,VERY_HIGH,50818788.0,NOT_AVAILABLE,NOT_AVAILABLE,,468,454
469,DCAL,2026-08-31,178.34,Neutral-Range,59.46,48.24,1,55,3/10,Low,46.84,7.27,4.08,18.33,179.81,182.94,196.16,-0.3663,0.4482,1.54,83.33,180.17,-1.01,3.99,0.327,2.04,2.94,1.43,-5.16,0.05,64.95,178.18,173.1,174.77,178.18,170.9,47.37,47.76,2.58,-2.4,0.22,15.79,10.53,2.27,-2.23,84.36,7,6,100,49.0,0.41,54.0,1.34,55.0,1.87,53.0,2.58,60.0,4.14,POSITIVE,70.6,STRONG,Volume + Structure + Delivery,"Trend, VWAP",-4.08,4.08,171.07,185.61,174.77,HIGH,79630995.0,NOT_AVAILABLE,NOT_AVAILABLE,,469,830
470,CHENNPETRO,2026-08-31,1367.4,Neutral-Range,59.45,60.12,0,50,3/10,Low,54.82,62.33,4.56,36.67,1347.92,1272.55,1072.65,-9.4156,-0.3738,0.45,23.33,1390.46,-1.66,4.09,0.546,1.96,-3.17,-1.09,3.16,0.44,24.18,1376.0,1333.2,1341.1,1452.0,1333.2,47.89,47.5,2.44,-2.08,0.15,11.32,7.24,1.79,-2.64,80.39,8,10,100,47.0,0.32,54.0,1.04,58.0,2.13,62.0,3.66,68.0,5.58,POSITIVE,77.0,STRONG,Trend + RSI + Liquidity,"Momentum, VWAP, MACD",-4.56,4.56,1305.07,1429.73,1341.1,HIGH,3474317643.0,NOT_AVAILABLE,NOT_AVAILABLE,,470,385
471,GARFIBRES,2026-08-31,813.85,Bullish,59.42,55.54,6,80,6/10,Medium,60.75,30.12,3.7,54.17,783.36,757.31,763.23,1.8309,0.8433,0.61,57.5,805.07,1.09,3.6,0.602,1.86,0.55,8.74,6.86,0.0,48.61,805.9,785.0,799.0,827.0,782.15,43.55,52.11,1.84,-1.61,0.02,9.61,8.03,2.06,-3.38,80.53,6,9,22,31.82,-0.23,40.91,-0.03,31.82,-0.79,40.91,0.26,68.18,2.53,NEGATIVE,38.34,NEGATIVE,Trend + Momentum + Structure + VWAP,None material,1.3,5.55,824.39,859.04,785.0,HIGH,70658732.0,NOT_AVAILABLE,NOT_AVAILABLE,,471,553
472,MINDACORP,2026-08-31,712.55,Neutral-Range,59.36,54.19,2,60,3/10,Low,50.81,25.31,3.55,55.83,713.39,692.67,615.29,-4.8464,0.8595,0.64,43.33,721.75,-1.27,3.51,0.324,1.39,-1.03,-1.74,-2.07,0.0,52.26,707.75,691.1,702.8,738.0,685.5,47.11,48.42,1.76,-1.46,0.15,10.0,8.55,1.87,-1.94,85.31,7,7,33,57.58,0.13,63.64,1.07,54.55,1.43,54.55,1.25,45.45,-0.71,MIXED,63.9,POSITIVE,Structure + Delivery + Liquidity,VWAP,-3.55,3.55,687.24,737.86,702.8,HIGH,571699322.0,NOT_AVAILABLE,NOT_AVAILABLE,,472,603
473,BAJAJFINSV,2026-08-31,2021.0,Bullish,59.35,59.91,5,75,6/10,Medium,57.62,36.49,1.81,3.33,2002.74,1945.79,1897.34,-7.9638,1.3447,0.73,41.67,2039.06,-0.89,2.65,0.352,0.95,0.96,0.8,-3.58,-0.82,66.92,2014.7,1982.3,2002.0,2028.6,1982.3,49.21,46.05,1.11,-1.09,0.09,5.53,5.13,1.72,-1.58,71.15,8,9,11,54.55,-0.15,45.45,-0.42,54.55,-0.04,36.36,-0.52,36.36,0.19,MIXED,44.58,MIXED,Trend + Momentum + Structure + RSI,VWAP,0.63,2.71,2033.77,2075.73,1982.3,LOW,2021436669.0,NOT_AVAILABLE,NOT_AVAILABLE,,473,398
474,MANORG,2026-08-31,519.5,Bullish,59.33,50.03,7,85,7/10,High,63.42,20.92,4.03,1.67,486.45,496.99,492.81,9.8189,0.6145,0.88,51.67,465.95,11.49,6.12,0.854,1.74,8.12,16.05,8.64,0.47,83.24,517.5,499.8,510.6,522.45,470.35,42.89,52.63,2.54,-1.91,0.35,28.55,16.97,2.43,-2.34,77.49,8,12,100,45.0,0.63,41.0,0.28,30.0,-0.55,37.0,-1.15,42.0,0.52,NEGATIVE,31.65,NEGATIVE,Trend + Momentum + Structure + VWAP,None material,1.41,6.04,526.82,550.88,465.95,HIGH,7526246.0,NOT_AVAILABLE,NOT_AVAILABLE,,474,761
475,PVTBANKADD,2026-08-31,28.16,Bullish,59.29,60.91,5,75,5/10,Medium,53.9,0.39,1.37,0.83,28.01,27.95,27.72,0.0461,-0.0016,0.15,42.5,27.81,1.26,0.6,0.793,0.04,0.93,1.15,1.44,0.14,87.92,28.29,28.06,28.15,28.4,27.74,49.08,45.55,0.75,-0.73,0.28,18.25,6.13,1.69,-2.1,93.37,9,6,100,42.0,-0.06,44.0,-0.09,43.0,-0.16,45.0,-0.19,47.0,-0.39,NEGATIVE,44.4,MIXED,Trend + Momentum + VWAP + RSI,None material,0.48,2.06,28.3,28.74,27.81,LOW,15351174.0,NOT_AVAILABLE,NOT_AVAILABLE,,475,364
476,ELGIEQUIP,2026-08-31,627.35,Bullish,59.24,59.82,5,75,6/10,Medium,58.05,18.94,3.02,19.17,609.2,595.73,552.51,1.0982,0.138,0.46,22.5,613.38,2.28,2.18,0.777,-0.24,0.87,0.5,7.68,0.5,55.29,631.0,596.0,628.85,636.4,596.0,45.26,50.0,1.88,-1.59,0.2,9.61,6.58,1.89,-1.84,80.37,6,9,100,49.0,0.11,52.0,0.18,51.0,-0.34,48.0,-1.01,43.0,-1.73,MIXED,44.25,MIXED,Trend + Momentum + VWAP + RSI,Delivery,1.06,4.53,633.98,655.76,596.0,HIGH,525831426.0,NOT_AVAILABLE,NOT_AVAILABLE,,476,403
477,ALKYLAMINE,2026-08-31,2003.8,Bullish,59.21,59.16,4,70,5/10,Medium,56.01,69.22,3.45,4.17,1973.06,1891.18,1753.7,5.296,-5.6768,0.34,38.33,1966.13,1.92,3.06,0.623,-2.15,-3.84,4.36,9.83,-0.14,48.79,2086.2,2041.1,2047.9,2115.0,2022.1,40.39,55.13,1.88,-1.38,0.1,8.03,6.97,1.72,-1.92,85.86,6,11,100,42.0,0.22,45.0,0.35,50.0,0.26,43.0,0.5,50.0,1.37,MIXED,50.59,MIXED,Trend + Momentum + VWAP + RSI,Structure,1.21,5.18,2028.03,2107.64,1966.13,HIGH,360615298.0,NOT_AVAILABLE,NOT_AVAILABLE,,477,429
478,SHANTIGEAR,2026-08-31,525.5,Neutral-Range,59.21,54.31,3,65,4/10,Low,68.61,26.4,5.02,99.17,468.57,447.17,455.98,14.2828,-2.5074,0.21,3.33,538.88,-2.48,5.02,0.704,1.5,-4.28,33.6,26.63,0.43,23.16,542.1,510.2,517.75,585.0,487.0,44.34,51.18,1.69,-1.38,0.2,11.71,5.26,1.69,-2.0,87.44,7,9,100,41.0,0.07,43.0,-0.11,49.0,0.19,59.0,0.87,57.0,1.6,MIXED,57.04,POSITIVE,Trend + Momentum + RSI + Liquidity,VWAP,-5.02,5.02,499.1,551.9,517.75,VERY_HIGH,476861553.0,NOT_AVAILABLE,NOT_AVAILABLE,,477,598
479,VARROC,2026-08-31,862.0,Bullish,59.2,56.89,4,70,4/10,Low,77.38,31.75,3.68,65.0,799.57,732.02,625.03,-4.2128,2.4879,0.52,33.33,809.34,6.51,7.28,0.936,4.89,6.11,1.68,25.49,0.5,39.52,829.5,803.35,821.85,845.0,795.6,48.16,47.37,1.95,-1.75,0.15,10.79,7.11,1.79,-2.05,89.04,8,8,100,47.0,0.07,43.0,0.03,42.0,0.35,44.0,1.02,40.0,1.02,MIXED,50.58,MIXED,Trend + Structure + VWAP + Liquidity,None material,1.29,5.52,873.11,909.62,803.35,HIGH,969577493.0,NOT_AVAILABLE,NOT_AVAILABLE,,479,500
480,KOTAKBANK,2026-08-31,419.4,Neutral-Range,59.13,59.47,3,65,5/10,Medium,68.43,7.5,1.79,8.33,402.97,398.03,718.29,3.0756,-0.241,1.57,86.67,405.47,3.44,1.33,0.799,-1.01,4.47,6.8,5.51,-0.64,70.8,426.2,421.0,423.7,427.7,398.15,48.42,46.71,1.01,-1.2,-0.13,5.0,7.11,1.71,-3.28,71.19,9,6,100,50.0,-0.17,49.0,-0.09,53.0,0.11,59.0,0.54,62.0,0.7,MIXED,56.8,MIXED,Trend + Momentum + VWAP + RSI,"Structure, Delivery",-1.79,1.79,411.9,426.9,423.7,LOW,4919718397.0,NOT_AVAILABLE,NOT_AVAILABLE,,480,419
481,ITIETF,2026-08-31,34.31,Neutral-Range,59.11,59.61,2,60,3/10,Low,55.46,0.84,2.46,5.83,34.02,33.34,34.7,-0.1125,0.0235,0.89,64.17,34.35,-0.1,2.25,0.348,-0.98,1.27,0.12,-1.69,0.03,61.4,34.8,33.81,34.65,34.8,33.59,46.03,48.77,1.03,-0.98,0.6,26.7,5.48,2.18,-2.02,90.65,6,8,100,54.0,0.17,56.0,0.42,56.0,0.68,60.0,1.21,65.0,1.63,POSITIVE,63.16,POSITIVE,Trend + Momentum + RSI,Delivery,-2.46,2.46,33.47,35.15,34.65,MODERATE,33974569.0,NOT_AVAILABLE,NOT_AVAILABLE,,481,412
482,POLYPLEX,2026-08-31,1182.6,Neutral-Range,59.09,59.12,3,65,4/10,Low,56.77,37.42,3.16,10.0,1162.22,1104.39,994.6,-5.5603,0.5784,0.68,60.83,1187.99,-0.45,2.44,0.529,-0.15,1.08,-2.33,8.02,-0.79,60.75,1190.9,1150.0,1184.4,1215.3,1147.1,43.29,52.37,1.93,-1.54,0.14,10.13,5.79,1.79,-2.32,80.88,5,8,100,47.0,0.05,43.0,0.29,45.0,0.45,50.0,1.66,54.0,2.01,MIXED,56.69,MIXED,Trend + Momentum + RSI + Liquidity,Delivery,-3.16,3.16,1145.18,1220.02,1184.4,HIGH,154456446.0,NOT_AVAILABLE,NOT_AVAILABLE,,482,432
483,RPGLIFE,2026-08-31,2629.0,Neutral-Range,59.06,55.72,2,60,3/10,Low,47.08,99.31,3.78,27.5,2655.38,2614.97,2362.41,-16.8015,6.7184,1.64,89.17,2710.44,-3.0,6.69,0.369,3.6,0.21,-4.1,-4.64,-0.5,50.84,2582.3,2490.1,2537.6,2666.2,2490.1,44.34,51.32,2.11,-1.58,0.05,10.26,11.58,1.78,-2.11,90.45,10,13,100,44.0,0.1,43.0,0.17,49.0,0.55,61.0,1.83,57.0,2.3,MIXED,63.02,POSITIVE,Volume + Structure + Delivery,VWAP,-3.78,3.78,2529.69,2728.31,2537.6,HIGH,36315871.0,NOT_AVAILABLE,NOT_AVAILABLE,,483,548
484,BAHETI,2026-08-31,861.8,Bullish,59.04,61.07,5,75,5/10,Medium,80.66,22.26,2.58,10.83,801.81,750.46,645.28,4.0647,0.4816,0.63,22.5,798.87,7.88,1.77,0.912,1.75,3.86,9.23,19.0,0.35,44.44,875.0,839.0,847.0,875.0,802.0,50.57,43.59,2.32,-2.03,0.77,40.46,13.68,2.54,-2.48,79.97,10,8,100,50.0,0.01,42.0,-0.46,45.0,-0.31,45.0,-0.39,47.0,0.8,MIXED,43.7,MIXED,Trend + Momentum + Structure + VWAP,None material,0.9,3.88,869.59,895.2,798.87,MODERATE,21404712.0,NOT_AVAILABLE,NOT_AVAILABLE,,484,358
485,JKPAPER,2026-08-31,396.25,Bullish,59.02,61.31,6,80,6/10,Medium,57.16,11.8,2.98,17.5,388.66,380.56,367.77,-0.0351,0.2659,0.87,57.5,388.9,1.89,2.64,0.711,1.2,0.75,4.07,2.72,0.09,48.27,395.3,389.0,391.55,403.4,386.45,45.66,49.74,1.84,-1.63,0.16,10.92,7.63,1.91,-2.36,80.03,9,9,100,37.0,-0.09,40.0,-0.4,41.0,-0.65,46.0,-1.41,46.0,-1.74,NEGATIVE,37.21,NEGATIVE,Trend + Momentum + Structure + VWAP,None material,1.04,4.47,400.38,413.95,388.9,MODERATE,121233665.0,NOT_AVAILABLE,NOT_AVAILABLE,,485,354
486,KAYA,2026-08-31,337.3,Neutral-Range,59.01,46.77,2,60,4/10,Low,58.46,20.89,6.19,77.5,323.88,295.22,302.14,-1.6277,-1.0566,0.1,2.5,331.54,1.74,7.03,0.58,3.04,-8.18,0.19,21.13,-0.49,,334.25,318.6,327.35,393.0,318.6,40.92,54.21,2.75,-1.99,0.39,30.53,16.58,2.42,-2.18,83.39,8,10,100,43.0,0.04,46.0,0.55,47.0,1.1,48.0,2.56,50.0,2.9,MIXED,62.89,POSITIVE,Trend + Structure + VWAP + RSI,"Momentum, MACD",-6.19,6.19,316.41,358.19,327.35,VERY_HIGH,20808694.0,NOT_AVAILABLE,NOT_AVAILABLE,,486,915
487,BIL,2026-08-31,852.2,Neutral-Range,59.0,60.19,0,50,3/10,Low,60.42,32.55,3.82,1.67,829.17,794.86,764.4,-0.6148,-0.6054,1.61,79.17,840.64,1.38,1.75,0.709,-0.64,2.0,-0.32,12.01,0.62,91.41,890.0,844.55,857.7,890.0,832.0,46.71,48.03,2.52,-1.97,0.57,35.92,18.68,2.94,-2.64,84.22,16,10,100,45.0,-0.08,48.0,0.65,59.0,2.16,58.0,2.78,58.0,3.59,POSITIVE,75.71,STRONG,Trend + VWAP + RSI,"Momentum, MACD, Delivery",-3.82,3.82,819.65,884.75,857.7,HIGH,12321781.0,NOT_AVAILABLE,NOT_AVAILABLE,,487,384
488,NRBBEARING,2026-08-31,473.85,Neutral-Range,58.99,58.56,2,60,4/10,Low,57.58,17.63,3.72,0.83,464.68,439.31,357.06,-2.1881,-0.1054,0.63,54.17,469.69,0.89,3.9,0.613,0.89,-1.48,-2.11,9.23,-0.99,48.7,475.0,465.85,469.65,489.9,465.0,46.58,49.08,1.97,-1.66,0.27,15.0,6.84,1.78,-1.92,82.69,7,9,100,48.0,0.04,48.0,0.57,51.0,1.42,49.0,1.79,51.0,1.21,MIXED,62.84,POSITIVE,Trend + VWAP + RSI + Liquidity,"Momentum, MACD",-3.72,3.72,456.22,491.48,469.65,HIGH,266723957.0,NOT_AVAILABLE,NOT_AVAILABLE,,488,446
489,TIRUMALCHM,2026-08-31,160.06,Neutral-Range,58.99,49.76,2,60,4/10,Low,47.54,7.36,4.6,35.83,160.82,167.03,195.44,0.6985,0.1194,1.63,85.0,162.1,-1.26,4.61,0.364,-0.16,-0.81,3.44,-12.59,1.73,47.23,164.86,158.65,160.32,164.9,154.15,44.87,50.66,2.2,-1.97,0.15,10.13,7.89,2.03,-2.19,82.64,7,9,100,46.0,0.4,48.0,0.52,56.0,0.81,61.0,0.91,58.0,1.49,POSITIVE,62.83,POSITIVE,Momentum + MACD + Gap + Liquidity,"Trend, VWAP",-4.6,4.6,152.7,167.42,160.32,HIGH,123263202.0,NOT_AVAILABLE,NOT_AVAILABLE,,488,771
490,HERANBA,2026-08-31,172.58,Bullish,58.96,49.92,4,70,4/10,Low,49.22,7.0,4.06,32.5,172.06,177.07,208.65,0.8493,0.0781,0.49,30.83,171.73,0.49,3.2,0.502,0.55,-3.24,3.82,-5.56,1.26,60.4,174.0,170.0,171.64,186.8,168.0,42.11,53.03,2.13,-1.81,0.22,16.84,9.74,1.99,-2.0,79.13,10,12,100,41.0,0.07,44.0,0.67,44.0,1.01,38.0,0.54,45.0,0.77,MIXED,49.9,MIXED,Momentum + MACD + Gap + Delivery,None material,1.42,6.09,175.03,183.08,170.0,HIGH,11376112.0,NOT_AVAILABLE,NOT_AVAILABLE,,490,764
491,ACCENTMIC,2026-08-31,596.65,Neutral-Range,58.88,64.39,1,55,4/10,Low,66.03,17.13,2.87,4.17,574.25,535.06,432.04,-0.4824,-0.8527,0.29,3.33,572.84,4.16,2.6,0.807,-1.52,1.12,1.54,17.45,0.52,63.33,606.85,594.6,605.85,621.0,578.05,46.2,49.6,2.36,-1.9,0.31,27.3,13.73,2.04,-2.07,82.26,6,8,100,45.0,-0.11,46.0,0.26,50.0,1.01,63.0,2.59,73.0,4.89,MIXED,68.95,POSITIVE,Trend + Structure + VWAP + RSI,"Momentum, MACD, Delivery",-2.87,2.87,579.52,613.78,605.85,MODERATE,30131482.0,NOT_AVAILABLE,NOT_AVAILABLE,,491,258
492,LMW,2026-08-31,18975.0,Neutral-Range,58.88,56.94,3,65,5/10,Medium,61.21,616.73,3.25,68.33,18553.15,17400.63,15843.08,-81.1509,-37.8382,2.9,95.83,18805.29,0.9,7.48,0.718,0.39,-2.98,-5.35,17.26,0.8,38.81,19286.0,18795.0,18901.0,20030.0,18795.0,43.57,52.9,1.57,-1.22,0.11,6.85,3.94,1.71,-2.15,84.67,6,9,42,45.24,-0.01,47.62,0.07,42.86,0.58,42.86,2.19,47.62,3.01,MIXED,56.08,MIXED,Trend + Volume + VWAP + RSI,"Momentum, MACD",-3.25,3.25,18358.27,19591.73,18901.0,HIGH,154106546.0,NOT_AVAILABLE,NOT_AVAILABLE,,491,499
493,SAILIFE,2026-08-31,1459.7,Neutral-Range,58.82,66.41,-1,45,5/10,Medium,59.84,41.94,2.87,8.33,1428.04,1345.84,1124.77,-2.9637,-1.834,1.25,83.33,1430.71,2.03,2.92,0.751,-1.7,1.66,3.06,9.47,0.0,74.8,1506.3,1473.8,1485.0,1506.3,1420.3,50.58,46.19,1.88,-1.68,0.12,9.7,10.16,1.95,-2.02,81.1,7,5,76,51.32,0.43,64.47,0.74,67.11,1.42,72.37,3.03,73.68,2.76,STRONG,81.62,STRONG,Trend + VWAP + RSI + Liquidity,"Momentum, Volume, Structure",-2.87,2.87,1417.76,1501.64,1485.0,MODERATE,795913192.0,NOT_AVAILABLE,NOT_AVAILABLE,,493,194
494,ASAHISONG,2026-08-31,378.75,Bullish,58.82,56.39,5,75,6/10,Medium,63.11,18.7,4.94,31.67,358.53,328.64,284.93,-1.586,0.7447,1.19,71.67,355.77,6.46,6.72,0.68,3.29,0.69,6.09,-3.22,-3.1,,375.0,352.0,366.7,379.0,352.0,42.89,52.5,2.63,-1.98,0.4,29.47,15.66,2.28,-2.25,88.96,8,10,89,39.33,-0.11,41.57,-0.34,41.57,-0.38,47.19,-0.37,43.82,-1.04,NEGATIVE,43.07,MIXED,Trend + Momentum + Volume + Structure,Gap,1.73,7.41,385.29,406.8,352.0,HIGH,6792346.0,NOT_AVAILABLE,NOT_AVAILABLE,,493,524
495,METAL,2026-08-31,13.36,Neutral-Range,58.79,63.8,2,60,4/10,Low,54.78,0.37,2.74,20.0,13.29,13.09,12.25,0.0148,-0.0191,0.97,70.0,13.32,0.26,4.26,0.514,-1.76,-0.82,0.75,2.77,2.13,66.16,13.67,13.53,13.6,13.8,13.32,51.76,41.41,1.1,-1.19,0.85,38.72,6.83,2.25,-2.63,97.25,8,6,100,52.0,0.2,58.0,0.63,60.0,0.61,59.0,0.79,57.0,0.71,POSITIVE,62.25,POSITIVE,Trend + Momentum + RSI + Gap,"Structure, Delivery",-2.74,2.74,12.99,13.73,13.6,MODERATE,30789200.0,NOT_AVAILABLE,NOT_AVAILABLE,,495,276
496,GRAVITA,2026-08-31,1800.2,Neutral-Range,58.78,59.92,3,65,5/10,Medium,53.37,48.98,2.72,1.67,1791.25,1752.82,1693.22,0.7727,-2.5481,1.21,71.67,1784.67,0.87,2.6,0.745,-1.4,-0.42,-1.18,8.19,-0.1,48.58,1835.0,1809.0,1825.8,1858.5,1790.0,45.13,50.53,2.46,-1.9,0.22,15.39,8.55,1.91,-2.53,78.72,7,8,100,51.0,0.11,48.0,0.22,49.0,0.81,46.0,1.08,46.0,2.63,MIXED,55.81,MIXED,Trend + Momentum + VWAP + RSI,"Volume, Structure",-2.72,2.72,1751.22,1849.18,1825.8,MODERATE,336409539.0,NOT_AVAILABLE,NOT_AVAILABLE,,496,397
497,AIMTRON,2026-08-31,1635.8,Neutral-Range,58.74,62.07,-1,45,3/10,Low,56.75,66.79,4.08,5.0,1621.31,1489.89,1122.44,-17.9583,-1.6185,0.34,2.5,1635.39,0.02,2.11,0.529,-0.53,-2.71,-1.62,10.55,-0.85,60.23,1655.95,1612.5,1644.45,1702.0,1612.5,49.46,47.83,3.54,-2.69,0.36,31.25,16.03,2.66,-3.34,77.76,8,6,83,45.78,-0.07,51.81,0.91,63.86,1.76,68.67,4.56,78.31,7.77,POSITIVE,81.39,STRONG,Trend + RSI,"Momentum, MACD, Delivery",-4.08,4.08,1569.01,1702.59,1644.45,HIGH,84288073.0,NOT_AVAILABLE,NOT_AVAILABLE,,497,331
498,UNOMINDA,2026-08-31,1276.0,Bullish,58.74,59.21,5,75,5/10,Medium,63.91,27.09,2.12,1.67,1250.11,1205.38,1158.61,-2.7672,0.1166,0.84,49.17,1258.63,1.38,2.46,0.768,0.0,1.97,0.48,5.45,0.0,59.35,1283.1,1263.4,1276.0,1285.0,1240.5,47.63,47.63,1.75,-1.5,0.17,8.55,6.84,2.07,-2.29,82.25,11,7,100,50.0,0.25,41.0,-0.01,38.0,-0.17,48.0,-0.4,38.0,-0.62,NEGATIVE,42.82,NEGATIVE,Trend + Momentum + VWAP + RSI,None material,0.74,3.18,1285.48,1316.63,1258.63,MODERATE,1035236791.0,NOT_AVAILABLE,NOT_AVAILABLE,,497,426
499,UGARSUGAR,2026-08-31,55.59,Bullish,58.73,52.44,4,70,4/10,Low,63.17,3.99,7.18,98.33,50.75,46.35,43.14,0.1541,-0.0298,1.08,65.83,52.57,5.74,8.78,0.675,2.7,-4.17,6.54,30.62,0.11,28.91,55.87,50.41,54.13,62.1,50.15,42.24,52.76,1.94,-1.67,0.36,18.42,7.63,1.9,-1.86,87.36,6,9,23,30.43,-0.49,56.52,0.06,47.83,-0.21,52.17,0.02,39.13,-2.23,MIXED,49.24,MIXED,Trend + Momentum + VWAP + RSI,None material,2.51,10.77,56.99,61.58,50.41,VERY_HIGH,58720308.0,NOT_AVAILABLE,NOT_AVAILABLE,,499,668
500,GROWWGOLD,2026-08-31,15.0,Neutral-Range,58.72,63.58,2,60,4/10,Low,53.34,0.32,2.14,35.83,14.99,14.99,38.15,0.0015,-0.046,1.41,83.33,15.02,-0.16,6.8,0.592,-2.79,-4.58,0.47,8.3,2.46,41.63,15.65,15.25,15.43,15.82,15.15,54.24,41.74,1.07,-1.49,0.14,26.06,10.38,1.79,-4.07,71.15,13,5,100,53.0,0.14,59.0,0.56,63.0,-0.17,70.0,0.3,79.0,1.15,MIXED,62.07,POSITIVE,Trend + Momentum + RSI + Gap,"Volume, Structure",-2.14,2.14,14.68,15.32,15.43,MODERATE,40190495.0,NOT_AVAILABLE,NOT_AVAILABLE,,500,281
501,NILKAMAL,2026-08-31,2006.2,Neutral-Range,58.72,57.88,1,55,4/10,Low,60.93,90.78,4.53,70.0,1927.46,1722.62,1500.58,-4.0909,-7.2761,0.38,29.17,1982.49,1.2,3.76,0.765,-3.17,-1.0,10.84,18.02,-0.67,48.25,2105.0,2055.7,2071.9,2118.6,2005.0,41.18,54.21,1.36,-1.05,0.19,6.58,5.79,1.94,-1.79,89.56,8,9,34,58.82,0.36,64.71,1.02,58.82,1.32,50.0,2.53,58.82,3.68,POSITIVE,68.49,POSITIVE,Trend + VWAP + RSI + Liquidity,"Momentum, Structure, MACD",-4.53,4.53,1915.42,2096.98,2071.9,HIGH,257186315.0,NOT_AVAILABLE,NOT_AVAILABLE,,500,468
502,AVADHSUGAR,2026-08-31,855.3,Neutral-Range,58.63,57.96,3,65,4/10,Low,79.61,44.78,5.24,80.0,733.89,632.39,506.69,8.4069,-0.6345,0.51,33.33,717.44,19.21,6.92,0.906,3.04,2.78,17.93,53.09,-1.09,26.68,838.4,806.85,830.05,884.8,788.45,43.42,52.24,2.22,-1.72,0.22,13.29,7.37,1.87,-2.1,80.91,8,9,88,47.73,0.3,43.18,-0.23,47.73,-0.26,50.0,1.8,59.09,3.46,MIXED,55.37,MIXED,Trend + Structure + VWAP + Liquidity,Gap,-5.24,5.24,810.52,900.08,830.05,VERY_HIGH,483063550.0,NOT_AVAILABLE,NOT_AVAILABLE,,502,464
503,NOCIL,2026-08-31,171.45,Bullish,58.62,52.0,7,85,7/10,High,58.72,5.34,3.11,2.5,165.8,166.96,168.05,0.7153,0.4193,2.24,94.17,168.08,2.0,5.93,0.547,3.93,3.42,4.73,-1.49,-0.1,39.61,167.3,163.56,164.96,171.0,161.8,43.82,51.71,2.0,-1.72,0.14,8.68,5.26,1.74,-2.39,77.21,6,9,100,45.0,-0.01,39.0,-0.37,36.0,-0.72,36.0,-1.92,39.0,-1.42,NEGATIVE,29.64,NEGATIVE,Trend + Momentum + Volume + Structure,None material,1.09,4.67,173.32,179.46,163.56,HIGH,99416498.0,NOT_AVAILABLE,NOT_AVAILABLE,,503,694
504,CALSOFT,2026-08-31,37.27,Bullish,58.55,58.95,8,90,8/10,Medium,86.37,1.46,3.91,0.83,28.45,24.96,19.65,1.1819,0.1067,2.98,90.0,29.59,25.95,4.99,1.0,4.99,27.59,44.29,70.88,4.99,53.54,35.5,35.5,35.5,35.5,28.4,44.21,49.47,3.05,-2.34,1.13,49.61,17.76,3.34,-3.09,86.35,9,10,10,30.0,-5.41,40.0,-4.41,40.0,-4.59,40.0,-3.95,40.0,-2.15,NEGATIVE,23.0,NEGATIVE,Trend + Momentum + Volume + Structure,None material,1.37,5.87,37.78,39.46,29.59,HIGH,10168687.0,NOT_AVAILABLE,NOT_AVAILABLE,,504,437
505,EGOLD,2026-08-31,154.1,Neutral-Range,58.54,66.11,1,55,4/10,Low,54.65,2.73,1.77,27.5,153.57,149.93,142.59,0.0461,-0.4415,2.08,85.83,153.29,0.53,1.64,0.669,-2.53,-4.17,0.82,8.75,-1.99,94.21,158.15,156.2,158.1,162.0,154.9,50.35,43.27,1.02,-0.88,0.41,16.92,6.38,2.43,-2.19,80.64,13,4,8,62.5,-0.03,50.0,0.56,50.0,0.97,62.5,2.43,87.5,4.25,MIXED,67.97,POSITIVE,Trend + Momentum + VWAP + RSI,"Structure, Gap, Delivery",-1.77,1.77,151.37,156.83,158.1,LOW,30632543.0,NOT_AVAILABLE,NOT_AVAILABLE,,505,204
506,MOSCHIP,2026-08-31,214.18,Neutral-Range,58.52,51.9,1,55,2/10,Low,51.93,6.87,3.21,4.17,211.57,213.19,206.26,1.6619,-0.046,0.8,57.5,214.04,0.07,3.39,0.521,-2.54,4.05,1.16,1.88,-0.35,42.42,223.54,218.5,219.77,224.0,204.5,42.96,53.77,2.91,-2.19,0.38,21.36,8.29,2.21,-2.67,74.11,7,6,100,45.0,0.12,48.0,0.87,47.0,1.93,47.0,4.1,52.0,5.9,MIXED,67.9,POSITIVE,Trend + Liquidity,Structure,-3.21,3.21,207.31,221.05,219.77,HIGH,421209006.0,NOT_AVAILABLE,NOT_AVAILABLE,,506,701
507,ZYDUSLIFE,2026-08-31,1161.3,Neutral-Range,58.48,63.14,2,60,4/10,Low,55.23,30.59,2.63,74.17,1141.77,1120.82,1029.23,4.6868,-0.6176,0.86,50.0,1161.63,-0.03,2.52,0.611,-2.49,5.21,2.63,3.6,-0.34,62.07,1198.9,1170.6,1191.0,1198.9,1092.6,50.66,44.74,1.22,-1.18,0.21,7.89,4.61,1.92,-2.0,81.86,8,9,100,54.0,0.3,54.0,0.44,53.0,0.66,58.0,1.22,61.0,1.71,MIXED,61.37,POSITIVE,Trend + Momentum + RSI + Liquidity,"Structure, Delivery",-2.63,2.63,1130.71,1191.89,1191.0,MODERATE,2024369224.0,NOT_AVAILABLE,NOT_AVAILABLE,,507,293
508,AVTNPL,2026-08-31,92.06,Bullish,58.47,50.55,7,85,7/10,High,78.27,3.84,4.17,59.17,82.3,76.61,70.44,0.5733,0.1847,1.53,88.33,85.67,7.46,11.97,0.891,8.06,5.63,4.49,30.19,0.28,55.36,86.6,83.57,85.19,89.5,83.57,43.55,51.45,1.76,-1.4,0.18,13.29,11.45,1.99,-1.6,91.02,6,7,32,34.38,-0.79,18.75,-2.1,28.12,-1.46,28.12,0.09,21.88,-1.11,NEGATIVE,29.2,NEGATIVE,Trend + Momentum + Volume + Structure,None material,1.46,6.26,93.41,97.82,83.57,HIGH,41406540.0,NOT_AVAILABLE,NOT_AVAILABLE,,508,748
509,JYOTICNC,2026-08-31,994.95,Bullish,58.45,60.02,5,75,5/10,Medium,67.02,36.78,3.7,11.67,929.56,853.67,829.65,10.1691,-4.3166,0.69,52.5,892.62,11.46,4.43,0.828,-4.28,1.5,15.97,15.92,-0.2,41.35,1048.0,1014.55,1039.4,1048.0,972.0,47.18,48.66,2.57,-2.14,0.25,17.51,8.75,2.12,-2.94,84.03,7,7,100,47.0,-0.1,43.0,-0.43,46.0,-0.66,45.0,-0.55,55.0,0.16,MIXED,42.01,NEGATIVE,Trend + Momentum + VWAP + RSI,None material,1.29,5.54,1007.82,1050.12,892.62,HIGH,1404158023.0,NOT_AVAILABLE,NOT_AVAILABLE,,509,389
510,GENESYS,2026-08-31,227.35,Neutral-Range,58.42,45.58,2,60,3/10,Low,47.68,19.85,8.73,85.0,225.65,254.69,327.6,7.7613,0.3254,0.43,29.17,235.07,-3.28,7.31,0.353,-0.2,27.33,33.07,-23.9,0.0,37.17,234.5,222.0,227.8,257.1,177.55,42.5,52.63,3.17,-2.53,0.2,14.47,8.42,2.57,-3.19,82.89,5,9,100,36.0,0.02,44.0,0.24,45.0,0.45,47.0,3.05,46.0,4.32,MIXED,61.2,POSITIVE,Momentum + MACD + Liquidity,VWAP,-8.73,8.73,207.5,247.2,227.8,VERY_HIGH,458226199.0,NOT_AVAILABLE,NOT_AVAILABLE,,510,960
511,BAJAJHCARE,2026-08-31,333.7,Bullish,58.39,52.3,7,85,7/10,High,54.76,10.2,3.06,2.5,326.84,327.83,352.41,0.5626,0.8643,3.93,96.67,328.39,1.62,4.69,0.628,3.63,3.78,3.3,-1.97,0.93,37.27,325.7,320.1,322.0,328.0,318.1,40.66,55.0,2.55,-1.86,0.33,20.79,9.08,1.98,-2.52,87.05,5,9,100,32.0,-0.09,34.0,-1.03,40.0,-1.28,39.0,-2.14,35.0,-2.24,NEGATIVE,28.97,NEGATIVE,Trend + Momentum + Volume + Structure,None material,1.07,4.58,337.27,349.0,320.1,HIGH,27883097.0,NOT_AVAILABLE,NOT_AVAILABLE,,511,672
512,HINDOILEXP,2026-08-31,162.06,Bullish,58.36,56.04,5,75,5/10,Medium,54.61,4.86,3.0,0.83,159.26,159.35,158.08,0.688,0.0467,0.41,25.83,158.95,1.96,2.71,0.643,-0.37,2.84,4.63,0.58,0.21,44.79,164.05,160.53,162.66,164.8,155.43,45.26,50.26,2.09,-1.82,0.26,13.55,6.71,1.83,-2.33,86.93,6,6,100,46.0,-0.12,43.0,-0.09,47.0,-0.18,44.0,-1.1,48.0,-0.94,MIXED,41.73,NEGATIVE,Trend + Momentum + VWAP + RSI,None material,1.05,4.5,163.76,169.35,158.95,MODERATE,78555592.0,NOT_AVAILABLE,NOT_AVAILABLE,,512,537
513,VADILALIND,2026-08-31,7672.0,Bullish,58.33,58.1,5,75,5/10,Medium,61.79,281.3,3.67,57.5,7406.48,6922.14,5752.46,-10.0323,2.7475,0.5,25.0,7601.02,0.93,4.42,0.436,-2.89,3.32,3.52,4.29,-0.02,40.16,8020.0,7385.0,7900.0,8020.0,7335.0,45.39,50.13,2.24,-1.66,0.24,18.29,7.89,1.93,-2.42,90.92,7,9,100,45.0,0.23,44.0,-0.0,45.0,-0.1,41.0,-0.76,46.0,-0.21,MIXED,41.66,NEGATIVE,Trend + Momentum + VWAP + RSI,None material,1.28,5.5,7770.46,8093.96,7385.0,HIGH,303826389.0,NOT_AVAILABLE,NOT_AVAILABLE,,513,458
514,ENTERO,2026-08-31,1809.9,Bullish,58.33,55.76,8,90,8/10,High,86.36,74.91,4.14,56.67,1509.7,1365.19,1228.71,40.4958,1.071,1.29,76.67,1564.71,15.67,5.47,0.949,0.07,18.31,29.13,46.76,-0.56,66.81,1838.0,1745.2,1808.6,1838.0,1413.2,46.85,49.16,2.0,-1.7,0.19,16.59,10.14,1.97,-2.02,95.03,9,7,51,39.22,-0.2,47.06,-0.97,41.18,-1.7,33.33,-2.98,37.25,-2.36,NEGATIVE,22.36,NEGATIVE,Trend + Momentum + Volume + Structure,None material,1.45,6.21,1836.12,1922.26,1564.71,HIGH,776405803.0,NOT_AVAILABLE,NOT_AVAILABLE,,513,547
515,HNDFDS,2026-08-31,658.2,Bullish,58.29,58.34,7,85,7/10,High,71.08,19.39,2.95,15.0,619.26,589.82,544.51,1.6971,0.7357,1.24,70.0,617.91,6.52,4.5,0.848,3.74,2.94,8.18,11.74,0.69,51.02,639.75,631.0,634.45,650.35,623.0,44.47,50.53,1.38,-1.13,0.11,11.97,6.18,1.94,-2.19,90.83,6,7,84,30.95,-0.41,30.95,-0.9,34.52,-1.26,36.9,-1.57,35.71,-1.22,NEGATIVE,28.68,NEGATIVE,Trend + Momentum + Volume + Structure,None material,1.03,4.42,664.99,687.29,617.91,MODERATE,74025655.0,NOT_AVAILABLE,NOT_AVAILABLE,,515,452
516,UNIHEALTH,2026-08-31,724.95,Bullish,58.29,54.35,5,75,5/10,Medium,57.13,34.46,4.75,72.5,714.79,603.64,337.84,-14.5843,1.7681,0.31,32.5,726.32,-0.19,1.39,0.431,0.97,-1.91,1.48,-10.21,0.97,80.0,721.95,700.0,717.95,751.1,691.15,43.36,49.38,3.2,-1.92,0.44,29.38,21.95,3.62,-2.84,72.24,7,9,100,38.0,-0.26,43.0,-0.15,41.0,-0.42,40.0,-0.03,38.0,-0.25,NEGATIVE,41.55,NEGATIVE,Trend + Momentum + Structure + RSI,None material,1.66,7.13,737.01,776.64,700.0,HIGH,11784516.0,NOT_AVAILABLE,NOT_AVAILABLE,,515,595
517,DALMIASUG,2026-08-31,484.15,Bullish,58.26,56.25,5,75,5/10,Medium,65.86,26.86,5.55,85.0,450.21,409.67,364.57,0.3481,-0.6798,1.09,80.0,453.05,6.86,7.75,0.752,1.3,0.71,5.34,17.55,-0.62,25.08,489.75,472.6,477.95,520.0,454.3,42.5,52.76,2.17,-1.67,0.23,13.55,7.37,2.02,-2.42,85.92,7,11,69,37.68,-0.32,39.13,-0.46,36.23,-0.55,46.38,-0.06,50.72,1.22,NEGATIVE,41.47,NEGATIVE,Trend + Momentum + VWAP + RSI,None material,1.94,8.32,493.55,524.45,453.05,VERY_HIGH,416708278.0,NOT_AVAILABLE,NOT_AVAILABLE,,517,532
518,OBEROIRLTY,2026-08-31,1868.0,Neutral-Range,58.24,61.58,3,65,4/10,Low,53.21,44.62,2.39,0.83,1858.33,1823.38,1717.95,0.2188,-1.0229,1.56,83.33,1862.52,0.29,1.78,0.529,-0.11,-0.11,-3.26,0.37,-0.48,68.78,1880.8,1855.7,1870.0,1905.5,1844.9,50.0,45.39,1.54,-1.51,0.18,10.26,7.5,1.78,-1.94,79.53,7,7,96,53.12,-0.01,45.83,0.03,46.88,-0.01,57.29,0.71,51.04,1.13,MIXED,54.26,MIXED,Trend + Momentum + RSI + Liquidity,Delivery,-2.39,2.39,1823.38,1912.62,1870.0,MODERATE,927821707.0,NOT_AVAILABLE,NOT_AVAILABLE,,518,344
519,MANORAMA,2026-08-31,1890.8,Bullish,58.24,57.26,5,75,5/10,Medium,64.29,70.89,3.75,27.5,1814.88,1698.98,1498.26,1.8422,-3.8887,0.44,14.17,1842.23,2.64,5.19,0.665,0.07,-0.97,-2.71,15.79,0.14,43.48,1907.5,1872.0,1889.4,1945.9,1872.0,51.05,44.34,2.3,-2.28,0.36,28.68,8.95,2.15,-3.79,89.4,7,7,100,54.0,0.15,46.0,-0.16,46.0,-0.38,43.0,-0.81,37.0,-1.57,MIXED,41.39,NEGATIVE,Trend + Momentum + VWAP + RSI,None material,1.31,5.62,1915.61,1997.13,1842.23,HIGH,1841924959.0,NOT_AVAILABLE,NOT_AVAILABLE,,518,486
520,DHAMPURSUG,2026-08-31,179.19,Bullish,58.24,55.27,7,85,7/10,High,62.21,9.74,5.44,92.5,169.06,157.46,143.75,0.057,-0.2185,1.42,79.17,176.44,1.56,6.61,0.633,2.26,-0.89,4.87,24.58,-0.42,23.99,178.46,171.96,175.23,199.92,170.1,43.95,51.45,1.74,-1.58,0.32,13.55,5.53,2.15,-2.1,80.27,7,9,28,35.71,-0.14,46.43,-0.59,35.71,-1.22,32.14,-1.33,46.43,-0.34,NEGATIVE,28.55,NEGATIVE,Trend + Momentum + Volume + Structure,None material,1.9,8.16,182.6,193.81,171.96,VERY_HIGH,310301211.0,NOT_AVAILABLE,NOT_AVAILABLE,,518,561
521,LTFOODS,2026-08-31,446.55,Bullish,58.21,57.53,4,70,5/10,Medium,62.8,15.01,3.36,69.17,428.93,412.18,402.11,0.4811,-0.1317,0.38,20.0,453.76,-1.59,4.8,0.431,1.64,-2.71,7.05,7.52,0.0,36.86,444.95,436.0,439.35,490.7,427.6,48.69,46.9,2.08,-1.83,0.24,11.31,6.9,2.45,-2.34,83.61,11,9,100,48.0,0.27,53.0,0.16,48.0,0.22,43.0,0.0,43.0,0.67,MIXED,47.73,MIXED,Trend + Momentum + Structure + RSI,VWAP,1.18,5.04,451.8,469.07,436.0,HIGH,1211416531.0,NOT_AVAILABLE,NOT_AVAILABLE,,521,479
522,UFLEX,2026-08-31,649.1,Bullish,58.2,59.88,4,70,4/10,Low,76.01,26.1,4.02,71.67,576.71,516.52,476.38,6.0094,-0.8182,0.33,35.83,602.97,7.65,4.15,0.94,2.33,4.83,10.76,34.6,0.63,47.48,658.85,631.0,634.35,660.5,603.55,48.03,47.5,1.56,-1.41,0.39,13.95,4.47,2.37,-2.0,82.33,8,9,9,44.44,-0.47,33.33,0.64,33.33,0.41,44.44,0.96,88.89,3.12,MIXED,47.7,MIXED,Trend + Structure + VWAP + Liquidity,None material,1.41,6.03,658.24,688.25,602.97,HIGH,438031801.0,NOT_AVAILABLE,NOT_AVAILABLE,,522,401
523,TDPOWERSYS,2026-08-31,777.0,Neutral-Range,58.18,49.52,-1,45,4/10,Low,30.88,94.77,12.2,95.83,1089.75,1154.57,1006.32,-82.5703,6.6012,1.56,86.67,1250.39,-37.86,5.45,0.066,3.23,-0.4,-49.83,-30.15,0.97,58.06,761.9,746.1,752.7,793.5,719.0,50.0,45.66,2.47,-2.22,0.18,14.87,8.29,2.13,-3.16,82.31,7,7,100,63.0,0.82,64.0,1.86,69.0,3.27,59.0,3.92,58.0,4.77,STRONG,79.8,STRONG,Volume + Delivery + Liquidity,"Trend, Momentum, VWAP",-12.2,12.2,682.23,871.77,752.7,VERY_HIGH,2536853924.0,NOT_AVAILABLE,NOT_AVAILABLE,,523,778
524,THELEELA,2026-08-31,570.4,Bullish,58.15,59.06,7,85,7/10,High,72.55,19.27,3.38,37.5,532.31,503.96,457.42,3.1688,0.3139,2.19,90.0,534.27,6.76,5.14,0.864,2.73,3.77,13.4,13.67,0.86,38.34,560.95,547.55,555.25,576.0,540.5,45.96,49.07,1.6,-1.29,-0.01,13.98,13.98,1.63,-1.84,93.37,6,7,25,32.0,-1.0,32.0,-1.0,28.0,-1.58,44.0,-1.4,56.0,0.95,NEGATIVE,28.28,NEGATIVE,Trend + Momentum + Volume + Structure,None material,1.18,5.07,577.14,599.3,534.27,HIGH,375961121.0,NOT_AVAILABLE,NOT_AVAILABLE,,524,433
525,PPLPHARMA,2026-08-31,214.4,Neutral-Range,58.11,59.93,1,55,4/10,Low,60.49,7.31,3.41,2.5,208.41,195.59,179.87,-0.714,-0.098,0.55,37.5,210.35,1.93,3.25,0.736,-1.96,1.54,4.72,7.59,-0.08,42.08,220.0,214.61,218.68,220.0,206.4,47.63,47.76,1.87,-1.6,0.23,10.79,6.97,2.13,-2.55,83.91,8,7,100,48.0,0.0,49.0,0.03,54.0,0.89,56.0,2.42,60.0,4.46,MIXED,66.74,POSITIVE,Trend + VWAP + RSI + Liquidity,"Momentum, Structure, MACD",-3.41,3.41,207.09,221.71,218.68,HIGH,1020198157.0,NOT_AVAILABLE,NOT_AVAILABLE,,525,395
526,KSB,2026-08-31,807.25,Bullish,58.1,49.35,4,70,6/10,Medium,44.74,25.71,3.18,26.67,810.74,837.77,845.43,3.6786,0.9397,2.34,94.17,805.45,0.22,5.11,0.261,1.69,1.96,1.51,-5.89,-0.48,66.66,798.45,787.0,793.85,814.5,784.85,46.58,48.68,1.64,-1.63,0.03,9.08,7.89,1.83,-3.27,88.57,8,7,100,40.0,-0.09,45.0,-0.07,46.0,-0.2,50.0,-0.09,52.0,-0.15,MIXED,47.44,MIXED,Momentum + Volume + Structure + MACD,"Trend, RSI",1.11,4.78,816.25,845.81,787.0,HIGH,176740823.0,NOT_AVAILABLE,NOT_AVAILABLE,,526,790
527,KIRLOSENG,2026-08-31,2099.4,Neutral-Range,58.08,55.2,0,50,3/10,Low,46.82,82.77,3.94,6.67,2118.48,2120.09,1728.25,2.9374,1.7435,0.91,63.33,2127.63,-1.33,2.97,0.333,-1.12,1.5,-0.1,-5.65,-0.15,60.26,2144.4,2090.4,2123.1,2144.4,2024.1,47.11,48.29,2.24,-1.71,0.16,11.84,7.89,2.05,-2.72,83.47,7,10,100,53.0,0.36,63.0,1.32,60.0,1.5,58.0,2.7,60.0,3.29,POSITIVE,73.1,STRONG,Momentum + MACD + Liquidity,"Trend, VWAP, Delivery",-3.94,3.94,2016.63,2182.17,2123.1,HIGH,972040780.0,NOT_AVAILABLE,NOT_AVAILABLE,,527,563
528,PREMEXPLN,2026-08-31,662.8,Neutral-Range,58.07,56.63,2,60,3/10,Low,47.52,12.83,1.94,0.83,664.88,665.8,605.09,1.7334,-0.39,0.35,17.5,656.81,0.91,1.04,0.651,0.01,-0.68,-1.46,0.15,0.0,66.24,668.0,661.1,662.75,676.35,661.1,46.71,48.95,2.98,-2.62,0.39,26.97,9.87,2.36,-3.8,83.18,12,8,100,48.0,0.23,53.0,0.47,54.0,0.5,53.0,1.44,55.0,3.02,MIXED,60.21,POSITIVE,VWAP + Delivery + Liquidity,Trend,-1.94,1.94,649.97,675.63,662.75,LOW,157114627.0,NOT_AVAILABLE,NOT_AVAILABLE,,528,511
529,SIGMA,2026-08-31,48.35,Bullish,58.03,48.44,5,75,5/10,Medium,60.2,2.86,5.92,30.83,46.68,44.35,75.79,-0.1605,0.0191,0.84,61.67,47.4,2.01,4.7,0.537,2.33,-0.27,7.09,-3.76,1.38,44.54,49.09,46.5,47.25,51.2,45.69,41.84,53.55,2.42,-2.04,0.66,40.0,12.76,2.49,-3.3,90.6,6,9,100,42.0,-0.19,40.0,-0.03,39.0,0.21,40.0,-0.67,34.0,-1.18,MIXED,40.81,NEGATIVE,Trend + Momentum + VWAP + RSI,None material,2.07,8.89,49.35,52.65,46.5,VERY_HIGH,10041969.0,NOT_AVAILABLE,NOT_AVAILABLE,,529,819
530,TATATECH,2026-08-31,831.05,Neutral-Range,58.0,57.54,3,65,4/10,Low,57.46,28.81,3.47,55.0,810.72,776.65,704.77,-4.4585,1.4366,0.59,45.0,843.9,-1.52,3.24,0.575,-0.4,4.21,-1.26,8.8,-0.16,39.22,839.7,796.7,834.35,839.7,784.65,44.27,51.49,1.38,-1.28,0.18,9.05,6.36,1.64,-1.93,76.96,7,10,91,48.35,0.08,45.05,0.11,50.55,0.72,43.96,0.65,46.15,0.91,MIXED,53.56,MIXED,Trend + Momentum + RSI + Liquidity,VWAP,-3.47,3.47,802.24,859.86,834.35,HIGH,2017008451.0,NOT_AVAILABLE,NOT_AVAILABLE,,530,478
531,ASIANTILES,2026-08-31,49.61,Bullish,58.0,48.44,4,70,4/10,Low,49.51,2.79,5.62,55.0,49.11,51.79,58.98,0.0192,0.2534,1.09,68.33,49.37,0.49,5.18,0.44,3.61,9.27,3.42,-7.84,0.75,48.85,48.29,47.0,47.88,49.3,45.0,44.87,50.39,2.25,-1.97,0.2,13.03,7.89,2.04,-2.14,86.09,7,11,100,44.0,0.23,43.0,0.77,45.0,0.66,38.0,0.11,36.0,0.53,MIXED,47.13,MIXED,Momentum + Structure + MACD + Liquidity,None material,1.97,8.42,50.59,53.79,47.0,VERY_HIGH,283871042.0,NOT_AVAILABLE,NOT_AVAILABLE,,530,819
532,SILVER,2026-08-31,233.17,Neutral-Range,57.98,64.14,1,55,2/10,Low,51.56,6.46,2.77,23.33,233.12,231.16,221.34,0.2789,-0.6136,1.06,73.33,233.48,-0.13,3.13,0.6,-3.1,-3.67,-0.09,8.18,-1.0,30.72,241.9,230.64,240.63,245.3,230.64,52.89,42.63,1.56,-1.5,0.4,25.13,11.18,2.33,-2.4,60.19,8,7,100,53.0,-0.2,54.0,0.17,61.0,0.5,62.0,1.58,64.0,2.89,POSITIVE,66.37,POSITIVE,Trend + Liquidity,Gap,-2.77,2.77,226.71,239.63,240.63,MODERATE,263781638.0,NOT_AVAILABLE,NOT_AVAILABLE,,532,265
533,NUVAMA,2026-08-31,1753.6,Neutral-Range,57.93,56.48,-1,45,3/10,Low,49.48,57.45,3.28,26.67,1755.43,1744.1,2484.18,9.9892,-2.7157,0.52,20.0,1706.53,2.76,3.63,0.71,-2.85,0.21,1.29,-0.69,0.0,60.08,1825.0,1782.0,1805.0,1825.0,1722.9,49.07,46.68,2.24,-2.15,0.13,16.98,8.62,1.98,-3.78,83.11,10,8,100,45.0,0.25,57.0,1.67,65.0,3.03,61.0,4.55,68.0,5.66,STRONG,79.1,STRONG,VWAP + Liquidity,"Trend, Structure, Delivery",-3.28,3.28,1696.15,1811.05,1805.0,HIGH,552117530.0,NOT_AVAILABLE,NOT_AVAILABLE,,533,519
534,SAGILITY,2026-08-31,47.05,Bullish,57.87,53.52,7,85,7/10,High,72.65,1.4,2.98,14.17,43.75,42.81,43.13,0.3462,0.1356,2.62,95.0,44.33,6.14,3.54,0.923,1.53,8.84,10.97,7.22,0.35,27.4,46.4,44.3,46.34,46.4,42.79,46.41,49.67,2.24,-1.82,0.26,19.17,11.98,2.32,-2.44,75.41,7,6,61,39.34,-0.09,39.34,-0.73,34.43,-1.19,37.7,-2.0,37.7,-2.46,NEGATIVE,27.49,NEGATIVE,Trend + Momentum + Volume + Structure,None material,1.04,4.48,47.54,49.16,44.3,MODERATE,1098307166.0,NOT_AVAILABLE,NOT_AVAILABLE,,534,628
535,NILASPACES,2026-08-31,12.55,Neutral-Range,57.85,51.88,1,55,2/10,Low,50.99,0.75,5.97,83.33,12.53,12.53,13.31,0.006,-0.0141,0.34,2.5,12.61,-0.5,2.87,0.43,0.0,-1.57,-2.49,-1.49,1.99,58.89,12.81,12.25,12.55,13.74,12.24,41.45,50.66,3.01,-2.03,0.45,37.89,25.79,2.61,-2.18,63.14,10,24,100,40.0,0.1,48.0,1.01,52.0,2.24,53.0,1.32,58.0,3.58,MIXED,65.99,POSITIVE,Trend + Gap,VWAP,-5.97,5.97,11.8,13.3,12.55,VERY_HIGH,14148098.0,NOT_AVAILABLE,NOT_AVAILABLE,,535,703
536,IRB,2026-08-31,19.36,Bullish,57.82,53.7,4,70,4/10,Low,47.43,0.38,1.97,12.5,19.34,20.09,28.15,0.0584,0.0187,4.89,96.67,19.34,0.1,5.03,0.405,1.52,2.38,0.99,-4.06,-0.37,38.35,19.41,19.04,19.07,19.63,18.76,45.53,49.21,1.85,-1.73,0.2,14.87,7.63,2.05,-3.45,79.78,8,9,100,42.0,0.09,43.0,-0.13,46.0,0.19,42.0,0.02,41.0,0.32,MIXED,46.64,MIXED,Momentum + Volume + MACD + Liquidity,None material,0.69,2.96,19.49,19.93,19.04,LOW,156454220.0,NOT_AVAILABLE,NOT_AVAILABLE,,536,624
537,SHREDIGCEM,2026-08-31,75.03,Neutral-Range,57.81,50.36,2,60,4/10,Low,55.3,2.67,3.56,32.5,73.7,73.32,75.3,0.6866,-0.1571,0.78,50.83,73.79,1.68,4.46,0.523,-4.04,3.75,6.47,1.49,-0.26,59.25,79.9,75.55,78.19,79.9,70.65,45.13,49.87,1.48,-1.35,0.14,12.63,7.76,1.71,-2.01,83.29,7,8,13,46.15,0.43,53.85,1.01,53.85,1.5,38.46,1.54,38.46,2.22,MIXED,59.47,POSITIVE,Trend + Momentum + VWAP + RSI,"Structure, Delivery",-3.56,3.56,72.36,77.7,78.19,HIGH,6124104.0,NOT_AVAILABLE,NOT_AVAILABLE,,537,753
538,DCMSRIND,2026-08-31,48.38,Neutral-Range,57.8,48.26,1,55,3/10,Low,57.36,2.97,6.14,69.17,46.59,43.87,63.26,-0.1216,-0.0681,0.53,33.33,48.22,0.33,6.94,0.49,2.98,-8.82,5.79,16.41,-0.53,51.96,49.26,46.5,46.98,55.75,46.11,45.79,49.61,2.11,-2.02,0.28,21.45,9.21,2.11,-3.26,86.83,8,8,100,42.0,-0.04,49.0,0.23,49.0,1.33,58.0,2.02,59.0,1.4,MIXED,65.85,POSITIVE,Trend + RSI + Delivery,"Momentum, MACD",-6.14,6.14,45.41,51.35,46.98,VERY_HIGH,17074369.0,NOT_AVAILABLE,NOT_AVAILABLE,,538,828
539,RBZJEWEL,2026-08-31,150.79,Bullish,57.76,54.73,7,85,7/10,High,57.99,6.94,4.6,19.17,144.41,142.72,139.14,0.862,0.3522,0.98,67.5,144.99,4.0,6.14,0.769,3.14,4.24,10.72,-1.15,-0.14,54.43,147.26,145.01,146.2,155.97,135.91,43.9,51.6,2.55,-1.98,0.4,30.09,15.26,2.38,-2.28,71.56,10,9,85,47.06,0.6,35.29,-0.17,35.29,-1.38,37.65,-1.96,38.82,-2.83,NEGATIVE,27.17,NEGATIVE,Trend + Momentum + Structure + VWAP,None material,1.61,6.9,153.22,161.19,144.99,HIGH,21601089.0,NOT_AVAILABLE,NOT_AVAILABLE,,539,577
540,ONESOURCE,2026-08-31,1519.1,Neutral-Range,57.75,54.41,-2,40,5/10,Medium,41.88,49.32,3.25,0.83,1549.61,1593.74,1626.06,0.4209,0.9468,0.64,50.83,1548.71,-1.91,2.14,0.243,-0.85,-0.83,-2.51,-2.65,0.44,51.38,1539.5,1520.0,1532.2,1551.0,1478.0,46.55,50.25,2.04,-1.87,-0.15,10.84,14.29,1.96,-2.44,86.35,7,6,49,53.06,0.53,51.02,1.61,67.35,3.06,75.51,5.83,79.59,9.69,STRONG,85.0,STRONG,Momentum + MACD + Liquidity,"Trend, Structure, VWAP",-3.25,3.25,1469.78,1568.42,1532.2,HIGH,237955039.0,NOT_AVAILABLE,NOT_AVAILABLE,,540,592
541,CONTROLPR,2026-08-31,601.25,Bullish,57.7,51.91,4,70,4/10,Low,54.35,18.45,3.07,15.0,590.03,601.43,642.14,5.2586,-0.1662,0.93,69.17,585.44,2.7,3.5,0.754,0.51,0.24,5.54,5.21,-0.7,59.24,612.7,594.0,598.2,614.3,573.5,42.63,52.76,1.76,-1.44,0.13,10.26,7.76,1.85,-2.05,89.33,7,10,100,40.0,-0.08,46.0,-0.26,44.0,-0.1,46.0,0.05,41.0,-0.01,NEGATIVE,46.3,MIXED,Momentum + VWAP + RSI + Delivery,None material,1.07,4.6,607.71,628.93,585.44,HIGH,12500484.0,NOT_AVAILABLE,NOT_AVAILABLE,,541,700
542,MIDSELIETF,2026-08-31,20.05,Neutral-Range,57.65,66.35,0,50,3/10,Low,62.85,0.35,1.72,6.67,19.91,19.5,18.82,-0.0086,-0.0085,0.67,37.5,19.9,0.77,1.39,0.625,-0.4,0.35,0.5,1.73,0.0,52.49,20.28,19.65,20.13,20.38,19.61,53.39,41.13,0.8,-1.2,0.88,50.36,11.83,2.35,-3.24,97.94,9,6,38,47.37,-0.08,60.53,0.15,81.58,0.63,63.16,0.92,65.79,0.07,STRONG,71.86,STRONG,Trend + VWAP + RSI,"Momentum, MACD, Delivery",-1.72,1.72,19.7,20.4,20.13,LOW,5032518.0,NOT_AVAILABLE,NOT_AVAILABLE,,542,196
543,HATSUN,2026-08-31,1190.45,Bullish,57.6,54.46,7,85,7/10,High,80.28,42.43,3.56,85.0,1024.08,968.35,946.21,24.0696,1.8448,1.03,60.83,1038.26,14.66,1.96,0.976,1.22,13.97,22.88,34.54,1.85,55.33,1196.55,1135.55,1176.05,1196.55,980.0,44.08,51.58,1.57,-1.3,0.15,8.42,7.37,2.13,-1.8,85.1,7,7,21,23.81,-0.72,38.1,-1.37,28.57,-2.17,42.86,-1.15,23.81,-2.98,NEGATIVE,26.72,NEGATIVE,Trend + Momentum + Structure + VWAP,None material,1.25,5.35,1205.3,1254.09,1038.26,HIGH,91411609.0,NOT_AVAILABLE,NOT_AVAILABLE,,543,591
544,WELSPUNLIV,2026-08-31,196.21,Bullish,57.59,58.37,4,70,4/10,Low,74.54,7.27,3.71,61.67,179.85,168.62,147.16,1.994,-0.0796,0.37,15.83,174.24,12.61,5.61,0.96,3.02,3.04,16.69,26.89,-0.77,34.32,195.35,188.99,190.46,195.35,187.5,45.19,50.36,2.28,-1.91,0.23,13.06,8.03,2.13,-2.17,76.56,9,9,78,37.18,-0.16,39.74,-0.07,41.03,-0.63,48.72,0.52,52.56,1.81,NEGATIVE,45.97,MIXED,Trend + Structure + VWAP + Liquidity,None material,1.3,5.56,198.76,207.12,174.24,HIGH,1844172349.0,NOT_AVAILABLE,NOT_AVAILABLE,,544,451
545,GUJTHEM,2026-08-31,422.2,Bullish,57.59,54.65,7,85,7/10,High,69.05,18.03,4.27,22.5,386.48,376.45,361.54,6.6112,-0.0906,2.17,90.0,398.4,5.97,5.89,0.826,2.71,2.55,20.2,18.4,0.96,36.68,417.5,406.75,411.05,429.0,386.0,46.61,50.0,2.69,-2.12,0.02,18.49,14.58,2.09,-2.38,85.51,6,6,34,41.18,-0.12,47.06,0.28,41.18,-1.04,35.29,-2.73,35.29,-4.13,NEGATIVE,26.68,NEGATIVE,Trend + Momentum + Volume + Structure,None material,1.49,6.41,428.51,449.25,398.4,HIGH,122057240.0,NOT_AVAILABLE,NOT_AVAILABLE,,544,581
546,BANKETF,2026-08-31,587.7,Neutral-Range,57.55,61.71,3,65,3/10,Low,52.08,6.4,1.09,1.67,586.79,583.81,576.44,-0.1208,0.0529,0.39,24.17,587.15,0.09,1.2,0.272,0.3,0.44,0.01,-0.35,0.12,42.96,588.11,584.84,585.97,591.88,584.21,50.66,44.87,0.68,-0.69,0.19,9.87,3.42,2.17,-1.66,78.95,10,8,24,62.5,0.1,62.5,0.11,50.0,0.29,45.83,0.65,62.5,0.6,MIXED,52.3,MIXED,Trend + Momentum + RSI,None material,-1.09,1.09,581.3,594.1,585.97,LOW,20986258.0,NOT_AVAILABLE,NOT_AVAILABLE,,546,341
547,AONEGOLD,2026-08-31,14.35,Neutral-Range,57.55,61.56,2,60,4/10,Low,53.9,0.34,2.37,35.83,14.33,14.0,13.44,0.0007,-0.0424,1.3,78.33,14.38,-0.18,5.43,0.557,-2.58,-4.46,0.7,8.14,1.97,48.05,14.82,14.51,14.73,15.25,14.47,49.6,43.65,1.39,-1.23,0.76,38.89,9.52,2.25,-2.47,85.41,6,4,19,47.37,-0.01,52.63,0.24,47.37,0.77,57.89,0.95,57.89,1.72,MIXED,58.72,POSITIVE,Trend + Momentum + RSI + Gap,"Volume, Structure",-2.37,2.37,14.01,14.69,14.73,MODERATE,8509519.0,NOT_AVAILABLE,NOT_AVAILABLE,,546,345
548,DIVGIITTS,2026-08-31,1186.7,Neutral-Range,57.53,57.83,0,50,3/10,Low,59.16,54.74,4.61,31.67,1158.32,1050.39,829.59,-12.5585,-1.4132,0.27,26.67,1221.92,-2.88,3.93,0.637,0.98,-2.81,-7.61,21.64,-0.74,47.98,1204.05,1156.55,1175.15,1267.35,1143.2,46.18,49.21,1.86,-1.63,0.29,18.29,9.87,2.11,-1.96,90.98,6,10,100,52.0,0.13,56.0,0.65,55.0,1.09,62.0,2.8,60.0,4.2,POSITIVE,71.51,STRONG,Trend + RSI + Liquidity,"Momentum, VWAP, MACD",-4.61,4.61,1131.96,1241.44,1175.15,HIGH,363773915.0,NOT_AVAILABLE,NOT_AVAILABLE,,548,470
549,MUNJALAU,2026-08-31,115.79,Bullish,57.51,58.39,4,70,5/10,Medium,60.03,5.25,4.53,50.0,111.36,105.7,92.67,-0.2756,0.1133,0.22,19.17,118.93,-2.64,5.43,0.531,3.02,3.25,-3.28,11.68,-0.8,32.0,113.5,111.16,112.4,118.35,110.7,44.74,50.79,2.4,-1.85,0.38,22.63,8.03,2.04,-2.34,82.81,6,9,26,46.15,-0.2,57.69,0.95,53.85,0.72,42.31,-1.45,61.54,1.45,MIXED,45.74,MIXED,Trend + Momentum + Structure + RSI,VWAP,1.59,6.8,117.63,123.66,111.16,HIGH,521430993.0,NOT_AVAILABLE,NOT_AVAILABLE,,549,449
550,KROSS,2026-08-31,212.71,Neutral-Range,57.42,57.89,3,65,4/10,Low,57.22,8.11,3.81,18.33,207.38,200.8,193.35,0.4782,-0.1959,0.73,62.5,208.9,1.83,4.1,0.6,-0.6,1.48,3.66,4.58,-0.46,42.08,218.2,213.22,213.99,223.17,204.25,45.0,51.6,2.4,-2.08,0.33,19.6,9.2,1.72,-1.74,86.24,6,9,82,42.68,0.02,45.12,0.14,46.34,0.3,47.56,0.71,51.22,-0.39,MIXED,51.91,MIXED,Trend + Momentum + VWAP + RSI,Structure,-3.81,3.81,204.6,220.82,213.99,HIGH,84200480.0,NOT_AVAILABLE,NOT_AVAILABLE,,550,467
551,BALAMINES,2026-08-31,2323.6,Bullish,57.41,54.25,4,70,5/10,Medium,58.1,105.25,4.53,18.33,2228.37,2140.84,1735.07,32.7514,-6.8939,0.67,44.17,2211.19,5.08,4.57,0.716,-2.8,4.45,9.34,14.73,0.02,38.87,2431.1,2361.1,2390.5,2461.0,2086.0,42.63,53.03,2.18,-1.68,0.18,11.97,8.03,2.0,-2.21,80.24,7,9,100,41.0,0.15,41.0,0.19,47.0,0.26,40.0,-0.26,40.0,0.13,MIXED,45.45,MIXED,Trend + Momentum + VWAP + RSI,Structure,1.59,6.79,2360.44,2481.47,2211.19,HIGH,447837501.0,NOT_AVAILABLE,NOT_AVAILABLE,,551,600
552,ONWARDTEC,2026-08-31,289.75,Bullish,57.4,56.4,6,80,6/10,Medium,54.3,9.26,3.2,0.83,286.39,282.48,279.63,-0.0656,0.2989,1.73,88.33,285.94,1.33,3.46,0.73,0.89,1.21,1.05,-1.4,-0.77,54.53,291.2,285.0,287.2,294.35,281.85,42.89,52.37,2.19,-1.89,0.14,16.18,13.29,1.9,-1.93,84.68,7,10,61,24.59,-1.01,34.43,-0.97,31.15,-1.26,40.98,-0.66,44.26,-0.06,NEGATIVE,32.57,NEGATIVE,Trend + Momentum + Volume + VWAP,None material,1.12,4.79,292.99,303.64,285.0,HIGH,9472667.0,NOT_AVAILABLE,NOT_AVAILABLE,,552,523
553,NAHARINDUS,2026-08-31,136.45,Bullish,57.39,53.96,5,75,5/10,Medium,60.28,7.49,5.49,98.33,128.43,122.58,114.49,1.3504,-0.259,0.34,7.5,134.93,1.13,5.8,0.548,0.34,-7.55,16.25,15.49,-0.73,65.46,139.56,135.25,135.99,154.0,125.8,44.61,51.05,2.05,-1.73,0.43,26.84,9.61,2.0,-1.98,89.21,7,8,100,37.0,-0.31,45.0,0.04,38.0,-0.3,36.0,-0.18,45.0,0.85,NEGATIVE,38.98,NEGATIVE,Trend + Momentum + VWAP + RSI,None material,1.92,8.24,139.07,147.69,134.93,VERY_HIGH,12761995.0,NOT_AVAILABLE,NOT_AVAILABLE,,553,614
554,MOTILALOFS,2026-08-31,1042.9,Bullish,57.32,61.67,5,75,5/10,Medium,75.31,28.29,2.71,6.67,969.85,933.42,874.24,13.4455,-1.2803,0.51,19.17,959.55,8.69,2.25,0.948,0.44,5.34,9.2,20.16,0.29,52.12,1053.0,1027.15,1038.3,1053.0,988.3,46.71,48.82,2.54,-2.14,0.13,14.34,7.5,1.92,-3.86,79.15,8,8,100,47.0,-0.75,51.0,-0.98,53.0,-1.34,49.0,-1.64,45.0,-1.74,MIXED,38.78,NEGATIVE,Trend + Structure + VWAP + Delivery,None material,0.95,4.07,1052.8,1085.33,959.55,MODERATE,1204194313.0,NOT_AVAILABLE,NOT_AVAILABLE,,554,342
555,KFINTECH,2026-08-31,970.0,Bullish,57.3,54.14,6,80,6/10,Medium,57.33,28.45,2.93,15.0,951.07,927.17,950.17,-1.2137,0.31,1.04,65.0,960.29,1.01,4.11,0.722,2.11,0.01,-0.31,2.65,0.01,42.05,964.15,942.6,949.95,988.95,942.6,50.0,45.26,2.09,-2.01,0.25,14.08,8.16,2.0,-2.51,78.5,10,7,9,44.44,0.35,44.44,1.94,11.11,0.07,44.44,-0.61,66.67,4.85,MIXED,32.28,NEGATIVE,Trend + Momentum + Structure + VWAP,None material,1.03,4.4,979.96,1012.67,942.6,MODERATE,942268583.0,NOT_AVAILABLE,NOT_AVAILABLE,,555,606
556,SML100CASE,2026-08-31,11.34,Neutral-Range,57.27,71.21,-2,40,4/10,Low,58.49,0.29,2.53,0.83,11.27,11.02,10.38,-0.0069,-0.0062,1.37,78.33,11.29,0.43,2.28,0.863,-0.7,0.18,0.53,1.7,0.88,74.08,11.5,11.39,11.42,11.71,11.27,48.0,43.6,0.86,-0.84,1.99,74.4,3.6,2.68,-2.03,98.45,7,5,15,73.33,0.45,73.33,0.68,73.33,1.2,86.67,1.96,100.0,2.67,STRONG,83.64,STRONG,Trend + RSI,"Momentum, Volume, MACD",-2.53,2.53,11.05,11.63,11.42,MODERATE,18844312.0,NOT_AVAILABLE,NOT_AVAILABLE,,556,95
557,SHANKARA,2026-08-31,146.14,Neutral-Range,57.22,56.27,2,60,4/10,Low,66.74,3.01,2.06,4.17,143.3,137.64,190.13,-0.003,-0.05,0.2,19.17,143.13,2.1,1.2,0.531,0.03,0.9,3.57,2.97,-0.75,69.57,148.24,145.51,146.09,152.0,142.03,47.37,48.16,2.01,-2.17,0.04,13.03,10.39,1.87,-3.21,81.99,9,12,100,52.0,0.21,46.0,0.34,52.0,1.08,50.0,0.69,60.0,0.91,MIXED,57.78,POSITIVE,Trend + VWAP + RSI + Delivery,"Momentum, MACD",-2.06,2.06,143.13,149.15,146.09,MODERATE,24153958.0,NOT_AVAILABLE,NOT_AVAILABLE,,557,530
558,NLCINDIA,2026-08-31,267.4,Bearish,57.19,59.94,-4,30,5/10,Medium,33.37,7.08,2.65,3.33,278.07,290.91,286.51,-0.0068,0.0477,1.1,80.0,281.73,-5.09,2.29,0.092,-1.18,-2.09,-3.69,-10.28,0.0,48.8,272.05,268.4,270.6,276.8,268.0,45.13,50.53,2.27,-1.77,0.22,12.89,7.63,2.1,-2.5,82.9,7,8,8,62.5,0.67,50.0,1.33,100.0,2.95,75.0,2.49,50.0,2.33,STRONG,96.25,STRONG,Liquidity,"Trend, Momentum, Structure",-3.97,-0.93,256.78,264.92,281.73,MODERATE,527589334.0,NOT_AVAILABLE,NOT_AVAILABLE,,558,394
559,ETHOSLTD,2026-08-31,2898.7,Neutral-Range,57.14,54.6,3,65,5/10,Medium,61.34,97.34,3.36,5.83,2826.57,2704.25,2587.32,-5.2542,-0.1547,0.36,39.17,2870.13,1.0,1.84,0.571,0.82,0.23,3.95,-2.16,0.31,52.08,2910.0,2850.2,2875.1,2936.6,2821.8,47.5,48.03,1.87,-1.65,0.23,13.03,7.89,2.1,-2.03,91.05,8,8,14,42.86,-0.04,57.14,1.31,57.14,1.64,35.71,-0.74,28.57,-2.65,POSITIVE,51.1,MIXED,Trend + VWAP + RSI + Delivery,"Momentum, MACD",-3.36,3.36,2801.36,2996.04,2875.1,HIGH,287943870.0,NOT_AVAILABLE,NOT_AVAILABLE,,559,585
560,CAMPUS,2026-08-31,226.19,Bullish,57.06,55.56,4,70,4/10,Low,53.49,5.52,2.44,1.67,224.04,226.73,242.19,0.9,-0.0789,0.47,38.33,222.33,1.74,2.04,0.585,0.02,-1.03,3.79,1.34,-0.15,42.88,227.8,223.1,226.14,232.89,222.15,43.03,51.71,1.59,-1.36,0.12,9.47,6.58,1.96,-2.47,85.53,10,7,22,36.36,0.03,54.55,0.86,50.0,-0.27,40.91,-0.32,54.55,0.55,MIXED,44.46,MIXED,Momentum + VWAP + RSI + Liquidity,None material,0.85,3.66,228.12,234.46,222.33,MODERATE,163825118.0,NOT_AVAILABLE,NOT_AVAILABLE,,560,552
561,MMFL,2026-08-31,650.1,Bullish,56.98,55.79,5,75,5/10,Medium,60.87,29.74,4.58,45.83,621.41,573.97,481.17,-3.8488,0.6943,0.55,29.17,636.75,2.1,5.06,0.726,1.31,2.25,2.82,17.26,-0.26,49.66,654.8,624.1,641.7,660.0,612.0,44.74,50.39,2.01,-1.76,0.15,13.82,6.71,1.81,-3.11,85.68,7,9,100,47.0,0.4,50.0,0.07,47.0,-0.45,44.0,-1.81,43.0,-3.99,MIXED,37.81,NEGATIVE,Trend + Momentum + VWAP + RSI,None material,1.6,6.86,660.51,694.71,624.1,HIGH,161807238.0,NOT_AVAILABLE,NOT_AVAILABLE,,561,546
562,SREEL,2026-08-31,247.8,Neutral-Range,56.98,55.58,1,55,3/10,Low,56.84,12.02,4.85,88.33,242.81,228.1,214.6,0.0857,-0.8565,0.52,40.0,247.55,0.1,2.95,0.636,-0.67,-0.76,-4.97,14.48,-1.8,65.87,269.39,242.95,249.48,270.0,239.0,44.08,51.32,1.72,-1.42,0.61,34.61,9.87,1.93,-2.01,92.08,9,9,100,45.0,0.38,48.0,0.97,44.0,0.97,57.0,2.32,55.0,3.14,MIXED,63.51,POSITIVE,Trend + Momentum + RSI,"Gap, Delivery",-4.85,4.85,235.78,259.82,249.48,HIGH,6307538.0,NOT_AVAILABLE,NOT_AVAILABLE,,561,551
563,ZUARIIND,2026-08-31,271.7,Neutral-Range,56.97,50.05,0,50,3/10,Low,53.44,11.4,4.19,78.33,269.35,264.68,269.78,0.4794,-0.4551,1.0,71.67,277.24,-2.0,4.73,0.433,-0.46,-4.87,5.95,4.76,-1.08,50.34,280.0,270.3,272.95,297.0,269.25,44.87,50.53,2.54,-2.0,0.26,17.76,8.68,1.91,-2.12,85.71,7,7,100,48.0,0.59,55.0,1.48,51.0,2.14,53.0,2.49,54.0,3.17,MIXED,69.92,POSITIVE,Trend + Momentum + RSI,"VWAP, Gap, Delivery",-4.19,4.19,260.3,283.1,272.95,HIGH,26875059.0,NOT_AVAILABLE,NOT_AVAILABLE,,563,760
564,SSEGL,2026-08-31,405.8,Neutral-Range,56.97,49.74,3,65,4/10,Low,63.07,23.2,5.72,93.33,370.46,350.74,374.57,7.2956,-1.7833,0.39,5.0,370.65,9.48,5.91,0.769,-2.44,2.28,14.86,20.42,0.49,65.03,425.9,405.0,415.95,439.0,360.0,42.57,54.1,3.19,-2.38,0.36,29.71,13.08,2.25,-2.47,82.37,8,10,100,36.0,-0.21,44.0,0.15,45.0,0.35,49.0,0.33,44.0,-0.29,MIXED,50.62,MIXED,Trend + Momentum + VWAP + RSI,Delivery,-5.72,5.72,382.6,429.0,415.95,VERY_HIGH,26886908.0,NOT_AVAILABLE,NOT_AVAILABLE,,563,772
565,DMART,2026-08-31,3900.0,Neutral-Range,56.93,53.17,0,50,4/10,Low,44.72,91.25,2.34,18.33,3936.21,4005.99,4082.01,-9.5792,4.592,1.19,78.33,3931.56,-0.8,3.79,0.45,1.81,-1.02,-2.38,-2.86,-0.3,60.83,3853.9,3822.0,3830.6,3960.0,3737.2,46.71,48.82,1.23,-1.14,0.12,6.71,4.61,1.84,-2.46,81.37,14,11,100,46.0,0.04,55.0,0.85,55.0,1.4,65.0,1.8,69.0,2.78,POSITIVE,69.8,POSITIVE,Volume + Structure + Delivery + Liquidity,"Trend, Momentum, VWAP",-2.34,2.34,3808.75,3991.25,3830.6,MODERATE,1800244657.0,NOT_AVAILABLE,NOT_AVAILABLE,,565,640
566,NATCAPSUQ,2026-08-31,212.38,Bullish,56.91,47.52,7,85,7/10,High,74.48,12.72,5.99,73.33,170.42,160.02,166.51,6.6305,0.6547,1.32,75.83,181.19,17.21,7.9,0.844,3.62,28.97,42.78,30.83,1.87,47.59,219.7,203.5,204.96,219.7,153.82,40.41,56.27,2.81,-1.99,0.66,36.83,17.14,2.8,-2.62,94.92,7,7,49,36.73,0.1,38.78,-0.79,36.73,-0.27,30.61,-3.19,30.61,-3.45,NEGATIVE,24.73,NEGATIVE,Trend + Momentum + Volume + Structure,None material,2.1,8.98,216.83,231.45,181.19,VERY_HIGH,9540662.0,NOT_AVAILABLE,NOT_AVAILABLE,,566,878
567,EDELWEISS,2026-08-31,127.31,Bullish,56.89,54.53,6,80,6/10,Medium,58.93,4.75,3.73,19.17,123.63,121.0,115.34,0.3393,-0.0206,1.18,75.0,124.32,2.41,5.25,0.703,1.51,1.52,3.78,9.44,-0.3,48.65,127.7,124.07,125.42,132.4,123.92,45.92,49.61,2.54,-2.03,0.22,13.82,6.32,2.1,-3.28,82.33,6,7,100,42.0,0.3,45.0,-0.11,48.0,-0.48,29.0,-2.23,27.0,-3.49,MIXED,31.11,NEGATIVE,Trend + Momentum + Volume + VWAP,None material,1.31,5.6,128.97,134.43,124.07,HIGH,617172850.0,NOT_AVAILABLE,NOT_AVAILABLE,,567,589
568,JINDALSAW,2026-08-31,309.65,Bullish,56.84,61.73,5,75,5/10,Medium,71.53,11.06,3.57,16.67,283.63,269.1,236.86,3.9355,-0.029,0.81,65.0,292.03,6.04,4.39,0.873,0.34,7.8,14.52,19.42,0.78,36.95,311.2,305.05,308.6,316.95,279.0,47.76,47.89,2.25,-2.15,0.17,12.5,6.97,1.99,-3.29,79.09,9,8,100,47.0,-0.58,43.0,-1.1,47.0,-1.12,53.0,-2.03,64.0,-2.21,MIXED,37.4,NEGATIVE,Trend + Momentum + Structure + VWAP,None material,1.25,5.36,313.52,326.23,292.03,HIGH,853792245.0,NOT_AVAILABLE,NOT_AVAILABLE,,568,340
569,VINCOFE,2026-08-31,185.77,Bullish,56.76,54.72,7,85,7/10,High,77.64,7.64,4.11,26.67,161.17,156.14,148.25,3.7791,0.6705,3.41,97.5,163.82,13.4,7.08,0.921,4.38,16.85,27.0,21.9,-0.01,31.91,181.66,174.11,177.97,181.66,157.11,46.22,50.42,2.23,-1.86,0.31,17.65,7.35,1.78,-1.95,89.95,7,9,47,42.55,-0.69,29.79,-1.58,36.17,-1.72,36.17,-2.28,42.55,-1.37,NEGATIVE,24.32,NEGATIVE,Trend + Momentum + Volume + Structure,None material,1.44,6.17,188.44,197.23,163.82,HIGH,528373808.0,NOT_AVAILABLE,NOT_AVAILABLE,,569,578
570,SAFARI,2026-08-31,1511.0,Neutral-Range,56.76,51.06,3,65,4/10,Low,47.07,37.56,2.49,0.83,1512.3,1540.23,1708.23,6.1603,0.2048,0.56,49.17,1500.56,0.7,2.28,0.415,0.09,1.06,0.91,-2.4,-0.05,59.59,1533.8,1497.6,1509.7,1541.0,1482.0,42.24,53.42,1.77,-1.53,0.04,10.39,6.32,1.87,-2.89,91.97,7,8,100,43.0,-0.09,48.0,0.06,52.0,-0.01,52.0,-0.33,52.0,0.21,MIXED,50.04,MIXED,Momentum + VWAP + MACD + Delivery,Trend,-2.49,2.49,1473.44,1548.56,1509.7,MODERATE,51312023.0,NOT_AVAILABLE,NOT_AVAILABLE,,569,737
571,TECHM,2026-08-31,1628.0,Neutral-Range,56.74,60.66,2,60,4/10,Low,57.65,37.03,2.27,3.33,1603.25,1566.41,1514.22,-3.7234,2.2451,1.17,73.33,1622.11,0.36,1.94,0.552,-0.79,2.78,1.12,-1.27,-0.05,68.85,1642.0,1598.0,1640.9,1642.0,1562.0,47.11,48.16,1.29,-1.17,0.05,7.37,8.68,1.72,-1.87,72.02,10,7,100,47.0,0.01,58.0,0.24,57.0,0.41,50.0,0.58,52.0,0.71,POSITIVE,56.41,MIXED,Trend + Momentum + RSI + Liquidity,"Volume, Delivery",-2.27,2.27,1590.97,1665.03,1640.9,MODERATE,4130177275.0,NOT_AVAILABLE,NOT_AVAILABLE,,571,371
572,PRABHA,2026-08-31,204.61,Bullish,56.71,48.68,4,70,4/10,Low,70.72,10.77,5.26,64.17,187.83,171.26,172.55,2.0593,-1.0664,0.18,7.5,197.9,3.39,5.46,0.72,-1.52,-4.39,25.24,33.05,0.72,45.79,211.3,203.49,207.77,225.0,203.49,43.51,52.97,2.44,-1.94,0.47,36.49,15.95,2.42,-2.63,92.0,7,8,100,44.0,-0.07,43.0,-0.27,39.0,-0.24,44.0,0.09,42.0,0.31,NEGATIVE,43.45,MIXED,Trend + Momentum + VWAP + Liquidity,None material,1.84,7.89,208.38,220.76,197.9,VERY_HIGH,138423005.0,NOT_AVAILABLE,NOT_AVAILABLE,,572,812
573,UCAL,2026-08-31,149.89,Bullish,56.68,54.01,4,70,5/10,Medium,64.11,7.73,5.15,86.67,139.13,126.91,117.6,1.2755,-0.5348,0.26,18.33,145.13,3.28,6.0,0.731,-4.36,6.21,-1.3,32.05,1.0,,163.8,150.0,156.73,163.8,138.0,43.29,51.97,2.16,-1.71,0.46,28.42,8.42,2.01,-2.29,91.2,7,7,98,39.8,-0.25,47.96,-0.25,48.98,-0.28,43.88,-0.75,34.69,-2.11,MIXED,43.38,MIXED,Trend + Momentum + VWAP + RSI,Structure,1.8,7.73,152.59,161.48,145.13,VERY_HIGH,10661875.0,NOT_AVAILABLE,NOT_AVAILABLE,,573,609
574,AEROFLEX,2026-08-31,525.4,Bullish,56.65,54.25,6,80,6/10,Medium,63.37,24.12,4.59,5.0,485.26,454.18,345.91,6.8483,-1.2964,0.64,39.17,483.41,8.69,3.49,0.838,-3.08,4.19,15.26,21.79,-0.02,43.77,547.0,519.8,542.1,547.0,489.05,45.0,50.26,2.75,-2.04,0.29,17.37,8.82,2.04,-2.49,82.43,6,8,17,35.29,0.0,41.18,-0.13,29.41,-0.71,41.18,-1.61,47.06,0.91,NEGATIVE,30.43,NEGATIVE,Trend + Momentum + Structure + VWAP,None material,1.61,6.89,533.84,561.58,483.41,HIGH,725344234.0,NOT_AVAILABLE,NOT_AVAILABLE,,574,600
575,AVANTEL,2026-08-31,160.15,Bullish,56.52,53.12,5,75,6/10,Medium,46.49,4.21,2.63,2.5,160.75,163.76,159.63,0.1892,0.2066,3.77,97.5,160.92,-0.48,3.75,0.343,2.14,0.94,1.68,-1.74,4.28,21.43,158.4,156.48,156.79,161.84,156.31,45.22,51.22,2.46,-2.17,0.29,16.89,9.01,2.31,-2.88,81.61,8,7,100,40.0,-0.36,38.0,-0.83,36.0,-1.27,44.0,-0.36,43.0,-0.39,NEGATIVE,36.48,NEGATIVE,Momentum + Volume + Structure + MACD,Trend,0.92,3.94,161.62,166.46,156.48,MODERATE,123184006.0,NOT_AVAILABLE,NOT_AVAILABLE,,575,643
576,IIFL,2026-08-31,646.75,Neutral-Range,56.4,62.36,-1,45,4/10,Low,56.42,24.52,3.79,41.67,635.39,594.52,530.13,-2.3663,-1.1016,0.62,32.5,654.21,-1.14,2.72,0.427,-1.9,-7.13,2.65,4.68,-0.65,54.02,667.35,615.0,659.25,705.0,615.0,48.16,47.37,2.07,-1.99,0.18,14.61,8.03,1.87,-2.94,80.06,8,5,72,48.61,0.46,59.72,0.93,61.11,0.99,70.83,2.39,73.61,4.43,POSITIVE,74.7,STRONG,Trend + RSI + Liquidity,"Momentum, VWAP, MACD",-3.79,3.79,622.23,671.27,659.25,HIGH,1554598318.0,NOT_AVAILABLE,NOT_AVAILABLE,,576,320
577,ISFT,2026-08-31,94.39,Bullish,56.36,47.47,4,70,4/10,Low,70.34,4.92,5.21,55.0,86.63,82.64,83.96,1.3305,-0.1646,1.33,68.33,87.29,8.13,4.66,0.796,0.3,7.99,14.76,14.41,-0.12,13.18,99.15,93.21,94.11,99.15,84.4,45.39,50.13,2.2,-2.01,0.57,37.37,12.37,2.04,-2.02,95.63,8,6,100,37.0,-0.56,27.0,-0.82,34.0,-0.63,41.0,0.93,42.0,0.49,NEGATIVE,42.45,NEGATIVE,Trend + Momentum + Volume + VWAP,None material,1.82,7.81,96.11,101.77,87.29,VERY_HIGH,8191222.0,NOT_AVAILABLE,NOT_AVAILABLE,,577,881
578,JINDWORLD,2026-08-31,38.31,Bullish,56.3,45.92,8,90,8/10,High,61.06,1.72,4.48,2.5,36.33,34.61,39.08,0.0041,0.1436,1.15,84.17,37.8,1.34,4.07,0.573,1.19,7.31,7.52,-5.2,1.16,21.05,38.67,37.01,37.86,38.67,34.57,39.21,55.39,2.59,-2.12,0.07,13.68,8.03,2.02,-3.8,84.5,7,12,100,41.0,0.01,30.0,-1.11,28.0,-1.54,26.0,-2.79,28.0,-2.31,NEGATIVE,16.58,NEGATIVE,Trend + Momentum + Volume + VWAP,None material,1.57,6.72,38.91,40.88,37.01,HIGH,196974240.0,NOT_AVAILABLE,NOT_AVAILABLE,,578,943
579,GENUSPOWER,2026-08-31,335.2,Neutral-Range,56.26,58.04,3,65,5/10,Medium,56.38,13.17,3.93,29.17,326.31,319.1,307.61,2.6336,-0.8331,1.33,73.33,331.15,1.22,5.73,0.651,-4.15,-1.3,5.33,6.08,0.67,51.03,353.5,328.3,349.7,353.5,328.3,46.45,49.08,2.32,-2.06,0.43,22.37,8.82,2.21,-2.45,80.21,7,7,100,47.0,0.03,42.0,-0.43,42.0,-0.08,47.0,0.69,61.0,2.71,NEGATIVE,48.59,MIXED,Trend + Momentum + VWAP + RSI,"Volume, Delivery",-3.93,3.93,322.03,348.37,349.7,HIGH,977558734.0,NOT_AVAILABLE,NOT_AVAILABLE,,579,463
580,MANAKSTEEL,2026-08-31,99.52,Bullish,56.22,51.59,7,85,7/10,High,76.23,4.03,4.05,0.83,86.21,80.05,69.33,1.0185,0.4461,0.65,52.5,86.28,15.35,0.0,1.0,4.99,13.89,17.04,32.32,4.99,100.0,94.79,90.88,94.79,94.79,85.44,41.97,52.63,3.03,-2.12,0.56,35.0,16.05,2.53,-2.26,82.3,6,9,73,35.62,-0.37,32.88,-1.26,30.14,-1.63,32.88,-1.94,30.14,-2.43,NEGATIVE,22.78,NEGATIVE,Trend + Momentum + Structure + VWAP,None material,1.42,6.08,100.93,105.57,86.28,HIGH,10660137.0,NOT_AVAILABLE,NOT_AVAILABLE,,580,716
581,MANGLMCEM,2026-08-31,1071.75,Bullish,56.2,54.8,4,70,4/10,Low,74.35,36.96,3.45,65.0,989.49,952.73,875.12,15.9967,-0.7108,1.06,70.0,1000.11,7.16,3.95,0.874,0.83,2.52,22.83,13.35,0.0,47.32,1084.0,1050.4,1062.9,1089.4,1002.05,49.61,45.92,1.8,-1.58,0.11,13.03,8.82,1.71,-2.21,90.61,7,7,100,50.0,-0.08,50.0,-0.04,47.0,0.2,34.0,-0.54,39.0,-1.26,MIXED,41.99,NEGATIVE,Trend + Structure + VWAP + Liquidity,None material,1.21,5.17,1084.69,1127.19,1000.11,HIGH,246126710.0,NOT_AVAILABLE,NOT_AVAILABLE,,581,576
582,SONAMLTD,2026-08-31,77.82,Bullish,56.15,55.3,7,85,7/10,High,81.63,4.05,5.2,70.0,63.0,58.68,52.96,1.5497,0.484,4.46,95.83,69.35,12.22,8.19,0.921,6.36,20.82,35.6,43.69,1.68,49.81,74.6,63.6,73.17,74.6,62.4,44.15,51.11,2.62,-2.14,0.56,39.69,19.08,2.59,-2.62,90.12,10,8,66,57.58,1.06,56.06,1.24,43.94,-1.03,34.85,-5.95,42.42,-5.35,NEGATIVE,22.58,NEGATIVE,Trend + Momentum + Volume + Structure,None material,1.82,7.81,79.24,83.89,63.6,VERY_HIGH,15204825.0,NOT_AVAILABLE,NOT_AVAILABLE,,582,559
583,ICEMAKE,2026-08-31,749.3,Neutral-Range,56.1,53.36,-2,40,4/10,Low,43.19,27.17,3.63,33.33,760.57,778.53,776.63,-0.8664,1.8554,0.73,51.67,753.93,-0.61,3.63,0.348,0.91,3.2,3.72,-9.2,-0.07,59.51,749.0,730.2,742.55,752.05,713.45,42.76,52.76,2.38,-1.75,0.29,21.32,8.68,2.07,-2.52,91.69,6,9,17,29.41,0.05,52.94,0.89,64.71,1.85,64.71,4.58,52.94,2.57,POSITIVE,80.3,STRONG,Structure + Delivery,"Trend, Momentum, VWAP",-3.63,3.63,722.13,776.47,742.55,HIGH,24272698.0,NOT_AVAILABLE,NOT_AVAILABLE,,583,633
584,GULFPETRO,2026-08-31,67.62,Neutral-Range,56.09,53.68,1,55,3/10,Low,70.44,3.55,5.25,72.5,62.37,53.33,42.27,-0.3064,-0.1637,0.71,45.83,63.29,6.83,6.05,0.822,-0.21,-4.11,9.83,28.92,-0.53,,68.5,63.21,67.76,71.4,63.21,42.24,52.24,2.51,-1.84,0.55,31.45,8.68,2.07,-2.29,89.47,8,12,65,32.31,-0.04,44.62,0.89,43.08,1.15,53.85,1.86,47.69,1.65,MIXED,60.97,POSITIVE,Trend + Structure + VWAP,"Momentum, MACD",-5.25,5.25,64.07,71.17,67.76,VERY_HIGH,23964589.0,NOT_AVAILABLE,NOT_AVAILABLE,,584,626
585,MUKANDLTD,2026-08-31,137.38,Bullish,56.09,53.49,4,70,4/10,Low,49.42,3.82,2.78,8.33,137.34,137.57,134.65,0.0028,0.1001,0.53,42.5,137.1,0.2,3.49,0.385,0.08,1.25,1.56,-4.33,-0.19,69.89,138.0,135.5,137.27,138.0,133.55,44.74,50.66,2.1,-1.84,0.15,12.5,8.95,1.74,-2.12,85.38,7,10,100,37.0,-0.37,40.0,-0.75,44.0,-0.78,47.0,-0.51,42.0,-0.99,NEGATIVE,41.69,NEGATIVE,Trend + Momentum + MACD + Delivery,None material,0.97,4.17,138.72,143.11,135.5,MODERATE,22952988.0,NOT_AVAILABLE,NOT_AVAILABLE,,584,630
586,DCMNVL,2026-08-31,191.74,Bullish,56.07,51.41,4,70,5/10,Medium,71.79,8.78,4.58,15.0,175.18,163.08,150.19,1.5746,-0.1228,0.49,35.83,178.1,7.66,5.67,0.887,-0.58,11.57,10.3,34.49,2.57,71.56,196.99,188.41,192.85,198.58,170.0,44.47,50.92,2.38,-1.96,0.5,32.37,15.79,2.44,-2.2,93.52,6,10,60,38.33,0.14,43.33,0.6,36.67,-0.17,31.67,0.85,41.67,1.08,NEGATIVE,41.64,NEGATIVE,Trend + Momentum + Structure + VWAP,Delivery,1.6,6.87,194.81,204.91,178.1,HIGH,5282809.0,NOT_AVAILABLE,NOT_AVAILABLE,,586,720
587,BLKASHYAP,2026-08-31,55.68,Bullish,56.04,46.8,4,70,5/10,Medium,53.79,2.67,4.8,52.5,54.48,54.5,54.95,0.5211,-0.0547,3.82,95.83,55.36,0.59,11.95,0.418,-4.93,6.18,3.63,2.5,1.76,37.72,60.9,56.47,58.57,60.9,51.7,45.53,49.87,2.4,-2.1,0.29,16.58,8.29,2.33,-2.39,85.12,9,7,100,44.0,-0.16,29.0,-0.55,37.0,-0.13,36.0,0.38,40.0,0.67,NEGATIVE,41.55,NEGATIVE,Trend + Momentum + VWAP + RSI,Structure,1.68,7.2,56.62,59.69,55.36,HIGH,44392793.0,NOT_AVAILABLE,NOT_AVAILABLE,,587,911
588,TATSILV,2026-08-31,22.62,Neutral-Range,56.02,55.5,1,55,1/10,Low,51.06,0.81,3.56,44.17,22.65,22.47,21.55,0.0235,-0.0611,1.07,72.5,22.69,-0.32,4.07,0.557,-3.21,-3.74,-0.35,7.82,-0.81,36.6,23.52,22.39,23.37,24.21,22.39,51.56,41.16,1.71,-1.68,0.72,37.44,8.17,2.3,-2.76,76.84,8,7,100,45.0,0.0,58.0,0.28,55.0,0.31,60.0,1.07,66.0,2.51,POSITIVE,60.77,POSITIVE,Liquidity,None material,-3.56,3.56,21.81,23.43,23.37,HIGH,1182281429.0,NOT_AVAILABLE,NOT_AVAILABLE,,588,554
589,ZYDUSWELL,2026-08-31,530.4,Bullish,56.02,50.77,5,75,5/10,Medium,51.04,16.9,3.19,1.67,524.48,531.05,625.16,4.231,0.3514,1.16,81.67,526.31,0.78,3.2,0.542,0.73,3.78,3.97,-5.26,0.66,49.99,541.55,525.1,526.55,541.55,490.0,45.66,50.0,1.59,-1.49,0.03,8.16,8.03,1.88,-3.18,88.74,7,7,100,38.0,-0.18,45.0,-0.58,35.0,-0.92,40.0,-0.63,47.0,-0.59,NEGATIVE,35.05,NEGATIVE,Momentum + Volume + VWAP + MACD,None material,1.12,4.78,536.31,555.75,525.1,HIGH,182313456.0,NOT_AVAILABLE,NOT_AVAILABLE,,588,743
590,TEAMLEASE,2026-08-31,1283.5,Bullish,56.01,52.64,5,75,5/10,Medium,53.74,31.62,2.46,31.67,1264.07,1298.91,1420.53,8.7525,1.5889,0.95,64.17,1253.77,2.37,3.17,0.791,0.85,2.89,3.54,3.52,0.62,51.29,1290.0,1243.0,1272.7,1290.0,1224.8,45.26,50.0,1.42,-1.44,0.23,10.26,5.39,1.72,-1.74,90.31,10,12,100,50.0,0.14,41.0,-0.39,39.0,-0.78,42.0,-1.3,40.0,-1.33,NEGATIVE,35.03,NEGATIVE,Momentum + VWAP + RSI + MACD,None material,0.86,3.7,1294.57,1330.93,1243.0,MODERATE,22191115.0,NOT_AVAILABLE,NOT_AVAILABLE,,590,663
591,JPOLYINVST,2026-08-31,990.4,Neutral-Range,56.01,41.44,0,50,2/10,Low,45.77,46.24,4.67,67.5,1004.76,1034.76,1041.57,1.6623,0.9326,0.19,18.33,1012.76,-2.21,4.88,0.358,-3.38,4.68,-1.61,-3.77,0.1,47.56,1030.0,968.0,1025.0,1065.0,938.0,43.16,52.37,2.43,-1.73,0.36,22.89,9.47,2.16,-2.08,90.02,9,8,100,43.0,0.35,48.0,1.8,47.0,2.74,45.0,2.25,42.0,1.33,MIXED,67.16,POSITIVE,Momentum + MACD,"Trend, VWAP",-4.67,4.67,944.16,1036.64,1025.0,HIGH,27724120.0,NOT_AVAILABLE,NOT_AVAILABLE,,590,1151
592,SWIGGY,2026-08-31,281.9,Neutral-Range,55.99,53.99,3,65,5/10,Medium,53.34,8.67,3.07,0.83,280.36,274.53,299.58,-0.4774,-0.1116,1.17,72.5,282.94,-0.37,2.05,0.345,0.5,-0.83,1.11,-2.12,0.16,58.42,284.7,280.1,280.5,293.0,280.1,44.76,51.75,2.22,-2.05,0.18,15.72,9.83,2.09,-2.47,79.32,5,8,100,49.0,0.14,47.0,0.01,49.0,-0.17,51.0,-0.37,58.0,-0.26,MIXED,47.84,MIXED,Trend + Volume + RSI + Delivery,"Momentum, MACD",-3.07,3.07,273.23,290.57,280.5,HIGH,3915118679.0,NOT_AVAILABLE,NOT_AVAILABLE,,592,610
593,VENKEYS,2026-08-31,1702.0,Bullish,55.95,54.38,7,85,7/10,High,74.15,60.28,3.54,41.67,1558.29,1521.89,1489.3,10.6883,7.8288,8.14,98.33,1609.6,5.74,10.94,0.836,8.28,8.51,11.17,8.75,0.97,15.26,1587.3,1565.0,1571.9,1621.3,1511.2,44.47,51.05,1.5,-1.3,0.24,10.0,3.68,1.68,-2.1,87.88,7,8,37,43.24,-0.16,29.73,-1.9,27.03,-2.08,29.73,-1.14,43.24,-1.06,NEGATIVE,21.99,NEGATIVE,Trend + Momentum + Volume + Structure,None material,1.24,5.31,1723.1,1792.42,1565.0,HIGH,253587484.0,NOT_AVAILABLE,NOT_AVAILABLE,,593,594
594,SBISILVER,2026-08-31,228.47,Neutral-Range,55.79,59.68,0,50,1/10,Low,51.19,6.36,2.79,25.0,228.7,226.82,217.3,0.2505,-0.6178,1.57,87.5,229.29,-0.36,4.35,0.558,-3.24,-3.74,-0.32,7.94,-0.03,24.84,237.4,231.16,236.12,241.76,229.3,54.73,41.64,1.75,-1.8,0.49,27.64,11.09,2.53,-2.53,62.27,8,7,100,51.0,-0.02,58.0,0.22,59.0,0.13,70.0,1.47,75.0,2.82,POSITIVE,66.55,POSITIVE,Liquidity,Structure,-2.79,2.79,222.11,234.83,236.12,MODERATE,294143452.0,NOT_AVAILABLE,NOT_AVAILABLE,,594,411
595,VISHNU,2026-08-31,652.15,Bullish,55.78,57.82,4,70,5/10,Medium,65.6,18.38,2.82,0.83,627.71,615.38,568.21,4.4172,-0.2475,0.89,66.67,623.57,4.58,1.95,0.879,-0.01,2.27,5.48,8.75,-0.14,55.03,656.35,643.6,652.2,657.95,627.1,47.24,48.42,1.9,-1.61,0.22,15.66,9.08,1.94,-2.18,88.3,8,8,100,46.0,0.28,53.0,-0.17,55.0,-0.22,38.0,-1.47,36.0,-2.48,MIXED,40.79,NEGATIVE,Trend + Momentum + Structure + VWAP,Delivery,0.99,4.23,658.58,679.72,623.57,MODERATE,64072829.0,NOT_AVAILABLE,NOT_AVAILABLE,,595,471
596,E2E,2026-08-31,618.75,Neutral-Range,55.73,42.83,2,60,2/10,Low,50.49,37.51,6.06,45.0,607.94,775.01,1702.98,3.0362,-0.7135,0.25,6.67,611.69,1.15,4.05,0.46,0.38,0.95,-9.82,13.95,-0.71,,634.9,599.0,616.4,635.0,587.25,49.47,46.05,3.27,-2.85,0.4,39.87,22.76,2.87,-3.43,62.94,13,11,100,41.0,0.06,41.0,0.36,40.0,0.71,37.0,2.18,49.0,4.62,MIXED,53.51,MIXED,VWAP + Liquidity,None material,-6.06,6.06,581.24,656.26,616.4,VERY_HIGH,762693086.0,NOT_AVAILABLE,NOT_AVAILABLE,,596,1091
597,COSMOFIRST,2026-08-31,929.2,Neutral-Range,55.72,57.72,0,50,4/10,Low,54.92,33.45,3.6,13.33,920.26,877.44,796.11,-3.7191,-0.4096,0.31,6.67,918.77,1.14,2.55,0.565,-0.98,2.34,-3.69,2.1,-0.04,51.96,949.0,931.45,938.35,978.8,905.0,46.71,48.95,2.23,-1.96,0.28,16.71,7.24,2.09,-2.06,87.31,11,8,100,49.0,0.38,58.0,1.52,58.0,1.41,59.0,1.19,50.0,0.17,POSITIVE,66.35,POSITIVE,Trend + VWAP + RSI + Liquidity,"Momentum, Structure, MACD",-3.6,3.6,895.75,962.65,938.35,HIGH,122959112.0,NOT_AVAILABLE,NOT_AVAILABLE,,597,473
598,NETWEB,2026-08-31,5188.6,Neutral-Range,55.66,54.64,-1,45,4/10,Low,55.13,241.26,4.65,50.83,5107.59,4800.87,4003.27,-14.8436,-15.5253,0.52,27.5,5220.16,-0.6,3.95,0.488,-2.52,-4.87,-0.46,13.14,-0.02,25.14,5450.0,5290.0,5322.9,5813.0,5191.0,46.58,49.08,2.95,-2.18,0.48,22.89,9.34,2.53,-2.47,79.94,6,8,100,50.0,0.55,60.0,1.62,60.0,2.57,55.0,1.77,50.0,3.94,POSITIVE,72.61,STRONG,Trend + RSI + Liquidity,"Momentum, Structure, VWAP",-4.65,4.65,4947.34,5429.86,5322.9,HIGH,10626235304.0,NOT_AVAILABLE,NOT_AVAILABLE,,598,583
599,ASIANENE,2026-08-31,471.5,Neutral-Range,55.56,54.2,3,65,5/10,Medium,61.09,24.65,5.23,61.67,444.15,405.42,345.11,2.0478,-1.5854,0.38,12.5,447.82,5.29,3.61,0.684,-1.93,0.99,10.88,14.82,0.12,51.49,520.0,477.0,480.8,520.0,448.6,45.79,49.47,2.83,-2.24,0.64,33.82,10.13,2.21,-2.17,89.34,8,10,13,46.15,0.48,53.85,1.56,38.46,-1.03,53.85,0.85,46.15,0.14,NEGATIVE,46.59,MIXED,Trend + Momentum + VWAP + RSI,"Structure, Delivery",-5.23,5.23,446.85,496.15,480.8,VERY_HIGH,325924827.0,NOT_AVAILABLE,NOT_AVAILABLE,,599,602
600,ANANTRAJ,2026-08-31,603.9,Neutral-Range,55.54,56.01,-2,40,3/10,Low,46.5,16.61,2.75,0.83,612.62,593.12,556.23,-4.7457,-0.0479,1.0,66.67,620.87,-2.73,2.56,0.224,-0.37,-1.74,-3.77,-3.55,-0.52,42.26,611.9,603.2,606.15,631.0,598.25,49.47,45.66,2.27,-2.07,0.33,14.74,7.5,2.4,-2.57,74.08,10,8,100,53.0,0.08,57.0,0.5,64.0,1.73,66.0,2.82,59.0,3.56,POSITIVE,78.7,STRONG,Liquidity,"Momentum, VWAP, MACD",-2.75,2.75,587.29,620.51,606.15,MODERATE,989668554.0,NOT_AVAILABLE,NOT_AVAILABLE,,600,538
601,MARUTI,2026-08-31,13547.0,Neutral-Range,55.52,53.72,0,50,4/10,Low,43.67,225.97,1.67,5.0,13693.5,13718.72,13891.29,-46.7622,11.9353,1.53,89.17,13825.28,-2.01,2.09,0.283,1.28,-0.54,-1.55,-4.26,-0.01,67.45,13525.0,13318.0,13376.0,13750.0,13318.0,47.11,48.55,1.08,-0.96,0.09,6.58,4.74,1.94,-1.77,76.46,7,7,86,45.35,-0.01,59.3,0.3,59.3,0.62,67.44,0.98,70.93,2.2,POSITIVE,65.76,POSITIVE,Volume + Structure + Delivery + Liquidity,"Trend, Momentum, VWAP",-1.67,1.67,13321.03,13772.97,13376.0,LOW,4014264346.0,NOT_AVAILABLE,NOT_AVAILABLE,,601,623
602,JTLIND,2026-08-31,89.93,Bullish,55.51,55.08,7,85,7/10,High,74.34,3.41,3.79,7.5,79.69,77.15,73.46,1.5256,0.2652,1.69,87.5,82.18,9.43,3.55,0.892,0.07,13.09,19.38,18.75,0.53,34.78,91.01,82.83,89.87,91.01,78.35,44.74,50.66,2.43,-2.24,0.23,21.45,9.87,2.08,-3.29,82.48,8,8,30,36.67,-0.45,33.33,-1.2,30.0,-1.82,36.67,-2.58,40.0,-2.95,NEGATIVE,20.73,NEGATIVE,Trend + Momentum + Volume + Structure,None material,1.33,5.68,91.12,95.04,82.18,HIGH,313599083.0,NOT_AVAILABLE,NOT_AVAILABLE,,602,567
603,MRPL,2026-08-31,170.37,Neutral-Range,55.46,52.77,-2,40,3/10,Low,49.65,6.6,3.87,8.33,171.61,168.03,163.93,-1.039,-0.0254,0.52,50.0,176.45,-3.45,3.4,0.33,1.09,-2.0,-3.83,-2.12,-0.02,17.2,172.4,168.0,168.53,178.3,168.0,45.39,50.13,2.41,-1.94,0.2,12.11,7.89,1.84,-2.5,80.87,7,7,15,53.33,0.5,53.33,1.2,60.0,2.11,66.67,2.67,53.33,-0.14,POSITIVE,78.45,STRONG,Liquidity,"Momentum, VWAP, MACD",-3.87,3.87,163.77,176.97,168.53,HIGH,1963716981.0,NOT_AVAILABLE,NOT_AVAILABLE,,603,657
604,SIGIND,2026-08-31,70.63,Neutral-Range,55.45,48.38,1,55,3/10,Low,61.82,4.31,6.1,60.0,67.01,59.77,53.57,-0.5101,-0.1353,0.04,0.83,68.39,3.28,3.81,0.787,-1.55,3.03,-0.73,26.28,-0.01,,72.5,68.51,71.74,74.73,66.0,44.47,50.66,2.63,-2.11,0.88,44.87,13.16,2.48,-2.08,93.37,7,7,65,33.85,-0.48,43.08,0.09,50.77,0.65,47.69,1.77,38.46,0.26,MIXED,59.14,POSITIVE,Trend + VWAP + RSI,"Momentum, MACD",-6.1,6.1,66.32,74.94,71.74,VERY_HIGH,7902574.0,NOT_AVAILABLE,NOT_AVAILABLE,,604,823
605,ARHAM,2026-08-31,212.95,Neutral-Range,55.41,56.33,2,60,3/10,Low,74.96,8.37,3.93,57.5,195.34,175.79,142.5,1.1193,-0.3101,0.9,67.5,196.21,8.53,6.1,0.791,-1.14,5.16,14.58,17.46,1.67,54.76,217.0,208.95,215.4,220.05,200.15,43.56,48.65,3.26,-2.53,0.45,37.04,23.53,3.33,-3.4,71.4,8,6,59,50.85,0.69,62.71,1.62,50.85,1.22,47.46,-0.42,47.46,0.56,MIXED,52.61,MIXED,Trend + VWAP + Gap,Delivery,-3.93,3.93,204.58,221.32,215.4,HIGH,9113940.0,NOT_AVAILABLE,NOT_AVAILABLE,,605,527
606,SILVERIETF,2026-08-31,233.18,Neutral-Range,55.32,62.5,-1,45,3/10,Low,51.61,6.42,2.75,20.83,233.07,231.12,221.31,0.275,-0.6063,1.2,75.0,233.24,-0.03,1.6,0.629,-3.06,-3.67,-0.08,8.22,-3.69,47.59,241.78,235.01,240.53,244.4,233.81,53.97,41.56,1.57,-1.57,0.42,25.54,9.81,2.29,-2.34,63.98,8,7,100,60.0,0.24,62.0,0.74,66.0,0.97,62.0,1.99,67.0,3.84,STRONG,71.64,STRONG,Trend + Liquidity,"Volume, Structure, Gap",-2.75,2.75,226.76,239.6,240.53,MODERATE,849516259.0,NOT_AVAILABLE,NOT_AVAILABLE,,606,317
607,PFOCUS,2026-08-31,287.3,Neutral-Range,55.32,53.97,-3,35,4/10,Low,50.86,13.05,4.54,5.0,288.64,278.54,253.06,-0.2252,-0.8067,0.44,30.83,290.4,-1.07,3.45,0.468,-2.41,-6.66,7.85,-3.83,0.54,49.62,299.45,292.35,294.4,314.6,292.35,45.66,49.74,3.05,-2.35,0.26,21.58,12.63,2.13,-2.26,88.51,7,7,29,51.72,0.16,62.07,2.49,72.41,4.13,68.97,6.61,68.97,6.38,STRONG,84.48,STRONG,Liquidity,"Momentum, Structure, VWAP",-4.54,4.54,274.25,300.35,294.4,HIGH,263272840.0,NOT_AVAILABLE,NOT_AVAILABLE,,606,613
608,POWERMECH,2026-08-31,2521.2,Neutral-Range,55.29,54.68,-1,45,2/10,Low,48.67,68.21,2.71,2.5,2522.73,2546.6,2507.73,13.1377,-1.6458,0.59,31.67,2509.65,0.46,3.38,0.485,-2.3,0.29,2.81,-2.77,0.6,48.16,2586.0,2546.2,2580.6,2586.0,2475.0,47.24,48.42,1.96,-1.93,0.29,19.61,7.24,2.05,-3.14,83.66,6,7,100,51.0,0.11,50.0,0.52,53.0,1.51,62.0,2.56,59.0,3.6,MIXED,71.53,STRONG,Liquidity,"Trend, Structure",-2.71,2.71,2452.99,2589.41,2580.6,MODERATE,161151996.0,NOT_AVAILABLE,NOT_AVAILABLE,,608,579
609,KDDL,2026-08-31,3929.6,Neutral-Range,55.24,55.08,2,60,4/10,Low,63.05,162.0,4.12,16.67,3826.42,3519.33,2909.42,-27.3561,-3.0161,0.17,5.0,3838.31,2.38,2.79,0.665,-0.19,2.1,-3.79,13.47,-0.93,46.6,3972.4,3921.9,3936.9,4063.8,3815.8,47.37,48.16,2.22,-1.92,0.2,18.68,10.13,2.08,-2.26,91.93,9,7,100,46.0,-0.05,50.0,-0.04,51.0,-0.29,51.0,0.64,50.0,1.37,MIXED,52.1,MIXED,Trend + VWAP + RSI + Liquidity,"Momentum, MACD",-4.12,4.12,3767.6,4091.6,3936.9,HIGH,333988383.0,NOT_AVAILABLE,NOT_AVAILABLE,,609,567
610,AURIONPRO,2026-08-31,709.2,Neutral-Range,55.22,46.54,2,60,5/10,Medium,41.44,24.2,3.41,10.83,721.31,762.31,903.16,3.668,0.9045,4.08,97.5,715.15,-0.83,5.17,0.419,0.23,0.08,-1.87,-4.1,0.0,58.77,712.45,690.0,707.6,725.0,685.0,41.97,53.55,2.67,-2.11,0.39,27.37,9.87,2.24,-3.18,86.94,7,9,100,40.0,0.31,46.0,0.22,49.0,0.19,49.0,0.5,50.0,1.42,MIXED,52.06,MIXED,Momentum + Volume + MACD + Delivery,"Trend, VWAP, RSI",-3.41,3.41,685.0,733.4,707.6,HIGH,154201930.0,NOT_AVAILABLE,NOT_AVAILABLE,,610,923
611,HDFCPVTBAN,2026-08-31,28.26,Neutral-Range,55.2,54.32,3,65,4/10,Low,54.16,0.58,2.06,2.5,28.11,28.05,28.09,0.0477,-0.0002,0.82,63.33,28.07,0.69,0.88,0.439,-0.21,1.0,0.71,-0.46,0.0,62.81,29.04,28.23,28.32,29.04,27.92,47.24,46.05,0.74,-0.96,0.42,28.42,7.76,1.89,-3.39,94.33,10,6,100,47.0,0.05,48.0,-0.16,46.0,-0.26,45.0,-0.06,57.0,-1.35,MIXED,45.57,MIXED,Trend + Momentum + VWAP + RSI,Delivery,-2.06,2.06,27.68,28.84,28.32,MODERATE,6266196.0,NOT_AVAILABLE,NOT_AVAILABLE,,611,596
612,BLUEJET,2026-08-31,578.75,Neutral-Range,55.15,53.18,-3,35,4/10,Low,46.34,18.19,3.14,0.83,587.78,569.08,532.51,-3.2996,-0.1773,0.44,25.83,590.89,-2.05,2.01,0.187,0.19,-1.71,-2.44,-1.82,0.05,46.02,590.25,575.0,577.65,615.6,575.0,46.57,48.76,2.36,-2.07,0.33,19.37,9.34,2.17,-2.29,86.51,8,5,10,70.0,0.56,60.0,0.56,70.0,1.54,70.0,4.52,50.0,1.01,STRONG,84.0,STRONG,Liquidity,"Momentum, Structure, VWAP",-3.14,3.14,560.56,596.94,577.65,HIGH,417690479.0,NOT_AVAILABLE,NOT_AVAILABLE,,612,639
613,SHAHALLOYS,2026-08-31,107.69,Bullish,55.13,49.35,7,85,7/10,High,84.35,6.55,6.09,66.67,80.71,74.82,69.48,3.1617,0.974,6.47,97.5,97.15,10.85,10.51,0.822,4.4,37.41,43.8,59.68,3.64,43.16,103.15,87.0,103.15,103.15,74.3,43.42,51.05,2.95,-2.24,0.45,36.32,24.21,3.01,-2.69,88.82,6,9,71,43.66,0.3,45.07,-0.45,33.8,-2.03,36.62,-3.2,39.44,-2.5,NEGATIVE,19.65,NEGATIVE,Trend + Momentum + Volume + Structure,None material,2.13,9.13,109.98,117.52,87.0,VERY_HIGH,18514080.0,NOT_AVAILABLE,NOT_AVAILABLE,,613,790
614,SOUTHBANK,2026-08-31,45.66,Neutral-Range,55.09,52.14,3,65,3/10,Low,48.79,1.06,2.31,4.17,45.75,45.49,41.44,-0.0059,0.02,1.79,93.33,45.86,-0.43,2.38,0.4,0.64,1.11,0.97,-3.0,0.73,53.32,46.22,45.3,45.37,47.04,44.26,45.79,47.5,1.83,-1.55,0.21,12.63,7.24,1.83,-2.57,75.73,6,7,100,39.0,-0.32,45.0,-0.27,42.0,-0.18,45.0,0.13,45.0,0.64,NEGATIVE,45.25,MIXED,Volume + Delivery + Liquidity,None material,-2.31,2.31,44.6,46.72,45.37,MODERATE,308164564.0,NOT_AVAILABLE,NOT_AVAILABLE,,614,683
615,NHPC,2026-08-31,76.72,Neutral-Range,55.06,49.35,2,60,4/10,Low,47.45,1.48,1.93,6.67,76.89,77.63,78.74,-0.0238,0.0815,1.9,94.17,77.24,-0.68,3.23,0.285,2.54,0.09,0.16,-3.19,0.21,77.17,76.39,74.82,74.82,77.3,74.82,47.37,47.89,1.59,-1.43,0.19,10.0,7.24,1.97,-2.1,77.45,7,7,99,42.42,0.07,46.46,-0.51,44.44,-0.23,51.52,0.98,58.59,1.45,NEGATIVE,51.59,MIXED,Volume + Structure + Delivery + Liquidity,"Trend, VWAP",-1.93,1.93,75.24,78.2,74.82,LOW,684174743.0,NOT_AVAILABLE,NOT_AVAILABLE,,615,790
616,TTML,2026-08-31,38.58,Neutral-Range,55.02,49.84,3,65,3/10,Low,48.95,1.23,3.19,17.5,38.37,39.66,44.31,0.1394,0.0727,0.79,63.33,38.67,-0.22,3.3,0.543,-0.67,3.24,1.13,-4.05,0.41,30.64,40.5,36.44,38.84,40.5,36.3,38.16,56.84,2.26,-1.68,0.22,12.89,7.5,2.07,-2.31,82.01,7,9,100,39.0,-0.07,38.0,-0.38,39.0,-0.14,44.0,0.39,47.0,0.69,NEGATIVE,45.05,MIXED,Momentum + MACD + Liquidity,None material,-3.19,3.19,37.35,39.81,38.84,HIGH,150549280.0,NOT_AVAILABLE,NOT_AVAILABLE,,616,767
617,WESTLIFE,2026-08-31,571.2,Bullish,54.98,54.14,4,70,5/10,Medium,55.4,22.83,4.0,32.5,564.32,534.53,528.36,-5.8334,0.3922,0.73,64.17,581.88,-1.84,5.32,0.558,2.78,-2.29,-1.45,7.53,-0.13,62.27,569.7,552.95,555.75,602.35,552.95,43.03,52.37,1.7,-1.49,0.03,8.29,7.37,1.76,-2.21,88.44,6,8,100,38.0,-0.05,43.0,-0.5,41.0,-0.64,41.0,-0.66,37.0,-2.74,NEGATIVE,38.5,NEGATIVE,Trend + Momentum + Structure + RSI,VWAP,1.4,6.0,579.19,605.45,552.95,HIGH,88622221.0,NOT_AVAILABLE,NOT_AVAILABLE,,617,606
618,MPSLTD,2026-08-31,2683.8,Neutral-Range,54.96,52.03,0,50,2/10,Low,50.91,102.09,3.8,27.5,2719.98,2490.31,2106.59,-50.2064,1.5958,0.22,8.33,2828.41,-5.11,2.29,0.123,0.22,-1.86,-4.65,-3.13,-0.11,53.22,2699.0,2647.0,2677.9,2903.9,2647.0,45.39,50.13,2.2,-1.76,0.22,15.0,8.55,1.91,-1.99,87.24,9,10,14,35.71,-0.21,50.0,0.33,57.14,0.22,57.14,2.07,50.0,2.24,POSITIVE,64.16,POSITIVE,Delivery + Liquidity,"Structure, VWAP",-3.8,3.8,2581.71,2785.89,2677.9,HIGH,108318808.0,NOT_AVAILABLE,NOT_AVAILABLE,,618,691
619,DVL,2026-08-31,272.98,Neutral-Range,54.96,47.86,0,50,3/10,Low,53.4,13.65,5.0,84.17,271.63,259.23,262.72,0.0286,-1.07,0.28,11.67,281.14,-2.9,5.05,0.438,-2.29,-3.75,2.65,11.02,0.21,56.2,293.14,278.0,279.37,304.0,268.15,45.0,50.66,2.18,-1.85,0.21,21.18,11.32,1.8,-2.2,89.1,9,6,100,40.0,-0.2,36.0,0.11,41.0,0.46,53.0,3.61,54.0,4.91,MIXED,64.18,POSITIVE,Trend + Momentum + RSI,"Structure, VWAP, Delivery",-5.0,5.0,259.33,286.63,279.37,VERY_HIGH,14880394.0,NOT_AVAILABLE,NOT_AVAILABLE,,618,857
620,IKIO,2026-08-31,215.48,Bullish,54.94,52.24,7,85,7/10,High,61.52,9.99,4.64,22.5,200.42,193.58,179.02,0.6344,1.2492,2.35,91.67,210.59,2.32,6.2,0.794,0.82,11.04,6.81,6.92,0.0,17.95,217.7,186.14,213.72,217.7,185.0,43.55,51.97,2.0,-1.73,0.22,13.82,7.37,2.03,-2.36,83.24,8,10,46,39.13,0.18,39.13,-0.02,30.43,-1.23,30.43,-3.07,41.3,-0.04,NEGATIVE,19.1,NEGATIVE,Trend + Momentum + Volume + VWAP,None material,1.62,6.96,218.98,230.47,186.14,HIGH,114483413.0,NOT_AVAILABLE,NOT_AVAILABLE,,620,678
621,HYUNDAI,2026-08-31,2205.0,Neutral-Range,54.92,61.34,-2,40,5/10,Medium,55.54,50.34,2.28,4.17,2195.04,2107.97,2056.69,-6.1163,-3.6505,0.94,65.83,2221.57,-0.75,3.31,0.371,-2.73,-0.09,0.68,-0.09,-0.39,55.27,2279.0,2240.3,2267.0,2281.0,2190.0,47.89,48.73,1.47,-1.32,-0.02,5.91,7.17,1.97,-1.94,72.91,7,8,31,58.06,0.15,51.61,0.56,58.06,1.78,67.74,2.69,67.74,3.72,POSITIVE,76.91,STRONG,Trend + RSI + Liquidity,"Momentum, Structure, VWAP",-2.28,2.28,2154.66,2255.34,2267.0,MODERATE,1459770380.0,NOT_AVAILABLE,NOT_AVAILABLE,,621,353
622,SILVER360,2026-08-31,229.14,Neutral-Range,54.9,58.81,-3,35,3/10,Low,51.12,5.98,2.61,21.67,229.49,227.66,218.34,0.2286,-0.6172,0.58,41.67,231.18,-0.88,1.92,0.608,-3.04,-3.81,-0.25,7.93,-2.09,46.85,237.5,232.74,236.33,239.85,230.69,54.6,40.95,2.12,-2.12,0.56,32.59,12.26,2.66,-2.86,58.17,7,5,100,50.0,0.24,56.0,0.77,62.0,1.41,76.0,3.92,80.0,5.9,POSITIVE,83.3,STRONG,No strong driver,"Structure, VWAP, Gap",-2.61,2.61,223.16,235.12,236.33,MODERATE,6309516.0,NOT_AVAILABLE,NOT_AVAILABLE,,622,442
623,OMAXE,2026-08-31,125.52,Bullish,54.83,53.84,6,80,6/10,Medium,73.45,7.53,6.0,83.33,103.46,94.07,84.6,3.1206,0.2064,0.87,68.33,110.32,13.78,6.6,0.836,-4.72,23.34,24.49,47.01,-0.18,20.02,134.3,111.81,131.74,134.3,97.86,43.03,52.24,3.02,-2.12,0.26,24.74,15.26,2.37,-2.7,88.67,6,8,49,48.98,0.49,40.82,-1.31,36.73,-2.06,38.78,-1.99,44.9,-0.18,NEGATIVE,25.23,NEGATIVE,Trend + Momentum + Structure + VWAP,None material,2.1,9.0,128.16,136.82,110.32,VERY_HIGH,553845545.0,NOT_AVAILABLE,NOT_AVAILABLE,,623,619
624,SURYODAY,2026-08-31,154.69,Neutral-Range,54.79,53.0,-1,45,3/10,Low,42.47,6.07,3.93,13.33,158.66,163.99,154.75,0.5705,0.052,0.7,50.0,157.25,-1.63,2.91,0.313,0.28,-1.55,0.44,-5.52,-0.01,36.46,156.41,153.68,154.26,160.88,150.15,46.18,49.21,1.99,-1.82,0.26,15.66,9.34,2.04,-2.02,83.59,8,7,100,52.0,0.24,52.0,0.53,55.0,1.18,61.0,2.45,62.0,3.74,POSITIVE,70.12,STRONG,Momentum + MACD,"Trend, VWAP, RSI",-3.93,3.93,148.62,160.76,154.26,HIGH,87710085.0,NOT_AVAILABLE,NOT_AVAILABLE,,624,650
625,DBOL,2026-08-31,127.24,Bullish,54.76,53.65,4,70,4/10,Low,60.63,6.87,5.4,70.0,121.84,116.28,105.97,0.1041,-0.1656,0.87,59.17,125.04,1.76,5.89,0.669,1.45,-0.94,5.09,23.64,-0.33,41.08,130.9,123.78,125.42,137.95,121.98,43.68,51.71,2.06,-1.77,0.28,20.26,9.21,1.95,-2.17,80.62,8,12,100,44.0,0.2,41.0,-0.06,39.0,-0.49,43.0,-0.96,49.0,-0.28,NEGATIVE,37.9,NEGATIVE,Trend + Momentum + VWAP + RSI,None material,1.89,8.1,129.64,137.55,123.78,VERY_HIGH,53864111.0,NOT_AVAILABLE,NOT_AVAILABLE,,625,627
626,INTLCONV,2026-08-31,79.48,Bullish,54.73,47.17,4,70,5/10,Medium,58.77,3.18,4.0,51.67,76.84,77.14,79.68,0.5488,0.0481,1.54,82.5,77.08,3.11,4.36,0.694,-1.03,3.68,0.53,7.74,0.0,85.17,82.0,76.51,80.31,82.0,74.2,42.24,52.5,2.22,-1.73,0.36,22.76,9.74,1.87,-2.17,85.65,8,9,100,38.0,-0.15,39.0,-0.05,38.0,0.39,31.0,-0.73,36.0,0.46,MIXED,37.79,NEGATIVE,Trend + Momentum + VWAP + RSI,Delivery,1.4,5.99,80.59,84.24,76.51,HIGH,5519154.0,NOT_AVAILABLE,NOT_AVAILABLE,,626,895
627,THEMISMED,2026-08-31,124.76,Bullish,54.72,53.95,4,70,4/10,Low,64.08,6.63,5.31,25.83,115.07,111.31,108.76,2.2148,-0.141,0.48,41.67,118.08,5.66,4.14,0.718,-0.57,3.27,19.86,16.53,0.02,46.21,128.01,124.36,125.48,134.0,104.72,42.76,52.89,2.77,-2.43,0.2,20.39,10.53,2.09,-3.25,85.74,7,9,63,33.33,-0.34,36.51,-0.57,36.51,-0.71,41.27,-0.4,55.56,1.92,NEGATIVE,37.78,NEGATIVE,Trend + Momentum + VWAP + RSI,None material,1.86,7.97,127.08,134.7,118.08,VERY_HIGH,32033860.0,NOT_AVAILABLE,NOT_AVAILABLE,,627,615
628,GREAVESCOT,2026-08-31,197.8,Neutral-Range,54.71,52.27,1,55,3/10,Low,44.36,7.48,3.78,12.5,200.56,206.1,192.9,0.9262,0.5059,0.72,47.5,197.47,0.17,4.16,0.175,1.74,2.7,1.43,-14.99,-0.21,37.59,196.53,192.02,194.41,197.9,189.52,44.74,50.79,2.35,-1.91,0.17,7.89,6.71,2.22,-2.4,80.26,6,8,100,45.0,0.11,51.0,0.44,54.0,0.94,51.0,0.38,56.0,0.75,MIXED,57.03,POSITIVE,Momentum + MACD + Liquidity,"Trend, RSI",-3.78,3.78,190.32,205.28,194.41,HIGH,390413672.0,NOT_AVAILABLE,NOT_AVAILABLE,,628,676
629,EIEL,2026-08-31,196.92,Neutral-Range,54.69,51.13,-2,40,5/10,Medium,39.46,6.51,3.31,0.83,203.3,207.87,204.77,0.1178,0.071,1.21,85.83,204.95,-3.92,1.68,0.109,-1.16,0.82,-1.62,-11.55,-0.37,48.1,201.8,197.8,199.23,204.3,193.02,41.26,54.93,2.96,-2.14,0.27,16.82,9.42,2.34,-2.61,72.25,4,10,67,47.76,0.77,53.73,1.42,58.21,2.35,59.7,2.97,52.24,2.06,POSITIVE,76.27,STRONG,Momentum + MACD + Liquidity,"Trend, Volume, Structure",-3.31,3.31,190.41,203.43,199.23,HIGH,172358619.0,NOT_AVAILABLE,NOT_AVAILABLE,,629,733
630,MANCREDIT,2026-08-31,242.74,Bullish,54.67,47.08,5,75,5/10,Medium,56.61,14.65,6.03,73.33,232.52,227.52,199.7,0.8014,0.7796,0.95,61.67,238.76,1.67,9.09,0.384,-1.98,9.03,2.54,-5.68,0.55,38.18,256.0,232.5,247.65,256.0,218.3,46.26,50.29,1.72,-1.34,0.63,39.54,12.09,2.1,-2.2,94.55,6,6,98,42.86,0.07,34.69,-0.62,31.63,-0.89,34.69,-0.86,39.8,-0.99,NEGATIVE,31.21,NEGATIVE,Trend + Momentum + VWAP + RSI,None material,2.11,9.05,247.87,264.71,232.5,VERY_HIGH,62918099.0,NOT_AVAILABLE,NOT_AVAILABLE,,630,896
631,MEDICAMEQ,2026-08-31,261.47,Bullish,54.67,46.83,7,85,8/10,Medium,61.74,13.09,5.01,24.17,240.31,242.18,283.85,2.3556,1.2912,3.8,99.17,242.29,7.91,7.63,0.929,5.06,11.96,18.91,8.94,-1.16,53.65,251.0,220.0,248.88,251.0,220.0,40.0,55.53,2.54,-1.97,0.29,16.97,9.47,1.89,-2.03,92.17,6,10,9,44.44,0.37,33.33,-0.61,33.33,-2.44,33.33,-3.05,33.33,1.31,NEGATIVE,18.33,NEGATIVE,Trend + Momentum + Volume + Structure,Gap,1.75,7.51,266.05,281.1,220.0,VERY_HIGH,6964856.0,NOT_AVAILABLE,NOT_AVAILABLE,,630,910
632,THANGAMAYL,2026-08-31,5412.0,Neutral-Range,54.66,49.18,1,55,2/10,Low,45.42,231.02,4.27,5.83,5511.03,5543.32,4476.34,29.4777,-3.8814,0.47,27.5,5155.61,4.97,2.98,0.721,-0.52,-1.48,1.41,8.99,-0.19,47.84,5563.5,5373.5,5440.5,5722.5,5373.5,47.37,48.16,2.41,-1.87,0.27,19.61,7.11,1.77,-2.94,87.79,6,7,100,46.0,-0.11,47.0,0.18,50.0,0.73,46.0,1.34,57.0,2.04,MIXED,56.88,MIXED,VWAP + Liquidity,Trend,-4.27,4.27,5180.98,5643.02,5440.5,HIGH,995793450.0,NOT_AVAILABLE,NOT_AVAILABLE,,632,801
633,WENDT,2026-08-31,8170.5,Neutral-Range,54.65,59.17,2,60,3/10,Low,53.53,242.49,2.97,7.5,8122.15,7923.14,7829.72,2.8287,-7.3949,0.79,68.33,8184.96,-0.18,1.69,0.356,-0.89,-1.39,0.75,-0.43,-0.52,42.74,8446.5,8191.0,8243.5,8682.5,8051.0,43.29,52.37,1.81,-1.57,0.3,21.32,7.63,1.76,-2.39,92.02,8,8,11,27.27,-0.6,36.36,-0.77,54.55,-0.11,54.55,-0.58,45.45,-3.01,MIXED,50.42,MIXED,Trend + Momentum + RSI,Structure,-2.97,2.97,7928.01,8412.99,8243.5,MODERATE,60543312.0,NOT_AVAILABLE,NOT_AVAILABLE,,633,427
634,MOSMALL250,2026-08-31,18.49,Neutral-Range,54.6,59.89,1,55,3/10,Low,57.83,0.33,1.81,2.5,18.4,18.09,17.16,-0.0096,-0.0051,0.59,32.5,18.38,0.57,1.67,0.545,-0.32,0.16,0.54,3.35,0.0,43.46,18.64,18.07,18.55,18.64,18.07,51.99,42.11,0.85,-0.94,0.89,37.8,1.91,1.96,-2.15,95.69,13,9,100,49.0,-0.1,49.0,-0.08,54.0,0.02,58.0,0.61,54.0,0.36,MIXED,56.72,MIXED,Trend + VWAP + RSI,"Momentum, MACD",-1.81,1.81,18.16,18.82,18.55,LOW,26570560.0,NOT_AVAILABLE,NOT_AVAILABLE,,634,400
635,POKARNA,2026-08-31,854.85,Bearish,54.6,56.62,-4,30,5/10,Medium,34.0,40.51,4.74,59.17,907.69,928.75,915.12,-6.99,0.2746,0.29,8.33,946.45,-9.68,2.63,0.008,-2.31,-2.34,-8.85,-8.32,0.1,45.06,888.0,857.05,875.05,906.85,852.95,44.08,51.45,2.68,-2.06,0.39,22.76,8.68,2.22,-2.39,85.91,7,9,13,46.15,1.72,61.54,3.54,61.54,5.15,92.31,7.69,84.62,7.19,POSITIVE,88.85,STRONG,Liquidity,"Trend, Momentum, Structure",-7.11,-1.66,794.09,840.67,946.45,HIGH,105058203.0,NOT_AVAILABLE,NOT_AVAILABLE,,634,512
636,MONARCH,2026-08-31,380.6,Neutral-Range,54.6,52.66,1,55,2/10,Low,51.19,14.53,3.82,44.17,381.26,369.43,335.77,-2.3273,0.2891,0.62,60.0,385.66,-1.31,3.11,0.595,1.06,-1.09,-2.17,-1.03,0.56,58.23,380.0,373.5,376.6,393.0,369.2,46.58,48.68,2.02,-1.78,0.27,18.95,7.24,1.94,-3.01,85.93,10,7,14,57.14,0.09,57.14,-0.07,57.14,0.74,42.86,0.94,64.29,0.93,POSITIVE,56.72,MIXED,Structure + Delivery,VWAP,-3.82,3.82,366.07,395.13,376.6,HIGH,63945277.0,NOT_AVAILABLE,NOT_AVAILABLE,,634,661
637,MOCAPITAL,2026-08-31,54.73,Bullish,54.59,54.6,4,70,4/10,Low,54.75,1.06,1.94,5.0,54.3,53.99,50.62,0.1974,-0.0676,0.44,4.17,53.9,1.54,2.26,0.626,-1.19,-0.31,2.11,3.73,-0.02,42.27,56.4,54.67,55.39,56.4,54.45,49.33,46.65,1.44,-1.14,0.88,44.5,8.85,2.12,-2.23,93.87,9,6,81,44.44,-0.05,48.15,-0.18,40.74,-0.37,38.27,-0.94,29.63,-1.14,NEGATIVE,37.41,NEGATIVE,Trend + Momentum + VWAP + RSI,None material,0.68,2.91,55.1,56.32,53.9,LOW,75741079.0,NOT_AVAILABLE,NOT_AVAILABLE,,637,585
638,NIITLTD,2026-08-31,101.44,Neutral-Range,54.59,51.22,3,65,4/10,Low,56.98,3.97,3.91,6.67,98.5,95.56,90.68,0.9773,-0.1987,2.19,91.67,99.41,2.04,7.11,0.599,-3.87,2.36,6.08,4.73,0.0,44.88,106.7,102.21,105.52,106.7,93.43,42.24,53.03,2.56,-2.0,0.29,13.82,8.42,2.27,-2.0,80.17,8,8,94,39.36,0.09,41.49,0.94,32.98,0.8,34.04,0.54,37.23,0.89,MIXED,43.82,MIXED,Trend + Momentum + VWAP + RSI,Structure,-3.91,3.91,97.47,105.41,105.52,HIGH,51158263.0,NOT_AVAILABLE,NOT_AVAILABLE,,637,730
639,OIL,2026-08-31,483.15,Bullish,54.53,55.34,7,85,7/10,High,62.11,12.78,2.65,28.33,468.89,459.27,454.27,0.0102,0.3133,1.6,90.83,466.55,3.56,4.3,0.739,0.06,1.29,1.79,6.89,0.78,38.21,484.7,471.75,482.85,484.7,458.7,50.53,44.61,1.86,-1.87,0.27,14.21,6.05,1.78,-2.48,73.12,7,7,61,39.34,-1.04,32.79,-2.89,31.15,-4.54,34.43,-4.1,31.15,-5.41,NEGATIVE,17.95,NEGATIVE,Trend + Momentum + Volume + VWAP,None material,0.93,3.97,487.62,502.32,466.55,MODERATE,1395823026.0,NOT_AVAILABLE,NOT_AVAILABLE,,639,558
640,URBANCO,2026-08-31,167.11,Neutral-Range,54.5,56.5,2,60,4/10,Low,74.14,6.49,3.88,42.5,153.88,143.51,137.07,1.9122,-0.4131,1.45,84.17,156.4,6.85,5.26,0.804,-0.77,-1.02,15.57,14.31,-0.01,50.11,171.44,165.91,168.41,173.89,157.55,47.37,46.96,2.11,-2.05,0.13,13.36,10.93,2.08,-2.22,79.04,6,5,2,0.0,-2.79,0.0,-2.76,50.0,-4.4,50.0,-5.91,50.0,-5.63,INSUFFICIENT,50.0,INSUFFICIENT,Trend + Structure + VWAP + Liquidity,"Volume, Delivery",-3.88,3.88,160.62,173.6,168.41,HIGH,2478414405.0,NOT_AVAILABLE,NOT_AVAILABLE,,640,515
641,PATILAUTOM,2026-08-31,227.35,Neutral-Range,54.5,54.5,2,60,4/10,Low,66.22,12.66,5.57,62.5,213.66,188.55,179.06,-1.1577,-0.6694,0.88,55.83,213.8,6.34,6.65,0.729,0.75,-1.64,-4.45,28.08,-0.29,75.17,229.5,221.35,225.65,248.0,221.35,38.7,54.78,3.33,-2.18,0.42,27.83,16.09,2.75,-2.28,79.45,5,6,0,,,,,,,,,,,INSUFFICIENT,50.0,INSUFFICIENT,Trend + VWAP + RSI + Delivery,"Momentum, MACD",-5.57,5.57,214.69,240.01,225.65,VERY_HIGH,21172146.0,NOT_AVAILABLE,NOT_AVAILABLE,,640,590
642,UNIECOM,2026-08-31,89.36,Bullish,54.49,47.84,6,80,6/10,Medium,56.84,3.31,3.71,25.0,86.63,87.12,98.9,0.1267,0.2273,1.64,90.83,89.13,0.26,6.96,0.537,2.5,3.87,5.19,3.65,-0.03,42.57,89.0,83.91,87.18,89.0,83.8,38.93,57.44,2.45,-1.87,0.29,17.18,8.02,2.19,-2.64,82.87,6,9,100,37.0,-0.31,34.0,-0.96,35.0,-0.8,32.0,-2.75,32.0,-3.67,NEGATIVE,24.25,NEGATIVE,Trend + Momentum + Volume + Structure,None material,1.3,5.56,90.52,94.33,83.91,HIGH,46101873.0,NOT_AVAILABLE,NOT_AVAILABLE,,642,862
643,BORORENEW,2026-08-31,502.6,Neutral-Range,54.47,51.68,-2,40,5/10,Medium,25.72,16.84,3.35,15.0,543.61,557.55,541.3,-5.0477,-0.3044,1.61,90.0,543.79,-7.57,2.82,0.063,0.07,-6.33,-11.81,-9.27,0.45,51.43,520.0,501.0,502.25,557.15,501.0,43.55,51.84,2.27,-1.8,0.17,12.63,10.79,2.25,-2.2,79.06,7,7,100,49.0,0.62,58.0,1.89,57.0,1.89,64.0,2.68,54.0,1.8,POSITIVE,75.63,STRONG,Volume + Delivery + Liquidity,"Trend, Momentum, Structure",-3.35,3.35,485.76,519.44,502.25,HIGH,233696870.0,NOT_AVAILABLE,NOT_AVAILABLE,,643,712
644,IT,2026-08-31,34.32,Neutral-Range,54.46,52.88,2,60,3/10,Low,55.99,0.96,2.78,3.33,33.99,33.31,34.66,-0.1063,0.0269,0.55,47.5,34.46,-0.39,2.63,0.468,-0.9,1.45,0.18,-1.8,0.75,65.74,34.92,33.68,34.63,34.92,32.88,46.5,48.89,1.03,-0.99,0.51,28.82,7.48,1.86,-2.0,96.03,13,9,22,45.45,-0.1,50.0,0.21,40.91,-0.07,54.55,0.44,50.0,0.21,NEGATIVE,49.89,MIXED,Trend + Momentum + RSI,Delivery,-2.78,2.78,33.36,35.28,34.63,MODERATE,10947899.0,NOT_AVAILABLE,NOT_AVAILABLE,,644,654
645,SANSTAR,2026-08-31,110.36,Bullish,54.46,49.45,4,70,4/10,Low,50.42,4.14,3.75,14.17,109.69,110.46,102.59,0.1742,0.1767,1.65,87.5,110.29,0.06,6.1,0.427,1.99,3.54,1.07,-5.55,0.59,37.32,110.69,107.91,108.21,110.95,104.9,43.66,52.43,2.12,-1.72,0.11,13.25,9.14,1.77,-2.38,88.31,7,8,100,40.0,-0.19,41.0,-0.56,39.0,-1.1,46.0,-0.83,38.0,-1.61,NEGATIVE,37.03,NEGATIVE,Trend + Momentum + Volume + MACD,None material,1.31,5.63,111.81,116.57,107.91,HIGH,21823178.0,NOT_AVAILABLE,NOT_AVAILABLE,,644,781
646,TNIDETF,2026-08-31,91.3,Neutral-Range,54.41,60.49,0,50,3/10,Low,61.28,2.18,2.39,16.67,90.17,87.59,86.64,-0.1917,-0.0025,2.62,97.5,90.69,0.67,0.84,0.626,-0.52,0.75,0.5,0.85,-0.15,62.43,92.39,91.02,91.78,93.15,88.53,49.08,46.18,0.84,-0.79,0.52,26.45,4.34,1.71,-1.93,97.59,8,6,100,49.0,0.1,55.0,0.21,60.0,0.45,63.0,0.69,54.0,0.46,POSITIVE,62.61,POSITIVE,Trend + VWAP + RSI,"Momentum, MACD, Delivery",-2.39,2.39,89.12,93.48,91.78,MODERATE,8313201.0,NOT_AVAILABLE,NOT_AVAILABLE,,646,379
647,JSWSTEEL,2026-08-31,1307.7,Neutral-Range,54.4,59.52,2,60,4/10,Low,53.85,25.54,1.95,12.5,1301.36,1281.6,1223.75,2.4912,-2.2439,1.14,70.83,1307.09,0.05,1.76,0.57,-2.04,-1.45,2.34,1.19,-0.83,71.85,1344.0,1320.4,1334.9,1351.0,1295.3,48.55,46.84,1.22,-1.1,0.12,6.71,5.13,1.67,-1.79,73.66,7,8,100,51.0,-0.02,45.0,-0.07,51.0,-0.22,51.0,-0.03,56.0,0.35,MIXED,49.7,MIXED,Trend + Momentum + RSI + Liquidity,"Structure, Delivery",-1.95,1.95,1282.16,1333.24,1334.9,LOW,2263252908.0,NOT_AVAILABLE,NOT_AVAILABLE,,647,415
648,GRAPHITE,2026-08-31,702.55,Neutral-Range,54.39,56.17,3,65,4/10,Low,52.27,23.11,3.29,1.67,701.05,685.69,651.7,-5.75,0.7181,0.62,52.5,713.19,-1.49,2.79,0.497,0.94,-2.25,-3.69,6.78,0.0,40.02,705.6,683.0,696.0,726.0,678.5,45.39,49.87,2.02,-1.69,0.17,7.24,6.05,1.85,-2.15,77.28,9,8,100,45.0,-0.11,47.0,-0.12,53.0,-0.04,45.0,-1.47,44.0,-2.13,MIXED,43.26,MIXED,Trend + Momentum + RSI + Liquidity,VWAP,-3.29,3.29,679.44,725.66,696.0,HIGH,976429051.0,NOT_AVAILABLE,NOT_AVAILABLE,,648,535
649,DWARKESH,2026-08-31,52.42,Bullish,54.38,47.86,5,75,5/10,Medium,64.47,3.23,6.16,83.33,48.48,45.65,43.56,0.5913,-0.185,1.2,75.83,52.46,-0.07,6.88,0.645,1.02,-4.59,16.64,34.41,0.21,20.64,53.89,50.97,51.89,59.9,50.49,41.84,51.97,1.97,-1.7,0.26,12.63,7.24,2.17,-2.05,81.56,8,11,31,38.71,0.13,51.61,1.14,51.61,-0.05,29.03,-3.16,32.26,-2.1,MIXED,30.38,NEGATIVE,Trend + Momentum + Volume + RSI,None material,2.16,9.24,53.55,57.26,50.97,VERY_HIGH,356902767.0,NOT_AVAILABLE,NOT_AVAILABLE,,649,857
650,BAJAJHIND,2026-08-31,22.47,Bullish,54.34,47.69,7,85,7/10,High,64.15,1.36,6.03,99.17,20.41,19.16,19.04,0.2271,-0.0336,1.7,84.17,22.25,0.97,9.51,0.608,3.69,-7.26,25.32,28.25,0.37,13.15,22.08,21.13,21.67,26.0,20.87,42.76,51.71,2.49,-2.01,0.3,14.61,6.58,2.13,-2.35,79.71,9,8,25,28.0,-0.73,32.0,-1.94,36.0,-3.59,28.0,-3.6,36.0,-2.76,NEGATIVE,17.4,NEGATIVE,Trend + Momentum + Volume + Structure,None material,2.11,9.05,22.94,24.5,21.13,VERY_HIGH,1466988793.0,NOT_AVAILABLE,NOT_AVAILABLE,,650,870
651,KIRLOSBROS,2026-08-31,1900.2,Neutral-Range,54.33,54.83,-3,35,4/10,Low,48.95,54.97,2.89,0.83,1910.14,1882.58,1780.67,-4.3186,-0.2468,0.47,41.67,1936.42,-1.87,2.08,0.401,-0.76,-1.15,-2.2,2.18,0.15,66.66,1920.2,1890.5,1914.7,1939.1,1879.1,46.45,49.21,2.45,-2.0,0.18,15.13,7.76,1.9,-2.6,88.36,7,9,30,46.67,0.42,63.33,1.83,73.33,2.43,60.0,3.91,56.67,6.13,STRONG,81.67,STRONG,Liquidity,"Momentum, VWAP, MACD",-2.89,2.89,1845.23,1955.17,1914.7,MODERATE,114389921.0,NOT_AVAILABLE,NOT_AVAILABLE,,651,575
652,BAJEL,2026-08-31,194.12,Bullish,54.32,53.07,5,75,5/10,Medium,57.89,7.27,3.75,16.67,188.6,186.96,184.0,0.8207,0.0592,0.9,81.67,191.81,1.2,6.48,0.714,0.66,1.06,4.44,9.46,-0.34,42.74,197.3,192.21,192.84,198.5,187.03,43.37,52.31,2.67,-2.11,0.36,21.61,11.38,2.52,-2.75,78.89,5,9,70,40.0,0.04,47.14,-0.56,38.57,-1.16,38.57,-1.79,30.0,-2.98,NEGATIVE,30.2,NEGATIVE,Trend + Momentum + VWAP + RSI,None material,1.31,5.62,196.67,205.03,191.81,HIGH,75450950.0,NOT_AVAILABLE,NOT_AVAILABLE,,652,645
653,BODALCHEM,2026-08-31,118.89,Bullish,54.32,51.68,7,85,7/10,High,91.41,5.14,4.32,17.5,82.59,74.27,65.69,4.1079,1.334,8.54,98.33,99.06,20.01,12.6,1.0,19.99,43.4,71.29,60.73,15.54,44.11,99.19,91.8,99.08,99.19,80.5,44.47,50.79,2.14,-1.7,0.3,14.47,8.29,2.27,-2.17,86.67,9,9,56,32.14,-0.51,33.93,-1.94,32.14,-2.31,28.57,-2.42,39.29,-0.82,NEGATIVE,17.33,NEGATIVE,Trend + Momentum + Volume + Structure,None material,1.51,6.48,120.69,126.6,91.8,HIGH,81642331.0,NOT_AVAILABLE,NOT_AVAILABLE,,652,712
654,CORDSCABLE,2026-08-31,282.49,Bullish,54.28,51.54,6,80,6/10,Medium,77.47,13.77,4.88,40.0,237.9,223.37,199.08,3.7162,1.7475,10.56,100.0,260.07,8.62,19.07,0.806,12.44,11.48,31.97,33.5,0.3,29.89,251.99,245.0,251.23,259.8,238.0,45.66,50.0,2.7,-2.08,0.52,32.63,12.63,2.23,-2.12,87.71,7,6,61,49.18,0.55,34.43,0.04,27.87,-1.13,36.07,-2.3,40.98,1.33,NEGATIVE,23.66,NEGATIVE,Trend + Momentum + Volume + Structure,None material,1.71,7.31,287.31,303.15,245.0,HIGH,24703705.0,NOT_AVAILABLE,NOT_AVAILABLE,,654,718
655,NSLNISP,2026-08-31,46.19,Bullish,54.25,49.36,4,70,6/10,Medium,59.29,1.81,3.92,67.5,43.2,43.35,42.69,0.6304,0.0904,1.3,76.67,45.06,2.51,5.47,0.682,-5.77,15.3,10.61,6.5,-1.37,33.51,49.4,44.78,49.02,49.4,39.83,41.97,53.03,2.1,-1.63,0.26,11.18,6.32,2.24,-2.43,76.06,6,9,100,46.0,0.18,43.0,-0.14,43.0,-0.24,35.0,-1.23,45.0,0.09,NEGATIVE,36.42,NEGATIVE,Trend + Momentum + VWAP + RSI,"Volume, Gap",1.37,5.88,46.82,48.91,44.78,HIGH,565901835.0,NOT_AVAILABLE,NOT_AVAILABLE,,655,789
656,POWERINDIA,2026-08-31,33760.0,Neutral-Range,54.17,57.31,1,55,2/10,Low,50.67,1091.59,3.23,11.67,33727.65,33419.5,28771.93,-131.8674,19.7556,0.62,24.17,34657.5,-2.59,3.39,0.481,1.29,-0.24,-4.77,5.5,0.0,44.29,33840.0,33235.0,33330.0,34975.0,33005.0,50.13,45.39,2.48,-2.03,0.29,13.29,6.97,2.35,-2.71,82.76,8,8,100,50.0,0.16,50.0,0.14,53.0,0.48,51.0,0.54,59.0,3.25,MIXED,55.48,MIXED,Trend + Liquidity,VWAP,-3.23,3.23,32668.41,34851.59,33330.0,HIGH,4186565278.0,NOT_AVAILABLE,NOT_AVAILABLE,,656,484
657,THOMASCOOK,2026-08-31,107.92,Neutral-Range,54.15,48.02,2,60,4/10,Low,52.68,4.69,4.35,34.17,107.11,105.36,114.3,0.2475,-0.1937,0.26,10.0,110.67,-2.49,3.08,0.451,-0.47,-4.86,4.09,0.72,-0.07,49.86,111.35,108.0,108.43,120.87,108.0,45.13,49.87,2.4,-2.11,0.29,20.79,8.68,1.87,-2.49,86.02,7,8,100,38.0,-0.14,38.0,-0.36,38.0,-0.17,49.0,1.06,53.0,1.37,NEGATIVE,49.01,MIXED,Trend + Momentum + RSI + Liquidity,"Structure, VWAP",-4.35,4.35,103.23,112.61,108.43,HIGH,309561324.0,NOT_AVAILABLE,NOT_AVAILABLE,,657,843
658,EVIETF,2026-08-31,33.54,Neutral-Range,54.13,61.95,0,50,3/10,Low,54.88,0.62,1.85,11.67,33.53,32.73,31.04,-0.1422,0.0013,0.57,15.83,33.92,-1.12,1.28,0.131,-0.39,0.09,-1.84,1.12,-0.06,60.42,34.24,33.38,33.67,34.24,33.29,47.46,47.46,0.92,-0.76,0.55,22.88,8.19,2.14,-2.05,94.1,7,5,63,52.38,0.07,58.73,0.25,55.56,0.43,61.9,0.99,71.43,1.8,POSITIVE,61.79,POSITIVE,Trend + Momentum + RSI,"Structure, VWAP, Delivery",-1.85,1.85,32.92,34.16,33.67,LOW,8652724.0,NOT_AVAILABLE,NOT_AVAILABLE,,658,333
659,GOLDIETF,2026-08-31,131.72,Neutral-Range,54.1,62.51,-1,45,5/10,Medium,53.62,3.46,2.62,48.33,131.61,128.46,122.13,0.0158,-0.408,1.28,82.5,132.89,-0.88,1.69,0.559,-2.88,-4.35,0.53,8.47,-2.09,57.34,138.0,133.78,135.62,140.0,132.65,53.39,41.99,0.96,-0.89,0.91,45.02,9.09,2.31,-2.33,86.43,6,6,100,51.0,0.01,62.0,0.46,59.0,0.63,70.0,1.37,70.0,1.93,POSITIVE,68.15,POSITIVE,Trend + Momentum + RSI + Liquidity,"Volume, Structure, VWAP",-2.62,2.62,128.26,135.18,135.62,MODERATE,979058096.0,NOT_AVAILABLE,NOT_AVAILABLE,,659,316
660,AJAXENGG,2026-08-31,574.5,Bullish,54.01,53.2,4,70,4/10,Low,51.07,17.04,2.97,0.83,572.95,568.43,560.75,0.3223,0.0134,0.68,50.83,574.97,-0.08,2.88,0.387,0.6,-0.41,1.28,-3.28,-0.21,57.44,579.0,566.25,571.1,585.8,565.0,47.44,49.23,1.74,-1.64,0.21,21.28,11.03,1.76,-2.16,89.22,7,8,48,47.92,0.13,39.58,-0.79,43.75,-0.51,35.42,-1.23,20.83,-2.34,NEGATIVE,35.75,NEGATIVE,Trend + Momentum + MACD + Delivery,None material,1.04,4.45,580.47,600.06,566.25,MODERATE,49374153.0,NOT_AVAILABLE,NOT_AVAILABLE,,660,637
661,AGARWALTUF,2026-08-31,138.7,Bearish,53.92,59.82,-5,25,5/10,Medium,46.48,4.47,3.22,0.83,141.12,137.67,126.11,-0.8112,-0.0582,0.32,23.33,145.61,-4.74,1.76,0.075,-0.29,-1.98,-3.91,-1.11,0.32,81.82,141.0,139.0,139.1,144.45,139.0,45.5,49.59,2.87,-2.49,0.19,28.34,21.8,2.42,-2.36,78.13,6,5,9,44.44,0.59,88.89,3.25,77.78,7.75,88.89,7.85,88.89,8.39,STRONG,93.33,STRONG,No strong driver,"Momentum, Structure, VWAP",-4.83,-1.13,132.0,137.14,145.61,HIGH,6080631.0,NOT_AVAILABLE,NOT_AVAILABLE,,661,403
662,SILVERBEES,2026-08-31,223.21,Neutral-Range,53.92,54.9,-1,45,2/10,Low,51.42,5.32,2.38,20.0,223.25,221.4,212.12,0.2507,-0.5897,1.08,78.33,223.1,0.05,1.76,0.604,-3.13,-3.71,-0.18,8.12,-4.19,37.16,231.83,225.42,230.42,233.5,223.76,51.45,43.42,1.63,-1.51,0.25,22.37,12.89,2.34,-2.44,36.06,8,8,15,53.33,0.3,66.67,1.07,66.67,1.69,53.33,0.97,60.0,2.57,STRONG,67.64,POSITIVE,Liquidity,"Structure, Gap",-2.38,2.38,217.89,228.53,230.42,MODERATE,5940669264.0,NOT_AVAILABLE,NOT_AVAILABLE,,661,571
663,GPPL,2026-08-31,167.56,Neutral-Range,53.91,54.18,2,60,4/10,Low,70.3,3.88,2.31,25.0,161.15,157.02,159.23,1.0417,-0.2631,1.27,78.33,160.29,4.53,2.55,0.76,-0.71,2.53,5.01,10.7,0.0,58.56,169.55,167.4,168.75,173.8,162.96,47.37,48.29,1.72,-1.57,0.27,11.97,6.18,2.05,-2.07,76.85,7,8,100,41.0,-0.08,42.0,-0.23,43.0,-0.25,53.0,0.18,61.0,2.52,NEGATIVE,48.32,MIXED,Trend + Momentum + VWAP + Liquidity,"Volume, Delivery",-2.31,2.31,163.68,171.44,168.75,MODERATE,416258277.0,NOT_AVAILABLE,NOT_AVAILABLE,,663,605
664,MOM100,2026-08-31,68.83,Neutral-Range,53.89,62.28,-1,45,3/10,Low,55.07,1.1,1.6,3.33,68.7,67.89,65.24,-0.0266,-0.0306,1.76,94.17,68.71,0.17,1.56,0.628,-0.42,-0.04,0.07,0.89,0.54,66.19,69.78,68.4,69.12,69.95,68.4,53.95,40.92,0.77,-0.85,0.73,39.87,10.92,2.03,-1.79,98.8,12,6,100,53.0,0.16,61.0,0.28,71.0,0.52,66.0,0.63,61.0,0.16,STRONG,67.55,POSITIVE,Trend + RSI,"Momentum, MACD, Delivery",-1.6,1.6,67.73,69.93,69.12,LOW,16667729.0,NOT_AVAILABLE,NOT_AVAILABLE,,664,325
665,AUTOBEES,2026-08-31,298.77,Neutral-Range,53.88,59.16,-2,40,4/10,Low,53.25,4.61,1.54,5.0,299.15,291.52,277.36,-1.4995,-0.003,0.69,45.0,302.92,-1.37,1.53,0.162,0.22,-0.37,-1.44,-0.18,1.0,53.67,301.04,296.55,298.11,305.02,296.55,50.53,44.74,0.91,-0.84,0.49,21.58,4.87,1.88,-1.93,94.83,8,8,100,55.0,0.08,59.0,0.46,69.0,0.76,74.0,1.46,75.0,2.31,STRONG,73.93,STRONG,RSI + Delivery,"Momentum, Structure, VWAP",-1.54,1.54,294.16,303.38,298.11,LOW,69014860.0,NOT_AVAILABLE,NOT_AVAILABLE,,665,429
666,TARMAT,2026-08-31,61.35,Bullish,53.85,38.48,7,85,7/10,Medium,61.16,4.23,6.9,90.83,55.39,53.32,53.4,0.6117,0.1591,0.57,54.17,59.85,2.5,7.98,0.609,5.11,22.36,9.59,22.38,0.0,64.84,60.99,57.05,58.37,64.4,49.06,39.87,55.13,2.82,-2.0,0.53,34.21,16.32,2.47,-2.47,84.74,6,9,10,30.0,-0.2,30.0,-0.7,40.0,-2.15,20.0,-4.27,10.0,-4.36,NEGATIVE,16.0,NEGATIVE,Trend + Momentum + Structure + VWAP,None material,2.41,10.35,62.83,67.7,57.05,VERY_HIGH,6665877.0,NOT_AVAILABLE,NOT_AVAILABLE,,666,1282
667,INDIGOPNTS,2026-08-31,1152.9,Neutral-Range,53.8,55.25,2,60,4/10,Low,56.7,36.94,3.2,5.0,1136.89,1092.53,1039.74,-1.514,-0.9056,0.22,3.33,1148.3,0.4,2.01,0.548,0.1,0.91,-0.7,6.02,-0.57,55.27,1176.9,1145.0,1151.8,1201.0,1125.0,45.0,50.26,1.43,-1.32,0.17,13.29,7.5,1.77,-1.99,86.73,8,8,84,52.38,0.08,48.81,-0.11,50.0,0.08,46.43,-0.27,46.43,-0.13,MIXED,47.99,MIXED,Trend + RSI + Delivery + Liquidity,"Momentum, MACD",-3.2,3.2,1115.96,1189.84,1151.8,HIGH,221584749.0,NOT_AVAILABLE,NOT_AVAILABLE,,667,562
668,TIMETECHNO,2026-08-31,187.19,Neutral-Range,53.8,53.01,-3,35,4/10,Low,41.16,6.26,3.34,21.67,192.21,192.14,207.76,-1.4489,0.4065,1.01,60.0,196.24,-4.61,3.22,0.236,0.48,1.16,-1.28,-10.93,-0.69,20.27,189.79,185.31,186.29,190.35,183.07,47.5,48.03,2.33,-2.1,0.16,11.58,8.29,2.28,-3.26,78.11,8,8,100,51.0,0.49,59.0,1.6,66.0,3.21,63.0,4.73,64.0,7.02,STRONG,80.15,STRONG,Liquidity,"Trend, Momentum, VWAP",-3.34,3.34,180.93,193.45,186.29,HIGH,638849742.0,NOT_AVAILABLE,NOT_AVAILABLE,,667,648
669,MTNL,2026-08-31,27.22,Neutral-Range,53.77,47.97,3,65,3/10,Low,49.39,0.86,3.15,10.83,27.08,27.86,31.4,0.1086,0.0263,0.77,57.5,27.06,0.58,2.94,0.436,-0.11,2.87,0.52,-3.17,0.0,32.88,28.26,26.46,27.25,28.26,26.34,41.84,53.03,2.97,-2.23,0.25,15.26,10.79,2.51,-2.63,75.45,7,13,100,45.0,0.15,50.0,-0.02,43.0,-0.39,40.0,-0.25,37.0,2.28,NEGATIVE,41.49,NEGATIVE,Momentum + VWAP + MACD,None material,-3.15,3.15,26.36,28.08,27.25,HIGH,26615643.0,NOT_AVAILABLE,NOT_AVAILABLE,,669,846
670,INDOCO,2026-08-31,243.34,Neutral-Range,53.76,49.05,2,60,4/10,Low,60.49,9.9,4.07,13.33,230.51,229.24,230.81,3.5541,-0.0223,1.43,82.5,230.27,5.68,4.26,0.739,-2.19,11.02,11.25,9.73,0.0,50.63,253.7,239.34,248.8,253.7,216.0,44.87,50.39,1.88,-1.71,0.17,14.08,10.13,1.88,-1.74,91.01,8,9,100,46.0,0.05,52.0,0.01,52.0,-0.09,48.0,-0.44,49.0,-0.46,MIXED,47.88,MIXED,Trend + Momentum + VWAP + RSI,"Volume, Delivery",-4.07,4.07,233.44,253.24,248.8,HIGH,23693097.0,NOT_AVAILABLE,NOT_AVAILABLE,,670,805
671,JSLL,2026-08-31,511.05,Neutral-Range,53.75,42.89,-1,45,4/10,Low,40.88,20.94,4.1,15.0,525.95,554.43,669.14,0.4908,0.6658,0.88,64.17,534.99,-4.47,4.63,0.142,-0.28,-0.05,-1.21,-12.27,-0.48,45.76,515.0,502.6,512.5,536.0,500.1,47.1,48.48,2.85,-2.58,0.22,29.27,14.02,2.38,-3.98,79.97,5,8,100,52.0,0.44,53.0,0.79,53.0,1.34,56.0,2.16,49.0,1.33,MIXED,67.15,POSITIVE,Momentum + MACD + Liquidity,"Trend, Structure, VWAP",-4.1,4.1,490.11,531.99,512.5,HIGH,362742927.0,NOT_AVAILABLE,NOT_AVAILABLE,,671,1088
672,INDIACEM,2026-08-31,370.65,Neutral-Range,53.73,51.17,-3,35,4/10,Low,40.98,9.02,2.43,5.0,376.66,383.18,389.2,-0.6107,0.4033,3.01,96.67,379.8,-2.41,3.64,0.227,0.24,0.79,-1.46,-5.19,-0.47,28.14,371.9,363.1,369.75,374.4,362.3,48.29,46.45,1.62,-1.51,0.09,7.76,8.29,1.98,-1.74,83.34,8,8,52,46.15,0.23,61.54,1.42,61.54,2.27,67.31,2.69,73.08,4.14,POSITIVE,79.94,STRONG,Volume,"Trend, Momentum, VWAP",-2.43,2.43,361.63,379.67,369.75,MODERATE,53466077.0,NOT_AVAILABLE,NOT_AVAILABLE,,672,732
673,SWARAJENG,2026-08-31,3569.3,Neutral-Range,53.69,48.11,1,55,4/10,Low,41.14,51.56,1.44,3.33,3589.92,3655.32,3723.31,2.1608,1.7425,2.78,95.83,3590.36,-0.59,2.62,0.293,0.69,0.29,-1.63,-1.69,0.01,39.38,3560.0,3535.0,3544.8,3576.8,3535.0,48.16,47.5,1.5,-1.32,0.29,13.16,4.61,1.81,-1.78,87.38,11,10,45,40.0,-0.09,44.44,-0.29,51.11,0.14,48.89,0.89,55.56,2.18,MIXED,54.12,MIXED,Momentum + Volume + Structure + MACD,"Trend, VWAP, RSI",-1.44,1.44,3517.74,3620.86,3544.8,LOW,20695370.0,NOT_AVAILABLE,NOT_AVAILABLE,,673,837
674,KAMATHOTEL,2026-08-31,225.09,Neutral-Range,53.68,46.22,2,60,3/10,Low,70.28,10.2,4.53,69.17,204.1,189.76,196.2,3.9867,-0.9792,1.06,66.67,208.86,7.77,5.08,0.789,-1.41,-0.38,15.64,32.29,0.0,47.67,241.11,227.21,228.3,241.11,209.98,44.08,51.32,2.4,-1.95,0.5,28.68,9.61,2.23,-2.24,88.81,9,10,100,35.0,-0.33,38.0,-0.58,40.0,-0.33,42.0,1.32,46.0,1.18,NEGATIVE,47.66,MIXED,Trend + Momentum + VWAP,Structure,-4.53,4.53,214.89,235.29,228.3,HIGH,22886640.0,NOT_AVAILABLE,NOT_AVAILABLE,,674,933
675,DALBHARAT,2026-08-31,1856.2,Neutral-Range,53.66,51.79,3,65,5/10,Medium,52.52,52.61,2.83,46.67,1849.48,1825.4,1892.76,-2.264,-0.7077,6.99,100.0,1858.03,-0.1,5.57,0.525,0.59,0.17,0.66,0.63,0.14,63.58,1876.2,1832.3,1845.3,1913.0,1780.1,46.84,48.55,1.29,-1.28,0.11,8.29,5.79,1.7,-2.18,85.95,8,7,100,44.0,-0.16,54.0,-0.2,48.0,-0.28,46.0,-1.4,40.0,-2.04,MIXED,41.18,NEGATIVE,Trend + Volume + RSI + Delivery,"Momentum, MACD",-2.83,2.83,1803.59,1908.81,1845.3,MODERATE,569814257.0,NOT_AVAILABLE,NOT_AVAILABLE,,675,707
676,ASTERDM,2026-08-31,756.0,Neutral-Range,53.65,56.41,-3,35,5/10,Medium,35.95,24.83,3.28,54.17,786.7,790.54,718.57,-7.5631,1.3137,0.26,3.33,793.05,-4.67,1.96,0.081,1.02,0.68,-7.78,-7.26,-0.25,61.69,765.0,744.05,748.4,775.5,744.0,46.84,48.68,1.68,-1.34,0.24,12.11,5.0,2.14,-2.82,83.36,9,11,21,28.57,-0.4,38.1,-0.58,57.14,0.15,85.71,3.53,76.19,4.14,POSITIVE,79.72,STRONG,Delivery + Liquidity,"Trend, Momentum, Structure",-3.28,3.28,731.17,780.83,748.4,HIGH,4595159291.0,NOT_AVAILABLE,NOT_AVAILABLE,,676,522
677,TECH,2026-08-31,33.85,Neutral-Range,53.64,54.57,1,55,3/10,Low,54.5,0.94,2.79,0.83,33.57,32.89,34.12,-0.1306,0.028,0.1,22.5,34.14,-0.85,2.23,0.323,-0.59,1.96,0.3,-1.83,0.79,70.54,34.3,33.23,34.05,34.3,33.04,45.92,49.21,1.03,-0.95,0.68,40.13,7.63,1.86,-1.98,94.69,10,8,21,47.62,0.03,42.86,-0.01,42.86,-0.25,66.67,0.41,57.14,0.35,NEGATIVE,53.98,MIXED,Trend + Momentum + RSI,"VWAP, Delivery",-2.79,2.79,32.91,34.79,34.05,MODERATE,10036973.0,NOT_AVAILABLE,NOT_AVAILABLE,,677,587
678,SILVER1,2026-08-31,22.64,Neutral-Range,53.62,48.73,-1,45,2/10,Low,51.12,0.83,3.69,25.0,22.66,23.57,63.97,0.0303,-0.0624,0.96,68.33,22.62,0.08,4.36,0.476,-3.33,-3.82,-0.22,8.07,-0.56,44.47,23.51,22.85,23.42,24.53,22.71,53.69,41.87,1.71,-2.06,0.2,26.27,12.15,2.45,-4.05,65.47,8,7,86,47.67,0.12,60.47,0.32,62.79,0.4,60.47,1.76,63.95,2.26,POSITIVE,66.78,POSITIVE,Liquidity,"Trend, Structure",-3.69,3.69,21.81,23.47,23.42,HIGH,179008916.0,NOT_AVAILABLE,NOT_AVAILABLE,,678,811
679,LIQUIDETF,2026-08-31,1000.0,Bullish,53.62,37.45,7,85,7/10,High,52.69,0.15,0.02,49.17,1000.0,1000.0,1000.0,0.0001,0.0004,0.27,8.33,1000.0,0.0,0.0,0.998,0.0,0.0,0.0,0.0,0.0,52.72,1000.01,999.99,999.99,1000.01,999.99,18.55,18.42,0.0,-0.0,0.02,0.66,0.0,2.6,,100.0,1,1,100,1.0,-0.0,1.0,-0.0,0.0,-0.0,1.0,-0.0,2.0,-0.0,MIXED,15.35,NEGATIVE,Trend + Momentum + Structure + RSI,None material,0.1,0.02,1001.0,1000.23,999.99,LOW,474619448.0,NOT_AVAILABLE,NOT_AVAILABLE,,678,1320
680,AEROENTER,2026-08-31,138.45,Bullish,53.6,50.2,4,70,5/10,Medium,57.31,7.08,5.11,21.67,134.45,126.89,105.74,1.0075,-0.5488,0.85,51.67,135.64,2.07,8.54,0.619,-5.36,-0.56,10.12,12.29,0.8,49.87,147.43,143.05,146.29,147.43,136.08,41.64,54.1,2.7,-1.76,0.24,16.39,8.2,1.97,-2.58,87.13,7,8,45,33.33,-0.13,28.89,-1.05,26.67,-1.34,37.78,0.59,44.44,2.7,NEGATIVE,34.56,NEGATIVE,Trend + Momentum + VWAP + RSI,Structure,1.79,7.67,140.93,149.07,135.64,VERY_HIGH,103627705.0,NOT_AVAILABLE,NOT_AVAILABLE,,680,756
681,COALINDIA,2026-08-31,401.75,Neutral-Range,53.6,47.59,1,55,4/10,Low,35.39,6.29,1.56,9.17,407.83,419.66,427.18,0.3278,0.1041,1.01,71.67,406.0,-1.05,1.48,0.273,0.19,-1.27,-1.64,-3.43,0.26,56.21,406.35,397.5,401.0,410.95,397.5,49.87,45.26,1.21,-1.2,0.16,6.71,4.61,1.76,-2.39,74.85,8,7,100,60.0,0.09,47.0,0.06,57.0,0.18,54.0,-0.18,41.0,-0.37,POSITIVE,53.85,MIXED,Momentum + MACD + Delivery + Liquidity,"Trend, VWAP, RSI",-1.56,1.56,395.46,408.04,401.0,LOW,3131281846.0,NOT_AVAILABLE,NOT_AVAILABLE,,680,875
682,PARAS,2026-08-31,1432.9,Neutral-Range,53.56,51.23,1,55,3/10,Low,57.15,68.12,4.75,26.67,1404.11,1291.64,1009.09,-4.0092,-4.1903,0.49,32.5,1432.88,0.0,3.43,0.565,-0.47,-5.73,3.2,10.88,-0.05,29.63,1467.1,1425.0,1439.7,1535.0,1402.0,44.21,51.18,2.71,-2.03,0.28,17.5,6.32,2.14,-4.01,81.5,6,7,93,46.24,-0.1,44.09,-0.43,43.01,0.35,45.16,1.62,46.24,0.72,MIXED,53.74,MIXED,Trend + RSI + Liquidity,"Momentum, MACD",-4.75,4.75,1364.78,1501.02,1439.7,HIGH,2294120157.0,NOT_AVAILABLE,NOT_AVAILABLE,,682,728
683,ORIENTBELL,2026-08-31,390.4,Bullish,53.56,48.34,8,90,8/10,High,74.19,16.54,4.24,36.67,357.13,339.48,313.63,3.5138,0.2373,2.48,93.33,364.59,7.08,7.09,0.846,2.94,2.82,11.85,22.92,2.83,53.44,404.8,367.0,379.25,404.8,355.0,43.82,51.58,1.98,-1.66,0.27,26.58,10.13,1.56,-2.27,94.68,8,9,28,17.86,-0.64,14.29,-2.64,17.86,-4.05,21.43,-3.72,32.14,-2.46,NEGATIVE,8.75,NEGATIVE,Trend + Momentum + Volume + Structure,None material,1.48,6.36,396.19,415.22,364.59,HIGH,15436784.0,NOT_AVAILABLE,NOT_AVAILABLE,,682,824
684,WSTCSTPAPR,2026-08-31,611.8,Neutral-Range,53.54,57.61,0,50,3/10,Low,57.53,23.3,3.81,42.5,602.93,572.42,506.87,-3.2987,-0.1503,0.73,48.33,616.0,-0.68,4.24,0.509,-0.11,-0.27,1.04,7.52,-0.57,49.94,617.9,605.0,612.5,642.0,599.8,46.18,48.95,1.72,-1.6,0.09,8.29,9.47,1.76,-1.9,85.4,6,11,71,49.3,-0.0,46.48,0.22,52.11,0.53,60.56,0.89,60.56,1.49,MIXED,60.11,POSITIVE,Trend + RSI + Liquidity,"Momentum, VWAP, MACD",-3.81,3.81,588.5,635.1,612.5,HIGH,214068216.0,NOT_AVAILABLE,NOT_AVAILABLE,,684,475
685,AARTIDRUGS,2026-08-31,411.7,Bearish,53.51,57.03,-4,30,5/10,Medium,47.76,12.09,2.94,8.33,416.18,407.43,400.69,-1.3478,-0.3879,0.3,2.5,425.89,-3.33,3.12,0.146,-1.64,-2.22,0.23,1.09,1.06,54.98,422.0,417.0,418.55,429.8,413.9,43.82,51.32,1.64,-1.45,0.23,11.71,5.13,1.82,-2.42,88.34,7,13,20,70.0,0.58,60.0,0.77,75.0,2.47,70.0,4.77,70.0,4.25,STRONG,85.75,STRONG,Gap,"Momentum, Structure, VWAP",-4.41,-1.03,393.56,407.47,425.89,MODERATE,85790222.0,NOT_AVAILABLE,NOT_AVAILABLE,,685,497
686,EMIL,2026-08-31,180.61,Neutral-Range,53.43,50.12,2,60,4/10,Low,61.8,7.63,4.23,14.17,174.81,155.19,129.49,-2.5853,-0.1716,0.08,4.17,177.26,1.89,3.47,0.752,1.84,-1.56,-6.14,37.5,-0.5,41.01,181.0,176.2,177.35,189.85,176.2,43.42,52.11,2.43,-1.88,0.25,16.58,10.39,1.88,-2.14,86.25,9,8,63,44.44,0.06,41.27,0.67,44.44,0.41,36.51,0.49,39.68,2.74,MIXED,46.93,MIXED,Trend + VWAP + RSI + Liquidity,"Momentum, MACD",-4.23,4.23,172.98,188.24,177.35,HIGH,2578110165.0,NOT_AVAILABLE,NOT_AVAILABLE,,686,759
687,EIDPARRY,2026-08-31,799.4,Neutral-Range,53.42,52.01,-1,45,4/10,Low,53.35,25.88,3.24,57.5,793.6,781.87,834.41,-0.6677,-0.4181,1.04,65.83,805.37,-0.74,3.82,0.38,-0.73,-2.98,0.93,2.45,-0.62,45.71,818.2,800.0,805.3,865.4,786.55,46.45,49.21,1.62,-1.4,0.14,9.21,6.45,1.83,-2.12,86.01,7,7,100,49.0,0.18,57.0,0.77,59.0,1.28,54.0,1.63,62.0,1.69,POSITIVE,66.19,POSITIVE,Trend + RSI + Liquidity,"Momentum, Structure, VWAP",-3.24,3.24,773.52,825.28,805.3,HIGH,755157331.0,NOT_AVAILABLE,NOT_AVAILABLE,,687,693
688,BETA,2026-08-31,2259.9,Neutral-Range,53.42,43.0,-1,45,1/10,Low,46.78,144.92,6.41,51.67,2322.04,2212.11,1810.26,-36.3245,5.6019,0.73,54.17,2448.15,-7.69,9.94,0.163,2.68,-2.04,-7.11,-3.96,-0.5,49.99,2253.0,2166.2,2201.0,2400.0,2166.2,45.53,49.87,2.49,-1.97,0.31,27.89,15.66,2.45,-2.58,81.78,7,7,21,42.86,-0.32,47.62,-0.62,47.62,0.41,57.14,3.22,47.62,-0.13,MIXED,66.19,POSITIVE,No strong driver,VWAP,-6.41,6.41,2114.98,2404.82,2201.0,VERY_HIGH,97303535.0,NOT_AVAILABLE,NOT_AVAILABLE,,687,1075
689,INSECTICID,2026-08-31,610.85,Neutral-Range,53.41,47.42,3,65,3/10,Low,47.28,21.72,3.56,61.67,610.81,634.68,671.49,-0.9553,2.3852,1.38,75.0,605.54,0.88,4.34,0.44,2.06,5.29,-1.27,-7.95,0.25,47.88,608.1,566.3,598.5,612.95,564.4,46.05,49.47,1.85,-1.6,0.17,13.16,6.05,1.88,-2.71,88.43,8,7,100,48.0,-0.1,42.0,-0.14,38.0,-0.61,40.0,0.15,39.0,0.04,NEGATIVE,40.46,NEGATIVE,Volume + Structure + VWAP,None material,-3.56,3.56,589.13,632.57,598.5,HIGH,23684939.0,NOT_AVAILABLE,NOT_AVAILABLE,,689,884
690,BANCOINDIA,2026-08-31,625.4,Neutral-Range,53.4,53.99,0,50,2/10,Low,45.84,15.96,2.55,0.83,630.57,638.35,636.14,0.3446,0.3512,0.6,30.83,636.38,-1.73,2.39,0.233,0.16,0.26,2.33,-4.92,-0.45,47.85,630.5,619.0,624.4,631.0,609.9,45.66,49.87,2.51,-2.06,0.2,16.58,8.42,2.32,-3.47,80.15,10,7,100,49.0,0.07,54.0,0.44,57.0,0.85,52.0,0.79,60.0,1.93,POSITIVE,59.71,POSITIVE,Momentum + MACD,"Trend, VWAP",-2.55,2.55,609.44,641.36,624.4,MODERATE,96069632.0,NOT_AVAILABLE,NOT_AVAILABLE,,690,610
691,SANSERA,2026-08-31,4018.0,Bullish,53.4,51.95,7,85,7/10,Medium,67.7,137.9,3.43,8.33,3784.95,3502.72,2676.07,-16.9371,9.5469,1.11,75.83,3829.99,4.91,5.97,0.946,4.12,4.52,0.4,16.37,-0.0,59.12,3913.1,3830.1,3859.0,3924.9,3761.0,50.53,45.0,1.74,-1.49,0.32,14.34,6.18,2.14,-1.87,80.3,12,7,10,30.0,0.04,30.0,-1.39,40.0,-1.47,10.0,-2.98,40.0,-0.51,NEGATIVE,14.7,NEGATIVE,Trend + Momentum + Structure + VWAP,None material,1.2,5.15,4066.27,4224.85,3829.99,HIGH,1003844708.0,NOT_AVAILABLE,NOT_AVAILABLE,,690,699
692,RADICO,2026-08-31,4485.0,Bearish,53.39,57.11,-4,30,5/10,Medium,49.58,95.69,2.13,3.33,4545.73,4290.2,3559.73,-36.6383,-8.7793,1.53,88.33,4589.36,-2.27,2.86,0.221,-2.61,-2.5,-4.44,0.58,-0.49,69.54,4615.0,4574.3,4605.0,4680.0,4562.0,48.55,46.84,1.7,-1.36,0.18,9.47,6.97,1.7,-1.97,84.33,8,7,100,51.0,0.11,63.0,0.83,66.0,1.75,78.0,3.79,72.0,4.42,STRONG,85.4,STRONG,Liquidity,"Momentum, Structure, VWAP",-3.2,-0.75,4341.47,4451.51,4615.0,MODERATE,1439523027.0,NOT_AVAILABLE,NOT_AVAILABLE,,692,493
693,SMCGLOBAL,2026-08-31,79.28,Neutral-Range,53.36,52.39,-1,45,2/10,Low,51.6,2.46,3.1,0.83,79.41,77.07,80.92,-0.3775,0.0265,0.95,69.17,79.98,-0.87,2.84,0.333,0.1,-0.56,-1.41,-0.83,0.25,70.69,80.28,77.66,79.2,81.22,77.66,45.13,50.26,2.12,-1.78,0.2,16.45,9.08,1.9,-2.75,89.52,7,8,100,40.0,-0.11,52.0,0.57,57.0,1.09,59.0,1.52,62.0,2.51,POSITIVE,66.04,POSITIVE,Delivery,"Trend, VWAP",-3.1,3.1,76.82,81.74,79.2,HIGH,37004024.0,NOT_AVAILABLE,NOT_AVAILABLE,,693,669
694,FDC,2026-08-31,337.2,Neutral-Range,53.31,53.91,-3,35,4/10,Low,25.83,10.95,3.25,37.5,358.18,376.87,391.96,0.0579,-0.0022,0.74,58.33,369.83,-8.82,3.94,0.083,-1.55,-2.06,-4.83,-16.67,0.0,48.58,349.85,341.2,342.5,353.05,340.25,43.29,52.11,1.55,-1.28,0.05,5.0,7.11,1.75,-1.73,86.66,6,9,18,44.44,-0.1,61.11,-0.09,72.22,0.78,77.78,2.03,88.89,1.84,STRONG,78.74,STRONG,Liquidity,"Trend, Momentum, Structure",-3.25,3.25,326.25,348.15,342.5,HIGH,107695052.0,NOT_AVAILABLE,NOT_AVAILABLE,,694,617
695,JAYSREETEA,2026-08-31,96.29,Neutral-Range,53.3,55.35,0,50,3/10,Low,55.34,4.72,4.9,94.17,94.86,90.26,89.07,0.2796,-0.5125,0.75,50.83,98.13,-1.87,5.0,0.463,-2.58,-7.15,9.02,15.64,0.17,59.62,101.8,98.15,98.84,112.7,98.15,44.47,50.26,2.02,-1.73,0.34,17.76,5.92,1.78,-2.26,81.36,9,11,100,45.0,0.23,51.0,0.9,56.0,0.74,57.0,0.48,59.0,0.84,POSITIVE,59.43,POSITIVE,Trend + Momentum + RSI,"Structure, VWAP, Delivery",-4.9,4.9,91.57,101.01,98.84,HIGH,17264640.0,NOT_AVAILABLE,NOT_AVAILABLE,,695,557
696,KRONOX,2026-08-31,177.34,Neutral-Range,53.29,47.94,2,60,4/10,Low,52.9,12.01,6.77,97.5,175.02,162.86,147.34,0.5339,-1.12,0.13,3.33,203.83,-13.0,4.99,0.417,-1.25,-13.64,17.04,15.3,-0.33,,191.0,178.85,179.59,217.66,178.85,43.68,52.63,2.47,-1.93,0.35,25.44,10.53,1.86,-1.95,87.22,8,7,95,44.21,-0.01,42.11,0.21,46.32,0.04,44.21,-0.08,44.21,-0.31,MIXED,46.53,MIXED,Trend + Momentum + RSI + Liquidity,"Structure, VWAP",-6.77,6.77,165.33,189.35,179.59,VERY_HIGH,390127414.0,NOT_AVAILABLE,NOT_AVAILABLE,,696,850
697,ANUP,2026-08-31,1793.5,Neutral-Range,53.28,47.75,-1,45,4/10,Low,30.69,64.59,3.6,3.33,1873.8,1972.83,2066.06,2.4472,2.5799,0.25,1.67,1933.16,-7.22,1.6,0.103,-0.39,0.22,-2.23,-17.56,-0.03,49.78,1817.0,1770.3,1800.5,1830.0,1736.0,44.87,50.79,2.34,-1.98,0.2,18.42,9.08,1.92,-2.96,84.82,8,8,100,51.0,0.38,56.0,0.65,56.0,1.09,57.0,1.72,68.0,3.39,POSITIVE,65.79,POSITIVE,Momentum + MACD + Liquidity,"Trend, Structure, VWAP",-3.6,3.6,1728.91,1858.09,1800.5,HIGH,121684294.0,NOT_AVAILABLE,NOT_AVAILABLE,,697,867
698,RACLGEAR,2026-08-31,1535.8,Bullish,53.26,48.07,5,75,5/10,Medium,66.44,71.08,4.63,8.33,1452.97,1391.93,1261.92,9.9988,-1.313,0.39,16.67,1454.87,5.56,2.73,0.864,-0.18,1.47,14.32,18.93,-0.17,46.05,1562.0,1503.1,1538.6,1574.8,1460.9,45.31,51.56,2.75,-2.06,0.3,22.99,14.06,2.2,-2.0,85.08,10,6,67,38.81,0.12,35.82,-0.22,37.31,-0.36,25.37,-2.08,25.37,-3.6,NEGATIVE,27.18,NEGATIVE,Trend + Momentum + Structure + VWAP,None material,1.62,6.94,1560.68,1642.42,1454.87,HIGH,91638556.0,NOT_AVAILABLE,NOT_AVAILABLE,,698,839
699,GLAND,2026-08-31,2885.8,Neutral-Range,53.25,55.82,1,55,4/10,Low,64.2,84.03,2.91,1.67,2792.96,2610.92,2172.48,-8.9866,-0.8314,0.43,19.17,2864.75,0.73,2.35,0.697,-0.08,3.01,-0.84,11.89,-0.1,76.15,2900.0,2852.1,2888.0,2924.4,2776.1,45.66,50.0,1.55,-1.24,0.2,11.58,6.71,2.18,-2.19,89.18,6,9,93,49.46,0.24,49.46,0.55,43.01,0.75,48.39,0.72,48.39,1.6,MIXED,52.87,MIXED,Trend + VWAP + RSI + Liquidity,"Momentum, MACD, Delivery",-2.91,2.91,2801.77,2969.83,2888.0,MODERATE,2476585316.0,NOT_AVAILABLE,NOT_AVAILABLE,,699,543
700,ANDHRAPAP,2026-08-31,60.69,Neutral-Range,53.23,52.7,1,55,2/10,Low,49.37,1.74,2.87,24.17,60.66,61.34,68.2,0.0889,0.0129,1.11,72.5,60.51,0.29,1.9,0.274,-0.62,-0.18,1.22,-2.1,-0.87,53.49,61.65,60.17,61.07,61.88,59.33,43.16,52.11,1.45,-1.53,0.1,10.79,6.97,1.92,-3.42,85.26,6,9,100,51.0,0.13,48.0,0.07,53.0,0.21,52.0,0.05,49.0,-3.22,MIXED,52.79,MIXED,Momentum + MACD,Delivery,-2.87,2.87,58.95,62.43,61.07,MODERATE,11733519.0,NOT_AVAILABLE,NOT_AVAILABLE,,700,660
701,SKIPPER,2026-08-31,541.2,Neutral-Range,53.23,52.57,0,50,1/10,Low,49.2,22.1,4.08,25.83,544.88,535.92,487.45,0.262,-0.9978,1.14,69.17,548.11,-1.26,4.05,0.427,-0.92,-5.88,1.98,-1.45,-0.41,30.92,559.95,540.3,546.25,588.0,538.1,46.05,49.34,2.61,-2.1,0.29,16.84,8.42,2.11,-2.71,80.61,6,7,9,55.56,0.31,55.56,0.11,55.56,-0.73,66.67,1.09,66.67,2.54,MIXED,59.22,POSITIVE,Liquidity,VWAP,-4.08,4.08,519.1,563.3,546.25,HIGH,480046923.0,NOT_AVAILABLE,NOT_AVAILABLE,,700,665
702,FLUOROCHEM,2026-08-31,4693.5,Neutral-Range,53.2,55.16,1,55,4/10,Low,58.22,145.29,3.1,30.0,4612.83,4375.86,3862.21,-12.9154,-1.9026,0.83,55.83,4654.85,0.83,3.25,0.524,-1.63,1.53,-0.3,4.68,-0.03,54.28,4789.0,4642.3,4771.2,4789.0,4555.3,47.76,47.89,1.61,-1.45,0.06,9.74,6.58,1.74,-2.34,88.96,10,6,66,51.52,0.05,48.48,0.1,56.06,0.76,40.91,0.18,53.03,0.16,POSITIVE,52.7,MIXED,Trend + VWAP + RSI + Liquidity,"Momentum, MACD, Delivery",-3.1,3.1,4548.21,4838.79,4771.2,HIGH,1131325470.0,NOT_AVAILABLE,NOT_AVAILABLE,,702,565
703,ATLANTAA,2026-08-31,38.7,Neutral-Range,53.16,48.14,1,55,2/10,Low,50.35,2.1,5.43,46.67,38.55,38.91,40.15,-0.2203,0.111,0.68,48.33,42.79,-9.55,8.05,0.237,4.51,1.84,-2.37,9.94,0.05,78.26,37.78,36.95,37.03,39.5,36.95,44.25,50.86,3.09,-2.45,0.42,36.78,24.43,2.81,-2.59,72.96,14,7,18,50.0,0.22,55.56,0.09,50.0,0.08,55.56,0.08,44.44,0.2,MIXED,52.59,MIXED,Structure + Delivery,VWAP,-5.43,5.43,36.6,40.8,37.03,VERY_HIGH,6028360.0,NOT_AVAILABLE,NOT_AVAILABLE,,703,833
704,IMAGICAA,2026-08-31,56.29,Neutral-Range,53.16,44.79,2,60,4/10,Low,64.62,2.87,5.09,90.0,50.88,48.67,48.7,1.0371,-0.0304,0.39,12.5,57.1,-1.41,5.13,0.655,-3.07,13.65,19.61,14.67,0.22,39.08,62.0,57.01,58.07,62.0,48.27,44.87,50.26,2.2,-1.88,0.13,10.79,9.08,2.0,-2.53,86.47,5,9,100,45.0,0.07,49.0,-0.06,41.0,0.12,39.0,0.67,39.0,0.37,MIXED,46.16,MIXED,Trend + Momentum + RSI + Liquidity,"Structure, VWAP",-5.09,5.09,53.42,59.16,58.07,VERY_HIGH,187593933.0,NOT_AVAILABLE,NOT_AVAILABLE,,703,993
705,WAAREEINDO,2026-08-31,268.7,Neutral-Range,53.13,46.65,-3,35,5/10,Medium,26.97,12.45,4.63,23.33,295.79,330.17,360.89,0.0236,0.0266,0.92,60.0,303.19,-11.37,4.24,0.033,-2.73,-3.62,-10.54,-16.55,-1.72,58.0,282.95,269.2,276.25,289.6,269.2,45.65,49.57,3.55,-2.76,0.53,37.39,26.52,3.44,-2.95,64.2,29,9,17,52.94,0.99,58.82,2.21,58.82,4.56,64.71,7.4,76.47,7.9,POSITIVE,78.24,STRONG,Momentum + MACD,"Trend, Structure, VWAP",-4.63,4.63,256.25,281.15,276.25,HIGH,27478391.0,NOT_AVAILABLE,NOT_AVAILABLE,,705,920
706,LGEINDIA,2026-08-31,1697.8,Bullish,53.11,55.82,5,75,5/10,Medium,62.48,44.91,2.64,29.17,1639.97,1598.06,1571.65,5.8732,-0.7485,0.53,23.33,1686.28,0.68,3.19,0.741,0.38,2.02,1.81,8.15,0.04,45.96,1719.2,1682.7,1691.4,1719.2,1622.4,45.85,48.47,1.4,-1.28,-0.03,8.3,8.73,1.95,-2.8,72.34,5,7,12,16.67,-0.69,50.0,-0.31,25.0,-1.19,41.67,-1.71,50.0,-1.2,NEGATIVE,26.73,NEGATIVE,Trend + Momentum + VWAP + RSI,None material,0.93,3.97,1713.52,1765.16,1682.7,MODERATE,1801551196.0,NOT_AVAILABLE,NOT_AVAILABLE,,706,543
707,GOKUL,2026-08-31,41.65,Neutral-Range,53.11,50.95,2,60,3/10,Low,52.66,1.86,4.47,30.0,41.43,40.84,40.67,0.2591,-0.1645,0.82,37.5,41.54,0.27,4.15,0.405,-1.91,-6.11,7.68,5.63,0.0,23.23,44.26,42.05,42.46,46.8,42.05,44.21,50.39,2.29,-1.87,0.48,33.68,14.61,2.19,-2.11,88.99,6,11,97,42.27,0.3,42.27,0.93,42.27,0.88,37.11,-0.07,48.45,0.65,MIXED,46.02,MIXED,Trend + Momentum + RSI,Structure,-4.47,4.47,39.79,43.51,42.46,HIGH,8237906.0,NOT_AVAILABLE,NOT_AVAILABLE,,706,739
708,ROLEXRINGS,2026-08-31,180.59,Neutral-Range,53.01,47.91,3,65,5/10,Medium,63.96,7.05,3.9,35.83,172.72,160.45,288.31,-0.1913,-0.3933,0.18,15.0,168.56,7.14,2.71,0.828,0.02,-0.33,0.63,29.83,0.0,46.92,182.4,175.22,180.55,188.55,175.22,45.0,50.53,1.81,-1.84,0.12,12.11,7.63,1.92,-3.6,85.96,7,8,100,43.0,0.07,39.0,-0.24,35.0,-0.45,38.0,0.14,49.0,-0.14,NEGATIVE,39.31,NEGATIVE,Trend + Structure + VWAP + RSI,"Momentum, MACD",-3.9,3.9,173.54,187.64,180.55,HIGH,1308254519.0,NOT_AVAILABLE,NOT_AVAILABLE,,708,854
709,MANINDS,2026-08-31,752.95,Bullish,52.98,51.55,4,70,4/10,Low,75.71,32.81,4.36,25.0,663.32,604.95,505.1,13.4964,-2.1129,0.37,16.67,645.96,16.56,3.51,0.879,-1.99,4.85,19.45,37.25,-0.09,44.71,778.95,748.0,768.2,783.4,694.1,45.26,50.13,2.91,-2.13,0.32,21.45,8.42,2.12,-2.95,80.33,6,8,100,44.0,-0.06,50.0,-0.36,41.0,-0.93,38.0,-1.53,42.0,-2.47,NEGATIVE,32.81,NEGATIVE,Trend + Structure + VWAP + Liquidity,None material,1.53,6.54,764.43,802.17,645.96,HIGH,854978893.0,NOT_AVAILABLE,NOT_AVAILABLE,,709,717
710,HAVELLS,2026-08-31,1244.1,Neutral-Range,52.97,54.19,1,55,3/10,Low,45.87,28.65,2.3,27.5,1259.42,1243.67,1296.95,-8.7922,0.545,1.2,77.5,1274.43,-2.38,3.67,0.432,1.73,-1.92,-4.23,-3.18,0.0,68.07,1247.0,1190.1,1222.9,1299.1,1190.1,49.47,46.18,1.07,-1.16,0.11,5.66,4.61,1.73,-1.98,78.56,12,9,100,52.0,-0.04,50.0,-0.14,52.0,-0.27,57.0,0.0,57.0,0.24,MIXED,52.07,MIXED,Volume + Delivery + Liquidity,"Trend, VWAP",-2.3,2.3,1215.45,1272.75,1222.9,MODERATE,1047555675.0,NOT_AVAILABLE,NOT_AVAILABLE,,710,603
711,TI,2026-08-31,561.05,Neutral-Range,52.96,52.24,2,60,4/10,Low,63.72,19.33,3.44,55.83,544.7,504.91,458.57,-3.0651,-1.1118,0.64,34.17,542.69,3.38,3.57,0.74,-1.08,-3.03,-3.36,20.45,-0.69,47.8,574.0,553.0,567.2,594.55,546.25,45.53,49.87,2.34,-1.8,0.28,12.24,6.58,2.41,-2.43,77.13,12,9,100,41.0,-0.09,45.0,0.04,45.0,0.23,43.0,-0.28,35.0,-0.1,MIXED,45.6,MIXED,Trend + VWAP + RSI + Liquidity,"Momentum, MACD",-3.44,3.44,541.72,580.38,567.2,HIGH,769619677.0,NOT_AVAILABLE,NOT_AVAILABLE,,711,678
712,UEL,2026-08-31,198.79,Bullish,52.95,45.44,6,80,7/10,High,54.36,11.67,5.87,45.83,191.85,176.15,183.75,-6.1572,1.9176,1.98,91.67,225.24,-11.74,7.42,0.328,5.0,15.46,-10.65,7.76,5.0,61.06,189.33,189.33,189.33,189.33,157.1,52.3,44.41,6.25,-4.25,1.23,46.05,32.24,6.45,-5.43,39.48,37,10,100,45.0,-1.1,40.0,-2.26,41.0,-1.98,30.0,-5.85,30.0,-9.69,NEGATIVE,19.85,NEGATIVE,Trend + Momentum + Volume + Structure,VWAP,2.05,8.8,202.87,216.29,189.33,VERY_HIGH,6288225.0,NOT_AVAILABLE,NOT_AVAILABLE,,712,966
713,TEXINFRA,2026-08-31,111.23,Neutral-Range,52.94,53.95,3,65,4/10,Low,52.41,2.99,2.69,19.17,110.64,109.79,103.97,0.1671,0.0675,0.56,39.17,111.39,-0.15,0.81,0.679,-0.16,-0.04,3.13,-2.37,-0.37,75.01,113.0,111.0,111.41,114.5,107.04,45.66,49.47,2.19,-1.82,0.19,13.95,10.26,1.89,-1.83,88.7,7,9,100,41.0,-0.16,42.0,-0.31,38.0,-0.6,39.0,-0.11,38.0,0.36,NEGATIVE,39.11,NEGATIVE,Trend + Momentum + RSI + MACD,Delivery,-2.69,2.69,108.24,114.22,111.41,MODERATE,14324774.0,NOT_AVAILABLE,NOT_AVAILABLE,,713,615
714,TEMBO,2026-08-31,58.05,Neutral-Range,52.93,39.06,0,50,3/10,Low,11.16,17.15,29.54,85.0,133.25,294.33,483.47,14.3345,1.8595,0.47,20.0,64.74,-10.33,3.44,0.006,-0.26,0.61,-3.81,-89.64,0.17,25.35,59.0,57.25,58.2,59.6,55.0,42.63,52.37,2.66,-2.11,0.19,30.26,19.08,2.33,-2.87,70.85,11,11,100,41.0,-0.03,47.0,0.55,51.0,1.38,56.0,0.1,49.0,-2.76,MIXED,58.37,POSITIVE,Momentum + MACD + Liquidity,"Trend, Structure, VWAP",-29.54,29.54,40.9,75.2,58.2,VERY_HIGH,178027810.0,NOT_AVAILABLE,NOT_AVAILABLE,,714,1258
715,SHRINGARMS,2026-08-31,219.51,Bearish,52.9,60.65,-5,25,6/10,Medium,41.13,6.32,2.88,20.83,224.56,222.81,213.98,-1.2377,-0.0358,0.42,19.17,227.86,-3.66,2.4,0.093,-0.3,-4.01,-3.4,-4.5,0.0,42.2,224.3,218.0,220.17,233.0,217.75,44.94,49.8,2.09,-1.68,0.46,14.57,4.05,2.15,-1.67,69.29,5,5,12,50.0,0.68,66.67,1.75,75.0,1.66,83.33,4.24,91.67,6.99,STRONG,90.42,STRONG,Liquidity,"Trend, Momentum, Structure",-4.32,-1.01,210.04,217.3,227.86,MODERATE,119739029.0,NOT_AVAILABLE,NOT_AVAILABLE,,715,373
716,PRECAM,2026-08-31,125.46,Bearish,52.9,51.77,-4,30,4/10,Low,22.65,4.39,3.5,20.0,132.91,138.75,151.89,-0.6604,0.0238,1.63,91.67,134.25,-6.55,4.27,0.111,-0.69,-4.04,-6.83,-12.46,-0.14,43.1,128.0,124.76,126.33,133.12,124.55,42.89,52.5,2.46,-2.11,0.31,17.5,8.03,2.09,-2.71,81.05,8,8,10,50.0,-0.25,70.0,2.78,60.0,3.33,80.0,5.41,90.0,7.18,POSITIVE,84.0,STRONG,No strong driver,"Trend, Momentum, Structure",-5.25,-1.22,118.88,123.92,134.25,HIGH,14465213.0,NOT_AVAILABLE,NOT_AVAILABLE,,715,708
717,UDS,2026-08-31,224.73,Bullish,52.86,52.88,6,80,6/10,Medium,70.3,6.94,3.09,0.83,214.78,203.66,194.93,0.4802,0.0246,0.85,67.5,215.2,4.43,2.95,0.89,1.01,1.64,6.14,9.06,-0.63,53.2,224.62,221.0,222.48,224.62,214.72,43.18,52.41,2.14,-1.76,0.36,21.66,6.68,1.78,-2.53,89.53,6,8,66,33.33,-0.81,34.85,-1.78,24.24,-2.03,39.39,-2.39,40.91,-1.87,NEGATIVE,19.59,NEGATIVE,Trend + Momentum + Structure + VWAP,None material,1.08,4.63,227.16,235.14,215.2,HIGH,75080575.0,NOT_AVAILABLE,NOT_AVAILABLE,,717,654
718,WABAG,2026-08-31,1979.2,Neutral-Range,52.85,48.85,-2,40,3/10,Low,47.98,84.66,4.28,66.67,2014.01,1952.76,1650.55,9.4428,-9.2541,1.29,78.33,2026.04,-2.31,5.75,0.332,-5.12,-1.09,4.3,-1.63,-0.05,48.82,2139.0,2063.0,2086.1,2215.0,1986.1,48.55,47.11,2.27,-1.86,0.28,13.16,7.63,2.44,-2.87,75.71,10,7,100,53.0,-0.01,58.0,0.84,56.0,1.21,61.0,2.55,57.0,3.96,POSITIVE,70.99,STRONG,Liquidity,"Volume, Structure, VWAP",-4.28,4.28,1894.54,2063.86,2086.1,HIGH,1254317288.0,NOT_AVAILABLE,NOT_AVAILABLE,,718,808
719,VENUSREM,2026-08-31,1663.6,Neutral-Range,52.85,42.91,2,60,2/10,Low,49.74,89.34,5.37,36.67,1667.68,1629.62,1213.28,-8.0437,1.8777,0.69,44.17,1650.26,0.81,6.39,0.512,2.27,-1.38,-7.75,5.02,-0.42,,1644.0,1551.1,1626.7,1740.0,1551.1,45.13,50.0,2.82,-1.93,0.37,27.89,14.61,2.35,-2.19,85.79,7,8,17,35.29,0.06,29.41,0.52,29.41,1.79,35.29,0.12,41.18,1.66,MIXED,45.29,MIXED,Structure + VWAP,None material,-5.37,5.37,1574.26,1752.94,1626.7,VERY_HIGH,69567601.0,NOT_AVAILABLE,NOT_AVAILABLE,,718,1086
720,THERMAX,2026-08-31,3901.6,Bearish,52.82,53.84,-4,30,5/10,Medium,34.05,122.71,3.15,0.83,4065.66,4247.0,3971.63,9.4707,-2.3789,0.61,45.83,4038.27,-3.38,2.26,0.073,-1.08,-2.07,-5.79,-5.35,0.5,49.37,3998.9,3934.4,3944.2,4029.9,3934.4,47.37,48.16,1.83,-1.65,0.19,12.63,6.18,1.79,-2.37,84.07,8,7,12,66.67,0.73,91.67,1.49,83.33,2.13,75.0,1.21,50.0,0.06,STRONG,83.78,STRONG,Liquidity,"Trend, Momentum, Structure",-4.72,-1.1,3717.53,3858.65,4038.27,HIGH,642181618.0,NOT_AVAILABLE,NOT_AVAILABLE,,720,619
721,DHARIWAL,2026-08-31,20.65,Neutral-Range,52.81,34.77,2,60,5/10,Medium,42.44,1.78,8.63,40.83,21.31,32.54,87.75,0.661,0.183,0.67,57.5,20.82,-0.8,0.0,0.322,4.82,15.36,8.12,-25.99,4.82,95.24,19.7,18.6,19.7,19.7,16.7,43.4,50.69,3.97,-3.81,-0.4,30.56,29.51,3.01,-4.51,59.07,8,6,40,45.0,-0.36,40.0,0.03,37.5,0.27,40.0,0.49,35.0,-3.72,MIXED,45.16,MIXED,Momentum + Structure + MACD + Gap,"Trend, VWAP, RSI",-8.63,8.63,18.87,22.43,19.7,VERY_HIGH,7815292.0,NOT_AVAILABLE,NOT_AVAILABLE,,721,1419
722,AEGISVOPAK,2026-08-31,268.75,Neutral-Range,52.8,46.95,-1,45,2/10,Low,46.86,11.53,4.29,10.0,272.69,265.98,240.5,-1.4314,0.3919,0.87,69.17,278.53,-3.51,4.09,0.217,-0.43,-0.57,-0.28,-10.95,-1.46,37.62,272.45,262.0,269.9,282.8,258.3,45.65,50.31,2.37,-2.0,0.22,16.77,11.18,2.09,-1.64,86.62,8,7,100,40.0,-0.34,49.0,0.21,56.0,0.85,53.0,1.97,45.0,-0.01,POSITIVE,64.43,POSITIVE,Liquidity,"VWAP, Gap",-4.29,4.29,257.22,280.28,269.9,HIGH,231728331.0,NOT_AVAILABLE,NOT_AVAILABLE,,722,901
723,SIGACHI,2026-08-31,32.62,Bullish,52.72,52.14,4,70,5/10,Medium,67.13,1.69,5.17,65.0,29.7,26.92,26.91,0.3941,-0.1045,0.65,37.5,30.89,5.61,4.25,0.783,-1.63,6.99,23.8,22.59,-0.03,55.43,34.14,32.11,33.16,34.8,30.25,43.29,51.84,2.56,-2.3,0.2,17.63,10.39,2.41,-3.66,75.71,10,11,42,38.1,-0.28,40.48,-0.79,38.1,-1.24,35.71,-0.95,52.38,1.42,NEGATIVE,32.07,NEGATIVE,Trend + Momentum + VWAP + RSI,Delivery,1.81,7.75,33.21,35.15,30.89,VERY_HIGH,107537814.0,NOT_AVAILABLE,NOT_AVAILABLE,,723,683
724,HSCL,2026-08-31,659.2,Bearish,52.71,51.71,-4,30,5/10,Medium,35.22,29.27,4.44,45.0,708.47,704.28,598.66,-11.507,0.9437,0.68,28.33,713.47,-7.61,3.03,0.064,-2.04,-0.45,-16.28,-12.18,0.01,43.95,683.8,667.65,672.95,684.75,652.0,48.29,47.24,1.98,-1.68,0.21,12.89,8.03,1.95,-2.37,85.72,9,8,13,53.85,0.81,53.85,1.32,76.92,4.46,61.54,3.55,69.23,3.38,STRONG,83.46,STRONG,Liquidity,"Trend, Momentum, Structure",-6.66,-1.55,615.29,648.96,713.47,HIGH,5121277051.0,NOT_AVAILABLE,NOT_AVAILABLE,,724,711
725,CLEAN,2026-08-31,822.85,Neutral-Range,52.7,50.33,2,60,4/10,Low,56.32,22.71,2.76,1.67,812.97,792.98,841.81,-0.5592,-1.1535,0.42,26.67,810.88,1.48,2.15,0.745,-1.63,-0.65,-2.04,7.68,0.0,37.63,844.4,822.6,836.45,848.9,816.05,43.68,51.97,1.54,-1.4,0.15,8.82,6.58,1.74,-2.03,83.89,6,7,100,38.0,-0.18,44.0,0.06,44.0,-0.31,43.0,0.16,45.0,-0.16,NEGATIVE,44.85,MIXED,Trend + VWAP + RSI + Liquidity,"Momentum, MACD",-2.76,2.76,800.14,845.56,836.45,MODERATE,337204807.0,NOT_AVAILABLE,NOT_AVAILABLE,,725,754
726,HIRECT,2026-08-31,1221.9,Neutral-Range,52.62,49.71,-3,35,4/10,Low,44.93,51.41,4.21,0.83,1250.41,1220.24,1217.74,-9.0517,0.0503,0.33,26.67,1256.88,-2.78,2.21,0.263,-1.28,-0.11,-2.92,-8.77,-0.5,53.54,1247.0,1218.8,1237.8,1290.0,1202.1,48.16,47.5,3.03,-2.53,0.44,30.39,12.76,2.53,-3.27,83.25,11,9,31,45.16,0.62,64.52,2.23,61.29,2.26,58.06,5.35,67.74,4.34,POSITIVE,76.77,STRONG,Liquidity,"Momentum, VWAP, RSI",-4.21,4.21,1170.49,1273.31,1237.8,HIGH,122208760.0,NOT_AVAILABLE,NOT_AVAILABLE,,726,773
727,HINDZINC,2026-08-31,595.45,Neutral-Range,52.59,52.75,2,60,4/10,Low,54.73,19.32,3.24,56.67,585.75,572.16,561.17,2.4036,-1.7537,1.13,68.33,594.98,0.08,1.75,0.572,-4.27,-1.42,4.93,8.86,-3.07,37.18,624.35,607.8,622.0,632.0,586.85,46.71,48.29,1.92,-1.62,0.21,15.79,9.34,1.89,-2.41,61.73,8,9,100,53.0,0.15,48.0,-0.12,43.0,-0.05,40.0,0.17,45.0,0.28,NEGATIVE,44.53,MIXED,Trend + Momentum + RSI + Liquidity,"Structure, Gap",-3.24,3.24,576.13,614.77,622.0,HIGH,4512265841.0,NOT_AVAILABLE,NOT_AVAILABLE,,727,659
728,MAHABANK,2026-08-31,82.07,Neutral-Range,52.58,56.49,1,55,2/10,Low,51.84,2.14,2.61,13.33,81.63,81.43,74.24,0.476,-0.1673,1.02,77.5,81.88,0.24,2.27,0.497,-2.06,1.7,1.2,3.14,0.12,49.27,84.89,82.95,83.8,87.0,80.0,45.53,49.61,1.92,-1.57,0.19,10.39,6.84,1.9,-2.69,72.94,7,7,100,40.0,0.07,51.0,0.04,50.0,0.42,47.0,0.08,50.0,1.31,MIXED,50.95,MIXED,Trend + Liquidity,Structure,-2.61,2.61,79.93,84.21,83.8,MODERATE,1102683967.0,NOT_AVAILABLE,NOT_AVAILABLE,,728,516
729,EXCELINDUS,2026-08-31,1046.15,Neutral-Range,52.55,55.29,0,50,3/10,Low,54.15,39.81,3.81,70.83,1035.64,997.41,983.87,-5.7926,-0.2454,0.17,2.5,1118.26,-6.45,3.67,0.412,1.48,-2.47,5.61,2.39,0.5,52.25,1048.5,1025.2,1030.85,1107.9,1025.2,44.87,50.79,1.96,-1.63,0.18,13.95,10.66,1.89,-2.0,89.04,8,8,100,56.0,0.31,57.0,0.58,50.0,0.56,50.0,1.26,59.0,2.03,MIXED,57.28,POSITIVE,Trend + RSI + Delivery,"Momentum, VWAP, MACD",-3.81,3.81,1006.34,1085.96,1030.85,HIGH,76284028.0,NOT_AVAILABLE,NOT_AVAILABLE,,729,560
730,BANARISUG,2026-08-31,3925.7,Neutral-Range,52.54,52.59,2,60,3/10,Low,61.91,153.01,3.9,100.0,3738.15,3628.58,3601.36,23.8794,-3.7657,0.73,50.83,4076.38,-3.7,4.94,0.589,-0.13,-1.81,13.14,12.57,0.3,25.03,4060.0,3797.5,3930.7,4249.0,3756.1,44.21,50.66,1.24,-0.97,0.21,17.37,8.29,1.51,-2.21,94.78,7,7,100,39.0,-0.23,43.0,-0.25,40.0,-0.3,43.0,0.39,44.0,-0.08,NEGATIVE,44.41,MIXED,Trend + Momentum + RSI,VWAP,-3.9,3.9,3772.69,4078.71,3930.7,HIGH,28584198.0,NOT_AVAILABLE,NOT_AVAILABLE,,730,664
731,ANTHEM,2026-08-31,893.05,Neutral-Range,52.53,56.33,0,50,4/10,Low,59.88,25.87,2.9,35.0,873.17,831.55,760.3,-0.6404,-1.4869,1.6,86.67,881.56,1.3,2.13,0.626,-0.78,1.1,-0.55,7.62,0.0,58.17,932.0,896.0,900.1,942.6,871.0,44.25,50.52,1.72,-1.34,0.11,10.8,8.71,1.76,-2.11,80.88,6,9,27,37.04,0.0,51.85,0.45,48.15,0.62,48.15,1.51,55.56,3.09,MIXED,57.22,POSITIVE,Trend + VWAP + RSI + Liquidity,"Momentum, Structure, MACD",-2.9,2.9,867.18,918.92,900.1,MODERATE,650876574.0,NOT_AVAILABLE,NOT_AVAILABLE,,731,527
732,GOKULAGRO,2026-08-31,244.1,Bullish,52.48,47.69,5,75,5/10,Medium,61.97,9.05,3.71,13.33,237.64,229.08,221.17,0.2353,-0.3384,0.47,39.17,241.99,0.87,2.68,0.571,-0.1,0.02,5.37,5.41,0.27,44.08,248.07,243.39,244.34,259.8,240.6,45.79,49.21,2.42,-1.9,0.2,16.45,8.55,1.88,-3.09,84.43,6,7,11,36.36,-0.05,27.27,-0.5,36.36,-0.51,18.18,-1.78,18.18,-4.24,NEGATIVE,24.93,NEGATIVE,Trend + Momentum + VWAP + RSI,None material,1.3,5.56,247.27,257.68,241.99,HIGH,194923828.0,NOT_AVAILABLE,NOT_AVAILABLE,,732,870
733,MSPL,2026-08-31,35.48,Neutral-Range,52.47,48.23,2,60,3/10,Low,50.2,1.35,3.81,5.0,35.09,36.43,36.04,0.317,0.0251,0.93,60.83,35.28,0.57,3.96,0.53,-2.5,5.03,2.93,1.17,-0.25,59.11,36.7,34.63,36.39,36.7,33.12,47.11,47.89,2.49,-2.08,0.55,34.87,17.11,2.58,-2.3,72.99,10,9,100,47.0,0.18,40.0,-0.39,48.0,-0.45,41.0,-0.04,43.0,0.3,MIXED,44.19,MIXED,Momentum + VWAP + MACD,Delivery,-3.81,3.81,34.13,36.83,36.39,HIGH,31365175.0,NOT_AVAILABLE,NOT_AVAILABLE,,733,832
734,EPIGRAL,2026-08-31,1203.3,Neutral-Range,52.47,47.83,2,60,4/10,Low,58.77,44.52,3.7,9.17,1158.13,1132.3,1203.18,11.2655,-2.8061,0.54,35.83,1156.29,4.07,3.1,0.707,-2.39,0.05,9.68,7.37,-1.35,46.67,1241.0,1204.0,1232.8,1264.8,1125.6,43.29,52.24,2.32,-1.8,0.19,14.87,7.24,1.8,-2.33,89.77,8,9,100,35.0,-0.34,40.0,-0.23,44.0,0.27,40.0,-0.32,45.0,0.87,MIXED,44.2,MIXED,Trend + Momentum + VWAP + RSI,"Structure, Gap",-3.7,3.7,1158.78,1247.82,1232.8,HIGH,92307720.0,NOT_AVAILABLE,NOT_AVAILABLE,,733,863
735,TFCILTD,2026-08-31,139.92,Neutral-Range,52.44,61.07,3,65,4/10,Low,82.27,5.15,3.68,16.67,125.18,107.26,97.71,0.633,-0.3414,0.33,5.0,123.68,13.13,2.01,0.851,-0.44,8.0,16.33,32.47,0.0,53.06,144.62,139.55,140.54,146.0,128.1,47.37,48.16,2.63,-2.17,0.09,15.26,8.95,2.18,-3.86,80.52,12,10,100,55.0,-0.33,55.0,-1.28,62.0,-1.78,60.0,-4.18,63.0,-4.23,MIXED,37.7,NEGATIVE,Trend + Structure + VWAP + Liquidity,Delivery,-3.68,3.68,134.77,145.07,140.54,HIGH,1982305733.0,NOT_AVAILABLE,NOT_AVAILABLE,,735,358
736,ALPHA,2026-08-31,54.87,Neutral-Range,52.42,58.34,1,55,4/10,Low,63.44,0.69,1.26,1.67,54.04,52.77,50.22,0.0451,-0.0347,1.47,89.17,54.09,1.44,1.43,0.786,-0.94,0.96,1.27,5.03,0.18,60.01,55.52,55.0,55.39,55.59,54.03,53.18,42.36,0.93,-1.05,0.33,16.88,7.01,1.98,-1.95,93.5,12,9,88,54.55,0.02,42.05,-0.08,47.73,-0.15,54.55,0.07,59.09,0.79,MIXED,50.48,MIXED,Trend + Momentum + VWAP + RSI,"Volume, Structure, Delivery",-1.26,1.26,54.18,55.56,55.39,LOW,49428706.0,NOT_AVAILABLE,NOT_AVAILABLE,,736,452
737,ASIANPAINT,2026-08-31,2653.6,Neutral-Range,52.42,52.48,2,60,4/10,Low,45.84,50.49,1.9,10.83,2666.92,2673.14,2593.44,-6.2799,3.6483,2.03,94.17,2694.1,-1.5,3.55,0.376,1.72,0.48,-1.26,-5.57,-0.72,71.05,2645.0,2583.8,2608.7,2678.7,2583.8,47.89,47.37,0.93,-0.98,0.01,5.26,5.66,1.81,-2.11,71.21,10,7,100,48.0,-0.14,50.0,-0.42,46.0,-0.66,52.0,-0.65,51.0,-0.9,MIXED,44.06,MIXED,Volume + Structure + Delivery + Liquidity,"Trend, VWAP",-1.9,1.9,2603.11,2704.09,2608.7,LOW,1837389282.0,NOT_AVAILABLE,NOT_AVAILABLE,,736,667
738,RATEGAIN,2026-08-31,937.7,Neutral-Range,52.41,53.22,1,55,2/10,Low,51.06,39.18,4.18,42.5,936.95,903.35,745.19,-3.0636,0.2005,0.73,51.67,944.39,-0.71,3.99,0.345,0.4,-2.54,-1.24,-2.87,0.11,49.24,939.0,915.0,933.95,1009.0,911.0,47.89,47.63,2.04,-1.84,0.28,15.92,7.11,1.95,-2.36,84.89,7,8,100,43.0,-0.1,48.0,0.09,42.0,0.04,57.0,0.16,54.0,-0.28,MIXED,50.45,MIXED,Trend + Liquidity,VWAP,-4.18,4.18,898.52,976.88,933.95,HIGH,634583784.0,NOT_AVAILABLE,NOT_AVAILABLE,,738,636
739,MAWANASUG,2026-08-31,149.1,Neutral-Range,52.39,46.68,3,65,3/10,Low,71.26,9.03,6.06,95.83,132.63,121.01,103.83,1.8657,-0.1936,1.06,59.17,136.79,9.0,7.92,0.725,0.78,-1.13,20.18,35.72,0.82,43.06,151.28,141.1,147.94,164.0,139.1,44.34,50.92,1.91,-1.54,0.36,20.79,8.55,1.99,-2.17,83.58,7,8,90,40.0,0.01,43.33,-0.52,42.22,-1.23,38.89,-0.23,41.11,0.91,NEGATIVE,37.55,NEGATIVE,Trend + Momentum + VWAP,None material,-6.06,6.06,140.07,158.13,147.94,VERY_HIGH,92745955.0,NOT_AVAILABLE,NOT_AVAILABLE,,739,919
740,GLOBAL,2026-08-31,107.02,Neutral-Range,52.38,49.98,2,60,4/10,Low,52.9,4.61,4.31,29.17,106.44,104.74,97.98,0.273,-0.2452,1.03,70.83,106.25,0.73,4.58,0.836,-1.81,-0.45,-0.42,5.58,-2.7,64.33,110.99,108.3,108.99,112.0,104.4,44.08,51.58,2.61,-2.21,0.15,28.68,18.55,2.28,-2.86,87.32,8,11,61,34.43,-0.45,40.98,0.13,45.9,0.13,40.98,-0.5,36.07,-1.54,MIXED,43.93,MIXED,Trend + Momentum + VWAP + RSI,"Gap, Delivery",-4.31,4.31,102.41,111.63,108.99,HIGH,10899705.0,NOT_AVAILABLE,NOT_AVAILABLE,,740,763
741,EFCIL,2026-08-31,204.8,Bullish,52.34,41.94,7,85,7/10,High,61.7,8.35,4.08,27.5,193.77,191.91,220.48,2.3403,-0.0004,2.83,98.33,193.27,5.97,4.96,0.833,1.26,1.16,17.63,5.59,0.37,91.02,202.9,196.81,202.26,211.5,192.0,43.23,51.88,2.02,-2.0,0.28,20.3,9.4,2.03,-2.39,89.35,6,7,65,43.08,-0.24,36.92,-1.18,24.62,-2.64,23.08,-4.65,23.08,-6.96,NEGATIVE,11.7,NEGATIVE,Trend + Momentum + Volume + Structure,None material,1.43,6.12,207.72,217.33,193.27,HIGH,86196691.0,NOT_AVAILABLE,NOT_AVAILABLE,,741,1119
742,GUJALKALI,2026-08-31,699.4,Neutral-Range,52.33,53.17,2,60,4/10,Low,55.5,25.22,3.61,11.67,690.73,670.12,623.09,0.1445,-1.2068,0.7,73.33,705.5,-0.86,5.0,0.484,-1.05,-3.26,2.78,0.31,1.15,40.12,716.6,705.0,706.85,746.15,682.0,44.34,51.05,1.7,-1.43,0.09,7.5,7.24,1.95,-2.32,83.96,6,9,100,49.0,-0.07,46.0,0.25,45.0,0.03,44.0,-0.62,43.0,-1.51,MIXED,43.79,MIXED,Trend + Momentum + RSI + Gap,"Structure, VWAP",-3.61,3.61,674.18,724.62,706.85,HIGH,81578719.0,NOT_AVAILABLE,NOT_AVAILABLE,,742,640
743,HINDPETRO,2026-08-31,365.75,Neutral-Range,52.29,47.46,-1,45,4/10,Low,38.21,8.2,2.24,5.0,375.98,383.39,396.91,-0.6377,0.0826,1.39,85.0,381.03,-4.01,2.84,0.227,0.48,-1.67,-1.42,-7.41,-0.55,63.6,370.9,363.85,364.0,381.7,363.85,50.66,44.61,1.77,-1.81,0.17,16.84,9.74,1.9,-2.5,71.06,9,8,100,52.0,0.25,50.0,0.69,55.0,1.15,52.0,1.48,60.0,3.14,POSITIVE,62.97,POSITIVE,Volume + Delivery + Liquidity,"Trend, Momentum, VWAP",-2.24,2.24,357.55,373.95,364.0,MODERATE,2125993993.0,NOT_AVAILABLE,NOT_AVAILABLE,,743,882
744,VALIANTLAB,2026-08-31,96.34,Neutral-Range,52.25,55.61,1,55,4/10,Low,66.71,5.05,5.25,56.67,88.44,77.97,73.61,1.2157,-0.9113,1.27,77.5,98.13,-1.83,7.66,0.717,-3.32,-4.16,11.34,56.04,2.66,,108.75,99.65,99.65,110.7,97.21,42.49,53.35,2.34,-1.93,0.55,35.79,12.87,2.18,-2.2,90.97,10,9,7,57.14,-0.26,57.14,-1.51,57.14,-1.69,57.14,0.96,57.14,4.44,INSUFFICIENT,50.0,INSUFFICIENT,Trend + Momentum + RSI + Gap,"Volume, Structure, VWAP",-5.25,5.25,91.29,101.39,99.65,VERY_HIGH,19200705.0,NOT_AVAILABLE,NOT_AVAILABLE,,744,550
745,SJS,2026-08-31,2488.6,Neutral-Range,52.23,54.65,-1,45,4/10,Low,55.79,83.49,3.35,19.17,2467.56,2347.09,1964.45,-9.9038,-2.3058,0.4,7.5,2477.8,0.44,3.32,0.568,-0.83,-2.85,-1.81,0.21,0.33,53.28,2535.0,2494.5,2509.5,2582.9,2471.1,48.03,47.5,2.03,-1.64,0.39,18.03,5.53,2.15,-2.33,85.18,9,9,18,50.0,0.42,55.56,1.0,38.89,0.25,61.11,2.95,61.11,5.25,MIXED,62.8,POSITIVE,Trend + RSI + Liquidity,"Momentum, Structure, MACD",-3.35,3.35,2405.11,2572.09,2509.5,HIGH,486483423.0,NOT_AVAILABLE,NOT_AVAILABLE,,745,581
746,HEXT,2026-08-31,554.75,Neutral-Range,52.23,53.5,-1,45,2/10,Low,49.31,20.23,3.65,18.33,557.01,548.88,571.17,-1.3034,0.2173,0.59,57.5,560.88,-1.09,3.49,0.452,-0.17,-1.38,-1.11,-0.91,-0.31,46.58,565.85,552.2,555.7,574.85,535.85,46.65,49.74,1.88,-1.87,0.08,11.86,10.31,2.0,-2.37,81.11,5,7,10,40.0,-0.73,60.0,1.13,60.0,1.05,60.0,0.4,70.0,3.44,POSITIVE,62.8,POSITIVE,Liquidity,"Trend, VWAP",-3.65,3.65,534.52,574.98,555.7,HIGH,191789947.0,NOT_AVAILABLE,NOT_AVAILABLE,,745,629
747,SANDESH,2026-08-31,1050.7,Bullish,52.23,45.7,4,70,5/10,Medium,53.87,46.71,4.45,90.83,1037.12,1020.97,1036.3,-6.5206,2.6201,0.51,45.83,1121.3,-6.3,11.89,0.249,4.08,1.6,-2.88,6.17,-0.01,67.82,1032.0,990.8,1009.55,1052.8,990.8,46.45,48.68,1.65,-1.5,0.33,24.34,11.32,1.78,-1.83,89.37,11,8,100,44.0,-0.29,47.0,-0.83,43.0,-1.31,36.0,-1.69,38.0,-1.75,NEGATIVE,30.65,NEGATIVE,Trend + Momentum + Structure + RSI,VWAP,1.56,6.67,1067.05,1120.76,990.8,HIGH,9271396.0,NOT_AVAILABLE,NOT_AVAILABLE,,745,957
748,MAKEINDIA,2026-08-31,167.62,Neutral-Range,52.2,57.38,-3,35,5/10,Medium,53.13,2.39,1.42,15.83,167.72,165.41,158.56,-0.3038,-0.0579,0.88,64.17,168.69,-0.63,3.11,0.323,-0.46,-0.18,-0.99,0.2,2.0,57.45,169.05,167.79,168.4,171.5,165.55,53.68,41.58,0.73,-0.77,1.1,46.45,3.68,2.35,-2.06,95.64,11,6,100,58.0,0.24,69.0,0.59,71.0,0.94,73.0,1.6,72.0,1.61,STRONG,75.56,STRONG,RSI + Gap,"Momentum, Structure, VWAP",-1.42,1.42,165.23,170.01,168.4,LOW,9168369.0,NOT_AVAILABLE,NOT_AVAILABLE,,748,481
749,PAYTM,2026-08-31,1717.1,Bullish,52.18,51.2,5,75,6/10,Medium,70.24,54.59,3.18,16.67,1586.78,1439.12,1236.5,0.722,0.5717,0.53,15.83,1593.64,7.75,5.73,0.956,4.01,5.77,8.66,21.78,-1.72,44.5,1698.3,1641.7,1650.9,1732.3,1610.3,47.76,47.76,2.37,-2.08,0.11,13.42,8.95,2.35,-3.44,74.14,8,8,9,66.67,0.57,22.22,-0.96,22.22,-2.62,44.44,-0.94,33.33,0.67,NEGATIVE,24.09,NEGATIVE,Trend + Momentum + Structure + VWAP,Gap,1.11,4.77,1736.21,1798.98,1593.64,HIGH,8016204110.0,NOT_AVAILABLE,NOT_AVAILABLE,,749,731
750,ALEMBICLTD,2026-08-31,98.74,Neutral-Range,52.17,47.03,2,60,4/10,Low,63.1,3.27,3.31,75.83,93.01,90.82,92.6,1.3807,-0.1841,1.38,78.33,94.79,4.16,3.04,0.734,-1.3,7.75,9.53,7.71,0.0,46.27,103.23,99.47,100.04,104.45,91.16,45.26,50.0,1.96,-1.66,0.23,12.37,6.58,1.93,-2.15,77.11,8,6,100,44.0,0.06,41.0,-0.1,44.0,0.13,38.0,-0.22,42.0,-0.47,MIXED,43.34,MIXED,Trend + Momentum + VWAP + RSI,"Volume, Structure",-3.31,3.31,95.47,102.01,100.04,HIGH,63585536.0,NOT_AVAILABLE,NOT_AVAILABLE,,750,899
751,LUPIN,2026-08-31,2188.4,Neutral-Range,52.14,53.48,-2,40,4/10,Low,34.24,44.55,2.04,23.33,2245.51,2306.41,2257.0,-3.7163,3.3204,0.96,55.83,2279.07,-3.98,2.16,0.154,0.78,0.02,-3.13,-8.55,0.0,79.8,2179.8,2153.0,2171.5,2237.9,2144.7,51.18,44.21,1.18,-1.15,0.17,7.5,5.39,1.81,-1.77,81.15,8,7,100,53.0,0.19,60.0,0.67,62.0,1.12,62.0,1.52,57.0,2.11,POSITIVE,68.96,POSITIVE,Delivery + Liquidity,"Trend, Momentum, VWAP",-2.04,2.04,2143.85,2232.95,2171.5,MODERATE,2402207557.0,NOT_AVAILABLE,NOT_AVAILABLE,,751,631
752,AFCONS,2026-08-31,285.65,Neutral-Range,52.12,49.53,3,65,5/10,Medium,54.05,8.26,2.89,1.67,281.18,288.72,326.69,2.4824,-0.1794,0.47,55.0,275.31,3.75,2.3,0.807,-0.35,2.51,5.13,3.52,-1.53,58.33,292.0,284.0,286.65,292.0,277.95,43.01,53.12,1.7,-1.54,0.02,8.82,11.18,2.36,-2.02,75.13,5,14,100,52.0,0.04,48.0,-0.03,46.0,-0.39,38.0,-1.52,38.0,-1.85,MIXED,36.76,NEGATIVE,Momentum + Structure + VWAP + RSI,"Gap, Delivery",-2.89,2.89,277.39,293.91,286.65,MODERATE,316064478.0,NOT_AVAILABLE,NOT_AVAILABLE,,752,777
753,UFBL,2026-08-31,727.6,Neutral-Range,52.09,49.38,-3,35,4/10,Low,45.24,43.23,5.94,55.0,763.65,708.74,476.72,-10.3951,-2.5726,0.37,27.5,772.02,-5.75,4.34,0.184,-4.74,-13.17,-4.59,3.88,-0.65,,767.0,722.35,763.8,850.0,720.0,47.83,46.09,3.6,-2.43,-0.04,16.09,17.39,3.28,-3.23,83.92,6,7,73,46.58,1.05,49.32,2.63,56.16,5.63,58.9,12.98,71.23,17.91,POSITIVE,75.27,STRONG,Liquidity,"Momentum, Structure, VWAP",-5.94,5.94,684.37,770.83,763.8,VERY_HIGH,111177939.0,NOT_AVAILABLE,NOT_AVAILABLE,,753,786
754,ATMASTCO,2026-08-31,145.9,Neutral-Range,52.08,45.13,-1,45,2/10,Low,47.18,10.65,7.3,76.67,150.66,148.74,162.16,-2.6811,0.5348,0.12,1.67,180.51,-19.17,1.76,0.107,0.69,2.86,-0.75,-4.52,-0.62,93.75,145.5,140.0,144.9,152.45,137.65,43.81,51.98,3.53,-2.82,0.3,35.15,19.8,2.85,-3.66,81.11,10,8,11,18.18,-0.71,36.36,-0.66,45.45,-0.11,54.55,3.2,72.73,4.0,MIXED,62.36,POSITIVE,Delivery,"Trend, VWAP",-7.3,7.3,135.25,156.55,144.9,VERY_HIGH,9776493.0,NOT_AVAILABLE,NOT_AVAILABLE,,754,979
755,HEALTHIETF,2026-08-31,171.07,Neutral-Range,52.05,55.86,1,55,4/10,Low,57.09,2.45,1.43,4.17,170.1,167.81,158.27,0.0442,-0.0016,1.25,78.33,170.19,0.52,1.97,0.628,-0.64,1.42,1.47,-0.04,0.01,51.68,173.2,171.28,172.18,173.2,167.61,52.38,43.29,0.72,-0.7,0.35,16.59,3.9,2.37,-2.9,98.27,9,7,100,54.0,0.07,55.0,0.07,55.0,-0.13,46.0,-0.1,43.0,0.01,MIXED,49.43,MIXED,Trend + Momentum + VWAP + RSI,"Volume, Structure, Delivery",-1.43,1.43,168.62,173.52,172.18,LOW,15117723.0,NOT_AVAILABLE,NOT_AVAILABLE,,755,542
756,ESABINDIA,2026-08-31,6119.5,Neutral-Range,52.03,57.94,-1,45,3/10,Low,57.43,163.44,2.67,25.83,6043.58,5943.08,5785.22,-1.4234,-6.967,0.41,13.33,6089.77,0.49,2.04,0.603,-0.69,-1.69,-2.7,8.99,0.71,51.31,6216.0,6039.0,6162.0,6370.0,6039.0,42.89,52.63,1.5,-1.15,0.18,10.79,5.92,1.69,-1.95,91.63,7,10,14,50.0,0.23,57.14,0.26,71.43,0.78,50.0,0.4,50.0,-0.68,STRONG,62.22,POSITIVE,Trend + RSI,"Momentum, MACD, Delivery",-2.67,2.67,5956.06,6282.94,6162.0,MODERATE,59311299.0,NOT_AVAILABLE,NOT_AVAILABLE,,756,465
757,ADFFOODS,2026-08-31,270.2,Neutral-Range,51.96,45.03,-1,45,2/10,Low,45.41,10.2,3.77,0.83,273.39,278.28,254.8,2.0768,-0.4243,0.28,19.17,268.16,0.76,2.28,0.481,-1.55,-0.88,2.8,-1.3,-0.89,38.57,276.05,270.6,274.45,285.7,264.75,42.76,52.76,2.39,-1.82,0.21,11.84,8.29,2.22,-1.87,85.66,6,8,22,40.91,0.92,31.82,0.49,36.36,2.11,40.91,4.31,50.0,4.14,MIXED,62.04,POSITIVE,VWAP,"Trend, Structure",-3.77,3.77,260.0,280.4,274.45,HIGH,35142881.0,NOT_AVAILABLE,NOT_AVAILABLE,,757,985
758,LICI,2026-08-31,418.0,Neutral-Range,51.94,48.68,1,55,2/10,Low,48.92,9.87,2.36,25.83,416.78,444.72,633.43,2.4593,-0.3324,0.35,7.5,403.17,3.68,2.26,0.76,-0.95,-0.91,1.95,-2.45,-0.95,57.1,422.0,409.5,422.0,428.15,409.5,46.97,48.42,1.39,-1.38,0.11,8.03,4.87,2.2,-3.61,70.45,7,9,100,44.0,-0.03,46.0,0.08,44.0,0.36,45.0,0.38,39.0,0.43,MIXED,49.11,MIXED,VWAP + Liquidity,Delivery,-2.36,2.36,408.13,427.87,422.0,MODERATE,8689552666.0,NOT_AVAILABLE,NOT_AVAILABLE,,758,812
759,KALYANKJIL,2026-08-31,601.0,Neutral-Range,51.91,55.15,0,50,3/10,Low,54.66,20.23,3.37,14.17,599.47,548.16,475.49,-4.8811,-0.9018,0.38,15.83,601.02,-0.0,2.42,0.532,-2.4,-1.14,-1.48,-1.15,-0.05,32.79,635.5,613.0,615.8,635.95,601.15,48.03,47.11,2.17,-1.87,0.26,12.5,6.05,2.03,-2.32,79.4,6,9,100,53.0,0.03,49.0,0.15,51.0,0.07,56.0,0.68,53.0,1.15,MIXED,55.45,MIXED,Trend + RSI + Liquidity,"Momentum, Structure, MACD",-3.37,3.37,580.77,621.23,615.8,HIGH,7632823224.0,NOT_AVAILABLE,NOT_AVAILABLE,,759,566
760,KMEW,2026-08-31,2924.4,Bullish,51.9,55.37,4,70,5/10,Medium,64.87,131.98,4.51,10.0,2728.68,2522.0,2169.68,19.4678,-2.598,1.64,90.83,2773.11,5.46,7.64,0.766,-4.18,7.8,6.09,17.28,-0.37,37.88,3080.0,2969.0,3051.9,3080.0,2660.4,48.36,48.14,2.97,-2.65,0.21,23.85,9.85,1.98,-3.41,84.58,9,7,64,40.62,-1.07,50.0,-1.93,46.88,-1.06,50.0,-3.74,56.25,-5.46,MIXED,29.71,NEGATIVE,Trend + Momentum + VWAP + RSI,Structure,1.58,6.77,2970.59,3122.36,2773.11,HIGH,334528147.0,NOT_AVAILABLE,NOT_AVAILABLE,,760,556
761,KSCL,2026-08-31,765.5,Bearish,51.88,53.88,-5,25,6/10,Medium,38.69,22.96,3.0,7.5,784.54,815.36,892.4,3.8577,-1.2719,1.08,72.5,777.74,-1.57,4.19,0.201,-2.71,-0.37,-0.88,-1.92,0.41,71.86,789.9,780.0,786.8,793.6,757.45,46.18,49.21,1.94,-1.69,0.16,10.79,7.11,1.9,-2.1,90.74,7,8,10,70.0,0.77,70.0,4.44,80.0,5.39,70.0,3.08,90.0,2.81,STRONG,87.5,STRONG,Liquidity,"Trend, Momentum, Structure",-4.5,-1.05,731.06,757.46,789.9,MODERATE,135395566.0,NOT_AVAILABLE,NOT_AVAILABLE,,761,618
762,NPST,2026-08-31,1670.6,Bullish,51.84,48.4,4,70,4/10,Low,59.1,83.13,4.98,10.0,1605.68,1554.38,1494.95,10.5755,-0.3209,0.35,20.0,1611.21,3.69,3.79,0.73,-1.79,6.97,2.95,9.69,0.83,45.45,1746.9,1629.2,1701.1,1764.8,1545.6,44.62,51.19,3.4,-2.65,0.54,35.8,15.52,2.76,-3.53,79.72,9,8,100,42.0,-0.23,43.0,0.28,36.0,-1.65,35.0,-0.93,30.0,-2.79,NEGATIVE,29.53,NEGATIVE,Trend + Momentum + VWAP + RSI,None material,1.74,7.46,1699.7,1795.29,1611.21,HIGH,90303236.0,NOT_AVAILABLE,NOT_AVAILABLE,,762,821
763,AHCL,2026-08-31,15.86,Bullish,51.84,48.12,5,75,5/10,Medium,60.47,0.63,3.99,9.17,15.04,17.76,57.41,0.2311,0.0063,1.02,64.17,15.1,5.03,4.21,0.67,-0.31,2.79,9.3,7.82,1.19,41.32,16.87,15.26,15.91,16.87,14.34,49.42,45.14,2.24,-2.74,0.05,29.18,14.79,2.03,-4.38,91.41,6,6,71,43.66,0.08,39.44,-0.47,39.44,-3.18,40.85,-9.37,35.21,-12.74,NEGATIVE,23.1,NEGATIVE,Momentum + VWAP + RSI + MACD,None material,1.4,5.99,16.08,16.81,15.1,HIGH,48802530.0,NOT_AVAILABLE,NOT_AVAILABLE,,762,835
764,KILITCH,2026-08-31,174.64,Neutral-Range,51.83,43.65,0,50,2/10,Low,47.36,7.8,4.47,11.67,175.15,179.74,229.92,-0.0425,0.5259,0.76,50.83,172.43,1.28,5.68,0.428,1.67,4.64,1.19,-8.5,-1.03,,173.9,169.1,171.77,175.1,161.05,45.26,49.47,2.11,-1.88,0.57,38.29,13.55,2.28,-2.62,86.85,8,9,100,43.0,-0.53,49.0,-1.04,52.0,-0.6,58.0,1.03,54.0,-0.37,MIXED,55.22,MIXED,Structure + VWAP,"Trend, Gap",-4.47,4.47,166.84,182.44,171.77,HIGH,6226661.0,NOT_AVAILABLE,NOT_AVAILABLE,,764,1044
765,ARCHIDPLY,2026-08-31,105.93,Bullish,51.8,47.37,5,75,5/10,Medium,64.27,6.34,5.99,56.67,98.43,90.65,86.84,0.7514,-0.3405,0.14,5.83,102.87,2.97,3.32,0.579,0.67,-5.0,10.45,29.5,-0.2,59.86,108.4,99.01,105.23,124.78,95.3,43.16,51.97,2.68,-2.02,0.62,37.63,13.95,2.35,-2.07,91.0,6,7,88,35.23,-0.59,30.68,-1.01,32.95,-1.72,31.82,-1.95,22.73,-3.84,NEGATIVE,22.99,NEGATIVE,Trend + Momentum + VWAP + RSI,None material,2.1,8.98,108.15,115.44,99.01,VERY_HIGH,8745196.0,NOT_AVAILABLE,NOT_AVAILABLE,,765,888
766,SUPRIYA,2026-08-31,798.3,Neutral-Range,51.78,47.41,-3,35,4/10,Low,43.37,33.63,4.21,35.0,816.67,836.55,776.6,-0.8733,1.3496,0.5,34.17,826.32,-3.39,3.47,0.275,-0.73,0.14,1.82,-9.25,0.85,49.27,808.8,777.95,804.15,815.0,774.3,46.18,49.08,2.43,-1.92,0.27,15.39,8.16,2.1,-2.66,86.32,8,9,40,47.5,0.18,47.5,0.69,45.0,1.05,67.5,4.12,60.0,5.46,MIXED,74.38,STRONG,Liquidity,"Trend, Momentum, VWAP",-4.21,4.21,764.67,831.93,804.15,HIGH,293566804.0,NOT_AVAILABLE,NOT_AVAILABLE,,766,885
767,VMARCIND,2026-08-31,359.15,Neutral-Range,51.76,40.22,-3,35,5/10,Medium,38.13,28.11,7.83,69.17,381.37,540.48,709.39,19.5955,-3.6665,0.7,39.17,353.05,1.73,8.11,0.683,-4.48,-9.5,-0.29,34.92,-0.25,57.22,389.0,374.0,376.0,406.0,372.15,48.83,45.97,3.8,-3.13,0.6,40.44,19.3,3.25,-3.85,70.75,15,10,65,44.62,0.43,52.31,1.17,47.69,3.18,64.62,9.34,73.85,17.37,MIXED,74.31,STRONG,VWAP + Liquidity,"Trend, Momentum, Structure",-7.83,7.83,331.04,387.26,376.0,VERY_HIGH,146376499.0,NOT_AVAILABLE,NOT_AVAILABLE,,767,1198
768,DMCC,2026-08-31,291.55,Neutral-Range,51.74,49.45,2,60,3/10,Low,54.14,14.92,5.12,31.67,286.65,278.2,268.05,-0.9165,0.1792,0.39,40.0,301.72,-3.37,4.17,0.362,-3.14,1.55,-0.72,4.87,0.3,47.85,311.95,277.75,301.0,311.95,277.0,42.24,53.03,2.4,-1.85,0.39,25.26,10.53,2.01,-2.17,88.58,6,9,100,37.0,-0.17,38.0,-0.45,39.0,-0.31,43.0,-0.09,39.0,0.79,NEGATIVE,42.1,NEGATIVE,Trend + Momentum + RSI,VWAP,-5.12,5.12,276.63,306.47,301.0,VERY_HIGH,52164172.0,NOT_AVAILABLE,NOT_AVAILABLE,,768,781
769,DCW,2026-08-31,45.56,Neutral-Range,51.74,41.78,-2,40,2/10,Low,48.42,1.48,3.24,15.0,45.66,46.3,51.02,0.2168,-0.0305,1.06,72.5,45.41,0.33,3.08,0.494,-1.81,1.47,2.94,-2.5,-0.84,46.46,46.9,45.81,46.4,47.9,44.61,42.89,51.97,2.46,-2.01,0.17,10.13,8.82,2.3,-2.4,81.79,8,9,100,45.0,0.45,52.0,1.51,54.0,2.27,50.0,1.84,43.0,-0.55,MIXED,67.84,POSITIVE,No strong driver,"Trend, Structure",-3.24,3.24,44.08,47.04,46.4,HIGH,48945628.0,NOT_AVAILABLE,NOT_AVAILABLE,,768,1133
770,SHALBY,2026-08-31,155.27,Neutral-Range,51.73,46.28,0,50,3/10,Low,42.62,4.65,3.0,0.83,156.9,160.85,171.97,0.343,0.0884,0.73,47.5,157.41,-1.36,2.44,0.227,0.4,0.81,1.38,-5.23,-0.15,56.43,157.2,152.5,154.65,158.4,151.5,43.16,52.37,1.92,-1.63,0.21,12.24,6.18,1.95,-1.9,82.9,7,10,100,38.0,-0.59,45.0,-0.45,57.0,0.09,48.0,0.71,49.0,0.54,POSITIVE,54.95,MIXED,Momentum + MACD + Delivery,"Trend, VWAP, RSI",-3.0,3.0,150.62,159.92,154.65,MODERATE,10999965.0,NOT_AVAILABLE,NOT_AVAILABLE,,770,931
771,METALIETF,2026-08-31,13.33,Neutral-Range,51.69,48.63,2,60,4/10,Low,54.62,0.48,3.63,77.5,13.24,13.05,12.22,0.0159,-0.0182,0.73,35.83,13.35,-0.13,2.14,0.658,-1.7,-0.97,0.68,2.78,0.0,55.49,13.82,13.48,13.56,14.02,12.0,51.25,41.81,1.09,-1.14,0.69,37.76,8.09,2.04,-2.57,96.67,8,6,13,53.85,0.35,53.85,0.62,53.85,0.62,30.77,-1.28,15.38,-2.51,MIXED,41.98,NEGATIVE,Trend + Momentum + RSI + Liquidity,"Structure, Delivery",-3.63,3.63,12.85,13.81,13.56,HIGH,122759213.0,NOT_AVAILABLE,NOT_AVAILABLE,,771,814
772,SUPRAJIT,2026-08-31,503.5,Neutral-Range,51.67,52.18,-2,40,2/10,Low,46.81,13.7,2.72,0.83,508.95,497.19,463.81,-3.3096,0.1951,0.38,26.67,522.02,-3.55,1.99,0.107,-0.35,-0.84,-3.31,-1.79,-0.45,44.39,509.4,501.0,505.25,515.35,496.85,45.26,49.87,1.59,-1.35,0.2,9.34,6.32,2.08,-1.89,86.28,9,9,22,31.82,-0.01,50.0,0.79,54.55,1.57,54.55,2.04,63.64,1.45,MIXED,67.62,POSITIVE,No strong driver,"Structure, VWAP",-2.72,2.72,489.8,517.2,505.25,MODERATE,78923673.0,NOT_AVAILABLE,NOT_AVAILABLE,,772,681
773,GANESHCP,2026-08-31,171.15,Bullish,51.67,43.63,4,70,4/10,Low,52.87,7.09,4.14,26.67,167.41,174.84,201.53,1.8647,0.1557,0.76,54.17,165.82,3.21,5.74,0.577,-1.72,5.82,4.39,-3.74,0.49,44.81,180.0,165.09,174.15,180.0,160.75,37.24,56.9,2.43,-1.92,0.14,15.9,8.79,1.69,-2.0,88.48,5,13,92,32.61,-0.51,31.52,-1.39,36.96,-1.0,33.7,-1.67,32.61,-2.73,NEGATIVE,29.05,NEGATIVE,Momentum + VWAP + RSI + MACD,None material,1.45,6.21,173.63,181.79,165.09,HIGH,27539922.0,NOT_AVAILABLE,NOT_AVAILABLE,,772,1046
774,DEN,2026-08-31,28.27,Neutral-Range,51.66,49.2,3,65,4/10,Low,55.66,0.83,2.93,14.17,27.86,27.96,29.26,0.123,-0.0027,2.25,95.0,27.75,1.88,3.46,0.612,-0.14,0.46,1.76,1.98,0.0,56.73,28.65,27.98,28.31,29.24,27.2,42.37,52.63,1.94,-1.65,0.2,9.34,6.97,2.16,-2.01,83.25,7,12,100,41.0,-0.11,40.0,-0.73,37.0,-0.73,36.0,-0.54,48.0,-0.59,NEGATIVE,35.47,NEGATIVE,Trend + Momentum + VWAP + RSI,Delivery,-2.93,2.93,27.44,29.1,28.31,MODERATE,9480758.0,NOT_AVAILABLE,NOT_AVAILABLE,,774,799
775,BLACKBUCK,2026-08-31,593.8,Neutral-Range,51.65,52.98,2,60,5/10,Medium,54.32,20.13,3.39,4.17,588.06,573.68,568.14,-0.963,-0.6529,0.6,40.83,604.31,-1.74,3.13,0.504,0.96,-1.75,4.27,7.77,0.15,56.54,592.75,584.75,588.15,639.05,584.75,49.22,47.45,2.38,-1.99,0.09,15.3,13.75,2.31,-2.33,80.97,9,7,61,42.62,-0.55,36.07,-1.14,39.34,-1.38,45.9,0.64,47.54,0.32,NEGATIVE,41.87,NEGATIVE,Trend + Structure + RSI + Delivery,"Momentum, VWAP, MACD",-3.39,3.39,573.67,613.93,588.15,HIGH,314606738.0,NOT_AVAILABLE,NOT_AVAILABLE,,775,651
776,MICEL,2026-08-31,39.81,Bullish,51.64,44.78,4,70,5/10,Medium,61.02,1.45,3.65,10.83,37.65,38.2,42.12,0.5828,0.0079,2.46,95.83,37.95,4.91,7.29,0.631,-4.16,10.12,9.43,3.0,0.14,,41.54,40.37,41.54,41.54,35.5,42.37,52.5,3.11,-2.32,0.67,36.71,13.82,2.65,-2.71,79.55,12,11,100,45.0,0.57,38.0,0.6,29.0,0.19,29.0,-1.77,39.0,-0.89,MIXED,28.98,NEGATIVE,Trend + Momentum + VWAP + RSI,Structure,1.28,5.47,40.32,41.99,37.95,HIGH,8261396.0,NOT_AVAILABLE,NOT_AVAILABLE,,776,994
777,NAHARSPING,2026-08-31,289.45,Neutral-Range,51.63,47.25,-1,45,2/10,Low,46.42,11.66,4.03,50.0,295.12,285.97,251.57,-2.8262,0.0478,0.86,52.5,308.79,-6.26,3.48,0.07,0.36,-3.19,-2.44,-6.97,-0.83,66.01,294.55,287.7,288.4,305.05,287.7,44.61,50.53,2.17,-1.83,0.33,21.97,9.08,1.84,-2.07,83.46,7,8,100,42.0,0.34,51.0,0.54,58.0,0.95,54.0,0.77,48.0,0.41,POSITIVE,61.08,POSITIVE,Delivery,"Structure, VWAP",-4.03,4.03,277.79,301.11,288.4,HIGH,19658638.0,NOT_AVAILABLE,NOT_AVAILABLE,,777,892
778,DDEVPLSTIK,2026-08-31,276.5,Neutral-Range,51.61,52.26,-3,35,3/10,Low,47.73,10.16,3.67,6.67,279.03,275.88,270.32,-0.6195,0.0327,0.4,14.17,288.76,-4.25,2.29,0.181,-0.91,-0.04,2.67,-4.11,0.7,60.29,281.85,277.0,279.05,284.0,274.5,45.76,51.09,2.33,-1.97,0.34,18.64,8.96,2.05,-2.33,83.81,6,8,18,44.44,0.99,50.0,2.2,50.0,3.92,61.11,4.02,83.33,6.66,MIXED,73.89,STRONG,No strong driver,"Structure, VWAP, Delivery",-3.67,3.67,266.34,286.66,279.05,HIGH,61919654.0,NOT_AVAILABLE,NOT_AVAILABLE,,778,677
779,INDIQUBE,2026-08-31,191.8,Neutral-Range,51.58,46.9,3,65,4/10,Low,61.96,7.53,3.93,3.33,186.49,179.3,179.84,0.2182,-0.1736,0.39,45.0,187.61,2.23,3.9,0.777,-0.29,-0.99,7.37,11.53,-0.14,64.68,193.3,189.31,192.36,198.0,187.06,44.64,50.71,1.85,-1.67,0.31,22.5,11.43,2.16,-2.24,94.25,6,9,100,44.0,-0.13,44.0,-0.31,41.0,-0.67,41.0,-1.45,37.0,-2.03,NEGATIVE,35.22,NEGATIVE,Trend + Momentum + VWAP + RSI,Delivery,-3.93,3.93,184.27,199.33,192.36,HIGH,16327483.0,NOT_AVAILABLE,NOT_AVAILABLE,,779,903
780,PANACHE,2026-08-31,530.0,Neutral-Range,51.54,51.13,0,50,3/10,Low,63.41,24.56,4.63,0.83,509.07,466.74,382.56,-1.8085,-0.8225,0.22,8.33,501.35,5.71,1.89,0.773,-0.04,-3.38,-1.97,20.58,-1.92,,530.2,510.0,530.2,550.0,510.0,48.29,45.92,2.83,-2.32,0.52,40.13,25.39,2.89,-2.54,61.6,22,12,100,44.0,0.19,45.0,0.34,45.0,0.5,50.0,1.04,51.0,2.65,MIXED,54.41,MIXED,Trend + VWAP + RSI,"Momentum, MACD, Gap",-4.63,4.63,505.44,554.56,530.2,HIGH,6796274.0,NOT_AVAILABLE,NOT_AVAILABLE,,780,733
781,STYLAMIND,2026-08-31,3464.5,Bearish,51.53,53.1,-4,30,5/10,Medium,46.94,129.48,3.74,68.33,3532.79,3390.0,2764.02,-29.2415,-3.1287,0.56,40.83,3599.29,-3.74,1.91,0.103,-1.23,-3.04,-3.29,0.33,-0.16,53.47,3520.0,3440.0,3507.5,3650.9,3440.0,47.37,48.29,1.8,-1.51,0.27,16.18,5.26,1.78,-1.93,89.83,8,9,29,34.48,-0.29,48.28,0.18,58.62,0.59,79.31,3.61,68.97,4.99,POSITIVE,80.08,STRONG,Liquidity,"Momentum, Structure, VWAP",-5.61,-1.31,3270.28,3419.18,3599.29,HIGH,154523754.0,NOT_AVAILABLE,NOT_AVAILABLE,,781,644
782,SILVERAG,2026-08-31,227.11,Neutral-Range,51.5,53.48,-3,35,3/10,Low,51.21,5.55,2.44,20.83,227.37,225.45,217.98,0.251,-0.6247,1.3,80.83,227.78,-0.3,1.33,0.583,-3.29,-3.76,-0.07,7.97,-2.98,49.19,235.66,229.99,234.83,239.0,227.83,53.82,40.96,2.61,-2.65,0.43,33.73,17.27,2.84,-3.17,54.26,10,4,100,49.0,0.15,52.0,0.77,59.0,0.92,65.0,2.87,65.0,4.67,POSITIVE,73.56,STRONG,No strong driver,"Volume, Structure, Gap",-2.44,2.44,221.56,232.66,234.83,MODERATE,63476593.0,NOT_AVAILABLE,NOT_AVAILABLE,,782,631
783,GROWWDEFNC,2026-08-31,97.29,Neutral-Range,51.43,55.47,0,50,3/10,Low,54.18,2.0,2.06,5.0,96.97,95.24,87.99,-0.1557,-0.0409,0.91,56.67,97.26,0.03,2.53,0.524,-0.15,0.21,-1.55,3.26,1.06,61.73,98.73,97.05,97.44,99.08,96.1,49.9,46.15,1.36,-1.28,0.5,29.73,8.32,1.71,-1.93,95.63,7,6,92,45.65,-0.03,48.91,0.03,50.0,0.16,54.35,0.48,44.57,-0.07,MIXED,54.08,MIXED,Trend + RSI + Gap,"Momentum, MACD, Delivery",-2.06,2.06,95.29,99.29,97.44,MODERATE,23996437.0,NOT_AVAILABLE,NOT_AVAILABLE,,783,555
784,SHANTIGOLD,2026-08-31,246.67,Neutral-Range,51.43,50.55,0,50,3/10,Low,53.32,13.32,5.4,80.83,244.83,232.52,217.79,-1.0405,-0.7673,0.66,40.0,251.14,-1.78,4.79,0.474,1.81,-8.82,-7.56,12.32,0.0,38.14,248.54,240.2,242.29,280.75,240.2,46.04,49.28,2.16,-1.89,0.4,20.86,7.91,2.13,-2.28,84.33,6,5,50,36.0,-0.39,34.0,-0.44,48.0,-0.0,48.0,1.37,46.0,0.24,MIXED,54.08,MIXED,Trend + RSI + Liquidity,"Momentum, VWAP, MACD",-5.4,5.4,233.35,259.99,242.29,VERY_HIGH,671136572.0,NOT_AVAILABLE,NOT_AVAILABLE,,783,748
785,ANTELOPUS,2026-08-31,784.3,Bearish,51.43,49.47,-4,30,5/10,Medium,44.37,34.4,4.39,0.83,803.73,804.79,695.74,-2.5514,0.3028,0.39,14.17,819.74,-4.32,3.37,0.087,-0.38,-1.8,-2.07,-6.02,0.3,45.24,794.15,777.85,787.3,809.0,773.7,47.13,47.54,3.22,-2.74,0.26,25.0,10.25,2.37,-3.64,81.57,6,8,100,47.0,0.48,54.0,1.91,59.0,2.13,69.0,4.79,67.0,5.47,POSITIVE,79.8,STRONG,Liquidity,"Trend, Momentum, Structure",-6.58,-1.54,732.7,772.26,819.74,HIGH,110761771.0,NOT_AVAILABLE,NOT_AVAILABLE,,783,780
786,RML,2026-08-31,1129.7,Neutral-Range,51.42,47.7,3,65,3/10,Low,51.53,45.25,4.01,25.83,1121.24,1102.12,953.34,4.3169,-0.2229,0.34,29.17,1107.14,2.04,2.77,0.456,0.27,-2.68,4.15,-6.7,-0.51,53.88,1132.4,1118.2,1126.7,1175.0,1102.0,45.66,49.87,2.07,-1.75,0.19,15.66,9.87,2.05,-1.99,87.59,6,8,100,35.0,-0.1,35.0,0.03,32.0,-0.23,36.0,-0.78,35.0,-1.0,NEGATIVE,34.76,NEGATIVE,Trend + VWAP + Delivery,None material,-4.01,4.01,1084.45,1174.95,1126.7,HIGH,70979867.0,NOT_AVAILABLE,NOT_AVAILABLE,,786,869
787,UTKARSHBNK,2026-08-31,15.06,Bullish,51.4,44.1,7,85,7/10,Medium,62.97,0.43,2.87,5.83,14.51,14.36,15.38,0.0993,0.0118,2.43,94.17,14.57,3.36,3.68,0.871,2.59,2.52,7.26,3.43,-0.2,45.82,14.96,14.53,14.68,15.24,14.28,42.63,51.05,1.87,-1.81,0.27,18.03,6.71,1.89,-3.05,84.1,6,8,10,40.0,-2.55,0.0,-5.0,20.0,-5.09,20.0,-7.58,20.0,-7.29,NEGATIVE,9.0,NEGATIVE,Trend + Momentum + Volume + Structure,None material,1.0,4.3,15.21,15.71,14.53,MODERATE,73073654.0,NOT_AVAILABLE,NOT_AVAILABLE,,787,1022
788,MCLEODRUSS,2026-08-31,49.55,Neutral-Range,51.39,43.94,-1,45,2/10,Low,47.47,2.5,5.04,55.83,49.6,52.39,51.19,0.5667,-0.0334,1.07,65.83,48.66,1.82,5.08,0.657,-0.52,-0.72,10.48,-4.62,-0.48,50.82,50.5,48.5,49.81,51.94,48.48,42.24,52.24,3.46,-2.48,0.53,34.61,20.39,2.81,-2.35,71.44,12,11,100,36.0,-0.07,41.0,0.8,41.0,0.94,47.0,2.71,48.0,3.75,MIXED,60.4,POSITIVE,VWAP,"Trend, Delivery",-5.04,5.04,47.05,52.05,49.81,VERY_HIGH,14133974.0,NOT_AVAILABLE,NOT_AVAILABLE,,788,1028
789,VPRPL,2026-08-31,33.45,Neutral-Range,51.39,40.42,3,65,4/10,Low,54.42,2.11,6.31,53.33,32.64,31.9,51.57,-0.298,0.0343,0.59,55.0,36.51,-8.37,7.93,0.39,4.01,-0.33,-4.21,19.25,0.12,47.65,33.42,31.8,32.16,34.8,31.8,41.32,53.42,2.72,-2.4,0.17,16.18,12.76,2.31,-2.69,68.7,8,12,100,43.0,-0.14,44.0,-0.18,44.0,-0.49,39.0,-1.85,33.0,-3.19,NEGATIVE,34.69,NEGATIVE,Trend + Momentum + Structure + RSI,VWAP,-6.31,6.31,31.34,35.56,32.16,VERY_HIGH,32020011.0,NOT_AVAILABLE,NOT_AVAILABLE,,788,1182
790,JSWENERGY,2026-08-31,520.4,Bearish,51.34,55.05,-5,25,6/10,Medium,29.95,11.6,2.23,10.83,546.98,552.13,537.19,-2.8564,-1.0186,3.39,99.17,548.49,-5.12,3.1,0.0,-2.78,-4.46,-6.32,-8.54,-0.31,72.85,542.0,535.3,535.3,553.7,528.3,46.71,48.82,1.88,-1.67,0.2,13.16,5.92,1.78,-2.81,82.74,10,8,100,51.0,0.61,65.0,1.64,76.0,2.17,71.0,2.71,66.0,2.86,STRONG,85.97,STRONG,Liquidity,"Trend, Momentum, Structure",-3.34,-0.78,503.0,516.34,548.49,MODERATE,963111694.0,NOT_AVAILABLE,NOT_AVAILABLE,,790,569
791,MODEFENCE,2026-08-31,106.59,Neutral-Range,51.32,54.88,1,55,4/10,Low,53.35,2.4,2.25,25.83,106.46,104.52,96.58,-0.1996,-0.0632,0.72,41.67,106.87,-0.26,4.18,0.514,-0.24,-0.41,-1.51,3.51,2.95,59.34,108.38,106.52,106.85,109.7,106.01,49.22,47.47,1.36,-1.25,0.73,35.02,4.67,1.82,-1.84,96.21,12,6,100,47.0,-0.05,45.0,-0.17,44.0,-0.03,50.0,-0.11,45.0,-0.72,NEGATIVE,47.34,MIXED,Trend + RSI + Gap + Liquidity,"Momentum, MACD, Delivery",-2.25,2.25,104.19,108.99,106.85,MODERATE,144793933.0,NOT_AVAILABLE,NOT_AVAILABLE,,791,572
792,ALLDIGI,2026-08-31,813.5,Neutral-Range,51.32,43.35,1,55,3/10,Low,49.13,20.3,2.49,6.67,813.88,816.97,833.88,0.216,0.3513,0.9,63.33,809.04,0.55,2.73,0.624,-0.02,-0.17,0.53,-0.11,0.44,72.82,818.0,795.0,813.65,823.9,795.0,46.23,49.9,1.54,-1.49,0.0,10.18,12.22,1.84,-2.43,88.53,6,5,80,41.25,-0.18,42.5,-0.23,42.5,0.22,43.75,0.32,41.25,0.04,MIXED,47.35,MIXED,Momentum + VWAP + MACD,"Trend, Delivery",-2.49,2.49,793.2,833.8,813.65,MODERATE,5996053.0,NOT_AVAILABLE,NOT_AVAILABLE,,791,1057
793,WHIRLPOOL,2026-08-31,803.15,Neutral-Range,51.3,48.14,1,55,4/10,Low,53.39,25.52,3.18,46.67,790.66,797.43,901.17,4.127,-0.028,0.47,22.5,818.6,-1.89,2.32,0.484,-1.24,4.43,3.32,-2.58,-1.0,48.33,835.0,806.1,813.25,858.7,761.65,45.66,49.87,1.56,-1.57,0.04,7.63,7.89,1.98,-2.55,81.04,7,9,100,48.0,0.08,50.0,0.08,46.0,-0.17,49.0,-0.07,46.0,-0.38,MIXED,47.29,MIXED,Trend + Momentum + RSI + Liquidity,"Structure, VWAP, Gap",-3.18,3.18,777.63,828.67,813.25,HIGH,476462293.0,NOT_AVAILABLE,NOT_AVAILABLE,,793,833
794,MANYAVAR,2026-08-31,545.25,Neutral-Range,51.3,46.94,1,55,4/10,Low,72.77,17.05,3.13,15.0,519.69,477.42,496.47,-2.3532,-0.6307,0.12,4.17,500.95,8.84,2.83,0.937,-0.47,2.12,0.63,30.21,-0.2,57.24,550.5,537.0,547.8,551.0,521.65,42.63,52.76,1.6,-1.48,0.19,10.13,5.66,1.72,-1.91,89.76,11,8,100,45.0,0.08,47.0,0.13,52.0,0.21,40.0,-0.19,40.0,-1.26,MIXED,47.28,MIXED,Trend + Structure + VWAP + Liquidity,"Momentum, MACD, Delivery",-3.13,3.13,528.2,562.3,547.8,HIGH,1536516089.0,NOT_AVAILABLE,NOT_AVAILABLE,,793,902
795,BANKBETF,2026-08-31,58.54,Neutral-Range,51.28,56.2,1,55,1/10,Low,51.12,0.8,1.36,10.83,58.51,58.23,57.52,-0.0135,0.0011,0.08,1.67,58.79,-0.42,1.5,0.462,0.09,0.38,-0.37,-0.12,0.85,38.41,58.65,58.23,58.49,60.0,58.17,50.98,44.66,0.72,-0.72,0.4,20.45,5.11,1.89,-2.0,91.71,8,7,100,49.0,-0.02,48.0,-0.13,46.0,-0.17,48.0,0.0,55.0,0.21,MIXED,47.22,MIXED,Trend,None material,-1.36,1.36,57.74,59.34,58.49,LOW,10333837.0,NOT_AVAILABLE,NOT_AVAILABLE,,795,534
796,DHARMAJ,2026-08-31,270.0,Neutral-Range,51.25,55.82,-1,45,2/10,Low,51.67,7.82,2.9,11.67,269.27,267.59,264.25,-0.3322,0.0357,0.36,18.33,271.77,-0.65,0.98,0.466,-0.17,3.59,0.28,0.06,-0.15,77.2,272.35,269.8,270.45,278.0,256.9,47.24,48.29,2.04,-1.86,0.05,14.74,12.24,1.91,-2.35,82.09,8,6,100,36.0,0.05,43.0,-0.45,50.0,0.55,54.0,1.6,54.0,0.88,MIXED,60.0,POSITIVE,Trend,"VWAP, Delivery",-2.9,2.9,262.18,277.82,270.45,MODERATE,25934681.0,NOT_AVAILABLE,NOT_AVAILABLE,,796,543
797,UTTAMSUGAR,2026-08-31,312.07,Bullish,51.25,48.82,6,80,6/10,Medium,63.24,17.76,5.69,85.83,289.54,265.61,248.1,0.5402,-0.5852,0.93,66.67,306.04,1.97,7.41,0.607,4.18,-6.58,10.27,29.79,-0.68,15.78,306.68,294.1,299.55,359.3,294.1,41.18,54.34,2.2,-1.68,0.24,14.87,8.16,2.01,-2.06,86.52,7,10,35,54.29,0.04,31.43,-1.47,25.71,-3.26,31.43,-3.06,37.14,-1.52,NEGATIVE,15.0,NEGATIVE,Trend + Momentum + Structure + VWAP,None material,1.99,8.54,318.29,338.71,294.1,VERY_HIGH,182684266.0,NOT_AVAILABLE,NOT_AVAILABLE,,796,810
798,GMDCLTD,2026-08-31,563.05,Bearish,51.24,56.49,-5,25,6/10,Medium,43.46,16.08,2.86,0.83,573.38,584.95,578.61,-0.6163,-0.2663,0.41,13.33,583.56,-3.51,1.89,0.143,-0.81,-1.37,-1.91,0.37,0.0,42.93,574.35,565.6,567.65,582.85,563.1,46.18,49.08,2.47,-2.05,0.25,11.71,6.97,2.1,-2.25,75.94,8,9,29,58.62,0.58,68.97,2.32,65.52,3.31,79.31,6.96,79.31,4.11,STRONG,85.69,STRONG,Liquidity,"Trend, Momentum, Structure",-4.28,-1.0,538.93,557.42,583.56,MODERATE,788531052.0,NOT_AVAILABLE,NOT_AVAILABLE,,798,516
799,SURAKSHA,2026-08-31,338.55,Neutral-Range,51.24,51.51,3,65,4/10,Low,72.43,14.21,4.2,50.83,306.81,287.47,283.48,4.0846,-0.7031,0.37,17.5,300.69,12.59,3.97,0.898,-0.49,4.78,9.76,34.29,0.24,56.45,343.0,331.45,340.2,343.0,313.1,44.9,51.25,1.69,-1.53,-0.19,12.02,18.37,1.64,-1.99,89.55,7,8,28,53.57,0.14,50.0,-0.31,39.29,-0.87,35.71,-0.88,57.14,0.61,NEGATIVE,34.25,NEGATIVE,Trend + Structure + VWAP + Liquidity,Delivery,-4.2,4.2,324.34,352.76,340.2,HIGH,113104612.0,NOT_AVAILABLE,NOT_AVAILABLE,,798,719
800,BELRISE,2026-08-31,232.34,Neutral-Range,51.2,49.26,0,50,2/10,Low,45.55,7.35,3.16,10.0,235.55,234.14,205.07,-1.6537,0.4425,0.48,15.0,242.16,-4.05,3.85,0.146,1.07,1.37,-1.59,-3.94,-0.17,52.72,232.2,226.2,229.87,233.65,226.2,47.38,48.31,2.19,-1.54,0.24,11.38,6.77,1.9,-1.99,71.59,6,7,9,44.44,-0.48,44.44,-1.16,33.33,-0.6,55.56,2.43,66.67,4.56,NEGATIVE,53.43,MIXED,Delivery + Liquidity,"Trend, VWAP",-3.16,3.16,224.99,239.69,229.87,HIGH,1149924572.0,NOT_AVAILABLE,NOT_AVAILABLE,,800,796
801,RBA,2026-08-31,98.1,Neutral-Range,51.16,49.39,1,55,4/10,Low,58.01,4.84,4.94,97.5,96.14,85.91,74.33,-0.9126,-0.4777,0.16,5.0,91.53,7.17,4.65,0.621,-2.84,-7.84,-1.5,38.64,0.03,40.93,102.35,100.0,100.97,111.15,99.9,42.5,52.24,1.76,-1.44,0.28,9.08,4.34,2.11,-1.79,86.3,6,7,53,45.28,0.25,49.06,0.28,50.94,-0.07,41.51,-0.05,35.85,-0.99,MIXED,46.88,MIXED,Trend + VWAP + RSI + Liquidity,"Momentum, Structure, MACD",-4.94,4.94,93.26,102.94,100.97,HIGH,2156813954.0,NOT_AVAILABLE,NOT_AVAILABLE,,801,784
802,MAXESTATES,2026-08-31,512.5,Neutral-Range,51.15,48.31,3,65,5/10,Medium,61.12,25.68,5.01,82.5,488.86,454.35,432.11,6.5344,-4.2067,2.57,89.17,513.28,-0.15,10.24,0.644,-4.93,-6.67,8.04,28.01,1.99,55.3,560.0,529.0,539.05,579.0,495.4,47.81,47.67,2.22,-1.97,0.27,22.05,9.04,1.85,-2.19,88.39,8,9,59,37.29,-0.73,35.59,-0.9,30.51,-0.84,40.68,-0.64,37.29,-1.89,NEGATIVE,34.0,NEGATIVE,Trend + Momentum + RSI + Gap,"Structure, Delivery",-5.01,5.01,486.82,538.18,539.05,VERY_HIGH,177248106.0,NOT_AVAILABLE,NOT_AVAILABLE,,802,825
803,WELINV,2026-08-31,2214.1,Neutral-Range,51.15,47.52,3,65,4/10,Low,67.26,87.98,3.97,9.17,2042.29,1910.48,1578.7,36.821,-8.3204,0.08,17.5,1880.84,17.72,3.98,0.77,-2.0,4.29,19.2,18.41,0.0,,2259.2,2248.0,2259.2,2340.6,2118.0,44.74,48.95,2.91,-2.14,0.46,31.84,21.05,3.25,-2.7,84.43,6,12,8,37.5,-0.7,25.0,0.29,37.5,1.53,25.0,-2.25,25.0,-0.88,MIXED,33.99,NEGATIVE,Trend + Momentum + VWAP + RSI,Structure,-3.97,3.97,2126.12,2302.08,2259.2,HIGH,14851237.0,NOT_AVAILABLE,NOT_AVAILABLE,,802,878
804,NUCLEUS,2026-08-31,744.4,Bullish,51.11,47.22,4,70,5/10,Medium,57.7,20.81,2.8,0.83,729.77,736.49,812.89,4.8759,-0.4527,0.79,75.0,719.49,3.46,2.32,0.808,-0.11,0.88,4.29,6.85,0.72,60.41,749.7,733.4,745.2,758.9,724.0,41.84,53.42,2.02,-1.59,0.27,19.08,10.53,2.26,-2.23,86.21,6,11,100,41.0,-0.18,38.0,-0.89,36.0,-1.69,30.0,-0.97,36.0,-1.05,NEGATIVE,27.46,NEGATIVE,Trend + Momentum + Structure + VWAP,Delivery,0.98,4.19,751.68,775.61,719.49,MODERATE,23916870.0,NOT_AVAILABLE,NOT_AVAILABLE,,804,893
805,FOODSIN,2026-08-31,54.97,Bullish,51.11,41.59,6,80,6/10,Medium,51.23,2.55,4.64,15.0,54.33,55.4,63.15,0.1111,0.1063,1.44,85.83,54.5,0.87,4.77,0.552,3.97,1.42,2.27,1.18,0.25,78.71,54.45,52.3,52.87,55.97,52.3,40.66,55.0,2.43,-1.99,0.4,23.03,8.82,2.0,-2.24,91.65,6,9,100,38.0,-0.27,40.0,-1.25,30.0,-2.09,26.0,-3.17,22.0,-5.0,NEGATIVE,14.6,NEGATIVE,Momentum + Volume + Structure + VWAP,None material,1.62,6.96,55.86,58.8,52.3,HIGH,5842870.0,NOT_AVAILABLE,NOT_AVAILABLE,,804,1144
806,KCPSUGIND,2026-08-31,32.56,Neutral-Range,50.98,49.71,0,50,3/10,Low,59.22,1.91,5.85,92.5,31.6,28.89,27.12,-0.248,-0.0363,0.53,34.17,32.08,1.51,6.97,0.477,1.37,-5.1,4.63,-0.09,-3.14,,32.95,31.01,32.12,36.47,31.01,42.11,52.24,2.4,-1.87,0.44,30.0,14.74,2.26,-2.06,83.22,7,9,78,47.44,0.37,50.0,0.3,48.72,0.26,46.15,0.89,42.31,0.11,MIXED,52.8,MIXED,Trend + VWAP + RSI,"Momentum, MACD, Gap",-5.85,5.85,30.65,34.47,32.12,VERY_HIGH,9276631.0,NOT_AVAILABLE,NOT_AVAILABLE,,806,773
807,ESCONET,2026-08-31,197.65,Neutral-Range,50.94,40.01,0,50,3/10,Low,64.18,14.59,7.38,90.83,176.87,154.43,157.97,-0.0931,-0.0644,0.25,6.67,181.45,8.93,4.04,0.686,-0.28,5.05,2.94,47.5,0.4,84.62,199.0,180.0,198.2,201.9,180.0,45.65,48.19,4.19,-3.68,0.69,42.03,25.0,3.6,-3.3,67.23,10,11,100,44.0,-0.36,43.0,-0.28,44.0,-0.76,46.0,2.31,42.0,4.2,NEGATIVE,52.7,MIXED,Trend + VWAP + RSI,"Momentum, MACD, Delivery",-7.38,7.38,183.06,212.24,198.2,VERY_HIGH,15285284.0,NOT_AVAILABLE,NOT_AVAILABLE,,807,1210
808,MID150BEES,2026-08-31,242.15,Neutral-Range,50.93,57.07,0,50,4/10,Low,53.75,3.74,1.55,25.0,242.05,239.24,230.15,-0.1839,-0.0954,0.63,25.83,242.12,0.01,2.09,0.453,-0.61,-0.05,-0.3,0.26,1.03,64.83,246.3,243.04,243.63,247.15,240.4,55.13,39.87,0.71,-0.82,1.07,51.45,4.87,1.93,-1.96,98.46,12,6,8,37.5,-0.33,62.5,0.33,62.5,-0.02,50.0,-0.41,50.0,-0.86,MIXED,52.66,MIXED,Trend + RSI + Gap + Liquidity,"Momentum, Structure, MACD",-1.55,1.55,238.41,245.89,243.63,LOW,224798395.0,NOT_AVAILABLE,NOT_AVAILABLE,,808,494
809,UNIVASTU,2026-08-31,157.25,Neutral-Range,50.87,50.56,1,55,3/10,Low,58.04,9.05,5.76,83.33,153.83,132.6,111.53,-2.3953,-0.3762,0.23,5.83,152.64,3.02,4.05,0.574,-2.01,-4.39,-6.79,12.35,-0.3,,162.0,154.1,160.48,178.98,153.62,47.89,47.37,2.47,-2.15,0.48,37.63,15.66,2.53,-3.21,92.63,20,6,100,46.0,0.08,47.0,0.23,45.0,-0.12,44.0,0.1,49.0,1.09,MIXED,46.07,MIXED,Trend + VWAP + RSI,"Momentum, MACD",-5.76,5.76,148.2,166.3,160.48,VERY_HIGH,27581516.0,NOT_AVAILABLE,NOT_AVAILABLE,,809,747
810,ANDHRSUGAR,2026-08-31,99.64,Bullish,50.87,47.85,4,70,4/10,Low,59.4,4.45,4.46,40.0,96.34,91.65,84.6,-0.5072,0.0587,0.63,46.67,99.43,0.21,5.28,0.704,1.65,0.36,-2.29,16.57,0.79,32.19,100.37,95.84,98.02,102.99,95.0,43.42,51.71,1.73,-1.45,0.29,11.84,5.39,2.07,-1.83,85.91,6,8,100,33.0,-0.57,32.0,-1.24,36.0,-1.66,34.0,-1.52,30.0,-1.85,NEGATIVE,26.78,NEGATIVE,Trend + Momentum + RSI + Liquidity,None material,1.56,6.69,101.2,106.31,95.84,HIGH,167477838.0,NOT_AVAILABLE,NOT_AVAILABLE,,809,860
811,NDRAUTO,2026-08-31,735.6,Bearish,50.83,46.88,-4,30,5/10,Medium,36.24,27.63,3.76,16.67,772.4,795.53,807.76,-6.6848,1.6382,0.69,46.67,807.61,-8.92,3.92,0.175,2.9,-1.04,-8.46,-10.8,0.02,60.44,738.45,704.0,714.85,761.0,704.0,44.61,50.92,2.74,-2.17,0.36,28.42,13.68,2.3,-2.47,80.87,9,8,13,53.85,-0.04,38.46,-0.06,53.85,2.03,69.23,5.42,76.92,8.5,MIXED,78.08,STRONG,Delivery,"Trend, Momentum, Structure",-5.63,-1.31,694.15,725.93,807.61,HIGH,25993761.0,NOT_AVAILABLE,NOT_AVAILABLE,,811,905
812,ABSMARINE,2026-08-31,272.3,Neutral-Range,50.8,49.08,1,55,4/10,Low,62.76,18.17,6.67,97.5,245.34,220.96,204.11,3.969,-0.7621,0.71,39.17,267.38,1.84,8.03,0.574,-6.18,15.11,22.22,24.08,-2.5,73.17,314.8,285.2,290.25,315.5,232.05,40.16,54.99,3.69,-2.41,0.5,34.77,16.44,2.49,-2.42,82.35,7,9,21,42.86,-0.35,57.14,-0.32,47.62,-0.99,57.14,-0.46,52.38,3.26,MIXED,45.87,MIXED,Trend + Momentum + VWAP + RSI,"Structure, Gap, Delivery",-6.67,6.67,254.13,290.47,290.25,VERY_HIGH,31062515.0,NOT_AVAILABLE,NOT_AVAILABLE,,812,803
813,TATACAP,2026-08-31,367.9,Neutral-Range,50.79,57.56,0,50,4/10,Low,53.54,8.14,2.21,2.5,366.3,357.98,340.83,0.0839,-0.3488,0.34,15.83,371.42,-0.95,1.86,0.365,-2.08,0.95,2.41,0.86,-1.25,52.01,377.75,372.9,375.7,378.0,360.5,41.3,53.04,1.5,-1.06,-0.01,6.96,7.39,1.95,-1.75,73.86,4,8,42,42.86,0.23,59.52,0.56,50.0,0.52,52.38,-0.16,64.29,0.61,MIXED,52.27,MIXED,Trend + Momentum + RSI + Liquidity,"Structure, VWAP, Gap",-2.21,2.21,359.76,376.04,375.7,MODERATE,593736031.0,NOT_AVAILABLE,NOT_AVAILABLE,,813,477
814,MOMENTUM50,2026-08-31,55.03,Neutral-Range,50.77,53.28,3,65,4/10,Low,62.51,0.87,1.59,2.5,54.34,53.56,52.41,0.0649,-0.0226,0.98,68.33,54.34,1.27,2.34,0.672,-0.78,1.23,1.2,3.81,0.92,44.84,55.64,55.12,55.46,55.64,54.08,49.8,45.92,0.88,-1.01,0.69,28.98,2.24,1.83,-2.81,91.91,9,7,53,49.06,-0.11,43.4,-0.35,35.85,-0.65,33.96,-0.98,47.17,-0.52,NEGATIVE,32.91,NEGATIVE,Trend + Momentum + VWAP + RSI,Structure,-1.59,1.59,54.16,55.9,55.46,LOW,24331333.0,NOT_AVAILABLE,NOT_AVAILABLE,,814,634
815,ARMANFIN,2026-08-31,1980.7,Neutral-Range,50.74,51.96,2,60,4/10,Low,53.23,72.55,3.66,7.5,1966.36,1899.79,1711.58,-4.3735,0.2387,0.34,4.17,1996.85,-0.81,2.91,0.379,-2.63,1.35,0.91,-0.68,-0.01,51.89,2045.0,1959.4,2034.2,2045.0,1872.0,41.84,53.68,2.28,-1.74,0.17,18.42,10.13,1.72,-2.21,91.4,6,10,100,42.0,-0.18,44.0,-0.52,41.0,-0.63,44.0,-0.74,43.0,-1.59,NEGATIVE,39.27,NEGATIVE,Trend + Momentum + RSI + Liquidity,"VWAP, Delivery",-3.66,3.66,1908.15,2053.25,2034.2,HIGH,120075454.0,NOT_AVAILABLE,NOT_AVAILABLE,,815,697
816,DREDGECORP,2026-08-31,1102.3,Neutral-Range,50.74,43.83,-3,35,4/10,Low,49.8,45.86,4.16,11.67,1108.67,1088.81,992.64,-2.8608,-1.396,0.83,70.0,1131.46,-2.58,5.81,0.423,-1.62,0.05,-5.02,0.53,0.1,28.72,1131.8,1108.1,1120.4,1145.0,1087.1,44.47,51.18,2.94,-2.22,0.34,20.13,11.45,2.38,-2.31,81.41,8,9,100,42.0,-0.06,45.0,0.71,53.0,2.37,51.0,3.32,45.0,3.04,MIXED,71.4,STRONG,Liquidity,"Momentum, Structure, VWAP",-4.16,4.16,1056.44,1148.16,1120.4,HIGH,236899299.0,NOT_AVAILABLE,NOT_AVAILABLE,,815,1034
817,RADIANTCMS,2026-08-31,39.7,Bullish,50.74,39.66,6,80,6/10,Medium,59.51,1.64,4.14,50.83,37.7,37.96,42.78,0.5422,0.0022,1.08,70.0,38.37,3.47,4.05,0.707,1.09,11.33,13.88,7.38,-0.48,64.33,40.99,39.16,39.27,42.25,34.5,44.21,50.53,1.54,-1.53,0.41,25.79,9.47,1.71,-1.74,92.31,8,9,17,58.82,-0.35,35.29,-0.8,35.29,-1.89,17.65,-3.32,11.76,-2.74,NEGATIVE,13.53,NEGATIVE,Trend + Momentum + VWAP + RSI,None material,1.45,6.21,40.27,42.16,38.37,HIGH,9920162.0,NOT_AVAILABLE,NOT_AVAILABLE,,815,1225
818,HDFCNIFIT,2026-08-31,32.97,Neutral-Range,50.73,52.17,1,55,3/10,Low,55.71,0.83,2.5,6.67,32.7,32.06,33.78,-0.1139,0.0263,1.27,80.83,33.16,-0.58,2.59,0.426,-0.84,1.13,-0.06,-1.82,0.21,46.45,33.44,32.33,33.25,33.44,32.1,46.71,48.29,1.01,-1.22,0.45,27.76,6.84,1.96,-3.34,91.76,11,7,100,44.0,-0.95,62.0,-0.36,53.0,-0.51,53.0,-1.1,52.0,-1.15,MIXED,45.66,MIXED,Trend + Momentum + RSI,"Volume, VWAP",-2.5,2.5,32.14,33.8,33.25,MODERATE,5268480.0,NOT_AVAILABLE,NOT_AVAILABLE,,818,682
819,DENTALKART,2026-08-31,403.35,Bearish,50.7,47.29,-4,30,4/10,Low,49.4,16.28,4.04,10.83,405.69,403.09,450.34,0.3488,-0.6761,1.23,77.5,405.46,-0.52,3.94,0.488,-1.32,-2.06,-1.6,3.28,0.31,92.23,410.15,403.0,408.75,424.95,391.0,44.47,50.53,2.35,-2.01,0.39,28.03,14.47,2.5,-2.18,84.29,6,8,100,42.0,0.22,55.0,1.82,60.0,2.38,62.0,3.03,59.0,3.81,POSITIVE,77.7,STRONG,No strong driver,"Trend, Volume, VWAP",-6.05,-1.41,378.93,397.65,410.15,HIGH,8489222.0,NOT_AVAILABLE,NOT_AVAILABLE,,819,889
820,LICMFGOLD,2026-08-31,138.9,Neutral-Range,50.66,54.56,-1,45,4/10,Low,52.0,2.69,1.94,15.0,138.29,218.67,3290.1,0.4243,-0.4063,1.3,81.67,137.44,1.06,1.34,0.626,-2.18,-3.91,1.02,8.69,-2.54,78.91,142.6,140.2,142.0,145.65,140.0,55.13,40.39,0.94,-1.27,0.2,17.76,3.95,1.69,-5.11,72.12,10,6,100,55.0,0.11,54.0,-0.78,61.0,-0.29,64.0,0.18,63.0,0.71,MIXED,58.31,POSITIVE,Momentum + VWAP + RSI,"Volume, Structure, Gap",-1.94,1.94,136.21,141.59,142.0,LOW,19484856.0,NOT_AVAILABLE,NOT_AVAILABLE,,820,588
821,INTERARCH,2026-08-31,1704.5,Neutral-Range,50.64,44.74,0,50,4/10,Low,41.47,50.44,2.96,3.33,1725.5,1775.32,1886.78,1.7876,1.8314,0.89,61.67,1728.66,-1.4,1.7,0.171,0.18,0.76,-1.97,-7.67,0.5,54.31,1746.0,1690.0,1701.4,1746.0,1667.0,46.02,50.68,2.41,-1.97,0.28,19.61,9.32,2.07,-2.76,83.58,6,8,50,34.0,-0.4,54.0,-0.25,46.0,0.17,46.0,0.99,54.0,2.66,MIXED,51.84,MIXED,Momentum + MACD + Delivery + Liquidity,"Trend, Structure, VWAP",-2.96,2.96,1654.06,1754.94,1701.4,MODERATE,118393277.0,NOT_AVAILABLE,NOT_AVAILABLE,,821,999
822,360ONE,2026-08-31,1175.0,Bearish,50.61,54.32,-4,30,5/10,Medium,51.13,29.66,2.52,3.33,1178.98,1150.08,1107.52,-1.897,-2.1292,1.66,85.83,1181.17,-0.52,4.19,0.422,-2.08,-1.24,0.17,2.37,-0.03,53.26,1208.0,1193.9,1200.0,1219.8,1186.4,46.45,49.08,1.94,-1.57,0.15,11.97,8.29,1.95,-1.93,85.02,7,7,100,47.0,0.16,59.0,0.88,68.0,1.38,65.0,2.6,71.0,4.51,STRONG,77.47,STRONG,Liquidity,"Momentum, Structure, VWAP",-3.79,-0.88,1130.51,1164.62,1208.0,MODERATE,1007004544.0,NOT_AVAILABLE,NOT_AVAILABLE,,822,596
823,SAPPHIRE,2026-08-31,234.41,Neutral-Range,50.58,44.49,2,60,4/10,Low,59.13,10.65,4.54,45.83,229.21,210.79,219.23,-1.467,-0.7458,0.39,33.33,226.01,3.72,5.92,0.669,1.26,-5.97,-0.12,25.03,-0.65,43.21,242.4,230.01,231.5,258.78,230.01,44.08,51.32,1.82,-1.77,0.01,11.05,11.05,1.76,-2.55,86.99,7,8,100,45.0,-0.11,43.0,-0.42,40.0,-0.26,41.0,-0.88,44.0,-1.42,NEGATIVE,38.79,NEGATIVE,Trend + VWAP + RSI + Liquidity,"Momentum, MACD",-4.54,4.54,223.76,245.06,231.5,HIGH,800255875.0,NOT_AVAILABLE,NOT_AVAILABLE,,823,1005
824,AUBANK,2026-08-31,1086.2,Neutral-Range,50.54,55.95,1,55,4/10,Low,52.96,24.53,2.26,5.0,1082.98,1058.38,978.92,-1.9799,-1.0495,0.88,65.0,1093.37,-0.66,2.03,0.468,0.84,-2.5,1.31,2.47,-0.19,69.23,1094.3,1073.3,1077.1,1144.1,1073.3,48.16,47.5,1.44,-1.31,0.13,8.55,6.58,1.91,-2.15,77.15,8,7,99,53.54,0.16,59.6,0.31,54.55,-0.36,47.47,-1.04,47.47,-1.58,MIXED,45.11,MIXED,Trend + RSI + Delivery + Liquidity,"Momentum, VWAP, MACD",-2.26,2.26,1061.67,1110.73,1077.1,MODERATE,1832595755.0,NOT_AVAILABLE,NOT_AVAILABLE,,824,539
825,SUNDROP,2026-08-31,660.1,Neutral-Range,50.54,46.25,2,60,3/10,Low,51.13,18.17,2.75,4.17,657.71,657.91,675.67,-0.3136,0.576,0.52,39.17,667.79,-1.15,3.37,0.254,1.13,2.49,1.34,-2.86,0.05,72.04,660.0,645.1,652.7,668.0,640.1,43.25,53.17,1.57,-1.31,0.27,19.01,8.54,1.84,-2.03,94.96,5,8,12,41.67,0.02,33.33,-1.47,41.67,-1.33,50.0,-0.77,16.67,-2.05,NEGATIVE,38.68,NEGATIVE,Trend + Structure + Delivery,VWAP,-2.75,2.75,641.93,678.27,652.7,MODERATE,20034399.0,NOT_AVAILABLE,NOT_AVAILABLE,,824,932
826,ABFRL,2026-08-31,52.1,Bearish,50.53,45.08,-4,30,5/10,Medium,29.27,1.64,3.16,6.67,55.59,57.76,71.45,-0.3796,-0.0107,0.83,62.5,58.46,-10.88,2.93,0.036,-0.74,-3.43,-5.77,-16.52,0.48,42.66,54.0,52.21,52.49,55.28,52.21,45.0,50.26,1.78,-1.81,0.13,8.55,5.92,2.15,-3.47,75.31,8,8,8,37.5,0.63,50.0,1.21,75.0,1.89,50.0,2.73,62.5,5.58,STRONG,77.23,STRONG,Liquidity,"Trend, Momentum, Structure",-4.73,-1.1,49.63,51.52,58.46,HIGH,381084769.0,NOT_AVAILABLE,NOT_AVAILABLE,,826,982
827,KMSUGAR,2026-08-31,32.49,Bullish,50.5,45.28,4,70,4/10,Low,58.7,1.92,5.92,99.17,30.94,29.41,28.01,0.091,-0.0411,0.92,55.83,32.29,0.62,6.65,0.578,-0.46,-4.58,9.06,15.25,-0.43,37.37,32.99,30.66,32.64,36.5,30.25,42.37,51.84,2.02,-1.6,0.45,24.61,10.13,2.17,-1.93,89.07,6,7,72,38.89,-0.13,30.56,-1.16,31.94,-0.95,23.61,-1.23,26.39,-2.37,NEGATIVE,25.72,NEGATIVE,Trend + Momentum + VWAP + RSI,None material,2.07,8.88,33.16,35.37,30.66,VERY_HIGH,19575765.0,NOT_AVAILABLE,NOT_AVAILABLE,,827,975
828,AUTOIETF,2026-08-31,29.96,Neutral-Range,50.47,56.35,-1,45,3/10,Low,54.46,0.57,1.89,2.5,29.97,29.2,28.05,-0.1427,-0.0021,0.47,23.33,30.33,-1.22,0.97,0.299,0.13,-0.53,-1.45,0.74,0.27,53.63,30.29,29.77,29.92,31.0,29.61,49.93,43.43,0.93,-1.18,0.22,16.59,6.2,1.89,-4.14,90.56,8,8,100,52.0,-0.75,60.0,-0.58,62.0,-0.58,68.0,-0.1,72.0,0.81,MIXED,57.78,POSITIVE,RSI + Delivery,"Momentum, VWAP, MACD",-1.89,1.89,29.39,30.53,29.92,LOW,21137201.0,NOT_AVAILABLE,NOT_AVAILABLE,,828,526
829,JAMNAAUTO,2026-08-31,121.4,Neutral-Range,50.44,48.06,-3,35,5/10,Medium,40.91,3.94,3.25,9.17,124.67,127.58,123.09,-0.3172,0.2387,0.43,14.17,130.7,-7.11,1.97,0.128,0.5,2.17,-1.56,-13.82,-0.25,53.8,122.72,119.88,120.8,122.85,117.38,47.5,47.76,1.8,-1.73,0.25,12.5,6.18,1.91,-2.41,75.05,7,6,27,59.26,1.28,55.56,1.81,55.56,2.87,51.85,1.62,59.26,1.97,POSITIVE,70.55,STRONG,Delivery + Liquidity,"Trend, Momentum, Structure",-3.25,3.25,117.46,125.34,120.8,HIGH,319510205.0,NOT_AVAILABLE,NOT_AVAILABLE,,829,840
830,PRIMESECU,2026-08-31,286.95,Neutral-Range,50.36,48.12,2,60,4/10,Low,54.14,9.92,3.46,22.5,282.81,283.04,281.03,0.3102,0.3367,0.64,53.33,289.85,-1.0,4.43,0.348,-0.31,3.95,1.29,3.42,0.0,69.76,292.0,276.05,287.85,292.0,272.0,49.21,46.45,1.93,-1.79,0.07,16.71,13.16,1.91,-1.85,93.28,9,7,100,36.0,-0.23,39.0,-0.82,47.0,-0.89,41.0,-1.02,50.0,0.52,MIXED,38.16,NEGATIVE,Trend + Momentum + RSI + MACD,"VWAP, Delivery",-3.46,3.46,277.03,296.87,287.85,HIGH,12610279.0,NOT_AVAILABLE,NOT_AVAILABLE,,830,835
831,DOLATALGO,2026-08-31,72.02,Bearish,50.33,50.4,-4,30,4/10,Low,49.66,2.47,3.44,41.67,72.41,72.12,76.58,0.0754,-0.1944,0.64,40.0,73.03,-1.39,1.99,0.509,-1.1,-4.34,1.18,6.6,-1.13,49.22,74.31,72.51,72.82,78.5,72.51,42.76,52.24,2.69,-2.0,0.28,21.32,8.55,1.9,-2.46,87.02,6,9,21,47.62,0.43,38.1,-0.31,47.62,1.26,71.43,8.21,71.43,13.17,MIXED,76.67,STRONG,No strong driver,"Trend, Structure, VWAP",-5.15,-1.2,68.31,71.15,74.31,HIGH,15645623.0,NOT_AVAILABLE,NOT_AVAILABLE,,831,751
832,INDIAGLYCO,2026-08-31,1147.3,Neutral-Range,50.32,52.09,2,60,4/10,Low,52.63,44.86,3.91,62.5,1140.42,1104.83,1057.02,4.9204,-3.2703,1.51,80.0,1141.86,0.48,3.66,0.59,-2.63,-3.69,7.13,0.18,0.14,61.5,1204.5,1168.0,1178.3,1219.0,1137.0,45.26,50.26,2.26,-1.78,0.17,13.82,6.45,1.87,-3.06,83.19,7,13,79,40.51,-0.05,37.97,-1.18,40.51,-1.42,46.84,-0.46,43.04,1.17,NEGATIVE,38.05,NEGATIVE,Trend + Momentum + RSI + Liquidity,"Structure, Delivery",-3.91,3.91,1102.44,1192.16,1178.3,HIGH,389146283.0,NOT_AVAILABLE,NOT_AVAILABLE,,832,687
833,EQUITASBNK,2026-08-31,73.97,Neutral-Range,50.3,49.1,-3,35,5/10,Medium,43.6,2.08,2.81,0.83,75.28,75.24,69.75,-0.1246,-0.0232,0.64,50.83,75.36,-1.84,1.61,0.245,0.09,-1.37,-1.27,-3.0,0.0,54.33,74.5,73.49,73.9,77.06,73.49,43.29,52.24,1.71,-1.41,0.2,10.92,6.32,1.91,-2.31,83.59,10,9,10,50.0,0.59,60.0,1.51,70.0,1.05,60.0,1.36,30.0,-0.71,STRONG,70.14,STRONG,Delivery + Liquidity,"Trend, Momentum, VWAP",-2.81,2.81,71.89,76.05,73.9,MODERATE,136945897.0,NOT_AVAILABLE,NOT_AVAILABLE,,833,802
834,MBAPL,2026-08-31,161.45,Bearish,50.29,41.85,-4,30,5/10,Medium,34.43,8.62,5.34,65.83,168.83,230.54,366.28,5.508,-0.6875,0.63,32.5,164.77,-2.02,2.45,0.306,-0.91,-4.42,-1.99,0.9,0.0,51.02,164.66,160.66,162.94,174.94,160.3,46.18,49.08,1.97,-1.9,0.09,18.42,9.34,1.83,-3.54,92.17,10,7,100,50.0,0.43,59.0,1.35,63.0,2.15,59.0,2.56,57.0,1.8,POSITIVE,76.54,STRONG,Liquidity,"Trend, Momentum, VWAP",-8.01,-1.87,148.52,158.43,164.77,VERY_HIGH,120128011.0,NOT_AVAILABLE,NOT_AVAILABLE,,834,1128
835,ASHOKLEY,2026-08-31,175.64,Neutral-Range,50.27,51.31,0,50,3/10,Low,57.73,4.13,2.35,0.83,173.19,167.75,168.73,-0.4679,-0.0864,0.87,55.83,175.46,0.1,1.58,0.455,-0.07,1.36,-0.82,0.62,-0.44,66.44,178.18,174.81,175.77,181.84,171.58,48.95,46.18,1.53,-1.53,0.09,10.39,8.42,1.76,-2.63,68.47,9,7,100,55.0,0.16,57.0,0.07,49.0,0.01,51.0,0.18,59.0,1.25,MIXED,50.76,MIXED,Trend + RSI + Liquidity,"Momentum, MACD, Delivery",-2.35,2.35,171.51,179.77,175.77,MODERATE,2891584704.0,NOT_AVAILABLE,NOT_AVAILABLE,,835,724
836,DCXINDIA,2026-08-31,173.07,Bearish,50.26,45.85,-5,25,5/10,Medium,42.67,5.46,3.16,5.83,177.03,182.44,196.11,0.4878,-0.1624,0.55,41.67,176.13,-1.74,2.83,0.393,-2.67,-1.51,-0.14,-5.71,-0.65,45.17,178.89,173.88,177.81,178.89,172.6,45.0,50.66,2.38,-2.17,0.29,17.5,8.03,2.3,-3.03,79.89,8,8,19,68.42,0.71,78.95,3.05,63.16,3.4,73.68,5.02,63.16,6.54,POSITIVE,82.89,STRONG,No strong driver,"Trend, Momentum, Structure",-4.73,-1.1,164.88,171.16,178.89,HIGH,83006301.0,NOT_AVAILABLE,NOT_AVAILABLE,,836,947
837,ORCHPHARMA,2026-08-31,970.9,Neutral-Range,50.25,43.75,-3,35,3/10,Low,46.03,52.17,5.37,75.83,996.33,971.89,839.7,-7.6206,0.5085,0.3,14.17,1012.72,-4.13,5.33,0.226,-0.48,-6.47,-2.75,-1.99,-0.34,53.88,980.0,924.95,975.6,1062.0,923.7,46.18,49.21,2.46,-2.05,0.43,22.89,10.26,2.3,-2.24,88.2,9,8,8,37.5,2.44,37.5,1.38,50.0,1.37,50.0,6.35,50.0,9.18,MIXED,70.0,STRONG,No strong driver,"Trend, VWAP, Delivery",-5.37,5.37,918.73,1023.07,975.6,VERY_HIGH,94658167.0,NOT_AVAILABLE,NOT_AVAILABLE,,837,1036
838,BHAGCHEM,2026-08-31,280.75,Neutral-Range,50.23,48.24,-3,35,3/10,Low,49.22,10.93,3.89,2.5,282.4,277.22,260.8,-0.8598,-0.0787,0.77,63.33,284.69,-1.39,3.58,0.322,1.03,-0.76,-2.77,-5.9,-0.65,46.59,283.95,272.1,277.9,291.3,272.1,43.16,51.71,2.36,-1.92,0.18,24.74,11.18,1.82,-3.0,90.89,8,6,16,43.75,0.11,56.25,0.62,62.5,0.66,62.5,2.14,43.75,2.41,POSITIVE,69.95,POSITIVE,No strong driver,"Momentum, VWAP, MACD",-3.89,3.89,269.82,291.68,277.9,HIGH,28326524.0,NOT_AVAILABLE,NOT_AVAILABLE,,838,830
839,YASHO,2026-08-31,4208.5,Neutral-Range,50.14,48.54,-1,45,4/10,Low,54.7,237.6,5.65,60.0,4171.46,3649.74,2493.69,-62.4728,-10.0867,0.3,5.83,4395.82,-4.26,4.41,0.24,-3.0,-2.32,-3.53,8.33,-0.55,43.42,4450.0,4304.1,4338.8,4525.0,4154.8,44.74,50.79,2.2,-1.63,0.24,22.24,11.32,1.87,-2.03,94.33,7,10,100,44.0,0.28,45.0,0.35,48.0,0.64,48.0,1.42,41.0,2.26,MIXED,56.84,MIXED,Trend + RSI + Liquidity,"Momentum, Structure, VWAP",-5.65,5.65,3970.9,4446.1,4338.8,VERY_HIGH,369317425.0,NOT_AVAILABLE,NOT_AVAILABLE,,839,817
840,MANAKCOAT,2026-08-31,122.43,Neutral-Range,50.11,50.91,0,50,3/10,Low,52.16,4.81,3.93,2.5,122.04,119.32,117.76,-0.0297,-0.1053,0.75,52.5,120.79,1.35,3.96,0.596,-0.34,-1.88,0.45,1.96,-0.08,70.33,125.49,121.15,122.85,126.61,119.86,47.24,47.76,2.75,-2.15,0.57,34.74,14.74,2.51,-2.35,80.43,12,7,100,44.0,0.17,43.0,0.4,48.0,0.09,48.0,0.34,38.0,-0.55,MIXED,50.32,MIXED,Trend + VWAP + RSI,"Momentum, MACD, Delivery",-3.93,3.93,117.62,127.24,122.85,HIGH,57249256.0,NOT_AVAILABLE,NOT_AVAILABLE,,840,741
841,INDIASHLTR,2026-08-31,650.0,Neutral-Range,50.1,42.97,0,50,4/10,Low,33.67,20.41,3.14,20.0,677.73,715.46,767.82,0.9715,0.2046,0.63,35.83,673.9,-3.55,1.19,0.093,0.02,-2.95,-3.67,-10.53,-0.13,67.59,653.7,646.1,649.85,680.45,646.1,47.33,48.34,1.56,-1.43,0.09,15.44,9.38,1.82,-2.43,90.65,7,8,83,44.58,-0.02,46.99,-0.15,46.99,-0.14,49.4,0.53,53.01,0.22,MIXED,50.3,MIXED,Momentum + MACD + Delivery + Liquidity,"Trend, Structure, VWAP",-3.14,3.14,629.59,670.41,649.85,HIGH,100952609.0,NOT_AVAILABLE,NOT_AVAILABLE,,841,1079
842,INDOSTAR,2026-08-31,249.3,Neutral-Range,50.06,44.19,-2,40,3/10,Low,47.44,10.0,4.01,12.5,252.84,250.11,241.07,0.8816,-0.7137,4.75,95.83,246.8,1.01,5.85,0.605,-3.69,-5.03,0.87,1.65,-0.02,68.33,260.0,252.6,258.85,264.75,248.4,45.13,50.26,2.5,-2.06,0.19,18.29,11.71,2.18,-2.28,87.65,8,7,100,42.0,-0.02,51.0,0.87,49.0,1.24,47.0,2.37,52.0,2.96,MIXED,63.04,POSITIVE,VWAP,"Trend, Structure, Delivery",-4.01,4.01,239.3,259.3,258.85,HIGH,45391938.0,NOT_AVAILABLE,NOT_AVAILABLE,,842,1017
843,JSWINFRA,2026-08-31,340.0,Neutral-Range,50.03,53.78,3,65,4/10,Low,54.57,9.03,2.66,1.67,336.64,326.77,298.57,0.0407,-0.1632,0.33,4.17,339.02,0.29,1.4,0.54,-0.86,-0.06,1.37,3.34,-0.39,55.74,344.85,337.5,342.95,348.0,334.15,47.53,48.33,1.84,-1.54,0.28,13.62,6.28,1.99,-2.42,74.41,8,8,13,46.15,-0.2,38.46,-0.75,38.46,-1.23,38.46,-1.55,46.15,-1.25,NEGATIVE,30.8,NEGATIVE,Trend + Momentum + RSI + Liquidity,Delivery,-2.66,2.66,330.97,349.03,342.95,MODERATE,809751708.0,NOT_AVAILABLE,NOT_AVAILABLE,,843,622
844,JIOFIN,2026-08-31,241.35,Neutral-Range,49.96,49.33,-1,45,4/10,Low,44.39,4.96,2.05,6.67,244.94,244.52,254.67,-1.5757,0.3236,1.63,89.17,252.02,-4.23,2.45,0.179,1.24,-0.27,-3.36,-8.23,-0.17,69.67,240.0,237.6,238.4,245.35,237.6,46.71,47.89,1.52,-1.43,0.24,12.11,5.79,1.86,-2.09,70.11,7,8,100,54.0,0.24,52.0,0.35,55.0,0.62,51.0,0.43,45.0,0.65,POSITIVE,56.3,MIXED,Volume + Delivery + Liquidity,"Trend, Momentum, VWAP",-2.05,2.05,236.39,246.31,238.4,MODERATE,3408827239.0,NOT_AVAILABLE,NOT_AVAILABLE,,844,793
845,WANBURY,2026-08-31,254.1,Bearish,49.96,45.91,-4,30,5/10,Medium,39.65,13.98,5.5,52.5,266.75,275.8,264.33,0.4217,-0.1521,0.18,3.33,261.09,-2.68,2.68,0.373,-1.32,-4.92,1.36,-11.22,-0.54,48.38,262.0,255.0,257.5,271.0,253.5,50.53,44.21,2.67,-2.46,0.51,38.16,15.39,2.31,-2.76,72.61,15,11,100,52.0,0.57,61.0,2.03,56.0,2.35,60.0,4.79,57.0,4.48,POSITIVE,75.6,STRONG,Liquidity,"Trend, Momentum, Structure",-8.25,-1.93,233.13,249.21,262.0,VERY_HIGH,118412479.0,NOT_AVAILABLE,NOT_AVAILABLE,,844,945
846,RBLBANK,2026-08-31,380.35,Neutral-Range,49.95,51.35,-3,35,4/10,Low,48.84,7.42,1.95,0.83,383.04,374.62,335.59,-1.4614,-0.2223,1.0,71.67,387.3,-1.79,1.47,0.218,-0.43,-1.97,-0.3,0.11,-0.52,58.33,384.7,380.1,382.0,394.5,380.1,49.47,46.18,1.77,-1.7,0.17,11.71,6.97,1.73,-2.31,78.59,7,7,100,52.0,0.22,54.0,0.53,57.0,0.92,58.0,2.55,63.0,3.6,POSITIVE,69.13,POSITIVE,Liquidity,"Momentum, VWAP, MACD",-1.95,1.95,372.93,387.77,382.0,LOW,817093677.0,NOT_AVAILABLE,NOT_AVAILABLE,,846,721
847,KRBL,2026-08-31,422.25,Neutral-Range,49.94,49.08,2,60,5/10,Medium,60.3,16.75,3.97,57.5,404.22,383.86,364.82,3.6677,-1.7436,0.65,25.0,414.58,1.85,3.16,0.649,-3.52,-3.55,6.71,12.99,-1.07,56.16,443.85,424.0,437.65,452.8,407.9,43.29,51.71,1.89,-1.53,0.21,11.32,5.92,2.18,-2.46,79.22,10,10,100,41.0,-0.25,40.0,-0.66,41.0,-0.66,39.0,-0.85,29.0,-2.3,NEGATIVE,36.96,NEGATIVE,Trend + Momentum + VWAP + RSI,"Structure, Gap, Delivery",-3.97,3.97,405.5,439.0,437.65,HIGH,463231573.0,NOT_AVAILABLE,NOT_AVAILABLE,,847,803
848,SHAREINDIA,2026-08-31,172.71,Bullish,49.91,52.36,4,70,4/10,Low,51.24,5.81,3.37,8.33,172.51,167.36,163.43,-0.9083,0.2726,1.35,92.5,173.49,-0.45,4.62,0.454,2.85,-0.47,-1.29,-4.44,0.04,71.11,170.0,167.65,167.93,175.84,167.6,42.5,53.03,2.09,-1.91,0.09,15.39,10.26,1.88,-3.04,84.24,6,10,41,41.46,0.2,48.78,1.55,46.34,-1.96,36.59,-5.04,39.02,-5.59,MIXED,24.03,NEGATIVE,Trend + Volume + Structure + Delivery,None material,1.18,5.05,174.74,181.43,167.65,HIGH,64159796.0,NOT_AVAILABLE,NOT_AVAILABLE,,848,670
849,MIDCAPETF,2026-08-31,23.92,Neutral-Range,49.9,56.84,-1,45,4/10,Low,53.64,0.43,1.81,8.33,23.91,23.63,22.73,-0.0175,-0.0098,1.54,90.83,23.93,-0.04,2.12,0.488,-0.62,-0.17,-0.25,0.25,1.04,73.69,24.33,24.01,24.07,24.34,23.8,54.61,39.08,0.74,-0.87,0.96,47.89,8.82,2.17,-2.16,97.91,11,6,100,51.0,0.02,54.0,0.04,60.0,0.13,53.0,0.27,57.0,-0.22,POSITIVE,56.15,MIXED,Trend + RSI + Gap,"Momentum, Structure, MACD",-1.81,1.81,23.49,24.35,24.07,LOW,57822333.0,NOT_AVAILABLE,NOT_AVAILABLE,,849,503
850,JUBLFOOD,2026-08-31,496.0,Neutral-Range,49.85,45.77,2,60,4/10,Low,56.2,15.1,3.04,32.5,490.12,469.05,491.21,-2.7498,-0.5642,0.42,25.83,493.34,0.54,3.26,0.519,1.13,-2.34,-3.03,5.53,-0.09,41.1,502.7,490.05,490.45,527.85,490.05,44.87,50.66,1.51,-1.32,0.1,6.45,5.39,2.14,-2.08,81.07,9,8,100,41.0,-0.24,43.0,-0.31,40.0,-0.8,40.0,-0.77,42.0,-0.7,NEGATIVE,36.72,NEGATIVE,Trend + VWAP + RSI + Liquidity,"Momentum, MACD",-3.04,3.04,480.9,511.1,490.45,HIGH,1739524952.0,NOT_AVAILABLE,NOT_AVAILABLE,,850,954
851,ORICONENT,2026-08-31,54.63,Bearish,49.84,40.05,-4,30,4/10,Low,46.74,2.53,4.63,86.67,55.35,56.11,58.11,0.1188,-0.1318,0.07,0.83,55.63,-1.79,3.21,0.434,-2.13,-4.06,2.34,0.72,-2.36,65.28,56.39,51.85,55.82,58.19,51.85,43.03,50.53,2.25,-1.63,0.16,20.39,14.61,1.94,-2.19,93.6,5,7,100,52.0,0.27,52.0,0.69,58.0,1.72,57.0,3.53,52.0,3.71,POSITIVE,75.25,STRONG,No strong driver,"Trend, VWAP, Gap",-6.94,-1.62,50.84,53.74,56.39,HIGH,6820611.0,NOT_AVAILABLE,NOT_AVAILABLE,,851,1208
852,SWARAJ,2026-08-31,363.5,Neutral-Range,49.83,50.68,-3,35,3/10,Low,51.75,10.67,2.94,22.5,365.77,344.26,280.87,-2.6057,-0.3613,0.39,21.67,368.2,-1.28,3.78,0.29,-0.79,-2.43,-1.57,1.61,0.0,,370.0,362.5,366.4,384.4,362.5,46.28,47.16,3.17,-2.57,0.26,32.8,24.82,3.34,-3.48,73.28,9,10,15,66.67,1.9,80.0,1.5,60.0,2.03,60.0,0.92,53.33,3.68,POSITIVE,68.8,POSITIVE,No strong driver,"Momentum, VWAP, MACD",-2.94,2.94,352.83,374.17,366.4,MODERATE,77390656.0,NOT_AVAILABLE,NOT_AVAILABLE,,852,746
853,GREENLAM,2026-08-31,247.9,Neutral-Range,49.83,46.48,-1,45,2/10,Low,46.43,8.57,3.46,7.5,250.91,250.39,251.02,-0.9167,0.1825,0.16,7.5,252.68,-1.89,2.84,0.255,0.63,-1.35,-1.94,-1.51,0.55,66.33,248.8,242.5,246.35,254.05,242.0,44.08,51.05,2.11,-1.86,0.15,17.37,9.61,1.77,-2.69,92.96,6,8,20,45.0,0.59,45.0,0.07,55.0,-0.41,50.0,1.46,40.0,0.55,MIXED,55.95,MIXED,Delivery,"Trend, VWAP",-3.46,3.46,239.33,256.47,246.35,HIGH,63363872.0,NOT_AVAILABLE,NOT_AVAILABLE,,852,924
854,IEX,2026-08-31,120.5,Bearish,49.82,52.76,-7,15,8/10,Medium,36.9,2.36,1.96,1.67,123.94,124.59,130.48,-0.5554,-0.0375,1.28,80.0,124.99,-3.59,1.81,0.078,-1.07,-2.04,-3.83,-5.86,0.0,52.74,122.24,121.07,121.8,124.88,121.07,50.0,45.13,1.54,-1.67,0.18,10.0,6.45,1.91,-2.14,72.79,8,7,10,50.0,0.94,70.0,1.76,80.0,5.06,90.0,6.71,80.0,4.64,STRONG,94.5,STRONG,Liquidity,"Trend, Momentum, Volume",-2.94,-0.69,116.95,119.67,124.99,LOW,297966642.0,NOT_AVAILABLE,NOT_AVAILABLE,,854,658
855,KIRLOSIND,2026-08-31,3737.9,Neutral-Range,49.79,47.69,0,50,1/10,Low,47.95,105.49,2.82,0.83,3753.72,3731.56,3521.97,-1.5448,2.8387,0.54,53.33,3767.33,-0.78,2.61,0.388,0.61,2.02,-2.73,-5.43,-0.41,56.0,3757.6,3700.0,3715.1,3800.0,3633.9,42.89,52.76,2.02,-1.56,0.15,14.08,8.42,1.76,-2.11,90.51,7,9,12,50.0,-0.24,58.33,0.76,58.33,0.55,41.67,-0.7,33.33,-0.36,POSITIVE,49.4,MIXED,Delivery,VWAP,-2.82,2.82,3632.41,3843.39,3715.1,MODERATE,32484578.0,NOT_AVAILABLE,NOT_AVAILABLE,,855,870
856,RHETAN,2026-08-31,19.11,Bearish,49.79,41.27,-4,30,5/10,Medium,28.85,1.72,8.98,97.5,23.63,25.94,26.01,-0.4066,-0.0319,0.74,43.33,24.33,-21.45,6.55,0.001,-5.91,-12.38,-10.2,-38.59,-0.2,41.4,22.39,20.17,20.31,23.89,20.17,52.92,40.83,1.71,-2.19,0.6,32.5,5.0,2.05,-1.83,82.78,11,4,16,56.25,0.69,75.0,1.03,68.75,0.54,75.0,1.91,62.5,2.93,STRONG,75.11,STRONG,Liquidity,"Trend, Momentum, Structure",-13.47,-3.14,16.54,18.51,24.33,VERY_HIGH,466194029.0,NOT_AVAILABLE,NOT_AVAILABLE,,855,1158
857,MAPMYINDIA,2026-08-31,1013.4,Neutral-Range,49.75,43.05,3,65,4/10,Low,49.67,46.93,4.63,30.0,1010.11,1011.34,1141.96,-2.336,3.7017,2.38,92.5,1019.19,-0.57,8.56,0.239,4.92,5.38,2.19,-15.27,0.42,24.75,1011.0,961.6,965.9,1029.0,955.0,44.47,50.92,1.85,-1.68,0.18,12.63,6.84,1.97,-2.37,84.34,6,8,100,44.0,-0.13,44.0,-0.52,45.0,-0.97,35.0,-2.28,31.0,-2.58,MIXED,30.0,NEGATIVE,Trend + Volume + Structure + Liquidity,VWAP,-4.63,4.63,966.47,1060.33,965.9,HIGH,302156164.0,NOT_AVAILABLE,NOT_AVAILABLE,,857,1072
858,HDFCLIFE,2026-08-31,543.35,Neutral-Range,49.71,45.85,-3,35,4/10,Low,45.98,9.87,1.82,6.67,546.76,556.72,620.35,1.5778,-0.5236,1.18,72.5,542.74,0.11,1.49,0.389,-0.85,-1.74,0.06,-1.76,-0.55,83.55,550.95,543.8,548.0,563.5,543.8,45.79,49.47,1.09,-1.04,0.01,5.26,5.53,1.74,-1.74,85.68,10,6,8,37.5,-0.63,37.5,0.59,37.5,0.15,75.0,3.37,62.5,2.54,MIXED,68.45,POSITIVE,Liquidity,"Trend, Volume, Structure",-1.82,1.82,533.48,553.22,548.0,LOW,1699886479.0,NOT_AVAILABLE,NOT_AVAILABLE,,858,947
859,SILVERADD,2026-08-31,22.5,Bearish,49.71,39.32,-4,30,5/10,Medium,9.52,18.33,81.45,99.17,187.78,207.37,209.66,-20.302,-7.8184,7.67,100.0,115.36,-80.5,7.2,0.002,-3.06,-90.38,-90.03,-89.18,2.5,15.26,23.97,22.4,23.21,237.07,22.4,53.83,42.02,1.68,-1.97,0.35,27.61,10.43,2.38,-3.58,57.54,8,7,37,59.46,0.3,62.16,1.21,75.68,2.41,54.05,1.21,62.16,1.57,STRONG,74.89,STRONG,Gap,"Trend, Momentum, Structure",-122.18,-28.51,-4.99,16.09,115.36,VERY_HIGH,73869691.0,NOT_AVAILABLE,NOT_AVAILABLE,,858,1243
860,ABLBL,2026-08-31,86.71,Neutral-Range,49.69,42.75,-1,45,4/10,Low,38.57,1.98,2.28,1.67,88.5,92.36,105.86,-0.1087,0.1968,1.27,85.0,89.6,-3.22,3.55,0.228,2.49,1.86,-3.57,-9.59,0.0,53.26,85.64,84.4,84.6,87.14,84.24,38.11,57.65,1.82,-1.51,0.17,10.1,7.49,2.43,-2.15,75.93,5,7,50,50.0,0.44,46.0,0.45,60.0,0.98,42.0,0.23,38.0,0.35,POSITIVE,55.54,MIXED,Volume + Structure + Delivery,"Trend, Momentum, VWAP",-2.28,2.28,84.73,88.69,84.6,MODERATE,82865909.0,NOT_AVAILABLE,NOT_AVAILABLE,,860,1094
861,SESHAPAPER,2026-08-31,229.34,Neutral-Range,49.68,44.32,-2,40,2/10,Low,49.93,7.63,3.33,0.83,229.37,230.31,243.2,-0.1979,0.0793,0.71,50.83,229.21,0.06,2.0,0.267,-0.12,0.79,0.91,-3.59,-0.79,56.06,234.7,228.01,229.61,234.7,225.1,42.89,52.5,1.65,-1.44,0.17,13.82,9.87,1.68,-1.8,93.43,7,8,11,45.45,-0.12,36.36,-0.35,36.36,-0.05,72.73,2.24,63.64,3.55,NEGATIVE,61.94,POSITIVE,No strong driver,"Trend, Delivery",-3.33,3.33,221.71,236.97,229.61,HIGH,9136542.0,NOT_AVAILABLE,NOT_AVAILABLE,,861,1012
862,TITAN,2026-08-31,5102.4,Neutral-Range,49.63,54.84,0,50,4/10,Low,62.4,78.39,1.54,1.67,5037.5,4826.75,4346.82,-13.2031,-3.3074,0.73,48.33,5063.11,0.78,1.37,0.74,-1.29,0.46,0.67,2.05,-0.2,74.0,5169.9,5136.0,5169.2,5186.7,5050.0,48.55,46.97,1.08,-0.98,0.01,5.0,6.05,1.66,-1.74,78.75,7,8,100,53.0,0.12,55.0,0.08,56.0,-0.17,49.0,-0.53,45.0,-0.71,MIXED,48.95,MIXED,Trend + VWAP + RSI + Liquidity,"Momentum, Structure, MACD",-1.54,1.54,5024.01,5180.79,5169.2,LOW,4378659194.0,NOT_AVAILABLE,NOT_AVAILABLE,,862,574
863,BEPL,2026-08-31,121.09,Neutral-Range,49.63,50.18,-3,35,4/10,Low,50.48,4.83,3.99,62.5,122.23,115.81,103.31,-0.7576,-0.2508,0.66,40.83,124.34,-2.61,3.0,0.202,-1.97,-3.33,-1.46,0.31,-0.83,41.13,125.8,121.51,123.52,131.5,120.9,43.82,51.45,2.04,-1.61,0.18,9.87,6.32,1.9,-2.25,79.95,9,8,27,48.15,0.44,55.56,0.96,48.15,0.95,70.37,1.99,66.67,1.49,MIXED,68.24,POSITIVE,Liquidity,"Momentum, Structure, VWAP",-3.99,3.99,116.26,125.92,123.52,HIGH,197481761.0,NOT_AVAILABLE,NOT_AVAILABLE,,862,758
864,APEX,2026-08-31,380.0,Bearish,49.63,47.81,-4,30,5/10,Medium,44.16,14.92,3.93,18.33,388.88,394.94,372.72,-1.107,-0.3859,0.16,1.67,417.17,-8.91,2.3,0.225,-0.33,-4.0,-10.07,-0.11,0.12,37.74,387.95,379.95,381.25,401.8,379.95,43.42,51.45,2.57,-1.94,0.29,13.68,9.08,2.6,-2.09,81.71,7,11,45,40.0,0.37,57.78,1.18,48.89,1.31,64.44,4.74,60.0,6.18,MIXED,74.67,STRONG,Liquidity,"Trend, Momentum, VWAP",-5.89,-1.37,357.62,374.78,417.17,HIGH,291381917.0,NOT_AVAILABLE,NOT_AVAILABLE,,862,865
865,ESILVER,2026-08-31,233.48,Neutral-Range,49.56,59.39,-3,35,4/10,Low,51.82,5.63,2.41,19.17,233.2,231.26,221.68,0.2755,-0.5883,0.82,57.5,234.93,-0.62,1.24,0.611,-2.8,-3.56,-0.03,8.07,-3.57,77.77,241.88,236.02,240.2,244.91,233.76,53.16,42.62,1.58,-1.53,0.32,24.47,9.14,2.12,-2.75,61.69,8,8,100,56.0,0.04,60.0,0.66,66.0,0.57,67.0,1.05,69.0,2.17,STRONG,68.03,POSITIVE,Trend,"Structure, VWAP, Gap",-2.41,2.41,227.85,239.11,240.2,MODERATE,36506737.0,NOT_AVAILABLE,NOT_AVAILABLE,,865,420
866,SARLAPOLY,2026-08-31,100.01,Neutral-Range,49.56,47.41,0,50,1/10,Low,49.0,3.07,3.07,1.67,100.26,99.75,94.96,-0.0984,0.0334,1.04,74.17,101.09,-1.07,2.72,0.206,1.27,-0.01,-1.57,-1.48,-0.26,72.67,102.88,98.4,98.76,102.88,97.3,44.74,50.39,2.66,-2.09,0.39,26.97,10.39,2.02,-2.33,88.37,6,8,100,49.0,0.36,49.0,0.01,49.0,0.06,49.0,-0.2,49.0,1.03,MIXED,48.74,MIXED,Delivery,VWAP,-3.07,3.07,96.94,103.08,98.76,HIGH,6069936.0,NOT_AVAILABLE,NOT_AVAILABLE,,865,885
867,EUREKAFORB,2026-08-31,429.4,Neutral-Range,49.53,41.94,1,55,3/10,Low,45.54,15.11,3.52,44.17,433.62,445.65,486.44,0.1989,0.6352,0.6,32.5,439.48,-2.29,5.31,0.279,0.39,2.64,-0.6,-5.35,0.0,50.39,440.3,426.0,427.75,440.3,409.0,45.53,51.09,1.69,-1.52,0.17,10.74,6.16,1.67,-1.86,91.24,9,7,93,47.31,-0.02,47.31,-0.03,49.46,-0.16,45.16,-1.31,43.01,-1.49,MIXED,42.24,NEGATIVE,Momentum + MACD + Delivery,"Trend, VWAP",-3.52,3.52,414.29,444.51,427.75,HIGH,86425536.0,NOT_AVAILABLE,NOT_AVAILABLE,,867,1119
868,BBTC,2026-08-31,1502.9,Neutral-Range,49.52,46.7,2,60,4/10,Low,52.02,43.62,2.9,64.17,1487.09,1496.82,1604.51,10.4293,-1.474,0.29,3.33,1605.18,-6.37,4.63,0.381,-3.86,5.67,2.69,-2.23,-0.63,36.3,1598.9,1552.0,1563.2,1639.0,1419.2,44.87,50.53,1.94,-1.6,0.16,8.82,6.45,1.79,-1.8,84.63,7,8,100,45.0,0.23,39.0,-0.22,38.0,-0.62,38.0,-0.84,39.0,-1.34,NEGATIVE,35.76,NEGATIVE,Trend + Momentum + RSI + Liquidity,"Structure, VWAP",-2.9,2.9,1459.28,1546.52,1563.2,MODERATE,1260014164.0,NOT_AVAILABLE,NOT_AVAILABLE,,868,918
869,HUBTOWN,2026-08-31,182.3,Bearish,49.42,42.16,-5,25,6/10,Medium,43.36,7.54,4.14,27.5,187.57,192.67,214.26,0.4795,-0.3999,0.28,1.67,189.84,-3.97,2.41,0.273,-2.04,-5.11,-0.33,-4.31,-0.23,63.21,188.72,183.23,186.09,197.7,183.23,46.18,49.34,2.95,-2.34,0.47,28.55,14.74,2.59,-2.4,84.97,9,7,10,50.0,0.41,70.0,0.66,70.0,3.04,60.0,7.57,60.0,5.71,STRONG,80.5,STRONG,Liquidity,"Trend, Momentum, Structure",-6.2,-1.45,170.99,179.66,189.84,HIGH,120594810.0,NOT_AVAILABLE,NOT_AVAILABLE,,869,1111
870,PNBHOUSING,2026-08-31,1148.7,Neutral-Range,49.41,52.04,-2,40,4/10,Low,52.82,30.08,2.62,6.67,1150.39,1109.58,1001.72,-2.71,-2.3712,0.59,28.33,1146.98,0.15,1.92,0.607,-1.81,-1.4,-0.18,5.39,-0.5,53.67,1189.3,1158.0,1169.9,1211.5,1154.2,48.95,46.71,1.83,-1.71,0.22,10.79,5.39,2.04,-2.32,72.38,8,7,100,46.0,0.04,53.0,0.13,55.0,0.39,57.0,1.35,67.0,1.06,POSITIVE,61.16,POSITIVE,RSI + Liquidity,"Momentum, Structure, MACD",-2.62,2.62,1118.62,1178.78,1169.9,MODERATE,1251827846.0,NOT_AVAILABLE,NOT_AVAILABLE,,870,689
871,FUSION,2026-08-31,200.32,Neutral-Range,49.41,42.93,1,55,3/10,Low,47.34,9.43,4.71,23.33,202.48,202.7,190.37,0.0685,0.1561,0.43,16.67,205.04,-2.3,4.21,0.346,0.54,-1.02,2.42,-4.96,-0.88,49.08,200.5,194.3,199.24,208.2,194.3,44.21,51.18,2.15,-2.06,0.23,20.92,8.42,1.75,-2.75,85.88,7,9,100,44.0,0.09,49.0,0.54,47.0,0.54,36.0,-1.08,40.0,-1.87,MIXED,41.89,NEGATIVE,Momentum + MACD + Liquidity,"Trend, VWAP",-4.71,4.71,190.89,209.75,199.24,HIGH,175658743.0,NOT_AVAILABLE,NOT_AVAILABLE,,870,1085
872,PRECOT,2026-08-31,704.55,Neutral-Range,49.34,43.36,-3,35,5/10,Medium,42.44,46.8,6.64,89.17,732.58,745.32,632.95,-3.6635,1.807,0.28,9.17,756.32,-6.85,7.27,0.161,0.43,5.13,0.87,-13.97,4.63,69.22,720.1,681.5,701.5,720.1,667.1,45.92,48.82,2.89,-2.29,0.42,35.13,20.0,2.84,-3.0,88.9,7,10,10,60.0,1.47,60.0,1.75,60.0,0.8,60.0,1.8,60.0,5.06,POSITIVE,67.4,POSITIVE,Gap + Delivery,"Trend, Momentum, Structure",-6.64,6.64,657.75,751.35,701.5,VERY_HIGH,7873980.0,NOT_AVAILABLE,NOT_AVAILABLE,,872,1056
873,BSLNIFTY,2026-08-31,28.31,Bearish,49.33,60.0,-6,20,6/10,Medium,44.12,0.77,2.74,0.83,28.48,28.37,28.41,-0.0471,-0.0034,2.41,93.33,28.57,-0.9,1.23,0.288,-0.25,-0.35,-1.08,-1.84,0.6,82.34,28.79,28.1,28.38,29.25,28.1,49.34,44.08,0.57,-0.57,0.95,46.45,12.76,2.34,-2.01,99.29,13,8,8,50.0,-0.08,75.0,0.15,87.5,0.8,87.5,1.8,87.5,1.61,STRONG,86.65,STRONG,No strong driver,"Trend, Momentum, VWAP",-4.11,-0.96,27.15,28.04,28.79,MODERATE,24270348.0,NOT_AVAILABLE,NOT_AVAILABLE,,873,391
874,CENTRALBK,2026-08-31,30.22,Bearish,49.3,48.06,-6,20,7/10,Medium,34.66,0.5,1.64,6.67,31.0,31.54,34.35,-0.0587,-0.0256,0.84,62.5,31.02,-2.58,1.15,0.074,-1.05,-3.17,-3.36,-3.94,-0.46,55.24,30.77,30.37,30.54,31.57,30.37,43.55,50.39,1.83,-1.66,0.2,9.61,6.32,2.07,-2.52,71.1,8,7,19,52.63,-0.66,73.68,1.71,73.68,2.62,73.68,2.95,63.16,1.23,STRONG,86.58,STRONG,Liquidity,"Trend, Momentum, Structure",-2.47,-0.58,29.47,30.05,31.02,LOW,175329876.0,NOT_AVAILABLE,NOT_AVAILABLE,,874,840
875,PERSISTENT,2026-08-31,5594.5,Neutral-Range,49.29,52.12,0,50,3/10,Low,53.83,158.25,2.83,8.33,5563.14,5362.65,5322.75,-6.6035,-10.9691,2.47,97.5,5595.85,-0.02,4.47,0.393,-4.77,-1.75,0.44,0.35,-0.33,46.29,5910.0,5677.0,5875.0,5910.0,5570.5,49.87,45.66,1.59,-1.64,0.09,12.24,7.76,1.68,-3.11,73.26,9,9,62,45.16,-0.04,46.77,0.04,50.0,-0.04,41.94,0.24,38.71,-0.14,MIXED,47.98,MIXED,Trend + RSI + Liquidity,"Momentum, Structure, MACD",-2.83,2.83,5436.25,5752.75,5875.0,MODERATE,2522976030.0,NOT_AVAILABLE,NOT_AVAILABLE,,875,685
876,VOLERCAR,2026-08-31,222.5,Neutral-Range,49.27,41.86,-3,35,4/10,Low,49.33,9.19,4.13,5.83,222.95,225.25,197.57,1.3598,-0.4335,0.35,34.17,220.87,0.74,4.91,0.54,-4.91,-0.4,1.14,-1.05,-5.13,58.33,234.0,234.0,234.0,234.0,216.2,47.41,46.55,3.6,-2.59,0.68,34.91,24.57,3.64,-2.65,73.21,7,6,100,41.0,-0.27,48.0,0.61,49.0,3.01,43.0,6.92,47.0,10.5,MIXED,67.2,POSITIVE,VWAP,"Trend, Structure, Gap",-4.13,4.13,213.31,231.69,234.0,HIGH,6042902.0,NOT_AVAILABLE,NOT_AVAILABLE,,876,1126
877,SONACOMS,2026-08-31,813.05,Neutral-Range,49.26,54.67,1,55,3/10,Low,61.5,20.56,2.53,10.0,797.61,744.28,617.32,-5.1981,-0.0559,0.78,42.5,810.52,0.31,2.59,0.555,-0.24,-0.06,0.99,3.57,-0.55,46.9,824.6,803.05,815.0,824.6,795.0,45.53,49.87,1.71,-1.43,0.19,11.58,7.63,2.06,-2.23,80.5,7,13,100,47.0,-0.03,45.0,-0.1,43.0,-0.28,47.0,-0.98,54.0,-0.92,NEGATIVE,41.46,NEGATIVE,Trend + RSI + Liquidity,"Momentum, MACD",-2.53,2.53,792.49,833.61,815.0,MODERATE,1675772431.0,NOT_AVAILABLE,NOT_AVAILABLE,,877,580
878,COLPAL,2026-08-31,1897.6,Neutral-Range,49.26,42.68,0,50,4/10,Low,41.21,40.84,2.15,10.0,1930.99,1989.5,2091.2,-6.7384,5.723,3.27,97.5,1931.73,-1.77,5.14,0.34,3.87,0.99,-3.38,-8.64,-0.05,69.62,1851.9,1825.0,1826.9,1896.8,1825.0,48.55,47.11,1.13,-1.15,0.06,3.42,3.82,1.69,-1.57,81.62,10,9,100,53.0,0.11,57.0,0.35,43.0,0.16,44.0,0.45,48.0,0.34,MIXED,47.89,MIXED,Volume + Structure + Delivery + Liquidity,"Trend, Momentum, VWAP",-2.15,2.15,1856.76,1938.44,1826.9,MODERATE,689120812.0,NOT_AVAILABLE,NOT_AVAILABLE,,877,1096
879,LLOYDSENT,2026-08-31,72.35,Bearish,49.25,47.78,-5,25,6/10,Medium,37.63,2.95,4.07,5.83,76.3,76.0,68.51,-0.7421,-0.0021,0.58,30.0,78.61,-7.96,3.81,0.06,-1.6,-2.31,-4.36,-11.3,-0.71,42.79,74.52,71.69,73.53,77.8,71.69,42.98,53.25,3.17,-2.33,0.17,15.51,10.48,1.91,-2.44,81.13,7,8,21,42.86,0.8,52.38,1.08,52.38,3.27,76.19,7.23,66.67,6.54,MIXED,80.0,STRONG,Liquidity,"Trend, Momentum, Structure",-6.11,-1.43,67.93,71.32,78.61,HIGH,301176268.0,NOT_AVAILABLE,NOT_AVAILABLE,,879,866
880,BANKNIFTY1,2026-08-31,59.65,Neutral-Range,49.24,46.84,-2,40,4/10,Low,48.61,1.15,1.92,15.83,59.76,62.31,201.31,-0.0066,-0.0136,0.24,20.0,59.68,-0.04,1.92,0.378,-0.58,0.2,-0.4,-0.37,1.0,73.31,60.6,59.53,60.0,61.54,59.04,50.32,45.22,0.7,-1.0,0.13,13.69,3.34,2.01,-6.23,91.9,8,7,100,52.0,0.15,53.0,0.28,57.0,0.52,57.0,0.93,64.0,1.2,POSITIVE,60.7,POSITIVE,Gap + Liquidity,"Trend, Momentum, MACD",-1.92,1.92,58.5,60.8,60.0,LOW,138687234.0,NOT_AVAILABLE,NOT_AVAILABLE,,880,908
881,HEG,2026-08-31,728.8,Neutral-Range,49.21,55.94,2,60,4/10,Low,64.72,24.32,3.34,14.17,698.71,652.07,598.13,-1.862,-0.0851,0.54,38.33,708.2,2.91,2.82,0.765,-1.16,0.84,4.37,9.55,-0.45,41.9,743.55,712.2,737.35,743.55,699.05,48.03,47.63,2.08,-2.02,0.08,8.95,6.45,2.03,-4.17,74.08,7,7,43,51.16,-1.38,55.81,-4.29,58.14,-7.33,55.81,-12.7,48.84,-21.67,MIXED,34.88,NEGATIVE,Trend + VWAP + RSI + Liquidity,"Momentum, MACD",-3.34,3.34,704.48,753.12,737.35,HIGH,1175840814.0,NOT_AVAILABLE,NOT_AVAILABLE,,881,540
882,CHANDAN,2026-08-31,222.8,Neutral-Range,49.18,39.91,-2,40,4/10,Low,42.05,10.63,4.77,46.67,232.05,236.85,242.72,-2.0733,0.3312,0.3,10.83,235.25,-5.29,3.67,0.196,2.25,-1.57,-9.36,-11.06,2.34,88.24,222.3,214.0,217.9,231.75,214.0,43.08,51.89,3.04,-2.21,0.33,29.25,17.92,2.7,-2.58,76.9,6,5,80,46.25,0.22,42.5,0.49,48.75,0.98,55.0,1.32,52.5,1.25,MIXED,60.51,POSITIVE,Gap + Delivery,"Trend, Momentum, VWAP",-4.77,4.77,212.17,233.43,217.9,HIGH,10605094.0,NOT_AVAILABLE,NOT_AVAILABLE,,882,1218
883,TIPSMUSIC,2026-08-31,643.85,Bearish,49.16,53.69,-6,20,7/10,Medium,43.23,19.89,3.09,0.83,657.45,660.09,622.51,-0.9984,-0.1591,0.6,49.17,659.83,-2.42,1.67,0.118,-0.65,0.02,-1.89,-6.49,-0.78,60.5,660.25,644.05,648.05,663.35,640.55,44.69,51.43,1.99,-1.71,0.14,13.47,9.18,1.9,-2.18,87.08,7,8,13,38.46,-0.17,46.15,0.55,84.62,2.48,61.54,3.05,84.62,4.25,STRONG,86.16,STRONG,Liquidity,"Trend, Momentum, Structure",-4.63,-1.08,614.02,636.89,660.25,HIGH,135655478.0,NOT_AVAILABLE,NOT_AVAILABLE,,883,625
884,ACUTAAS,2026-08-31,3160.6,Bearish,49.14,47.94,-5,25,6/10,Medium,44.47,136.26,4.31,57.5,3257.07,3246.99,2658.73,5.3919,-8.117,1.9,91.67,3238.18,-2.4,5.97,0.316,-3.69,-0.39,-1.18,1.42,0.0,66.43,3384.0,3235.0,3281.6,3384.0,3138.0,54.04,41.61,2.08,-1.85,0.07,7.76,8.39,2.38,-2.38,89.04,6,6,94,55.32,0.39,59.57,1.58,61.7,2.73,65.96,5.19,69.15,6.31,POSITIVE,79.68,STRONG,Liquidity,"Trend, Momentum, Structure",-6.47,-1.51,2956.2,3112.91,3384.0,HIGH,835579140.0,NOT_AVAILABLE,NOT_AVAILABLE,,884,850
885,WINDMACHIN,2026-08-31,307.45,Neutral-Range,49.13,47.83,0,50,2/10,Low,52.52,13.06,4.25,5.0,305.36,301.55,289.31,-0.2299,-0.18,0.14,3.33,306.9,0.18,5.71,0.693,1.84,-3.06,2.35,9.39,-0.17,46.75,308.9,300.0,301.9,321.0,300.0,43.42,51.71,3.1,-2.11,0.36,25.26,14.87,2.4,-2.22,85.87,7,9,100,42.0,-0.04,40.0,-0.68,36.0,-0.6,49.0,1.29,44.0,1.32,NEGATIVE,47.51,MIXED,Trend + RSI,"Momentum, MACD",-4.25,4.25,294.39,320.51,301.9,HIGH,81215920.0,NOT_AVAILABLE,NOT_AVAILABLE,,885,863
886,GOODLUCK,2026-08-31,464.4,Neutral-Range,49.13,36.8,-1,45,3/10,Low,17.99,91.34,19.67,95.0,934.0,1191.44,1223.3,-82.7821,14.2238,1.89,85.0,1007.37,-53.9,8.14,0.029,3.22,-2.78,-64.58,-69.19,-0.2,41.4,453.0,430.1,449.9,486.8,430.1,48.16,47.5,2.32,-2.22,0.24,19.21,8.03,1.99,-3.51,86.36,11,6,77,53.25,0.08,50.65,0.59,51.95,0.24,50.65,0.52,54.55,1.64,MIXED,53.95,MIXED,Volume + Liquidity,"Trend, Momentum, VWAP",-19.67,19.67,373.06,555.74,449.9,VERY_HIGH,521502696.0,NOT_AVAILABLE,NOT_AVAILABLE,,885,1348
887,DOLLAR,2026-08-31,268.95,Neutral-Range,49.07,52.04,-3,35,3/10,Low,48.84,8.06,3.0,13.33,270.41,269.04,292.44,-0.9155,0.0274,0.48,35.0,277.84,-3.2,2.57,0.145,0.09,-1.74,0.22,0.58,0.74,44.63,271.0,265.0,268.7,277.8,264.6,45.0,50.53,1.71,-1.6,0.16,11.45,6.58,1.86,-1.77,85.77,7,10,100,48.0,-0.02,53.0,0.25,60.0,1.07,61.0,1.25,65.0,1.34,POSITIVE,66.63,POSITIVE,No strong driver,"Trend, Structure, VWAP",-3.0,3.0,260.89,277.01,268.7,MODERATE,43076819.0,NOT_AVAILABLE,NOT_AVAILABLE,,887,689
888,AARTIPHARM,2026-08-31,845.4,Neutral-Range,48.99,49.19,3,65,4/10,Low,60.95,36.0,4.26,69.17,810.35,761.04,731.49,-3.773,0.0985,0.37,10.0,864.71,-2.23,4.27,0.658,0.56,0.27,-1.92,25.1,-0.1,43.77,848.9,815.75,840.7,862.0,808.8,45.66,49.87,2.27,-1.84,0.22,13.16,7.76,2.27,-2.46,87.46,7,6,100,44.0,0.08,41.0,-0.48,39.0,-1.68,38.0,-1.85,45.0,-1.54,NEGATIVE,27.83,NEGATIVE,Trend + Momentum + RSI + Liquidity,VWAP,-4.26,4.26,809.4,881.4,840.7,HIGH,1207991743.0,NOT_AVAILABLE,NOT_AVAILABLE,,888,800
889,MASTEK,2026-08-31,1748.4,Neutral-Range,48.98,43.68,1,55,2/10,Low,50.06,83.54,4.78,94.17,1747.25,1731.99,1815.48,-3.588,2.5744,3.81,96.67,1848.71,-5.43,10.04,0.432,-8.05,3.76,-3.5,-7.65,-0.02,32.94,1933.9,1615.0,1901.4,1933.9,1607.1,44.21,51.45,1.93,-1.68,0.19,11.84,6.32,1.79,-1.94,81.81,7,11,100,40.0,-0.17,45.0,0.11,45.0,-0.13,42.0,-1.07,43.0,-0.83,MIXED,40.65,NEGATIVE,Trend + Liquidity,VWAP,-4.78,4.78,1664.86,1831.94,1901.4,HIGH,765584799.0,NOT_AVAILABLE,NOT_AVAILABLE,,889,1041
890,INFLUX,2026-08-31,293.35,Bearish,48.96,50.93,-5,25,5/10,Medium,49.96,9.94,3.39,1.67,295.07,286.7,247.24,-0.0017,-0.6004,1.95,89.17,296.96,-1.22,3.7,0.437,-3.1,-2.23,-1.53,1.63,0.08,75.86,304.0,299.85,302.75,309.0,290.0,46.72,48.03,3.07,-2.35,0.2,28.82,22.27,2.63,-2.62,80.14,5,5,84,47.62,0.45,63.1,1.2,61.9,1.64,64.29,3.8,78.57,7.41,POSITIVE,79.17,STRONG,No strong driver,"Momentum, Structure, VWAP",-5.08,-1.19,278.44,289.87,304.0,HIGH,7964562.0,NOT_AVAILABLE,NOT_AVAILABLE,,890,740
891,RAMCOSYS,2026-08-31,575.25,Neutral-Range,48.95,44.62,0,50,3/10,Low,43.02,30.85,5.36,34.17,592.79,617.74,549.34,3.1079,1.6084,0.7,67.5,595.69,-3.43,4.82,0.277,-0.54,0.91,-3.19,2.0,-0.02,47.26,584.0,556.25,578.4,584.0,547.6,44.47,50.79,2.87,-2.23,0.22,16.97,9.74,2.23,-2.36,88.15,9,9,100,43.0,-0.14,41.0,-0.97,51.0,-0.28,45.0,-0.12,47.0,-1.23,MIXED,47.0,MIXED,Momentum + MACD + Liquidity,"Trend, VWAP, RSI",-5.36,5.36,544.4,606.1,578.4,VERY_HIGH,111750338.0,NOT_AVAILABLE,NOT_AVAILABLE,,891,1004
892,SUMMITSEC,2026-08-31,1426.7,Neutral-Range,48.95,42.95,0,50,4/10,Low,38.52,36.11,2.53,3.33,1446.31,1481.59,1647.35,0.1101,1.0425,0.94,66.67,1487.39,-4.08,3.38,0.108,0.4,0.69,-1.31,-6.27,1.23,55.32,1445.7,1410.1,1421.0,1445.7,1410.0,47.63,47.89,2.14,-1.94,0.39,28.55,8.42,1.73,-2.05,86.62,10,7,100,48.0,-0.05,45.0,-0.06,40.0,-0.29,48.0,0.59,50.0,1.33,NEGATIVE,47.0,MIXED,Momentum + MACD + Gap + Delivery,"Trend, Structure, VWAP",-2.53,2.53,1390.59,1462.81,1421.0,MODERATE,7402283.0,NOT_AVAILABLE,NOT_AVAILABLE,,891,1084
893,SENORES,2026-08-31,1432.8,Bearish,48.93,48.02,-5,25,6/10,Medium,47.84,57.95,4.04,32.5,1462.36,1383.51,1078.85,-9.6185,-4.3336,1.38,80.83,1459.72,-1.84,5.2,0.433,-3.33,-5.47,-7.3,5.72,0.18,52.54,1494.0,1466.2,1482.1,1599.0,1456.3,49.88,46.59,2.37,-1.97,0.25,18.35,8.47,2.01,-2.5,83.6,8,5,100,58.0,0.67,59.0,1.91,63.0,2.3,63.0,2.99,72.0,3.84,POSITIVE,79.1,STRONG,Liquidity,"Momentum, Volume, Structure",-6.07,-1.42,1345.88,1412.52,1494.0,HIGH,342037637.0,NOT_AVAILABLE,NOT_AVAILABLE,,893,843
894,ANNAPURNA,2026-08-31,148.5,Neutral-Range,48.87,38.14,3,65,4/10,Low,52.76,9.03,6.08,52.5,147.57,143.9,172.03,-1.4198,0.1146,0.5,30.83,150.46,-1.3,5.53,0.477,2.66,0.34,-8.9,13.66,-0.66,58.92,153.2,143.5,144.65,158.0,143.5,41.18,53.95,2.6,-2.06,0.35,29.74,12.24,2.12,-2.61,86.46,6,8,100,35.0,-0.38,40.0,-0.42,30.0,-0.49,33.0,-1.9,44.0,-1.16,NEGATIVE,27.49,NEGATIVE,Trend + Momentum + RSI + Delivery,VWAP,-6.08,6.08,139.47,157.53,144.65,VERY_HIGH,14027292.0,NOT_AVAILABLE,NOT_AVAILABLE,,894,1298
895,TPLPLASTEH,2026-08-31,71.5,Bearish,48.86,45.8,-6,20,6/10,Medium,34.52,3.47,4.85,43.33,77.29,76.39,72.18,-0.7188,-0.2989,1.1,71.67,77.69,-7.97,5.91,0.041,-2.59,-10.27,-7.44,-12.01,0.75,37.03,78.39,72.9,73.4,84.5,72.9,43.29,51.97,2.58,-1.93,0.54,32.89,12.76,2.23,-2.3,91.14,7,9,16,43.75,0.29,62.5,1.08,68.75,2.08,75.0,4.68,43.75,0.33,STRONG,85.31,STRONG,No strong driver,"Trend, Momentum, Structure",-7.27,-1.7,66.3,70.29,78.39,HIGH,11628000.0,NOT_AVAILABLE,NOT_AVAILABLE,,895,953
896,FABTECH,2026-08-31,148.41,Neutral-Range,48.84,45.41,3,65,3/10,Low,49.11,4.74,3.19,4.17,147.97,150.44,162.27,0.4234,0.0835,0.96,85.0,147.47,0.64,3.92,0.472,0.58,0.92,1.71,-0.91,-0.38,42.4,148.99,146.0,147.56,152.5,144.35,41.45,52.99,2.26,-1.85,0.31,20.94,10.68,2.18,-2.26,83.83,4,9,60,40.0,-0.25,41.67,-1.09,38.33,-1.07,33.33,-2.1,45.0,-2.51,NEGATIVE,27.4,NEGATIVE,Momentum + VWAP + MACD,None material,-3.19,3.19,143.67,153.15,147.56,HIGH,11772795.0,NOT_AVAILABLE,NOT_AVAILABLE,,896,967
897,WAAREEENER,2026-08-31,2605.0,Bearish,48.82,44.34,-4,30,5/10,Medium,34.5,55.38,2.13,5.0,2674.94,2765.44,2928.29,0.0408,-2.0028,2.05,95.0,2671.01,-2.47,2.44,0.206,-1.33,-2.61,-3.77,-2.65,-0.11,61.68,2650.0,2593.2,2640.0,2713.0,2593.2,46.6,50.0,2.2,-1.92,0.2,15.96,10.0,2.12,-2.82,72.43,9,8,69,49.28,0.22,52.17,0.37,55.07,1.1,62.32,2.96,55.07,4.27,POSITIVE,72.33,STRONG,Liquidity,"Trend, Momentum, VWAP",-3.19,-0.74,2521.93,2585.62,2671.01,MODERATE,1239958097.0,NOT_AVAILABLE,NOT_AVAILABLE,,897,1011
898,MWL,2026-08-31,37.92,Bearish,48.81,38.97,-5,25,5/10,Medium,12.1,3.79,10.0,70.83,48.23,112.43,216.03,7.0218,-0.5614,0.14,6.67,42.18,-10.11,5.92,0.091,-4.07,-7.04,-7.31,0.05,0.33,76.86,40.01,39.21,39.53,41.51,39.0,45.11,48.15,2.11,-1.85,0.12,24.6,18.52,2.75,-3.15,76.69,9,7,52,55.77,0.66,59.62,2.02,61.54,3.2,63.46,4.37,73.08,6.42,POSITIVE,78.75,STRONG,No strong driver,"Trend, Momentum, Structure",-15.0,-3.5,32.23,36.59,42.18,VERY_HIGH,57279150.0,NOT_AVAILABLE,NOT_AVAILABLE,,898,1260
899,COHANCE,2026-08-31,455.95,Bullish,48.79,40.3,5,75,5/10,Medium,53.74,17.29,3.79,5.83,449.57,441.98,491.09,0.1018,-0.0408,0.46,51.67,454.41,0.34,3.39,0.582,1.34,1.6,2.52,7.19,0.0,47.05,454.75,447.25,449.9,467.2,441.0,40.96,54.82,2.04,-1.91,0.07,12.05,8.13,1.89,-2.81,79.16,6,11,9,33.33,-0.55,22.22,-2.49,33.33,-1.65,11.11,-2.39,22.22,-3.31,NEGATIVE,14.39,NEGATIVE,Trend + Momentum + Structure + RSI,None material,1.33,5.69,462.0,481.89,447.25,HIGH,665375481.0,NOT_AVAILABLE,NOT_AVAILABLE,,899,1191
900,OPTIEMUS,2026-08-31,574.15,Neutral-Range,48.76,47.52,1,55,2/10,Low,51.38,24.75,4.31,8.33,572.65,550.67,498.21,0.2082,-0.1711,0.42,12.5,580.92,-1.17,3.62,0.313,-0.94,-1.97,3.57,-12.72,0.25,41.03,602.9,574.0,579.6,609.95,553.2,44.87,50.66,2.76,-2.18,0.34,18.42,9.21,2.22,-2.25,84.57,7,9,100,36.0,-0.21,35.0,-1.35,41.0,-0.78,48.0,-0.75,33.0,-1.61,NEGATIVE,40.03,NEGATIVE,Trend + Liquidity,VWAP,-4.31,4.31,549.4,598.9,579.6,HIGH,180485936.0,NOT_AVAILABLE,NOT_AVAILABLE,,900,878
901,DTIL,2026-08-31,161.69,Neutral-Range,48.73,43.99,0,50,3/10,Low,62.3,9.33,5.77,74.17,148.12,141.36,146.48,3.6538,-0.775,0.36,30.0,172.22,-6.12,5.09,0.511,-3.23,15.56,21.45,24.0,0.0,59.38,171.3,165.32,167.09,193.79,136.0,43.95,51.71,1.98,-1.7,0.69,35.79,7.89,2.08,-2.04,92.38,7,8,100,40.0,-0.19,45.0,-0.02,51.0,-0.22,49.0,-0.69,39.0,-1.27,MIXED,46.36,MIXED,Trend + Momentum + RSI,"Structure, VWAP, Delivery",-5.77,5.77,152.36,171.02,167.09,VERY_HIGH,8140721.0,NOT_AVAILABLE,NOT_AVAILABLE,,901,1026
902,VIPIND,2026-08-31,306.5,Neutral-Range,48.72,43.67,3,65,3/10,Low,50.74,10.61,3.46,27.5,305.73,306.23,331.8,-0.2218,0.0933,1.05,65.0,306.58,-0.03,3.01,0.344,0.23,1.47,2.0,-1.26,-0.28,64.4,309.3,299.85,305.8,312.8,298.0,42.76,52.63,1.82,-1.63,0.03,7.63,7.76,1.92,-2.41,86.51,8,9,100,43.0,-0.05,38.0,-0.48,37.0,-1.18,34.0,-2.02,33.0,-3.16,NEGATIVE,27.05,NEGATIVE,Trend + Delivery + Liquidity,None material,-3.46,3.46,295.89,317.11,305.8,HIGH,113314918.0,NOT_AVAILABLE,NOT_AVAILABLE,,902,1043
903,DCI,2026-08-31,372.6,Neutral-Range,48.7,43.27,-1,45,4/10,Low,55.51,27.64,7.42,92.5,367.57,333.33,293.18,-0.3352,-2.6609,6.4,98.33,388.74,-4.15,21.19,0.305,-9.13,-2.97,-2.55,10.5,1.45,24.23,464.0,402.0,410.05,464.0,365.1,42.89,51.71,3.0,-2.16,0.73,39.47,16.45,2.84,-2.58,81.54,13,13,56,39.29,-0.11,41.07,-0.17,46.43,0.23,46.43,1.07,39.29,2.15,MIXED,52.7,MIXED,Trend + RSI + Gap,"Momentum, Structure, VWAP",-7.42,7.42,344.96,400.24,410.05,VERY_HIGH,67565077.0,NOT_AVAILABLE,NOT_AVAILABLE,,903,1061
904,SETFNIFBK,2026-08-31,590.75,Neutral-Range,48.61,53.05,-3,35,3/10,Low,49.55,6.02,1.02,0.83,591.46,588.48,581.23,-0.2001,-0.0911,2.27,89.17,591.91,-0.2,0.71,0.716,-0.14,0.11,-0.48,-0.56,0.0,79.21,594.0,589.33,591.6,595.96,589.0,50.92,44.74,0.66,-0.67,0.24,8.29,2.89,2.23,-1.98,84.97,10,6,100,53.0,0.04,57.0,0.33,63.0,0.64,62.0,1.0,70.0,1.46,POSITIVE,65.31,POSITIVE,No strong driver,"Momentum, MACD, Delivery",-1.02,1.02,584.73,596.77,591.6,LOW,23879319.0,NOT_AVAILABLE,NOT_AVAILABLE,,904,646
905,SPIC,2026-08-31,67.74,Bearish,48.61,44.93,-4,30,4/10,Low,47.64,1.56,2.3,17.5,68.29,68.06,71.84,0.0913,-0.1475,0.6,30.0,69.0,-1.82,2.56,0.238,-1.95,-2.25,0.97,0.59,-0.2,54.77,69.5,68.65,69.09,73.3,67.98,44.47,50.79,2.05,-1.76,0.27,11.58,5.79,2.01,-2.07,74.8,6,19,20,60.0,0.81,75.0,3.81,70.0,5.0,35.0,1.99,35.0,0.64,STRONG,71.75,STRONG,No strong driver,"Trend, Structure, VWAP",-3.45,-0.81,65.4,67.19,69.5,MODERATE,31001930.0,NOT_AVAILABLE,NOT_AVAILABLE,,904,986
906,NIF100BEES,2026-08-31,268.29,Neutral-Range,48.6,52.1,-2,40,3/10,Low,46.35,3.15,1.17,0.83,269.54,268.17,267.03,-0.4678,-0.0073,0.67,44.17,271.5,-1.18,1.17,0.246,0.15,-0.35,-0.88,-0.74,-0.22,75.37,269.45,267.41,267.89,272.82,267.41,52.5,42.89,0.56,-0.6,0.38,15.79,2.76,1.95,-1.99,92.16,10,6,100,51.0,0.01,56.0,0.18,54.0,0.2,63.0,0.53,65.0,0.75,MIXED,58.87,POSITIVE,Delivery,"Momentum, VWAP, MACD",-1.17,1.17,265.14,271.44,267.89,LOW,12376357.0,NOT_AVAILABLE,NOT_AVAILABLE,,906,686
907,CROMPTON,2026-08-31,235.9,Neutral-Range,48.55,39.42,-3,35,5/10,Medium,35.31,7.36,3.12,41.67,246.27,254.33,267.54,-1.1094,0.0619,0.96,52.5,246.7,-4.38,3.71,0.198,1.24,-4.11,-4.3,-11.42,0.0,54.17,240.0,230.7,233.0,251.95,230.7,43.42,52.11,1.43,-1.23,0.2,8.16,5.53,1.87,-1.91,81.88,5,10,22,50.0,0.24,59.09,0.59,50.0,1.68,54.55,1.71,40.91,1.35,MIXED,65.15,POSITIVE,Delivery + Liquidity,"Trend, Momentum, Structure",-3.12,3.12,228.54,243.26,233.0,HIGH,1171871961.0,NOT_AVAILABLE,NOT_AVAILABLE,,907,1234
908,LT,2026-08-31,4044.9,Neutral-Range,48.54,53.84,0,50,3/10,Low,52.24,56.11,1.39,4.17,4039.5,4009.83,3938.19,-5.9,-1.1985,1.13,80.83,4055.57,-0.26,1.7,0.461,-0.02,-1.1,-1.02,0.49,-0.26,68.47,4060.0,4021.3,4045.8,4125.3,4021.3,48.82,46.84,1.14,-1.07,0.12,5.92,4.47,2.0,-2.27,60.97,7,6,100,49.0,0.09,53.0,-0.13,47.0,-0.37,49.0,-0.32,50.0,-0.31,MIXED,45.84,MIXED,Trend + RSI + Liquidity,"Momentum, MACD, Delivery",-1.39,1.39,3988.79,4101.01,4045.8,LOW,5595042005.0,NOT_AVAILABLE,NOT_AVAILABLE,,908,619
909,NEOGEN,2026-08-31,2201.2,Neutral-Range,48.53,47.97,0,50,3/10,Low,54.09,98.74,4.49,12.5,2173.13,2084.62,1753.52,-4.4789,-0.9641,0.38,18.33,2221.98,-0.94,2.41,0.434,-0.39,3.22,-3.04,7.06,-0.15,45.78,2259.0,2173.0,2209.8,2259.0,2086.4,46.71,48.82,2.14,-1.91,0.2,18.68,8.68,1.8,-2.15,86.86,8,7,100,47.0,0.03,50.0,-0.06,48.0,0.04,43.0,-0.3,41.0,-0.28,MIXED,45.81,MIXED,Trend + RSI + Liquidity,"Momentum, VWAP, MACD",-4.49,4.49,2102.46,2299.94,2209.8,HIGH,501593581.0,NOT_AVAILABLE,NOT_AVAILABLE,,909,846
910,TREJHARA,2026-08-31,146.75,Bearish,48.53,43.68,-4,30,5/10,Medium,43.9,8.66,5.9,33.33,153.11,150.45,168.98,-2.5608,-0.0333,0.46,26.67,162.36,-9.61,7.32,0.229,1.77,-6.06,-10.39,7.94,1.25,43.23,151.88,143.15,144.2,162.9,143.15,43.03,51.84,2.59,-2.01,0.92,46.71,16.58,2.73,-2.2,75.38,14,8,23,34.78,-0.75,26.09,-0.91,39.13,1.04,65.22,4.84,56.52,5.48,MIXED,71.52,STRONG,Gap,"Trend, Momentum, VWAP",-8.85,-2.06,133.77,143.72,162.36,VERY_HIGH,8643122.0,NOT_AVAILABLE,NOT_AVAILABLE,,909,1041
911,GMRP&UI,2026-08-31,90.31,Bearish,48.52,43.2,-5,25,6/10,Medium,29.91,2.81,3.11,36.67,95.96,98.31,104.46,-0.5022,-0.2464,6.7,100.0,94.37,-4.3,4.06,0.07,-3.26,-6.02,-6.61,-7.07,0.0,54.8,98.28,92.21,93.35,98.28,92.21,44.74,50.66,2.7,-2.12,0.49,26.05,10.13,2.55,-2.71,78.15,8,9,84,52.38,0.78,65.48,1.86,59.52,3.01,63.1,4.33,63.1,4.31,POSITIVE,77.92,STRONG,Liquidity,"Trend, Momentum, Structure",-4.66,-1.09,86.1,89.33,98.28,HIGH,129878908.0,NOT_AVAILABLE,NOT_AVAILABLE,,911,1065
912,ARKADE,2026-08-31,123.35,Bearish,48.51,49.31,-6,20,6/10,Medium,36.81,4.47,3.63,53.33,130.54,130.01,131.19,-1.0466,-0.1401,0.46,29.17,132.04,-6.58,4.36,0.05,-3.16,-6.43,-5.11,-12.3,0.41,44.89,128.0,126.5,127.38,134.6,125.0,47.57,48.99,1.9,-1.9,0.28,18.83,7.29,1.65,-2.34,82.85,8,7,22,50.0,0.37,59.09,1.34,68.18,2.87,72.73,4.29,59.09,6.9,STRONG,84.32,STRONG,No strong driver,"Trend, Momentum, Structure",-5.44,-1.27,116.64,121.78,132.04,HIGH,54664350.0,NOT_AVAILABLE,NOT_AVAILABLE,,912,794
913,BANKBEES,2026-08-31,595.58,Neutral-Range,48.49,52.05,-2,40,3/10,Low,49.86,7.14,1.2,13.33,596.09,593.1,585.85,-0.2077,-0.065,0.6,15.0,597.01,-0.24,2.51,0.557,-0.08,0.15,-0.47,-0.29,-0.01,54.38,598.0,594.05,596.06,601.0,580.0,49.61,45.92,0.67,-0.65,0.27,6.84,1.32,1.7,-1.48,82.46,8,6,100,43.0,-0.08,60.0,0.13,59.0,0.24,59.0,0.32,64.0,0.48,POSITIVE,58.54,POSITIVE,Liquidity,"Momentum, MACD, Delivery",-1.2,1.2,588.44,602.72,596.06,LOW,327147911.0,NOT_AVAILABLE,NOT_AVAILABLE,,913,688
914,SAREGAMA,2026-08-31,479.9,Bearish,48.49,49.78,-6,20,7/10,High,39.39,19.59,4.08,37.5,506.41,494.23,438.88,-5.8503,-0.4768,0.8,72.5,529.66,-9.39,3.45,0.049,-2.62,-5.91,-8.31,-6.67,-0.16,51.69,498.95,486.0,492.8,518.65,484.3,44.74,50.79,2.04,-1.68,0.15,10.66,6.97,1.93,-2.36,86.65,9,9,27,55.56,0.18,55.56,1.23,66.67,2.8,74.07,5.73,77.78,5.29,STRONG,84.26,STRONG,Liquidity,"Trend, Momentum, Structure",-6.12,-1.43,450.51,473.04,529.66,HIGH,471938464.0,NOT_AVAILABLE,NOT_AVAILABLE,,913,770
915,FORCEMOT,2026-08-31,17526.0,Neutral-Range,48.49,43.28,-2,40,4/10,Low,42.96,473.38,2.7,1.67,17852.63,18174.64,18592.55,-89.0263,19.3545,1.24,79.17,18291.02,-4.18,3.14,0.164,0.9,-0.42,-5.8,-5.23,0.0,40.74,17469.0,17280.0,17370.0,17937.0,17276.0,46.7,49.14,2.79,-2.07,0.43,16.33,6.88,2.43,-2.26,77.73,9,9,93,46.24,0.36,46.24,0.58,48.39,0.84,52.69,1.2,52.69,1.08,MIXED,58.54,POSITIVE,Volume + Liquidity,"Trend, Momentum, VWAP",-2.7,2.7,17052.62,17999.38,17370.0,MODERATE,1293291962.0,NOT_AVAILABLE,NOT_AVAILABLE,,913,1060
916,BSE,2026-08-31,3282.0,Bearish,48.47,48.6,-5,25,6/10,Medium,38.77,105.1,3.2,52.5,3403.06,3541.07,3421.7,5.9085,-2.0178,1.3,80.83,3405.13,-3.62,5.63,0.147,-3.61,-0.93,-1.5,-8.2,0.0,41.51,3410.0,3303.0,3405.0,3410.0,3242.5,49.87,45.66,2.55,-2.29,0.2,15.92,8.68,2.1,-3.59,74.0,9,8,9,77.78,3.03,77.78,4.75,66.67,6.38,55.56,5.26,66.67,10.03,STRONG,77.78,STRONG,Liquidity,"Trend, Momentum, Volume",-4.8,-1.12,3124.35,3245.22,3410.0,HIGH,16092536583.0,NOT_AVAILABLE,NOT_AVAILABLE,,916,816
917,BFUTILITIE,2026-08-31,502.9,Bearish,48.47,42.86,-5,25,5/10,Medium,30.82,18.29,3.64,20.0,534.37,564.11,654.3,-2.1806,0.1552,0.34,35.83,535.44,-6.08,1.87,0.082,-1.44,-2.49,-7.83,-12.72,0.04,47.78,514.9,500.0,510.25,533.15,496.0,43.25,53.16,2.73,-2.18,0.23,13.68,7.18,1.94,-2.99,80.07,8,11,18,55.56,0.19,44.44,1.39,66.67,2.91,55.56,3.51,61.11,5.21,STRONG,77.78,STRONG,No strong driver,"Trend, Momentum, Structure",-5.46,-1.27,475.46,496.5,535.44,HIGH,33388881.0,NOT_AVAILABLE,NOT_AVAILABLE,,916,1090
918,DHUNINV,2026-08-31,988.6,Neutral-Range,48.42,42.66,0,50,3/10,Low,52.27,62.05,6.28,84.17,983.16,941.64,1002.95,1.5286,-3.9287,0.25,25.83,1066.69,-7.32,4.39,0.431,-3.69,2.14,-2.57,11.47,0.16,75.08,1073.0,1011.85,1026.45,1151.75,957.0,44.61,51.05,2.43,-1.94,0.68,38.03,11.05,2.2,-2.17,88.24,6,8,10,60.0,1.28,40.0,-0.56,50.0,0.23,50.0,-1.36,60.0,8.47,MIXED,45.48,MIXED,Trend + Momentum + RSI,"Structure, VWAP, Delivery",-6.28,6.28,926.55,1050.65,1026.45,VERY_HIGH,7122421.0,NOT_AVAILABLE,NOT_AVAILABLE,,918,1097
919,SILVERCASE,2026-08-31,23.72,Neutral-Range,48.41,49.89,1,55,2/10,Low,51.89,0.97,4.09,55.0,23.68,23.48,22.53,0.031,-0.0606,1.09,69.17,23.73,-0.04,6.78,0.519,-3.14,-3.54,0.04,8.51,0.0,32.48,25.5,23.89,24.49,25.5,23.77,55.62,38.63,2.07,-2.25,1.49,66.03,12.6,2.77,-2.87,80.65,8,5,44,45.45,-0.09,45.45,0.51,52.27,-0.34,45.45,-2.2,43.18,-3.03,MIXED,39.04,NEGATIVE,Trend + Liquidity,Structure,-4.09,4.09,22.75,24.69,24.49,HIGH,234128599.0,NOT_AVAILABLE,NOT_AVAILABLE,,919,766
920,MARKSANS,2026-08-31,321.6,Neutral-Range,48.41,46.86,1,55,4/10,Low,61.08,13.44,4.18,41.67,309.76,284.45,233.18,-0.2022,-0.9429,0.42,17.5,317.21,1.38,5.1,0.718,-2.46,-0.71,-2.97,22.63,-0.49,44.06,335.45,324.05,329.7,335.45,315.1,46.45,49.08,2.39,-1.87,0.25,13.16,7.5,2.02,-2.65,81.83,8,9,11,36.36,-0.41,45.45,-0.27,45.45,-1.23,45.45,-0.72,27.27,-3.28,MIXED,39.02,NEGATIVE,Trend + VWAP + RSI + Liquidity,"Momentum, Structure, MACD",-4.18,4.18,308.16,335.04,329.7,HIGH,1897374135.0,NOT_AVAILABLE,NOT_AVAILABLE,,919,907
921,RSYSTEMS,2026-08-31,245.3,Neutral-Range,48.4,43.7,1,55,2/10,Low,49.68,8.96,3.65,0.83,244.61,248.94,293.8,0.2839,0.3051,0.7,70.83,248.97,-1.47,3.2,0.205,-0.59,2.31,2.12,-10.41,0.47,47.22,248.7,238.2,246.75,248.7,235.5,42.76,52.89,1.96,-1.7,0.26,13.82,6.84,2.22,-2.05,86.02,6,8,100,42.0,0.1,46.0,0.02,35.0,-0.14,38.0,-0.25,44.0,-0.56,NEGATIVE,38.99,NEGATIVE,Momentum + MACD,VWAP,-3.65,3.65,236.34,254.26,246.75,HIGH,61220250.0,NOT_AVAILABLE,NOT_AVAILABLE,,921,1039
922,SUPREMEIND,2026-08-31,3559.0,Neutral-Range,48.39,47.19,-1,45,4/10,Low,52.34,87.79,2.47,6.67,3551.78,3510.0,3634.52,-2.3659,-4.399,2.91,95.0,3555.05,0.11,3.35,0.538,-2.14,-1.17,-0.86,0.82,-0.42,87.49,3710.0,3581.1,3636.9,3710.0,3540.0,46.05,49.61,1.69,-1.56,0.08,9.08,6.97,1.82,-1.86,85.12,7,9,100,44.0,0.23,40.0,0.23,49.0,0.49,49.0,0.14,42.0,-0.2,MIXED,51.82,MIXED,Trend + RSI + Liquidity,"Momentum, Structure, MACD",-2.47,2.47,3471.21,3646.79,3636.9,MODERATE,709518483.0,NOT_AVAILABLE,NOT_AVAILABLE,,922,894
923,NITCO,2026-08-31,93.99,Bearish,48.37,44.29,-4,30,5/10,Medium,42.29,4.49,4.78,5.83,96.65,99.31,98.15,0.4946,-0.091,0.22,7.5,95.57,-1.66,2.76,0.239,-1.67,-2.38,1.57,-13.04,0.32,42.15,97.48,95.21,95.59,109.25,93.1,46.18,48.82,2.84,-2.16,0.49,35.13,16.45,2.31,-2.29,64.54,23,8,100,41.0,0.12,51.0,0.81,47.0,1.39,56.0,4.93,63.0,5.51,MIXED,71.05,STRONG,Liquidity,"Trend, Momentum, Structure",-7.17,-1.67,87.25,92.42,97.48,HIGH,166086515.0,NOT_AVAILABLE,NOT_AVAILABLE,,923,1014
924,TARSONS,2026-08-31,331.65,Neutral-Range,48.36,47.87,0,50,3/10,Low,53.03,17.44,5.26,55.0,330.73,306.97,267.55,-2.5225,-0.4467,0.08,8.33,348.97,-4.96,3.43,0.502,-0.18,-4.38,-8.26,4.49,-0.68,49.25,337.8,328.3,332.25,353.9,325.6,41.71,53.82,2.07,-1.65,0.19,15.79,9.08,1.95,-2.09,90.52,12,13,66,45.45,-0.12,46.97,-0.48,36.36,-0.6,50.0,0.62,45.45,0.43,NEGATIVE,45.31,MIXED,Trend + RSI + Liquidity,"Momentum, VWAP, MACD",-5.26,5.26,314.21,349.09,332.25,VERY_HIGH,304563867.0,NOT_AVAILABLE,NOT_AVAILABLE,,924,856
925,HDFCSILVER,2026-08-31,223.01,Neutral-Range,48.35,51.99,-2,40,3/10,Low,51.19,5.56,2.5,19.17,223.21,221.42,212.36,0.2328,-0.5926,1.45,85.0,223.8,-0.35,1.39,0.594,-3.18,-3.75,-0.28,7.85,-3.46,42.35,231.88,225.23,230.34,233.59,223.75,52.37,42.76,1.62,-1.55,0.53,31.84,10.53,2.22,-2.34,56.27,8,8,100,51.0,0.2,52.0,0.0,55.0,-0.0,60.0,0.72,67.0,2.24,MIXED,58.13,POSITIVE,Liquidity,"Volume, Structure, Gap",-2.5,2.5,217.45,228.57,230.34,MODERATE,757927611.0,NOT_AVAILABLE,NOT_AVAILABLE,,925,695
926,CENTEXT,2026-08-31,22.21,Neutral-Range,48.35,40.4,-3,35,5/10,Medium,56.7,1.13,5.07,53.33,21.66,20.87,20.98,-0.0173,-0.0143,0.24,3.33,22.63,-1.84,3.59,0.574,-0.27,-0.58,1.28,11.05,-1.08,60.33,22.89,22.02,22.27,23.13,20.55,41.18,53.03,3.01,-2.2,0.54,33.68,14.21,2.49,-2.51,86.38,6,9,100,39.0,-0.1,47.0,1.57,46.0,1.54,44.0,2.98,41.0,0.94,MIXED,64.58,POSITIVE,Trend + RSI,"Momentum, VWAP, MACD",-5.07,5.07,21.08,23.34,22.27,VERY_HIGH,14892590.0,NOT_AVAILABLE,NOT_AVAILABLE,,925,1185
927,MAITHANALL,2026-08-31,976.5,Neutral-Range,48.29,46.31,-3,35,3/10,Low,46.4,23.99,2.46,3.33,985.24,990.35,1003.26,1.1354,-1.153,0.84,55.0,985.01,-0.86,2.18,0.363,-0.58,-1.76,-0.36,1.31,0.89,54.15,1002.0,974.65,982.15,1013.4,974.65,45.26,50.26,1.75,-1.55,0.19,11.45,6.97,1.79,-2.25,79.29,7,9,100,46.0,-0.11,50.0,0.16,59.0,0.59,61.0,1.26,63.0,1.98,POSITIVE,64.4,POSITIVE,No strong driver,"Trend, VWAP, Delivery",-2.46,2.46,952.51,1000.49,982.15,MODERATE,35747080.0,NOT_AVAILABLE,NOT_AVAILABLE,,927,929
928,NATIONALUM,2026-08-31,381.5,Bearish,48.28,50.55,-6,20,7/10,High,49.66,12.23,3.21,19.17,385.58,377.67,352.18,-1.3807,-1.0938,1.43,87.5,393.03,-2.93,3.76,0.261,-3.41,-5.41,-1.56,3.39,-1.25,67.61,394.95,389.3,394.95,405.0,388.0,51.18,44.08,2.11,-1.95,0.23,16.84,10.0,1.92,-2.27,68.73,7,9,100,51.0,0.27,64.0,1.72,73.0,2.92,66.0,3.69,71.0,5.23,STRONG,83.65,STRONG,Liquidity,"Momentum, Volume, Structure",-4.81,-1.12,363.15,377.22,394.95,HIGH,3291592683.0,NOT_AVAILABLE,NOT_AVAILABLE,,928,748
929,CONSUMER,2026-08-31,12.21,Neutral-Range,48.24,51.33,0,50,3/10,Low,54.7,0.22,1.79,35.0,12.21,11.93,11.5,-0.029,-0.0064,0.52,33.33,12.26,-0.39,2.62,0.254,-0.16,-0.73,-0.57,0.25,1.96,77.27,12.34,12.07,12.23,12.74,12.07,48.23,45.63,0.88,-0.89,0.75,31.91,2.84,2.11,-2.0,91.23,7,6,64,42.19,0.01,50.0,0.02,45.31,-0.04,42.19,-0.12,40.62,-0.28,MIXED,44.98,MIXED,Trend + RSI + Gap,"Momentum, MACD, Delivery",-1.79,1.79,11.99,12.43,12.23,LOW,5213017.0,NOT_AVAILABLE,NOT_AVAILABLE,,929,723
930,ARE&M,2026-08-31,892.65,Bearish,48.16,50.28,-5,25,6/10,Medium,42.3,23.26,2.61,3.33,919.49,901.44,888.13,-6.2863,-1.4048,0.6,48.33,950.15,-6.05,3.17,0.021,-3.11,-3.27,-5.61,-4.25,-0.26,49.52,936.5,912.4,921.35,936.5,910.1,44.32,51.44,1.74,-1.35,0.29,11.63,4.1,2.07,-3.06,81.84,7,8,8,62.5,0.15,75.0,-0.03,87.5,3.04,50.0,0.4,50.0,-1.65,STRONG,76.89,STRONG,Liquidity,"Trend, Momentum, Structure",-3.91,-0.91,857.75,884.51,950.15,MODERATE,1137354900.0,NOT_AVAILABLE,NOT_AVAILABLE,,930,755
931,SUNTECK,2026-08-31,302.75,Neutral-Range,48.16,41.34,-3,35,3/10,Low,48.35,7.94,2.62,1.67,303.93,306.77,341.1,1.2405,-0.4421,0.47,34.17,303.19,-0.15,1.81,0.416,-1.06,-1.5,1.07,-1.74,0.0,53.57,309.45,304.65,306.0,320.0,295.35,45.13,50.39,1.91,-1.75,0.28,17.24,7.37,1.87,-2.07,84.0,8,7,13,46.15,0.19,38.46,1.5,46.15,2.02,46.15,2.16,53.85,2.6,MIXED,64.03,POSITIVE,No strong driver,"Trend, Structure, Delivery",-2.62,2.62,294.81,310.69,306.0,MODERATE,48087367.0,NOT_AVAILABLE,NOT_AVAILABLE,,930,1153
932,JAICORPLTD,2026-08-31,98.62,Bearish,48.11,43.85,-5,25,5/10,Medium,37.17,2.74,2.78,9.17,101.74,105.05,116.23,0.0759,-0.125,0.8,63.33,102.25,-3.55,2.84,0.107,-1.69,-2.86,-2.55,-5.02,0.0,48.25,101.0,99.66,100.32,103.74,99.47,42.63,53.03,2.65,-2.21,0.29,17.11,9.61,2.03,-2.14,76.72,7,8,26,53.85,0.41,65.38,2.34,61.54,2.68,57.69,3.84,57.69,3.37,POSITIVE,76.73,STRONG,No strong driver,"Trend, Momentum, Structure",-4.17,-0.97,94.51,97.66,102.25,MODERATE,39311294.0,NOT_AVAILABLE,NOT_AVAILABLE,,932,1032
933,TIINDIA,2026-08-31,2780.0,Bearish,48.05,51.9,-5,25,6/10,Medium,42.84,82.64,2.97,2.5,2847.46,2879.99,2874.35,2.1211,-6.8731,0.37,15.83,2881.72,-3.53,2.18,0.312,-2.11,-3.47,1.41,0.51,-0.42,63.76,2885.7,2831.5,2840.0,2936.9,2831.5,45.53,50.13,1.82,-1.65,0.07,7.37,6.97,1.8,-2.2,84.56,7,10,18,38.89,-0.13,55.56,0.58,61.11,1.38,77.78,1.86,61.11,2.62,POSITIVE,76.57,STRONG,Liquidity,"Trend, Momentum, Structure",-4.46,-1.04,2656.04,2751.08,2885.7,MODERATE,1370834718.0,NOT_AVAILABLE,NOT_AVAILABLE,,933,701
934,ZENTEC,2026-08-31,1779.1,Bearish,48.03,51.24,-6,20,7/10,High,44.78,62.12,3.49,6.67,1830.96,1791.05,1639.49,-9.2223,-5.8818,0.92,70.0,1870.44,-4.88,3.08,0.318,-2.25,-6.53,-4.58,7.41,-0.34,50.65,1837.0,1805.3,1820.1,1932.8,1805.3,46.97,48.55,2.35,-1.95,0.38,24.74,10.0,2.15,-3.08,80.7,10,10,100,47.0,0.06,57.0,1.0,62.0,1.8,75.0,4.25,79.0,5.59,POSITIVE,82.95,STRONG,Liquidity,"Trend, Momentum, Structure",-5.24,-1.22,1685.92,1757.36,1870.44,HIGH,1012508323.0,NOT_AVAILABLE,NOT_AVAILABLE,,934,727
935,STYLEBAAZA,2026-08-31,400.85,Bullish,48.01,44.88,4,70,5/10,Medium,61.93,18.21,4.54,10.83,376.29,346.11,324.86,0.8101,-1.6362,0.37,22.5,397.75,0.78,3.94,0.735,-2.42,1.02,4.52,44.16,-0.19,67.97,413.65,400.0,410.8,425.05,377.0,43.87,52.77,3.02,-2.39,0.15,19.37,14.03,2.19,-2.54,80.57,7,8,46,39.13,-0.47,36.96,-1.31,34.78,-1.86,32.61,-5.11,19.57,-8.06,NEGATIVE,18.59,NEGATIVE,Trend + Momentum + VWAP + RSI,Delivery,1.59,6.81,407.22,428.16,397.75,HIGH,698877406.0,NOT_AVAILABLE,NOT_AVAILABLE,,935,990
936,ICICIGI,2026-08-31,1566.9,Neutral-Range,47.98,45.51,-3,35,6/10,Medium,32.83,34.16,2.18,4.17,1619.02,1668.93,1780.23,-2.9423,-0.6785,1.31,83.33,1622.42,-3.42,1.77,0.116,0.31,-3.28,-3.65,-6.45,0.33,74.27,1589.0,1550.1,1562.0,1629.6,1550.1,47.11,48.55,1.15,-1.06,0.06,5.13,5.26,1.73,-1.93,83.05,8,7,100,47.0,0.21,53.0,0.39,54.0,0.75,59.0,1.49,65.0,2.14,MIXED,63.51,POSITIVE,Volume + Delivery + Liquidity,"Trend, Momentum, Structure",-2.18,2.18,1532.74,1601.06,1562.0,MODERATE,1741049094.0,NOT_AVAILABLE,NOT_AVAILABLE,,936,962
937,ALBERTDAVD,2026-08-31,897.9,Neutral-Range,47.97,45.83,3,65,3/10,Low,75.62,30.08,3.35,45.83,830.26,775.04,754.38,5.4433,-1.0903,0.54,39.17,828.34,8.4,4.66,0.862,-0.08,1.04,11.39,29.65,0.63,47.71,912.0,880.05,898.6,912.0,860.0,45.0,50.66,1.89,-1.58,0.33,24.08,9.34,1.9,-2.28,89.47,8,9,47,27.66,-0.66,38.3,-1.17,29.79,-1.53,31.91,-1.39,23.4,-2.42,NEGATIVE,24.91,NEGATIVE,Trend + Structure + VWAP,None material,-3.35,3.35,867.82,927.98,898.6,HIGH,22256438.0,NOT_AVAILABLE,NOT_AVAILABLE,,937,951
938,TIRUPATIFL,2026-08-31,68.99,Neutral-Range,47.95,47.86,0,50,2/10,Low,51.61,4.02,5.83,41.67,68.74,65.44,51.47,-0.0172,-0.0109,0.63,51.67,68.26,1.08,6.05,0.518,-1.13,-2.46,7.39,-5.62,0.3,,70.5,68.5,69.78,74.0,66.6,45.0,49.47,3.18,-2.31,0.29,36.97,28.68,2.64,-2.39,48.43,13,15,100,36.0,-0.17,38.0,0.14,40.0,0.02,41.0,0.18,52.0,5.08,MIXED,44.15,MIXED,Trend + VWAP,"Momentum, MACD",-5.83,5.83,64.97,73.01,69.78,VERY_HIGH,15278536.0,NOT_AVAILABLE,NOT_AVAILABLE,,938,857
939,KANPRPLA,2026-08-31,267.71,Bullish,47.92,45.65,4,70,5/10,Medium,62.04,15.27,5.7,45.83,250.62,228.62,203.01,0.9364,-0.8177,0.13,5.0,258.06,3.74,3.21,0.807,-1.69,-2.99,1.85,26.87,0.74,50.73,275.0,261.36,272.32,283.14,260.32,46.05,49.34,2.46,-1.98,0.28,23.03,17.11,2.35,-2.0,92.75,9,7,100,44.0,-0.28,33.0,-1.34,32.0,-2.28,34.0,-2.66,27.0,-2.84,NEGATIVE,18.34,NEGATIVE,Trend + Momentum + Structure + VWAP,Delivery,2.0,8.56,273.05,290.61,258.06,VERY_HIGH,25964314.0,NOT_AVAILABLE,NOT_AVAILABLE,,939,959
940,HINDCOPPER,2026-08-31,525.35,Bearish,47.91,44.71,-5,25,6/10,Medium,47.54,22.45,4.27,75.0,537.84,525.88,490.1,-4.1709,-1.3742,0.48,14.17,547.02,-3.96,1.76,0.365,-1.54,-8.5,-8.26,6.12,-1.04,41.71,543.0,530.0,533.55,586.75,526.2,48.29,47.24,2.43,-2.04,0.28,19.08,9.34,2.12,-2.47,67.84,9,7,17,52.94,0.37,70.59,1.02,70.59,2.03,47.06,3.32,58.82,5.0,STRONG,76.18,STRONG,Liquidity,"Trend, Momentum, Structure",-6.41,-1.5,491.67,517.49,547.02,HIGH,9968267583.0,NOT_AVAILABLE,NOT_AVAILABLE,,940,1000
941,RECLTD,2026-08-31,323.3,Neutral-Range,47.89,42.38,-1,45,4/10,Low,33.75,7.72,2.39,31.67,335.9,345.91,357.04,-1.8096,0.6523,1.29,80.83,338.75,-4.56,3.85,0.199,2.05,-1.4,-4.91,-12.17,0.02,58.23,321.95,316.0,316.8,329.45,316.0,49.34,45.79,1.77,-1.77,0.18,11.45,7.5,1.89,-1.95,77.07,8,8,100,57.0,0.27,53.0,0.32,52.0,0.35,44.0,0.1,47.0,0.87,MIXED,50.4,MIXED,Volume + Delivery + Liquidity,"Trend, Momentum, VWAP",-2.39,2.39,315.58,331.02,316.8,MODERATE,2097639305.0,NOT_AVAILABLE,NOT_AVAILABLE,,941,1102
942,DSSL,2026-08-31,1041.3,Bearish,47.88,45.14,-6,20,6/10,Medium,27.97,44.33,4.26,14.17,1137.73,1205.38,1159.8,-8.4845,-0.1677,1.07,74.17,1147.04,-9.22,3.08,0.019,-2.67,-3.59,-10.09,-16.92,0.0,74.93,1084.1,1067.0,1069.9,1119.9,1055.0,42.37,53.29,2.8,-2.02,0.53,27.89,8.68,2.35,-2.63,87.32,6,7,14,50.0,0.78,85.71,3.36,85.71,3.48,50.0,2.39,50.0,-1.5,STRONG,82.5,STRONG,No strong driver,"Trend, Momentum, Structure",-6.39,-1.49,974.8,1025.78,1147.04,HIGH,30543626.0,NOT_AVAILABLE,NOT_AVAILABLE,,942,978
943,PDSL,2026-08-31,368.1,Neutral-Range,47.85,49.79,0,50,3/10,Low,52.62,12.58,3.42,1.67,366.59,356.88,341.08,-0.7525,0.0043,1.37,86.67,370.92,-0.76,3.46,0.451,-0.45,0.49,-2.19,3.04,-0.88,54.52,371.95,364.05,369.75,375.45,359.65,41.97,53.55,2.15,-1.67,0.18,15.13,7.76,1.89,-2.28,86.77,8,11,64,39.06,-0.07,37.5,-0.04,39.06,0.23,45.31,-0.4,48.44,-1.11,MIXED,43.85,MIXED,Trend + Momentum + RSI,"Volume, VWAP, Delivery",-3.42,3.42,355.52,380.68,369.75,HIGH,46509860.0,NOT_AVAILABLE,NOT_AVAILABLE,,943,768
944,SUNDARMFIN,2026-08-31,4540.0,Neutral-Range,47.8,49.9,-3,35,4/10,Low,49.7,110.66,2.44,3.33,4547.58,4540.81,4672.0,1.4015,-1.8192,4.73,99.17,4578.53,-0.84,1.68,0.268,-0.75,0.77,0.36,-5.98,0.0,71.56,4646.9,4545.5,4574.4,4665.7,4470.1,48.82,46.71,1.7,-1.6,0.09,6.97,6.18,1.65,-1.85,89.59,9,8,100,54.0,0.35,55.0,0.72,61.0,1.02,58.0,0.57,55.0,1.03,POSITIVE,63.01,POSITIVE,Liquidity,"Trend, Structure, VWAP",-2.44,2.44,4429.34,4650.66,4574.4,MODERATE,224622916.0,NOT_AVAILABLE,NOT_AVAILABLE,,944,765
945,CAPLIPOINT,2026-08-31,2517.4,Neutral-Range,47.8,44.92,2,60,2/10,Low,48.71,81.53,3.24,40.0,2531.08,2479.71,2164.24,-4.0844,0.6932,0.99,72.5,2524.27,-0.27,3.84,0.466,0.01,0.85,-0.18,-1.9,0.05,51.51,2597.9,2510.0,2517.2,2597.9,2459.8,48.03,47.63,1.94,-1.65,0.17,8.95,5.26,2.06,-2.58,86.59,7,6,9,33.33,-0.43,0.0,-1.98,11.11,-2.12,55.56,0.25,55.56,1.59,NEGATIVE,30.85,NEGATIVE,Delivery + Liquidity,None material,-3.24,3.24,2435.87,2598.93,2517.2,HIGH,236377278.0,NOT_AVAILABLE,NOT_AVAILABLE,,944,988
946,KOHINOOR,2026-08-31,33.96,Neutral-Range,47.8,44.78,3,65,3/10,Low,71.98,2.01,5.91,83.33,30.55,27.49,26.93,0.533,-0.2249,0.29,7.5,32.63,4.06,4.3,0.715,-1.42,-6.88,22.25,46.06,-0.73,49.78,34.95,33.91,34.45,38.47,32.75,39.74,54.74,2.32,-1.61,0.52,34.61,12.89,2.28,-2.26,93.31,8,9,55,27.27,-1.06,27.27,-1.27,29.09,-1.27,41.82,-2.58,21.82,-4.14,NEGATIVE,24.42,NEGATIVE,Trend + Momentum + VWAP,None material,-5.91,5.91,31.95,35.97,34.45,VERY_HIGH,13345123.0,NOT_AVAILABLE,NOT_AVAILABLE,,944,994
947,RITES,2026-08-31,218.44,Neutral-Range,47.78,49.37,-1,45,2/10,Low,47.93,5.13,2.35,0.83,219.66,218.56,224.27,-0.6757,0.1634,0.55,52.5,225.54,-3.15,2.04,0.212,0.66,-0.77,-1.48,-0.4,0.0,39.5,218.5,216.6,217.0,222.99,216.32,44.74,50.66,1.97,-1.85,0.13,12.76,7.76,2.01,-3.04,72.98,7,7,12,33.33,0.01,50.0,-0.25,58.33,0.29,50.0,-1.0,50.0,-1.0,POSITIVE,50.08,MIXED,Liquidity,"Trend, VWAP",-2.35,2.35,213.31,223.57,217.0,MODERATE,150461621.0,NOT_AVAILABLE,NOT_AVAILABLE,,947,788
948,GALLANTT,2026-08-31,567.25,Bearish,47.78,46.12,-6,20,6/10,Medium,37.99,20.26,3.57,1.67,587.06,615.41,624.82,1.2421,-0.6739,0.83,75.0,594.78,-4.63,2.76,0.06,-1.83,-2.24,-2.69,-9.62,0.0,52.13,585.85,574.75,577.85,597.65,573.25,47.24,48.16,2.62,-1.98,0.37,28.16,13.29,2.31,-2.64,88.38,9,8,63,57.14,0.7,58.73,1.89,63.49,2.73,71.43,6.91,80.95,8.1,POSITIVE,82.22,STRONG,No strong driver,"Trend, Momentum, Structure",-5.36,-1.25,536.85,560.16,594.78,HIGH,35290131.0,NOT_AVAILABLE,NOT_AVAILABLE,,947,938
949,REDINGTON,2026-08-31,357.75,Neutral-Range,47.75,47.64,0,50,4/10,Low,62.14,14.68,4.1,60.0,342.75,313.58,271.13,-0.7479,-0.3905,0.75,65.83,352.28,1.55,3.35,0.628,-2.25,-2.01,7.5,2.85,0.14,53.03,378.5,360.0,366.0,378.5,349.25,47.89,47.11,2.0,-1.73,0.2,10.13,7.76,2.01,-1.99,84.69,9,7,100,40.0,-0.22,38.0,-0.75,45.0,-0.52,41.0,0.14,46.0,1.84,MIXED,43.58,MIXED,Trend + VWAP + RSI + Liquidity,"Momentum, Structure, MACD",-4.1,4.1,343.07,372.43,366.0,HIGH,2039651210.0,NOT_AVAILABLE,NOT_AVAILABLE,,949,874
950,KNAGRI,2026-08-31,217.42,Neutral-Range,47.73,45.33,2,60,3/10,Low,54.39,9.52,4.38,39.17,214.0,209.57,202.17,0.2709,-0.0986,0.29,18.33,216.46,0.44,5.6,0.594,-1.17,-1.71,0.57,5.0,-0.87,61.56,220.0,214.1,219.99,230.0,212.8,44.99,49.15,2.59,-2.14,0.83,47.61,14.48,2.39,-2.58,87.29,9,6,100,42.0,-0.29,38.0,-0.42,38.0,-0.67,33.0,-1.63,32.0,-2.11,NEGATIVE,30.65,NEGATIVE,Trend + Momentum + RSI,Delivery,-4.38,4.38,207.9,226.94,219.99,HIGH,5670953.0,NOT_AVAILABLE,NOT_AVAILABLE,,950,973
951,MARATHON,2026-08-31,413.05,Neutral-Range,47.67,42.03,3,65,5/10,Medium,57.19,19.83,4.8,69.17,393.2,398.12,452.33,7.2091,-0.8521,0.49,17.5,409.63,0.83,3.55,0.719,-2.02,-2.31,15.12,2.68,0.36,75.93,430.15,418.25,421.55,440.0,361.6,42.5,52.76,2.4,-1.88,0.13,13.55,9.61,2.11,-2.33,87.2,10,8,100,36.0,-0.4,37.0,-0.63,40.0,-1.25,37.0,-3.22,33.0,-3.53,NEGATIVE,24.07,NEGATIVE,Trend + Momentum + VWAP + RSI,"Structure, Delivery",-4.8,4.8,393.22,432.88,421.55,HIGH,171449069.0,NOT_AVAILABLE,NOT_AVAILABLE,,951,1117
952,NARMADA,2026-08-31,13.83,Neutral-Range,47.67,36.02,-1,45,3/10,Low,26.8,1.44,10.4,82.5,16.65,23.39,28.37,0.7089,0.0235,0.17,8.33,14.66,-5.68,3.94,0.206,-0.93,-4.62,-4.29,-14.94,0.0,57.23,14.1,13.78,13.96,15.15,13.34,45.0,47.89,2.48,-2.26,0.61,37.5,13.03,2.5,-2.83,83.91,12,11,100,44.0,-0.16,42.0,-0.29,47.0,-0.2,51.0,0.32,58.0,1.59,MIXED,49.78,MIXED,Momentum + MACD,"Trend, VWAP, Delivery",-10.4,10.4,12.39,15.27,13.96,VERY_HIGH,19778626.0,NOT_AVAILABLE,NOT_AVAILABLE,,951,1381
953,ANGELONE,2026-08-31,286.9,Bearish,47.6,40.03,-4,30,5/10,Medium,38.7,9.16,3.19,14.17,295.68,316.95,900.35,1.4882,-0.5756,2.94,95.83,293.02,-2.09,5.27,0.318,-2.41,0.31,-2.25,-5.0,-0.46,48.5,297.7,291.65,294.0,305.45,284.0,46.58,48.95,2.33,-2.26,0.09,15.13,8.55,1.93,-3.99,78.43,8,9,100,49.0,0.2,53.0,0.9,47.0,1.48,51.0,3.41,61.0,5.3,MIXED,68.86,POSITIVE,Liquidity,"Trend, Momentum, Structure",-4.79,-1.12,273.15,283.69,297.7,HIGH,1527897558.0,NOT_AVAILABLE,NOT_AVAILABLE,,953,1209
954,CAMLINFINE,2026-08-31,102.63,Bearish,47.59,36.7,-5,25,6/10,Medium,33.59,5.0,4.87,16.67,111.27,118.66,136.6,-0.5366,0.0872,0.39,21.67,111.58,-8.02,2.56,0.045,-0.86,-4.22,-10.06,-20.11,0.03,57.21,104.4,102.51,103.52,111.38,102.5,43.82,51.84,2.64,-2.25,0.08,14.47,14.47,2.17,-2.45,82.16,7,8,20,35.0,-0.69,50.0,-0.21,55.0,1.7,60.0,3.33,40.0,-0.02,POSITIVE,75.25,STRONG,Liquidity,"Trend, Momentum, Structure",-7.31,-1.7,95.13,100.88,111.58,HIGH,192932674.0,NOT_AVAILABLE,NOT_AVAILABLE,,954,1354
955,JUBLINGREA,2026-08-31,674.9,Bearish,47.58,51.88,-6,20,7/10,Medium,34.54,22.85,3.39,22.5,712.33,708.85,684.27,-6.9975,-0.5855,2.16,93.33,719.95,-6.26,3.07,0.104,-1.26,-4.7,-7.9,-10.9,-0.66,63.36,698.0,681.0,683.5,726.95,681.0,45.26,50.39,2.06,-1.7,0.14,10.39,7.89,1.88,-1.98,85.28,7,8,9,44.44,0.37,44.44,1.24,55.56,1.52,77.78,6.05,88.89,7.22,POSITIVE,81.67,STRONG,Liquidity,"Trend, Momentum, Structure",-5.08,-1.18,640.63,666.9,719.95,HIGH,217319518.0,NOT_AVAILABLE,NOT_AVAILABLE,,955,703
956,AUTOAXLES,2026-08-31,1728.6,Bearish,47.58,45.92,-6,20,6/10,Medium,38.8,42.14,2.44,5.0,1768.07,1782.15,1790.82,-6.5456,0.8311,0.22,2.5,1860.88,-7.11,1.26,0.055,-0.67,-0.87,-3.27,-8.08,0.0,64.26,1744.9,1714.2,1740.2,1774.5,1714.2,44.87,50.79,1.32,-1.2,0.14,7.11,6.05,1.78,-1.79,85.49,5,7,15,53.33,0.63,60.0,1.81,66.67,2.14,66.67,3.74,66.67,3.26,STRONG,81.67,STRONG,No strong driver,"Trend, Momentum, Structure",-3.66,-0.85,1665.39,1713.85,1860.88,MODERATE,23190336.0,NOT_AVAILABLE,NOT_AVAILABLE,,955,943
957,TERASOFT,2026-08-31,287.2,Bearish,47.58,36.86,-5,25,5/10,Medium,23.98,22.99,8.0,99.17,336.47,363.85,372.16,-5.5756,0.2566,0.76,48.33,359.03,-20.01,6.92,0.025,-3.56,-7.49,-14.7,-26.19,-0.5,58.1,307.75,295.3,297.8,324.4,295.0,45.66,48.95,3.33,-2.45,0.49,37.11,25.79,2.85,-2.26,60.34,16,14,94,47.87,0.19,47.87,0.46,54.26,1.25,60.64,4.02,71.28,9.44,MIXED,75.22,STRONG,No strong driver,"Trend, Momentum, Structure",-12.01,-2.8,252.72,279.15,359.03,VERY_HIGH,12983353.0,NOT_AVAILABLE,NOT_AVAILABLE,,955,1346
958,GNFC,2026-08-31,574.75,Neutral-Range,47.56,50.38,0,50,3/10,Low,56.2,15.01,2.61,6.67,569.0,545.32,509.4,-1.8368,-1.0571,0.89,57.5,572.23,0.44,2.11,0.57,-0.91,-3.08,-4.31,11.36,0.32,60.02,591.95,572.95,580.05,603.65,572.95,48.16,47.24,1.45,-1.46,0.13,7.11,5.26,1.73,-2.36,73.36,7,7,56,39.29,-0.21,37.5,-0.37,41.07,0.29,42.86,-0.63,39.29,-0.63,MIXED,43.02,MIXED,Trend + RSI + Liquidity,"Momentum, MACD, Delivery",-2.61,2.61,559.74,589.76,580.05,MODERATE,396018177.0,NOT_AVAILABLE,NOT_AVAILABLE,,958,752
959,ACE,2026-08-31,1110.5,Neutral-Range,47.54,51.26,-3,35,4/10,Low,50.31,38.59,3.47,53.33,1123.03,1066.72,993.92,-6.6671,-3.0928,0.86,56.67,1142.28,-2.78,4.58,0.361,-2.64,-4.86,-0.29,0.46,0.74,48.57,1154.1,1132.0,1140.6,1192.0,1128.2,45.13,50.26,2.17,-1.76,0.31,13.42,5.92,1.99,-2.19,80.97,6,7,9,66.67,0.47,55.56,0.57,44.44,-1.68,77.78,2.8,77.78,7.23,NEGATIVE,62.26,POSITIVE,Liquidity,"Momentum, Structure, VWAP",-3.47,3.47,1071.91,1149.09,1140.6,HIGH,432787338.0,NOT_AVAILABLE,NOT_AVAILABLE,,959,726
960,PREMIERPOL,2026-08-31,90.58,Neutral-Range,47.51,49.69,3,65,4/10,Low,63.68,5.26,5.8,56.67,84.29,75.89,63.57,0.8156,-0.4004,0.46,35.83,87.17,3.91,7.31,0.753,-3.49,1.64,8.36,23.14,0.69,45.15,97.99,92.5,93.86,97.99,86.97,42.5,52.63,3.23,-2.31,0.5,37.37,14.87,2.41,-3.05,82.76,8,18,82,34.15,-0.03,31.71,-2.71,39.02,-2.53,42.68,-6.26,48.78,-7.96,NEGATIVE,23.59,NEGATIVE,Trend + Momentum + VWAP + RSI,Structure,-5.8,5.8,85.32,95.84,93.86,VERY_HIGH,67036332.0,NOT_AVAILABLE,NOT_AVAILABLE,,960,775
961,LAMBODHARA,2026-08-31,141.38,Bullish,47.51,42.53,5,75,5/10,Medium,74.15,7.31,5.17,53.33,125.41,118.02,115.12,2.9509,-0.2126,0.34,34.17,138.54,2.05,2.17,0.861,2.09,-0.22,28.41,27.03,1.09,72.3,145.7,137.24,138.48,147.19,119.5,42.24,53.29,2.64,-2.02,0.58,33.68,9.21,2.14,-2.06,89.9,7,9,40,25.0,-1.58,25.0,-2.96,22.5,-4.58,22.5,-5.56,20.0,-6.04,NEGATIVE,10.75,NEGATIVE,Trend + Structure + VWAP + Gap,None material,1.81,7.76,143.94,152.35,137.24,VERY_HIGH,12526832.0,NOT_AVAILABLE,NOT_AVAILABLE,,960,1099
962,RELTD,2026-08-31,159.17,Neutral-Range,47.5,43.77,-3,35,4/10,Low,42.92,6.86,4.31,7.5,162.83,162.22,151.11,-0.868,0.2619,1.11,81.67,164.74,-3.38,3.99,0.216,1.54,-1.38,-0.44,-4.58,0.15,56.76,164.0,155.0,156.76,168.6,155.0,46.63,50.0,2.84,-2.31,0.55,35.96,14.79,2.63,-2.96,84.18,18,7,100,46.0,0.04,45.0,0.68,48.0,1.09,51.0,2.03,60.0,3.38,MIXED,62.13,POSITIVE,Delivery,"Trend, Momentum, VWAP",-4.31,4.31,152.31,166.03,156.76,HIGH,31028960.0,NOT_AVAILABLE,NOT_AVAILABLE,,962,1035
963,TORNTPOWER,2026-08-31,1215.1,Bearish,47.37,45.13,-4,30,5/10,Medium,23.63,28.99,2.39,4.17,1283.1,1347.97,1406.39,-3.7646,0.4019,1.7,91.67,1284.18,-5.38,1.49,0.039,-0.21,-2.5,-7.44,-12.69,0.02,67.9,1237.4,1212.6,1217.7,1273.9,1212.6,47.37,48.29,1.82,-1.59,0.18,10.39,5.53,2.23,-2.89,83.44,7,8,100,52.0,0.29,60.0,0.98,59.0,1.01,65.0,1.44,59.0,2.15,POSITIVE,68.2,POSITIVE,Liquidity,"Trend, Momentum, Structure",-3.58,-0.84,1171.61,1204.95,1284.18,MODERATE,366792478.0,NOT_AVAILABLE,NOT_AVAILABLE,,963,979
964,COASTCORP,2026-08-31,40.96,Neutral-Range,47.36,40.27,0,50,3/10,Low,32.3,2.14,5.23,11.67,42.71,46.11,51.85,0.1568,0.0767,0.51,26.67,43.27,-5.34,3.79,0.263,0.84,-0.9,-1.89,-19.75,0.71,49.85,40.93,40.3,40.62,42.0,40.2,42.89,52.5,2.52,-2.25,0.47,33.29,12.76,2.34,-2.89,89.81,5,9,100,49.0,0.07,45.0,-0.17,48.0,-0.72,54.0,-1.34,51.0,-3.25,MIXED,42.46,NEGATIVE,Momentum + Structure + MACD,"Trend, VWAP, RSI",-5.23,5.23,38.82,43.1,40.62,VERY_HIGH,8489542.0,NOT_AVAILABLE,NOT_AVAILABLE,,964,1193
965,TECHERA,2026-08-31,168.9,Bearish,47.34,43.47,-5,25,5/10,Medium,50.36,7.67,4.54,2.5,169.69,167.72,179.29,-0.9668,-0.1541,0.42,16.67,173.62,-2.72,2.66,0.445,-0.12,-0.76,-1.2,9.25,-0.38,69.05,174.5,165.0,169.1,181.0,165.0,51.79,44.62,3.63,-3.97,0.47,41.83,25.1,3.51,-4.15,70.38,11,8,100,46.0,0.13,52.0,1.65,55.0,3.4,58.0,4.44,56.0,5.44,POSITIVE,74.55,STRONG,No strong driver,"Trend, Momentum, VWAP",-6.81,-1.59,157.39,166.22,174.5,HIGH,13938282.0,NOT_AVAILABLE,NOT_AVAILABLE,,965,1054
966,SAHYADRI,2026-08-31,356.2,Neutral-Range,47.28,43.93,3,65,4/10,Low,57.33,18.98,5.33,60.83,346.14,322.7,286.1,-4.0965,0.5138,0.62,48.33,360.69,-1.24,7.44,0.487,3.67,1.41,-8.23,8.96,0.41,68.87,356.85,340.0,343.6,376.55,332.3,46.05,49.47,1.91,-1.77,0.42,26.18,11.71,2.31,-2.15,93.28,6,7,100,37.0,-0.43,39.0,-0.7,31.0,-1.29,30.0,-2.06,27.0,-1.91,NEGATIVE,22.95,NEGATIVE,Trend + Momentum + RSI + Delivery,VWAP,-5.33,5.33,337.22,375.18,343.6,VERY_HIGH,14218538.0,NOT_AVAILABLE,NOT_AVAILABLE,,966,1029
967,SIEMENS,2026-08-31,4030.0,Neutral-Range,47.23,53.98,-1,45,4/10,Low,58.67,97.22,2.41,1.67,3965.51,3833.94,3612.43,-0.234,-4.8587,0.49,12.5,4018.68,0.28,1.75,0.595,-1.44,-2.04,2.21,3.33,-0.67,61.89,4113.0,4060.0,4089.0,4149.4,3903.3,51.58,44.08,1.44,-1.59,0.13,7.5,5.39,1.94,-3.38,80.35,10,8,63,57.14,-0.01,49.21,-1.28,50.79,-0.63,53.97,-0.16,52.38,-0.29,MIXED,48.51,MIXED,Trend + RSI + Liquidity,"Momentum, Structure, MACD",-2.41,2.41,3932.78,4127.22,4089.0,MODERATE,1804197267.0,NOT_AVAILABLE,NOT_AVAILABLE,,967,612
968,MPHASIS,2026-08-31,2427.4,Neutral-Range,47.23,48.84,-2,40,3/10,Low,50.58,66.79,2.75,1.67,2432.86,2390.27,2427.41,-10.5996,0.6027,0.87,50.83,2466.07,-1.57,2.31,0.287,-1.12,0.02,-3.29,-0.07,-0.46,55.67,2482.0,2425.1,2455.0,2482.0,2385.3,47.63,47.89,1.5,-1.46,0.15,12.76,9.08,1.86,-2.24,74.64,9,8,100,48.0,0.15,48.0,0.28,49.0,0.51,54.0,0.46,59.0,1.21,MIXED,54.93,MIXED,Liquidity,"Trend, VWAP, Delivery",-2.75,2.75,2360.61,2494.19,2455.0,MODERATE,1005437557.0,NOT_AVAILABLE,NOT_AVAILABLE,,967,809
969,WAAREERTL,2026-08-31,872.5,Neutral-Range,47.2,40.96,-2,40,4/10,Low,33.17,16.91,1.94,2.5,893.82,925.59,955.52,1.8518,0.0366,0.89,64.17,890.61,-2.03,1.2,0.142,-0.71,0.02,-2.73,-5.13,-0.16,47.76,884.7,870.05,878.7,894.7,864.0,41.85,53.65,2.17,-1.62,0.27,16.29,7.87,2.35,-2.5,75.81,7,8,42,47.62,0.23,50.0,1.1,47.62,0.4,45.24,1.44,47.62,2.97,MIXED,54.86,MIXED,Momentum + MACD,"Trend, Structure, VWAP",-1.94,1.94,855.59,889.41,878.7,LOW,86641519.0,NOT_AVAILABLE,NOT_AVAILABLE,,969,1165
970,IXIGO,2026-08-31,163.02,Bearish,47.2,39.98,-5,25,6/10,Medium,32.98,6.58,4.03,13.33,174.1,181.31,192.67,-0.8233,0.1627,0.87,70.83,174.74,-6.71,3.13,0.077,-0.21,-2.78,-5.5,-18.33,-0.28,56.01,167.91,163.0,163.36,172.19,162.4,47.34,49.11,2.4,-2.22,0.16,14.89,9.75,2.16,-2.63,80.79,10,8,73,47.95,0.08,50.68,0.59,56.16,1.22,63.01,3.14,61.64,3.57,POSITIVE,74.15,STRONG,Liquidity,"Trend, Momentum, Structure",-6.05,-1.41,153.16,160.72,174.74,HIGH,196066675.0,NOT_AVAILABLE,NOT_AVAILABLE,,969,1212
971,LIQUIDIETF,2026-08-31,999.99,Bullish,47.19,33.84,4,70,4/10,Low,51.85,1.53,0.15,81.67,999.96,999.96,999.98,0.0138,-0.0014,1.6,88.33,999.95,0.0,0.0,1.0,0.0,0.0,0.0,0.0,0.0,54.31,1000.01,999.99,999.99,1000.01,999.95,5.34,5.19,0.01,-0.01,-0.0,0.14,0.14,3.0,-3.0,100.0,1,2,28,3.57,0.0,7.14,0.0,3.57,0.0,0.0,-0.0,10.71,-0.0,MIXED,16.25,NEGATIVE,Trend + Volume + Structure + Liquidity,None material,0.1,0.23,1000.99,1002.29,999.95,LOW,510149930.0,NOT_AVAILABLE,NOT_AVAILABLE,,971,1452
972,EPACK,2026-08-31,187.35,Bearish,47.18,45.08,-6,20,6/10,Medium,19.41,6.52,3.48,15.83,208.39,220.83,251.62,-1.9405,-0.1675,1.37,88.33,210.34,-10.93,3.13,0.028,-2.4,-6.93,-11.08,-18.52,0.0,44.72,197.5,190.98,191.95,206.39,190.98,44.43,51.51,2.64,-2.21,0.4,22.29,10.09,2.34,-2.94,78.33,10,12,10,30.0,-0.37,50.0,0.62,50.0,1.28,80.0,6.63,80.0,9.12,MIXED,80.5,STRONG,No strong driver,"Trend, Momentum, Volume",-5.22,-1.22,177.57,185.07,210.34,HIGH,95506749.0,NOT_AVAILABLE,NOT_AVAILABLE,,972,982
973,SWSOLAR,2026-08-31,189.33,Bearish,47.18,42.41,-6,20,7/10,Medium,32.89,6.28,3.31,11.67,200.16,207.03,218.25,0.069,-0.3872,1.34,84.17,199.59,-5.14,3.67,0.058,-3.09,-1.11,-7.02,-9.16,-0.45,52.83,201.56,195.01,195.37,203.38,188.82,43.55,52.11,2.52,-2.19,0.35,21.18,10.13,2.19,-2.63,78.55,9,9,10,70.0,1.97,70.0,2.28,70.0,3.25,60.0,3.33,60.0,2.09,STRONG,80.5,STRONG,Liquidity,"Trend, Momentum, Volume",-4.97,-1.16,179.92,187.13,201.56,HIGH,132009363.0,NOT_AVAILABLE,NOT_AVAILABLE,,972,1100
974,GRWRHITECH,2026-08-31,7137.5,Neutral-Range,47.16,52.66,-1,45,4/10,Low,52.4,234.01,3.28,4.17,7117.7,6853.39,5367.86,-13.7766,-1.4539,0.49,17.5,7179.31,-0.58,2.73,0.295,-1.2,-1.34,1.53,-0.62,0.9,58.0,7309.5,7065.5,7224.5,7443.0,6980.0,47.5,48.16,2.99,-2.34,0.31,20.26,11.18,2.43,-2.54,85.97,12,8,8,37.5,-0.7,25.0,-0.67,50.0,-0.29,50.0,-0.13,62.5,-0.98,MIXED,48.32,MIXED,Trend + RSI + Liquidity,"Momentum, VWAP, MACD",-3.28,3.28,6903.49,7371.51,7224.5,HIGH,676431578.0,NOT_AVAILABLE,NOT_AVAILABLE,,974,661
975,PGHL,2026-08-31,5768.0,Neutral-Range,47.1,46.39,-2,40,4/10,Low,34.99,138.62,2.4,25.83,5950.16,6097.45,5820.63,-6.3911,8.6836,1.12,76.67,5973.13,-3.43,2.8,0.124,1.72,-1.8,-1.17,-11.28,-0.52,55.71,5750.0,5640.0,5670.5,5919.5,5640.0,48.29,47.11,1.05,-1.01,0.1,5.0,3.42,1.98,-2.13,90.47,5,7,100,50.0,0.08,56.0,0.16,57.0,0.4,46.0,0.48,41.0,-0.26,POSITIVE,54.57,MIXED,Delivery + Liquidity,"Trend, Momentum, VWAP",-2.4,2.4,5629.38,5906.62,5670.5,MODERATE,112884307.0,NOT_AVAILABLE,NOT_AVAILABLE,,975,927
976,JUNIPER,2026-08-31,214.36,Bullish,47.1,40.83,4,70,5/10,Medium,67.35,6.58,3.07,13.33,204.96,201.33,218.86,1.8033,-0.2098,0.67,50.0,200.57,6.88,3.35,0.84,-0.11,2.51,11.59,8.4,0.75,59.5,217.9,213.45,214.59,217.9,205.6,43.7,52.26,1.92,-1.74,0.3,23.33,11.98,1.93,-1.9,93.27,7,10,100,37.0,-0.33,36.0,-1.04,33.0,-1.9,27.0,-3.14,22.0,-3.92,NEGATIVE,16.0,NEGATIVE,Trend + Momentum + Structure + VWAP,Delivery,1.07,4.61,216.66,224.23,200.57,HIGH,82543043.0,NOT_AVAILABLE,NOT_AVAILABLE,,975,1166
977,BANKIETF,2026-08-31,59.03,Neutral-Range,47.09,49.99,-3,35,3/10,Low,49.37,0.64,1.09,0.83,59.11,58.82,58.09,-0.0211,-0.0092,0.38,27.5,59.1,-0.13,0.64,0.208,-0.17,0.22,-0.59,-0.02,-0.54,63.22,59.36,58.91,59.13,59.6,58.75,48.92,45.74,0.7,-0.67,0.69,29.29,4.62,2.28,-2.17,95.67,8,8,100,57.0,0.17,60.0,0.35,62.0,0.47,58.0,0.52,57.0,0.5,POSITIVE,60.96,POSITIVE,No strong driver,"Momentum, MACD, Delivery",-1.09,1.09,58.39,59.67,59.13,LOW,30211481.0,NOT_AVAILABLE,NOT_AVAILABLE,,977,762
978,LGBBROSLTD,2026-08-31,1692.4,Bullish,47.09,42.37,4,70,5/10,Medium,68.79,40.77,2.41,10.83,1620.48,1596.37,1615.44,12.875,-0.8741,0.74,40.83,1615.86,4.74,1.97,0.834,-1.47,5.63,5.59,10.44,-0.49,59.78,1724.6,1675.1,1717.7,1729.8,1592.1,47.24,48.16,1.59,-1.39,0.22,12.89,6.97,1.87,-1.94,81.89,6,8,14,35.71,-0.42,35.71,-0.62,21.43,-1.47,21.43,-2.04,35.71,-2.08,NEGATIVE,15.96,NEGATIVE,Trend + Momentum + Structure + VWAP,Delivery,0.84,3.61,1706.67,1753.56,1615.86,MODERATE,44275506.0,NOT_AVAILABLE,NOT_AVAILABLE,,977,1104
979,NAM-INDIA,2026-08-31,1172.3,Bearish,47.07,51.35,-5,25,6/10,Medium,45.36,33.79,2.88,15.0,1198.15,1172.93,1033.08,-3.4097,-2.9975,4.71,100.0,1201.2,-2.41,3.97,0.15,-1.85,-6.05,-2.53,0.63,-0.02,86.7,1209.4,1185.0,1194.4,1269.5,1185.0,46.84,48.68,2.18,-1.69,0.21,11.05,6.71,2.08,-2.13,74.61,7,7,100,55.0,0.26,64.0,0.97,59.0,1.29,67.0,2.38,73.0,3.38,POSITIVE,73.78,STRONG,Liquidity,"Trend, Momentum, Structure",-4.32,-1.01,1121.62,1160.47,1209.4,MODERATE,1611122118.0,NOT_AVAILABLE,NOT_AVAILABLE,,979,721
980,MUFIN,2026-08-31,136.53,Neutral-Range,47.03,52.29,1,55,3/10,Low,54.58,3.69,2.7,3.33,135.82,131.99,119.08,-0.2654,-0.1057,0.39,12.5,136.62,-0.07,1.77,0.527,-1.26,-1.5,0.49,2.58,-0.2,35.28,140.9,135.4,138.27,140.98,135.01,43.17,52.41,2.42,-1.91,0.58,31.72,7.72,2.17,-2.89,85.51,9,12,9,55.56,-0.06,33.33,-0.56,22.22,-0.65,44.44,-0.16,66.67,3.23,NEGATIVE,35.09,NEGATIVE,Trend + RSI + Liquidity,"Momentum, MACD",-2.7,2.7,132.84,140.22,138.27,MODERATE,157988249.0,NOT_AVAILABLE,NOT_AVAILABLE,,980,674
981,JSFB,2026-08-31,537.5,Neutral-Range,46.99,44.11,-3,35,4/10,Low,46.1,24.23,4.51,55.83,553.44,530.57,472.35,-6.033,-0.6581,0.51,27.5,568.32,-5.42,3.55,0.21,-0.65,-7.57,-2.07,-8.1,0.09,45.86,551.25,539.2,541.0,599.7,536.3,42.57,53.45,2.38,-1.71,0.24,17.15,8.12,1.96,-2.4,86.48,6,6,19,57.89,0.68,89.47,2.13,52.63,1.12,57.89,0.63,52.63,-0.51,MIXED,60.68,POSITIVE,Liquidity,"Momentum, Structure, VWAP",-4.51,4.51,513.27,561.73,541.0,HIGH,574298536.0,NOT_AVAILABLE,NOT_AVAILABLE,,981,1021
982,SPMLINFRA,2026-08-31,181.5,Bearish,46.99,39.5,-4,30,4/10,Low,38.82,6.74,3.71,11.67,188.93,192.75,196.76,-1.0795,0.0211,0.95,74.17,189.57,-4.26,3.44,0.212,0.9,-2.94,-7.87,-7.46,0.07,46.46,185.0,178.32,179.88,194.0,178.32,47.5,47.76,2.89,-2.44,0.59,35.66,16.71,2.69,-2.57,71.81,15,8,100,48.0,0.74,56.0,1.98,54.0,2.36,50.0,1.57,53.0,3.65,MIXED,67.12,POSITIVE,No strong driver,"Trend, Momentum, VWAP",-5.57,-1.3,171.39,179.14,189.57,HIGH,35474847.0,NOT_AVAILABLE,NOT_AVAILABLE,,981,1230
983,HDFCMOMENT,2026-08-31,31.33,Neutral-Range,46.98,57.38,-2,40,3/10,Low,51.97,0.41,1.32,1.67,31.32,31.09,31.01,0.0108,-0.0248,1.19,75.83,31.36,-0.11,1.17,0.442,-1.2,0.19,-0.44,1.52,-0.13,55.85,31.87,31.62,31.71,31.9,31.2,51.18,42.76,0.86,-1.19,0.54,32.63,7.24,2.04,-3.67,94.35,9,8,75,40.0,-1.41,48.0,-1.45,54.67,-0.94,66.67,0.13,68.0,0.13,MIXED,54.23,MIXED,Trend,"Volume, Structure, Delivery",-1.32,1.32,30.92,31.74,31.71,LOW,5176372.0,NOT_AVAILABLE,NOT_AVAILABLE,,983,481
984,VIDHIING,2026-08-31,354.55,Bullish,46.98,38.91,4,70,5/10,Medium,67.1,15.39,4.34,46.67,331.38,317.26,320.99,3.0163,-0.0378,0.89,61.67,334.19,6.09,2.6,0.904,-0.32,2.62,11.07,4.0,0.35,72.79,360.0,347.9,355.7,360.0,328.1,45.92,49.08,1.61,-1.51,0.04,16.84,13.55,1.55,-1.97,95.37,8,7,100,38.0,-0.36,30.0,-1.04,26.0,-1.9,29.0,-2.75,28.0,-3.05,NEGATIVE,15.65,NEGATIVE,Trend + Momentum + Structure + VWAP,Delivery,1.52,6.51,359.94,377.63,334.19,HIGH,15282167.0,NOT_AVAILABLE,NOT_AVAILABLE,,983,1264
985,KAYNES,2026-08-31,3685.0,Bearish,46.97,44.23,-4,30,5/10,Medium,47.62,149.72,4.06,58.33,3785.5,3634.01,3972.26,-12.2333,-20.9837,1.6,90.0,3817.62,-3.47,7.56,0.257,-6.55,-4.04,0.93,-3.15,-0.0,31.95,4053.5,3930.3,3943.1,4117.9,3804.0,48.42,47.24,2.33,-2.12,0.37,18.68,8.29,2.2,-2.54,83.02,7,7,100,51.0,-0.24,50.0,-0.1,52.0,0.97,58.0,2.42,60.0,1.81,MIXED,67.06,POSITIVE,Liquidity,"Trend, Momentum, Structure",-6.09,-1.42,3460.42,3632.6,4053.5,HIGH,5102459006.0,NOT_AVAILABLE,NOT_AVAILABLE,,985,1016
986,KELLTONTEC,2026-08-31,14.07,Neutral-Range,46.94,42.72,-2,40,2/10,Low,49.09,0.61,4.32,45.83,14.06,14.44,22.67,0.1426,-0.03,0.8,55.0,14.62,-3.77,6.97,0.321,-6.64,2.25,3.91,-1.4,-0.46,45.83,15.7,14.81,15.07,15.7,13.3,40.53,54.74,2.61,-2.13,0.31,17.37,6.97,2.23,-3.93,79.66,7,9,100,43.0,0.03,43.0,-0.01,46.0,0.41,52.0,0.79,49.0,-0.16,MIXED,54.1,MIXED,No strong driver,"Structure, VWAP",-4.32,4.32,13.46,14.68,15.07,HIGH,76128206.0,NOT_AVAILABLE,NOT_AVAILABLE,,986,1095
987,RITCO,2026-08-31,307.45,Neutral-Range,46.91,47.71,-2,40,4/10,Low,54.08,12.69,4.13,4.17,306.29,290.9,264.19,-1.3594,-0.4366,0.25,22.5,308.11,-0.21,2.44,0.632,-1.33,-2.38,5.11,2.06,0.03,65.97,314.0,307.7,311.6,327.5,307.7,45.66,49.74,2.15,-1.84,0.32,21.58,9.21,1.76,-1.88,91.8,11,9,100,34.0,-0.38,40.0,-0.23,42.0,0.27,50.0,1.44,55.0,1.62,MIXED,54.04,MIXED,Trend + RSI,"Momentum, Structure, MACD",-4.13,4.13,294.76,320.14,311.6,HIGH,43187579.0,NOT_AVAILABLE,NOT_AVAILABLE,,987,868
988,ITI,2026-08-31,270.95,Bearish,46.9,47.85,-6,20,6/10,Medium,33.52,6.56,2.42,1.67,278.83,283.34,289.87,-0.4505,-0.3218,0.43,53.33,281.86,-3.87,1.87,0.031,-1.65,-2.89,-2.27,-3.97,-0.54,38.09,279.55,274.6,275.5,281.85,274.6,42.76,52.76,2.57,-1.89,0.29,14.34,8.16,2.2,-2.26,75.24,7,6,18,50.0,0.53,44.44,0.67,55.56,1.04,72.22,5.9,88.89,11.89,POSITIVE,79.72,STRONG,No strong driver,"Trend, Momentum, Structure",-3.63,-0.85,261.11,268.65,281.86,MODERATE,93640550.0,NOT_AVAILABLE,NOT_AVAILABLE,,988,860
989,EICHERMOT,2026-08-31,7953.5,Bearish,46.89,51.13,-4,30,5/10,Medium,51.37,125.95,1.58,3.33,7981.1,7785.38,7282.75,-24.1806,-7.3801,2.03,95.83,8012.35,-0.73,1.1,0.289,-1.31,-1.16,-1.2,-1.2,-0.73,72.08,8140.0,8003.0,8059.0,8140.0,7970.0,48.03,47.5,1.28,-1.03,0.08,6.45,5.39,2.03,-1.87,70.26,7,8,100,47.0,-0.11,54.0,0.19,60.0,0.63,64.0,1.48,68.0,2.03,POSITIVE,66.84,POSITIVE,Liquidity,"Momentum, Structure, VWAP",-2.38,-0.55,7764.58,7909.42,8140.0,LOW,2928933542.0,NOT_AVAILABLE,NOT_AVAILABLE,,989,733
990,ELLEN,2026-08-31,322.25,Neutral-Range,46.87,40.76,2,60,4/10,Low,58.65,14.77,4.58,30.0,313.53,297.07,308.79,-1.0274,-0.2714,0.44,16.67,314.26,2.54,3.88,0.694,0.77,0.26,-1.84,18.02,0.69,45.17,332.6,319.0,319.8,337.4,312.0,39.53,55.81,2.63,-2.08,0.48,26.25,6.64,1.93,-2.02,90.09,6,17,100,39.0,-0.21,40.0,-0.45,36.0,-0.91,36.0,-2.09,37.0,-1.35,NEGATIVE,28.2,NEGATIVE,Trend + VWAP + RSI + Liquidity,"Momentum, MACD",-4.58,4.58,307.48,337.02,319.8,HIGH,272275144.0,NOT_AVAILABLE,NOT_AVAILABLE,,990,1169
991,MOGOLD,2026-08-31,152.6,Neutral-Range,46.82,49.3,1,55,4/10,Low,54.95,2.75,1.81,39.17,151.94,148.34,141.67,0.0787,-0.436,1.06,80.0,149.27,2.23,2.36,0.6,-2.71,-4.09,1.16,8.57,-2.01,51.34,157.05,154.5,156.85,161.0,153.85,53.76,40.5,1.29,-1.28,0.41,24.01,7.17,2.12,-2.41,63.78,9,4,26,42.31,-0.19,34.62,-0.37,30.77,-0.73,42.31,-0.79,38.46,-0.91,NEGATIVE,34.5,NEGATIVE,Trend + Momentum + VWAP + RSI,"Structure, Gap, Delivery",-1.81,1.81,149.85,155.35,156.85,LOW,9123394.0,NOT_AVAILABLE,NOT_AVAILABLE,,991,795
992,BHARATRAS,2026-08-31,1248.0,Bearish,46.82,46.02,-7,15,7/10,Medium,35.18,34.48,2.76,6.67,1295.89,1332.02,2812.97,-6.123,-0.4278,0.7,47.5,1324.27,-5.76,1.64,0.046,-0.57,-2.74,-4.07,-6.67,-0.29,59.63,1281.7,1251.5,1255.2,1306.0,1251.5,42.11,53.42,1.91,-1.79,0.16,13.68,7.24,2.25,-3.82,86.46,7,8,11,36.36,-0.22,36.36,0.5,54.55,1.41,90.91,7.65,63.64,4.6,MIXED,85.91,STRONG,No strong driver,"Trend, Momentum, Structure",-4.14,-0.97,1196.29,1235.93,1324.27,MODERATE,16435097.0,NOT_AVAILABLE,NOT_AVAILABLE,,991,941
993,3IINFOLTD,2026-08-31,23.02,Bearish,46.81,42.82,-4,30,4/10,Low,47.42,1.23,5.33,98.33,23.83,22.08,19.36,-0.4606,-0.0142,0.15,5.83,25.82,-10.83,4.99,0.207,-3.48,-6.12,-10.22,-5.62,-0.21,,24.57,23.4,23.85,25.0,23.22,39.87,54.34,2.31,-1.75,0.24,14.87,7.76,1.9,-2.26,83.06,7,12,15,33.33,-0.66,33.33,-0.52,60.0,1.0,53.33,1.98,46.67,0.21,POSITIVE,66.59,POSITIVE,No strong driver,"Momentum, Structure, VWAP",-8.0,-1.87,21.18,22.59,25.82,VERY_HIGH,25979735.0,NOT_AVAILABLE,NOT_AVAILABLE,,993,1093
994,NESCO,2026-08-31,1040.9,Neutral-Range,46.8,40.09,-1,45,3/10,Low,47.21,25.34,2.43,6.67,1041.8,1068.01,1130.04,2.2428,0.7242,1.34,82.5,1041.15,-0.02,2.93,0.388,-0.72,0.49,-0.52,-3.03,0.16,56.98,1075.3,1025.0,1048.4,1075.3,1015.0,45.0,50.53,1.68,-1.36,0.22,10.26,6.58,1.76,-1.72,83.28,7,7,75,46.67,-0.07,42.67,0.24,44.0,0.28,42.67,0.21,42.67,0.51,MIXED,47.29,MIXED,Momentum + MACD,"Trend, Volume, Delivery",-2.43,2.43,1015.56,1066.24,1048.4,MODERATE,36167023.0,NOT_AVAILABLE,NOT_AVAILABLE,,994,1206
995,RTNINDIA,2026-08-31,30.04,Neutral-Range,46.79,40.73,-3,35,5/10,Medium,40.25,0.84,2.78,0.83,30.64,31.72,36.08,0.0511,0.0039,1.41,87.5,30.7,-2.14,0.79,0.292,-0.66,-0.07,-1.44,-9.27,0.0,65.55,30.45,30.0,30.24,30.87,30.0,41.05,54.47,2.49,-1.96,0.25,14.08,7.63,2.2,-2.34,77.51,9,10,100,36.0,-0.27,42.0,-0.24,50.0,0.74,50.0,1.79,46.0,0.8,MIXED,60.12,POSITIVE,Momentum + MACD,"Trend, Volume, VWAP",-2.78,2.78,29.2,30.88,30.24,MODERATE,42196592.0,NOT_AVAILABLE,NOT_AVAILABLE,,995,1170
996,CONCORDBIO,2026-08-31,1446.1,Bearish,46.76,48.28,-5,25,6/10,Medium,48.79,52.85,3.65,29.17,1474.56,1394.95,1332.25,-11.965,-5.3519,1.01,72.5,1487.21,-2.76,4.19,0.347,-2.36,-6.06,-4.55,2.23,-1.36,54.08,1519.7,1475.4,1481.1,1575.8,1471.7,45.79,49.74,2.07,-1.74,0.18,15.79,8.16,1.81,-2.5,89.51,7,12,100,42.0,-0.23,46.0,-0.01,52.0,0.95,71.0,2.76,69.0,3.44,MIXED,72.89,STRONG,Liquidity,"Momentum, Structure, VWAP",-5.48,-1.28,1366.83,1427.6,1519.7,HIGH,276401050.0,NOT_AVAILABLE,NOT_AVAILABLE,,996,827
997,ALPEXSOLAR,2026-08-31,831.7,Neutral-Range,46.76,38.71,-2,40,3/10,Low,48.88,35.79,4.3,22.5,835.89,852.29,902.19,5.5879,-2.4344,0.69,32.5,826.94,0.58,3.46,0.57,-2.04,-3.12,7.6,-1.16,0.7,76.53,869.9,845.0,849.05,888.8,815.0,45.53,50.52,3.36,-2.63,0.51,32.65,14.6,2.58,-2.73,77.7,8,9,100,39.0,0.01,44.0,0.27,45.0,0.37,52.0,0.79,58.0,2.04,MIXED,53.59,MIXED,VWAP,"Trend, Structure, Delivery",-4.3,4.3,795.91,867.49,849.05,HIGH,50794847.0,NOT_AVAILABLE,NOT_AVAILABLE,,996,1276
998,KRISHANA,2026-08-31,191.03,Neutral-Range,46.73,34.71,-3,35,4/10,Low,38.45,10.79,5.65,64.17,196.56,269.83,431.06,7.3655,-1.1232,0.76,39.17,193.13,-1.09,3.36,0.468,-0.97,-4.33,2.01,5.9,0.0,45.97,194.22,189.57,192.91,206.39,189.57,48.82,46.45,2.03,-2.02,0.18,24.74,9.87,1.77,-3.62,92.13,11,7,100,43.0,0.0,45.0,0.5,45.0,0.93,48.0,2.17,38.0,1.77,MIXED,59.95,POSITIVE,Liquidity,"Trend, Momentum, VWAP",-5.65,5.65,180.24,201.82,192.91,VERY_HIGH,147738062.0,NOT_AVAILABLE,NOT_AVAILABLE,,998,1424
999,FOCE,2026-08-31,512.0,Bearish,46.69,46.43,-6,20,6/10,Medium,31.1,13.12,2.56,46.67,556.88,596.43,943.26,-5.0281,-0.7381,0.73,33.33,552.83,-7.39,0.0,0.172,0.0,-8.0,-5.29,-15.37,0.0,100.0,512.0,512.0,512.0,565.0,512.0,44.63,42.36,2.5,-2.51,-0.26,25.62,27.89,3.89,-4.47,26.83,10,10,74,47.3,0.41,56.76,0.91,58.11,0.77,74.32,3.67,74.32,3.69,POSITIVE,79.11,STRONG,No strong driver,"Trend, Momentum, Structure",-3.84,-0.9,492.33,507.41,552.83,MODERATE,7642304.0,NOT_AVAILABLE,NOT_AVAILABLE,,999,926
1000,JISLJALEQS,2026-08-31,28.28,Bearish,46.69,37.19,-5,25,5/10,Medium,44.44,1.15,4.07,23.33,28.85,29.98,35.31,0.2199,-0.0493,0.41,15.0,29.05,-2.66,1.99,0.351,-1.46,1.18,1.98,-9.74,-0.7,43.52,29.98,28.5,28.7,31.0,27.5,41.71,53.55,2.54,-2.08,0.24,12.24,7.37,2.14,-2.11,79.07,8,10,13,23.08,-0.49,30.77,-1.53,53.85,1.3,53.85,3.72,53.85,2.85,MIXED,72.69,STRONG,No strong driver,"Trend, Momentum, Structure",-6.1,-1.42,26.55,27.88,29.98,HIGH,90859845.0,NOT_AVAILABLE,NOT_AVAILABLE,,999,1331
1001,MOLDTECH,2026-08-31,195.98,Neutral-Range,46.68,43.53,2,60,4/10,Low,65.16,9.73,4.96,45.0,182.11,162.53,147.1,-0.525,-0.129,0.09,0.83,191.88,2.13,2.58,0.85,0.98,1.22,9.12,31.36,0.22,,198.2,191.0,194.07,201.05,187.0,42.5,53.03,2.34,-1.93,0.44,25.13,11.45,2.29,-2.09,90.71,12,8,28,39.29,-0.01,28.57,-0.03,39.29,-0.63,28.57,-2.14,25.0,-3.5,NEGATIVE,27.67,NEGATIVE,Trend + Structure + VWAP + RSI,"Momentum, MACD",-4.96,4.96,186.25,205.71,194.07,HIGH,68495575.0,NOT_AVAILABLE,NOT_AVAILABLE,,1001,1051
1002,LODHA,2026-08-31,1198.6,Bearish,46.58,47.27,-5,25,6/10,Medium,46.58,40.01,3.34,16.67,1232.5,1166.24,1066.82,-6.7089,-4.2758,1.79,88.33,1236.22,-3.04,4.82,0.112,-5.92,-4.75,-4.42,-3.32,-1.1,63.87,1274.0,1248.5,1274.0,1306.9,1225.4,50.0,45.53,1.91,-1.91,0.25,17.11,9.08,1.9,-2.09,79.89,13,6,100,53.0,-0.0,55.0,0.36,56.0,1.1,66.0,2.57,63.0,2.59,POSITIVE,72.38,STRONG,Liquidity,"Momentum, Structure, VWAP",-5.01,-1.17,1138.59,1184.6,1274.0,HIGH,1512450720.0,NOT_AVAILABLE,NOT_AVAILABLE,,1002,891
1003,SHERA,2026-08-31,176.05,Neutral-Range,46.57,46.0,1,55,4/10,Low,63.42,9.72,5.52,97.5,164.93,147.25,135.98,-0.1681,-0.4456,0.55,37.5,169.8,3.68,5.5,0.737,-3.19,0.77,17.92,23.11,2.28,80.0,186.5,173.55,181.85,188.9,171.5,43.18,50.43,2.43,-1.93,0.32,30.54,20.31,2.48,-2.19,74.42,6,8,34,32.35,-0.53,29.41,-1.49,29.41,-1.89,44.12,0.15,44.12,-1.06,NEGATIVE,33.78,NEGATIVE,Trend + VWAP + RSI + Gap,"Momentum, MACD, Delivery",-5.52,5.52,166.33,185.77,181.85,VERY_HIGH,13915100.0,NOT_AVAILABLE,NOT_AVAILABLE,,1003,942
1004,ADVENZYMES,2026-08-31,294.1,Bearish,46.56,40.98,-6,20,6/10,Medium,36.64,9.83,3.34,1.67,304.53,316.39,321.46,0.0446,-0.1864,0.59,44.17,303.99,-3.25,3.0,0.065,-1.9,-2.73,-3.76,-9.16,-0.2,68.37,301.95,296.25,299.8,305.45,295.3,45.13,50.13,1.82,-1.6,0.19,10.79,7.89,2.18,-1.94,85.72,6,8,16,50.0,0.77,62.5,2.6,62.5,3.04,62.5,2.49,56.25,0.87,POSITIVE,78.75,STRONG,No strong driver,"Trend, Momentum, Structure",-5.01,-1.17,279.36,290.66,303.99,HIGH,88720000.0,NOT_AVAILABLE,NOT_AVAILABLE,,1004,1162
1005,SHK,2026-08-31,151.46,Bearish,46.54,45.39,-6,20,6/10,Medium,43.49,5.69,3.76,5.0,156.97,151.33,156.46,-2.6188,0.1217,0.57,36.67,164.97,-8.19,1.88,0.054,-0.64,-2.03,-7.79,-9.05,0.03,61.4,153.0,150.61,152.43,159.39,150.0,45.53,49.87,2.28,-2.0,0.27,14.87,7.11,2.08,-2.56,85.81,9,7,13,76.92,0.36,76.92,0.65,76.92,2.44,53.85,2.04,46.15,0.35,STRONG,78.69,STRONG,No strong driver,"Trend, Momentum, Structure",-5.64,-1.32,142.92,149.47,164.97,HIGH,74982874.0,NOT_AVAILABLE,NOT_AVAILABLE,,1005,970
1006,MOMIDMTM,2026-08-31,64.73,Neutral-Range,46.5,49.48,-3,35,4/10,Low,50.76,1.16,1.8,8.33,64.83,64.26,63.17,-0.0106,-0.0593,2.35,95.83,64.87,-0.21,4.55,0.27,-1.16,-0.35,-0.84,1.46,1.82,57.68,66.97,65.41,65.49,66.97,64.42,47.49,47.83,0.83,-0.81,0.75,34.45,2.68,1.83,-1.54,94.05,5,6,100,46.0,-0.1,49.0,-0.09,59.0,0.11,59.0,0.64,57.0,0.48,POSITIVE,59.3,POSITIVE,Gap,"Momentum, Structure, MACD",-1.8,1.8,63.57,65.89,65.49,LOW,6346362.0,NOT_AVAILABLE,NOT_AVAILABLE,,1006,779
1007,ASTRAZEN,2026-08-31,6951.5,Bearish,46.5,44.25,-5,25,6/10,Medium,18.49,181.13,2.61,25.83,7510.09,7857.13,8293.61,-60.5289,-0.721,0.88,71.67,7563.63,-8.09,2.84,0.034,-2.18,-3.88,-9.02,-16.25,0.0,76.1,7170.0,7081.0,7106.5,7474.0,7070.0,45.66,49.74,1.63,-1.33,0.06,8.68,6.71,1.86,-2.52,90.35,8,6,67,53.73,0.25,65.67,0.99,55.22,1.24,65.67,2.47,64.18,3.46,POSITIVE,72.15,STRONG,Liquidity,"Trend, Momentum, Structure",-3.91,-0.91,6679.81,6888.11,7563.63,MODERATE,109284226.0,NOT_AVAILABLE,NOT_AVAILABLE,,1006,1015
1008,BOROLTD,2026-08-31,245.86,Neutral-Range,46.49,42.97,-3,35,4/10,Low,50.56,12.15,4.94,80.0,246.51,242.08,257.73,-0.8503,-0.2153,0.4,21.67,258.56,-4.91,5.13,0.278,2.52,-3.22,0.43,5.31,0.08,33.17,251.84,238.27,239.81,289.0,238.27,42.63,52.5,1.89,-1.61,0.11,12.76,9.34,1.94,-2.14,85.86,7,8,16,50.0,0.94,56.25,1.81,56.25,0.42,50.0,1.35,50.0,1.31,POSITIVE,59.27,POSITIVE,Liquidity,"Trend, Momentum, VWAP",-4.94,4.94,233.71,258.01,239.81,HIGH,307897873.0,NOT_AVAILABLE,NOT_AVAILABLE,,1008,1079
1009,CHOLAHLDNG,2026-08-31,1485.5,Bearish,46.47,43.24,-6,20,7/10,High,35.51,46.86,3.15,31.67,1551.65,1569.43,1634.03,-8.9269,-1.8335,1.86,89.17,1571.03,-5.44,3.56,0.331,-0.89,-4.06,-5.77,-5.66,-0.45,57.36,1527.6,1491.7,1498.8,1571.1,1491.7,43.95,51.58,1.92,-1.52,0.1,13.16,8.16,1.44,-2.05,88.79,5,7,66,48.48,0.57,54.55,1.17,53.03,1.9,71.21,3.98,74.24,4.24,MIXED,78.48,STRONG,Liquidity,"Trend, Momentum, Structure",-4.73,-1.1,1415.22,1469.1,1571.03,HIGH,253971382.0,NOT_AVAILABLE,NOT_AVAILABLE,,1009,1063
1010,NATCOPHARM,2026-08-31,841.5,Bearish,46.43,46.75,-6,20,7/10,Medium,30.27,24.47,2.91,13.33,886.89,918.04,950.67,-4.5468,-0.4596,0.84,66.67,897.95,-6.29,3.27,0.046,-1.44,-4.81,-5.43,-9.43,-0.06,61.11,861.0,844.85,853.8,892.35,844.85,48.29,47.11,1.62,-1.62,0.29,11.45,5.26,1.95,-2.63,82.37,10,10,10,50.0,-0.13,70.0,0.18,60.0,0.46,80.0,3.13,70.0,4.13,POSITIVE,78.36,STRONG,Liquidity,"Trend, Momentum, Structure",-4.36,-1.02,804.8,832.94,897.95,MODERATE,440619806.0,NOT_AVAILABLE,NOT_AVAILABLE,,1010,917
1011,WOCKPHARMA,2026-08-31,1883.7,Bearish,46.43,43.33,-4,30,5/10,Medium,47.47,70.26,3.73,16.67,1908.84,1885.19,1658.8,2.7083,-3.3376,1.22,80.83,1932.24,-2.51,5.32,0.274,-4.72,-0.91,-0.8,-7.13,-0.11,52.09,2045.0,1963.1,1977.1,2045.0,1867.7,45.39,50.13,2.9,-1.98,0.34,15.13,8.82,2.63,-2.27,77.57,12,6,100,41.0,-0.19,47.0,0.39,48.0,1.09,49.0,3.05,53.0,4.74,MIXED,65.51,POSITIVE,Liquidity,"Trend, Volume, Structure",-5.6,-1.31,1778.3,1859.11,2045.0,HIGH,1352199003.0,NOT_AVAILABLE,NOT_AVAILABLE,,1010,1058
1012,CRAMC,2026-08-31,259.3,Neutral-Range,46.42,48.63,-2,40,3/10,Low,50.62,6.7,2.58,0.83,259.09,257.52,263.2,-0.0254,-0.0016,0.69,48.33,260.01,-0.27,1.73,0.452,-0.23,-0.12,2.11,-0.73,0.42,53.56,261.15,255.7,259.9,266.0,255.0,42.29,51.54,2.02,-1.72,0.15,13.66,9.69,2.39,-2.04,76.94,4,8,100,39.0,-0.01,51.0,0.03,55.0,0.08,50.0,0.14,58.0,0.83,POSITIVE,52.63,MIXED,Trend,"Momentum, MACD, Delivery",-2.58,2.58,252.6,266.0,259.9,MODERATE,71777170.0,NOT_AVAILABLE,NOT_AVAILABLE,,1012,814
1013,ASTRAL,2026-08-31,1522.2,Neutral-Range,46.42,46.9,-2,40,5/10,Medium,55.72,36.03,2.37,7.5,1507.78,1486.01,1502.16,-1.4047,-1.4687,7.52,99.17,1547.88,-1.66,4.27,0.573,-0.66,-0.69,-1.05,6.03,-0.8,76.53,1556.4,1529.5,1532.3,1556.4,1519.0,46.84,48.55,1.34,-1.32,0.12,6.71,5.0,1.56,-2.27,82.98,8,7,100,48.0,-0.09,44.0,0.09,51.0,0.22,49.0,0.44,50.0,0.4,MIXED,52.64,MIXED,Trend + RSI + Liquidity,"Momentum, Structure, VWAP",-2.37,2.37,1486.17,1558.23,1532.3,MODERATE,2371119973.0,NOT_AVAILABLE,NOT_AVAILABLE,,1012,903
1014,QUADFUTURE,2026-08-31,421.55,Neutral-Range,46.42,44.82,2,60,4/10,Low,58.91,23.55,5.59,78.33,392.44,382.28,360.09,8.735,-1.1975,0.09,0.83,427.29,-1.34,1.71,0.668,-1.78,-5.76,20.67,16.79,-0.86,32.48,445.0,424.25,429.2,464.8,395.5,40.58,56.28,3.43,-2.34,0.09,18.12,14.73,2.19,-2.59,84.47,5,10,88,42.05,0.09,42.05,-0.46,39.77,-0.77,28.41,-2.22,35.23,-3.9,NEGATIVE,26.9,NEGATIVE,Trend + Momentum + RSI + Liquidity,"Structure, VWAP",-5.59,5.59,398.0,445.1,429.2,VERY_HIGH,929480118.0,NOT_AVAILABLE,NOT_AVAILABLE,,1012,992
1015,POWERGRID,2026-08-31,263.55,Bearish,46.41,45.41,-6,20,7/10,Medium,36.15,4.76,1.81,11.67,270.15,277.54,286.34,0.1174,-0.1071,1.35,89.17,269.44,-2.18,1.09,0.047,-0.94,-2.89,-0.98,-8.17,0.0,64.1,267.35,265.05,266.05,274.35,262.3,48.68,46.71,1.16,-1.11,0.04,7.63,7.5,1.66,-1.83,84.79,7,7,9,77.78,0.69,33.33,-0.33,77.78,1.74,55.56,2.42,66.67,3.81,STRONG,78.31,STRONG,Liquidity,"Trend, Momentum, Volume",-2.71,-0.63,256.41,261.88,269.44,LOW,2298799653.0,NOT_AVAILABLE,NOT_AVAILABLE,,1015,967
1016,BANKINDIA,2026-08-31,141.59,Bearish,46.38,48.11,-4,30,5/10,Medium,46.72,3.06,2.16,5.83,143.01,142.9,142.34,0.0051,-0.201,1.36,86.67,143.23,-1.14,1.94,0.297,-1.67,-0.29,-1.5,0.78,-0.78,58.61,144.89,142.7,144.0,147.9,140.68,50.39,45.13,1.61,-1.67,0.19,11.05,7.24,1.93,-2.49,71.32,8,9,100,47.0,-0.13,57.0,0.43,56.0,0.81,59.0,1.72,56.0,1.68,POSITIVE,65.37,POSITIVE,Liquidity,"Trend, Volume, Structure",-3.24,-0.76,137.0,140.52,144.89,MODERATE,867293027.0,NOT_AVAILABLE,NOT_AVAILABLE,,1016,837
1017,FIVESTAR,2026-08-31,535.05,Neutral-Range,46.36,49.4,1,55,3/10,Low,51.22,17.59,3.29,9.17,531.82,525.5,513.72,-0.5595,1.0434,1.37,83.33,529.71,1.01,2.78,0.657,-0.52,7.01,-0.5,-2.97,-0.49,59.13,539.7,530.85,537.85,539.7,489.5,46.32,49.21,1.81,-1.72,0.19,11.84,8.82,1.85,-2.06,85.42,8,9,66,48.48,-0.19,46.97,-0.66,42.42,-1.12,46.97,-2.16,39.39,-3.49,NEGATIVE,33.17,NEGATIVE,Trend + VWAP + Liquidity,"Volume, Delivery",-3.29,3.29,517.46,552.64,537.85,HIGH,255390484.0,NOT_AVAILABLE,NOT_AVAILABLE,,1017,783
1018,INFY,2026-08-31,1133.8,Neutral-Range,46.36,47.4,-2,40,3/10,Low,50.48,27.58,2.43,5.83,1134.19,1131.11,1262.73,-4.1173,0.7972,1.1,70.0,1150.34,-1.44,2.87,0.303,-0.89,0.34,-0.54,-3.92,-0.47,66.1,1145.0,1123.3,1144.0,1145.0,1107.2,45.13,50.39,1.23,-1.15,0.0,9.34,10.53,1.9,-1.91,58.49,7,7,100,52.0,0.16,48.0,0.07,57.0,0.17,52.0,-0.34,45.0,-0.94,POSITIVE,52.47,MIXED,Liquidity,"Trend, VWAP, Delivery",-2.43,2.43,1106.22,1161.38,1144.0,MODERATE,9235043765.0,NOT_AVAILABLE,NOT_AVAILABLE,,1017,887
1019,ZIMLAB,2026-08-31,122.69,Neutral-Range,46.31,44.32,2,60,4/10,Low,57.31,5.54,4.51,31.67,119.59,115.76,98.46,1.0943,-0.3685,1.23,66.67,118.16,3.84,5.2,0.684,-2.21,-1.02,6.5,10.3,0.0,67.33,126.99,122.2,125.46,130.4,120.5,41.84,53.42,2.32,-1.74,0.28,22.89,12.76,1.95,-2.14,89.59,7,9,92,30.43,-0.19,29.35,-1.11,30.43,-1.07,35.87,-1.83,33.7,-2.49,NEGATIVE,26.6,NEGATIVE,Trend + Momentum + VWAP + RSI,"Volume, Delivery",-4.51,4.51,117.15,128.23,125.46,HIGH,7555493.0,NOT_AVAILABLE,NOT_AVAILABLE,,1019,1012
1020,MACOBSTECH,2026-08-31,197.0,Bearish,46.27,47.97,-7,15,7/10,High,35.82,6.64,3.37,15.0,206.56,211.5,207.52,-0.6578,-0.2441,0.19,35.0,211.49,-6.85,1.5,0.0,-1.5,-1.89,-5.74,-8.48,0.0,83.33,201.0,200.0,200.0,206.0,199.05,43.04,49.04,2.91,-2.18,0.14,28.48,31.48,3.78,-2.95,64.62,6,4,100,60.0,1.74,69.0,2.12,73.0,2.58,68.0,3.67,62.0,3.2,STRONG,84.35,STRONG,No strong driver,"Trend, Momentum, Structure",-5.06,-1.18,187.03,194.67,211.49,HIGH,5473470.0,NOT_AVAILABLE,NOT_AVAILABLE,,1020,846
1021,SHALPAINTS,2026-08-31,80.84,Neutral-Range,46.27,44.71,2,60,4/10,Low,54.15,4.44,5.49,55.0,80.35,71.95,65.35,-1.7238,0.0841,0.05,0.83,84.11,-3.88,4.13,0.158,2.81,-4.61,-11.6,1.04,2.31,,82.0,78.0,78.63,84.93,78.0,40.79,54.74,2.46,-1.9,0.37,22.63,8.03,1.86,-2.07,88.83,7,10,100,32.0,-0.56,28.0,-1.47,34.0,-1.1,38.0,-2.33,31.0,-2.83,NEGATIVE,26.48,NEGATIVE,Trend + Momentum + RSI + Gap,"Structure, VWAP",-5.49,5.49,76.4,85.28,78.63,VERY_HIGH,70394105.0,NOT_AVAILABLE,NOT_AVAILABLE,,1020,1000
1022,GILLETTE,2026-08-31,7329.0,Neutral-Range,46.25,41.82,-2,40,4/10,Low,29.62,120.38,1.64,7.5,7514.31,7640.79,8036.62,-18.8017,0.5971,1.11,71.67,7510.64,-2.42,1.4,0.153,0.18,-1.05,-3.18,-5.05,0.0,63.1,7442.5,7300.0,7316.0,7480.0,7250.0,43.42,52.24,1.46,-1.14,0.21,7.5,3.82,1.74,-1.93,85.04,8,8,100,48.0,0.22,58.0,0.41,50.0,0.54,49.0,0.08,51.0,0.44,MIXED,52.13,MIXED,Delivery + Liquidity,"Trend, Momentum, Structure",-1.64,1.64,7208.62,7449.38,7316.0,LOW,103172518.0,NOT_AVAILABLE,NOT_AVAILABLE,,1022,1131
1023,KOTARISUG,2026-08-31,32.98,Neutral-Range,46.21,39.33,3,65,4/10,Low,61.19,2.31,7.0,98.33,30.14,27.9,27.64,0.3639,-0.1062,0.51,21.67,34.44,-4.25,9.07,0.531,4.93,-15.78,25.45,26.22,-0.1,,32.5,30.51,31.43,39.94,30.51,42.37,52.37,1.91,-1.63,0.32,29.74,16.05,1.93,-1.93,91.77,8,9,100,41.0,-0.25,39.0,-1.07,33.0,-1.77,31.0,-2.61,23.0,-3.29,NEGATIVE,19.88,NEGATIVE,Trend + Momentum + Structure + RSI,VWAP,-7.0,7.0,30.67,35.29,31.43,VERY_HIGH,16289694.0,NOT_AVAILABLE,NOT_AVAILABLE,,1023,1242
1024,ADANIENSOL,2026-08-31,1417.4,Bearish,46.2,44.19,-6,20,7/10,High,30.36,58.06,4.1,60.0,1579.92,1575.32,1322.74,-10.6549,-9.8938,8.82,100.0,1515.13,-6.45,11.1,0.0,-10.37,-8.85,-10.8,-13.94,0.48,83.03,1611.9,1566.9,1581.4,1637.0,1527.0,47.5,48.03,2.07,-1.81,0.3,14.87,6.84,2.26,-2.86,82.57,12,8,100,44.0,0.25,53.0,1.15,59.0,2.24,63.0,5.81,62.0,6.73,POSITIVE,77.7,STRONG,Liquidity,"Trend, Momentum, Structure",-6.14,-1.43,1330.32,1397.08,1611.9,HIGH,6114101228.0,NOT_AVAILABLE,NOT_AVAILABLE,,1024,1017
1025,ANUHPHR,2026-08-31,82.04,Neutral-Range,46.2,42.06,3,65,5/10,Medium,61.21,2.54,3.09,22.5,79.12,78.86,85.58,0.7676,0.0009,0.78,50.0,79.97,2.59,4.42,0.627,-1.83,4.07,8.35,2.03,0.0,56.77,85.99,82.25,83.57,85.99,76.17,42.0,54.52,1.84,-1.71,0.47,37.59,9.98,1.91,-2.99,90.11,5,6,100,40.0,-0.12,40.0,-0.62,39.0,-1.34,32.0,-3.81,29.0,-5.01,NEGATIVE,19.85,NEGATIVE,Trend + Momentum + VWAP + RSI,"Structure, Delivery",-3.09,3.09,79.5,84.58,83.57,HIGH,5680766.0,NOT_AVAILABLE,NOT_AVAILABLE,,1024,1115
1026,GOLDIAM,2026-08-31,348.65,Bearish,46.2,39.99,-6,20,7/10,High,37.53,14.83,4.25,2.5,361.89,376.19,376.31,-0.466,-0.2314,0.51,32.5,370.07,-5.79,5.45,0.163,0.03,-3.3,-6.88,-3.94,-1.02,41.11,355.85,346.1,348.55,365.05,346.1,43.95,51.58,2.94,-2.13,0.27,16.58,9.87,2.18,-2.45,85.97,7,13,100,50.0,0.85,53.0,1.05,57.0,2.4,65.0,4.93,68.0,8.65,POSITIVE,77.7,STRONG,Liquidity,"Trend, Momentum, Structure",-6.38,-1.49,326.4,343.46,370.07,HIGH,457467944.0,NOT_AVAILABLE,NOT_AVAILABLE,,1024,1211
1027,SANATHAN,2026-08-31,452.25,Neutral-Range,46.18,42.14,-3,35,3/10,Low,45.48,19.93,4.41,44.17,461.63,457.39,443.2,-2.6008,0.2278,0.44,27.5,473.27,-4.44,4.24,0.148,0.94,0.79,-2.43,-6.71,-0.33,45.65,466.85,445.1,448.05,470.0,445.0,44.37,52.35,1.97,-1.55,0.09,20.42,17.61,2.0,-2.18,93.49,8,9,100,42.0,0.14,54.0,0.61,49.0,0.57,51.0,1.52,51.0,2.99,MIXED,58.36,POSITIVE,No strong driver,"Trend, Structure, VWAP",-4.41,4.41,432.32,472.18,448.05,HIGH,30209274.0,NOT_AVAILABLE,NOT_AVAILABLE,,1027,1112
1028,JSWCEMENT,2026-08-31,126.02,Neutral-Range,46.17,47.05,-2,40,4/10,Low,40.85,2.87,2.28,3.33,128.15,130.12,129.29,-0.1068,0.1228,1.12,84.17,128.61,-2.01,2.41,0.229,0.62,-0.61,-1.24,-5.18,-0.19,57.16,127.2,124.7,125.24,128.28,123.61,41.64,53.53,1.6,-1.32,0.2,9.29,4.46,1.93,-1.85,78.84,4,6,100,45.0,0.12,54.0,0.45,48.0,0.52,48.0,0.31,56.0,0.63,MIXED,51.92,MIXED,Delivery + Liquidity,"Trend, Momentum, VWAP",-2.28,2.28,123.15,128.89,125.24,MODERATE,147030852.0,NOT_AVAILABLE,NOT_AVAILABLE,,1028,898
1029,MID150CASE,2026-08-31,11.78,Neutral-Range,46.16,54.06,-3,35,5/10,Medium,53.29,0.34,2.89,50.83,11.77,11.63,11.17,-0.0077,-0.0056,1.37,90.83,11.8,-0.17,3.29,0.494,-0.76,-0.08,-0.51,0.43,0.0,71.46,12.14,11.8,11.87,12.17,11.5,51.15,40.32,0.74,-0.86,1.56,62.88,6.22,2.56,-2.24,98.59,10,6,100,53.0,0.08,61.0,0.16,63.0,0.22,55.0,0.28,55.0,-0.07,POSITIVE,58.3,POSITIVE,Trend + RSI,"Momentum, Volume, Structure",-2.89,2.89,11.44,12.12,11.87,MODERATE,13256941.0,NOT_AVAILABLE,NOT_AVAILABLE,,1029,608
1030,M&M,2026-08-31,3282.0,Bearish,46.15,51.77,-6,20,7/10,High,42.08,65.11,1.98,5.83,3369.43,3300.52,3265.93,-25.2247,-4.3779,1.95,96.67,3414.5,-3.88,2.49,0.0,-1.56,-3.87,-3.2,-4.28,-0.42,83.52,3351.7,3302.0,3334.0,3447.9,3302.0,49.74,45.92,1.45,-1.34,0.07,7.5,7.63,1.97,-1.95,72.66,8,8,100,60.0,0.28,59.0,0.75,61.0,1.23,73.0,2.69,77.0,3.74,POSITIVE,77.58,STRONG,Liquidity,"Trend, Momentum, Structure",-2.98,-0.69,3184.33,3259.21,3414.5,LOW,6337552069.0,NOT_AVAILABLE,NOT_AVAILABLE,,1030,708
1031,IOB,2026-08-31,32.47,Bearish,46.15,45.58,-7,15,7/10,High,32.66,0.53,1.64,0.83,33.34,33.71,35.14,-0.089,-0.0145,1.08,81.67,33.6,-3.38,1.16,0.027,-1.04,-2.14,-3.54,-4.78,-0.09,57.71,33.0,32.62,32.81,33.53,32.62,41.97,53.16,1.96,-1.57,0.2,11.45,6.97,1.93,-2.37,77.07,6,7,25,60.0,0.7,68.0,1.77,72.0,2.41,68.0,3.59,68.0,3.53,STRONG,84.0,STRONG,No strong driver,"Trend, Momentum, Structure",-2.46,-0.57,31.67,32.28,33.6,LOW,72065091.0,NOT_AVAILABLE,NOT_AVAILABLE,,1030,960
1032,BLUESTARCO,2026-08-31,1463.8,Bearish,46.15,43.57,-6,20,7/10,High,32.91,38.21,2.61,1.67,1526.12,1582.43,1695.44,-0.5187,-0.6884,0.61,32.5,1532.89,-4.51,2.09,0.014,-1.09,-2.67,-2.94,-15.35,0.0,51.69,1494.0,1472.9,1480.0,1517.5,1472.9,48.16,47.24,1.76,-1.57,0.15,10.39,7.24,1.92,-2.28,84.43,7,7,100,51.0,0.15,60.0,0.86,63.0,2.14,61.0,2.65,63.0,3.3,POSITIVE,77.56,STRONG,Liquidity,"Trend, Momentum, Structure",-3.92,-0.91,1406.48,1450.43,1532.89,MODERATE,970339365.0,NOT_AVAILABLE,NOT_AVAILABLE,,1030,1050
1033,CANTABIL,2026-08-31,242.41,Neutral-Range,46.15,42.6,1,55,3/10,Low,51.62,8.72,3.6,31.67,241.12,240.38,246.33,1.1522,-0.3098,0.21,9.17,238.91,1.47,2.91,0.579,-0.48,-0.42,2.59,-1.95,1.24,52.98,247.01,242.5,243.59,254.4,241.8,47.37,48.03,1.96,-2.05,0.16,14.87,6.71,1.78,-3.36,87.99,8,8,100,45.0,-0.25,43.0,-0.62,36.0,-0.96,38.0,-1.12,42.0,-0.56,NEGATIVE,32.58,NEGATIVE,Trend + VWAP + Gap,"Structure, Delivery",-3.6,3.6,233.69,251.13,243.59,HIGH,70904427.0,NOT_AVAILABLE,NOT_AVAILABLE,,1030,1098
1034,MOSILVER,2026-08-31,230.78,Neutral-Range,46.12,52.94,-2,40,3/10,Low,51.68,5.52,2.39,17.5,230.66,228.83,220.36,0.267,-0.5853,1.23,78.33,230.94,-0.07,1.33,0.603,-2.91,-3.64,-0.04,7.61,-2.73,19.47,238.95,233.67,237.69,241.28,231.59,57.84,37.31,2.25,-2.61,0.43,35.07,15.67,2.5,-2.88,52.83,12,6,17,47.06,-0.44,35.29,-0.45,47.06,-0.67,52.94,1.11,58.82,1.99,MIXED,51.76,MIXED,Trend,"Volume, Structure, Gap",-2.39,2.39,225.26,236.3,237.69,MODERATE,14046658.0,NOT_AVAILABLE,NOT_AVAILABLE,,1034,653
1035,ICRA,2026-08-31,4916.4,Neutral-Range,46.11,40.15,-1,45,4/10,Low,44.95,152.64,3.1,80.0,4992.16,5076.99,5447.21,-10.6401,2.0239,2.93,95.0,5039.1,-2.43,3.05,0.233,0.07,-1.02,-2.7,-4.19,0.0,61.97,4949.9,4793.1,4912.8,5173.7,4793.1,45.53,50.0,1.23,-1.13,0.18,11.97,6.84,1.82,-1.66,88.12,7,9,100,43.0,-0.14,46.0,-0.46,50.0,-0.53,47.0,-0.38,50.0,-0.38,MIXED,45.31,MIXED,Volume + Delivery + Liquidity,"Trend, Momentum, VWAP",-3.1,3.1,4763.76,5069.04,4912.8,HIGH,213744082.0,NOT_AVAILABLE,NOT_AVAILABLE,,1035,1201
1036,DOLPHIN,2026-08-31,583.25,Neutral-Range,46.11,38.92,2,60,4/10,Low,63.86,36.31,6.23,82.5,549.67,478.95,426.78,0.966,-4.8286,0.65,60.0,551.0,5.85,11.31,0.685,-4.78,-5.39,1.11,43.85,0.89,50.89,640.0,605.35,612.55,669.95,597.4,55.0,40.39,2.48,-2.62,0.75,48.16,15.26,2.56,-3.24,54.21,28,12,71,39.44,-0.68,35.21,-1.25,33.8,-1.51,29.58,-1.28,26.76,-1.19,NEGATIVE,26.02,NEGATIVE,Trend + Momentum + VWAP + RSI,"Structure, Delivery",-6.23,6.23,546.94,619.56,612.55,VERY_HIGH,79120131.0,NOT_AVAILABLE,NOT_AVAILABLE,,1035,1262
1037,METROBRAND,2026-08-31,919.6,Neutral-Range,46.09,42.97,-3,35,5/10,Medium,36.93,25.36,2.76,19.17,948.31,983.49,1038.86,1.7865,0.0857,0.17,0.83,956.38,-3.85,1.83,0.128,-1.83,1.07,-2.46,-11.14,-0.51,68.27,940.0,915.2,936.7,955.5,901.0,45.79,49.61,1.55,-1.44,0.12,10.39,6.58,2.05,-2.43,91.29,9,8,100,46.0,0.13,50.0,0.04,56.0,0.44,53.0,0.8,56.0,1.89,POSITIVE,58.11,POSITIVE,Momentum + MACD,"Trend, Structure, VWAP",-2.76,2.76,894.24,944.96,936.7,MODERATE,55693640.0,NOT_AVAILABLE,NOT_AVAILABLE,,1037,1079
1038,VSSL,2026-08-31,356.15,Neutral-Range,46.07,43.17,1,55,3/10,Low,60.47,14.58,4.09,63.33,342.99,319.89,284.46,-1.1785,-0.1948,0.33,20.0,343.84,3.58,4.36,0.737,2.18,1.34,-1.49,17.15,0.39,31.91,357.0,346.95,348.55,370.8,341.3,46.58,48.68,1.89,-1.6,0.29,15.79,8.03,1.99,-1.86,86.35,8,8,100,39.0,-0.45,34.0,-0.64,32.0,-0.77,30.0,-0.32,36.0,0.07,NEGATIVE,32.34,NEGATIVE,Trend + VWAP + RSI,"Momentum, MACD",-4.09,4.09,341.57,370.73,348.55,HIGH,91254216.0,NOT_AVAILABLE,NOT_AVAILABLE,,1038,1068
1039,OSELDEVICE,2026-08-31,384.85,Bearish,46.06,35.21,-5,25,5/10,Medium,42.86,20.66,5.37,45.0,398.83,423.26,427.99,2.4225,-0.86,0.48,15.83,392.85,-2.04,2.27,0.376,-2.25,-8.5,2.67,-5.45,-0.43,82.95,398.95,383.1,393.7,430.75,380.0,47.53,48.29,3.65,-2.72,0.55,29.66,19.01,3.76,-3.16,78.43,7,6,39,41.03,-0.47,48.72,1.33,48.72,2.44,53.85,5.18,46.15,8.28,MIXED,70.9,STRONG,No strong driver,"Trend, Momentum, VWAP",-8.05,-1.88,353.85,377.62,398.95,VERY_HIGH,14268456.0,NOT_AVAILABLE,NOT_AVAILABLE,,1039,1403
1040,JAYBARMARU,2026-08-31,124.85,Bearish,46.05,44.9,-4,30,6/10,Medium,37.45,6.36,5.1,25.83,133.33,141.62,120.98,0.5628,0.2196,0.54,42.5,132.94,-6.09,3.39,0.066,-2.73,-1.55,-2.25,-23.01,-1.05,55.58,128.7,123.21,128.35,128.7,122.0,43.03,52.37,2.46,-2.06,0.42,28.16,8.16,2.11,-3.54,85.13,8,9,100,43.0,-0.59,56.0,-1.0,60.0,-0.01,56.0,2.22,62.0,2.76,MIXED,64.44,POSITIVE,Momentum + MACD,"Trend, Structure, VWAP",-7.64,-1.78,115.31,122.62,132.94,VERY_HIGH,55194167.0,NOT_AVAILABLE,NOT_AVAILABLE,,1040,989
1041,HDBFS,2026-08-31,682.35,Neutral-Range,46.05,43.27,-2,40,4/10,Low,44.91,14.85,2.18,0.83,688.15,692.97,704.41,0.6018,-0.1916,0.32,17.5,685.79,-0.5,1.77,0.46,0.44,-0.95,-0.23,-0.37,-0.64,55.07,687.0,678.0,679.35,698.15,678.0,39.33,56.33,1.29,-1.0,0.06,5.33,5.33,2.88,-1.53,66.52,4,9,52,40.38,0.19,50.0,0.43,59.62,0.07,51.92,-0.69,50.0,-1.47,POSITIVE,51.56,MIXED,Delivery + Liquidity,"Trend, Momentum, VWAP",-2.18,2.18,667.5,697.2,679.35,MODERATE,463261374.0,NOT_AVAILABLE,NOT_AVAILABLE,,1040,1061
1042,HCLTECH,2026-08-31,1312.2,Neutral-Range,45.98,48.3,-2,40,3/10,Low,51.83,30.87,2.35,5.83,1312.5,1278.88,1344.46,-9.4356,1.3976,1.62,87.5,1331.1,-1.42,1.89,0.323,-0.3,-0.74,-0.97,-4.71,0.04,67.74,1334.2,1290.0,1316.1,1334.2,1280.0,47.11,48.03,1.18,-1.12,0.03,7.11,8.68,1.78,-1.94,70.9,7,9,100,48.0,0.1,49.0,-0.07,53.0,0.04,51.0,-0.05,58.0,0.38,MIXED,51.36,MIXED,Liquidity,"Trend, VWAP, Delivery",-2.35,2.35,1281.33,1343.07,1316.1,MODERATE,2571436583.0,NOT_AVAILABLE,NOT_AVAILABLE,,1042,826
1043,AARTIIND,2026-08-31,524.4,Neutral-Range,45.97,49.38,-1,45,4/10,Low,53.74,16.13,3.08,8.33,523.03,503.78,461.09,-0.4867,-1.4279,0.45,24.17,525.39,-0.19,3.44,0.616,-2.95,-3.45,-0.44,7.72,0.05,51.6,543.0,528.0,540.35,551.75,525.4,46.84,48.55,1.7,-1.58,0.15,6.58,6.97,2.38,-1.99,75.26,8,8,96,45.83,-0.15,47.92,-0.26,42.71,-0.78,48.96,0.24,50.0,0.51,NEGATIVE,44.92,MIXED,Trend + RSI + Liquidity,"Momentum, Structure, MACD",-3.08,3.08,508.27,540.53,540.35,HIGH,742491409.0,NOT_AVAILABLE,NOT_AVAILABLE,,1043,786
1044,SBICARD,2026-08-31,644.75,Neutral-Range,45.95,44.41,-1,45,4/10,Low,50.63,17.56,2.72,50.83,644.87,639.91,693.92,-0.797,-0.0533,8.65,100.0,644.65,0.02,5.55,0.572,0.58,-0.85,0.47,-3.05,-1.27,86.2,649.4,638.0,641.05,666.3,638.0,46.97,48.03,1.13,-1.15,0.05,6.32,5.53,1.93,-2.53,72.45,10,8,100,45.0,-0.09,48.0,0.04,47.0,-0.01,43.0,-0.4,37.0,-0.81,MIXED,44.86,MIXED,Volume + Delivery + Liquidity,"Trend, Momentum, MACD",-2.72,2.72,627.19,662.31,641.05,MODERATE,1957930501.0,NOT_AVAILABLE,NOT_AVAILABLE,,1044,1008
1045,IRCON,2026-08-31,119.37,Bearish,45.95,41.66,-6,20,7/10,Medium,31.86,3.08,2.58,25.0,124.9,128.62,143.01,-0.3354,-0.1781,1.13,84.17,126.14,-5.36,2.82,0.032,-2.48,-3.03,-4.17,-9.49,-0.16,56.75,123.89,122.2,122.4,126.83,122.1,42.37,53.16,2.47,-1.92,0.18,13.55,9.08,2.06,-2.77,72.58,7,9,15,66.67,1.72,86.67,5.57,73.33,4.47,46.67,2.25,53.33,4.69,STRONG,77.0,STRONG,Liquidity,"Trend, Momentum, Structure",-3.87,-0.9,114.75,118.29,126.14,MODERATE,166685955.0,NOT_AVAILABLE,NOT_AVAILABLE,,1044,1139
1046,SMALLCAP,2026-08-31,48.99,Neutral-Range,45.94,52.22,-1,45,4/10,Low,63.32,0.75,1.53,0.83,48.51,47.55,45.33,-0.0053,-0.0165,0.67,28.33,48.54,0.93,1.18,0.664,-0.33,0.23,1.01,3.35,0.02,52.02,49.34,49.09,49.15,49.38,48.0,53.12,42.52,0.88,-1.04,0.53,25.7,4.98,1.71,-1.73,95.15,14,8,52,32.69,-0.32,32.69,-0.37,42.31,-0.42,53.85,-0.54,51.92,-1.1,NEGATIVE,44.82,MIXED,Trend + VWAP + RSI,"Momentum, Structure, MACD",-1.53,1.53,48.24,49.74,49.15,LOW,89848753.0,NOT_AVAILABLE,NOT_AVAILABLE,,1046,680
1047,REDTAPE,2026-08-31,124.15,Neutral-Range,45.88,39.41,-3,35,5/10,Medium,44.37,4.19,3.37,18.33,125.91,128.79,140.76,0.143,0.0917,0.57,40.83,130.3,-4.72,3.04,0.175,-1.48,1.8,2.05,-5.08,0.02,56.56,127.25,123.13,126.01,127.25,119.0,44.34,51.32,1.99,-1.84,0.12,15.79,8.68,2.17,-3.33,90.25,7,7,100,38.0,-0.09,44.0,0.06,46.0,0.31,52.0,1.74,56.0,3.46,MIXED,57.5,POSITIVE,Momentum + MACD,"Trend, Structure, VWAP",-3.37,3.37,119.96,128.34,126.01,HIGH,73738892.0,NOT_AVAILABLE,NOT_AVAILABLE,,1047,1235
1048,KOLTEPATIL,2026-08-31,446.8,Neutral-Range,45.87,39.96,0,50,3/10,Low,52.53,20.31,4.55,68.33,448.13,421.51,390.09,-5.5016,-0.3649,0.07,3.33,498.76,-10.42,2.95,0.382,-0.31,-1.17,-5.27,14.15,1.52,38.59,452.85,443.5,448.2,470.65,443.5,44.74,50.79,1.93,-1.64,0.21,10.53,6.97,2.44,-2.03,85.34,8,8,100,54.0,0.17,43.0,-0.31,41.0,-0.47,42.0,-0.99,35.0,-1.53,NEGATIVE,38.21,NEGATIVE,RSI + Gap + Liquidity,"Momentum, VWAP, MACD",-4.55,4.55,426.49,467.11,448.2,HIGH,432477434.0,NOT_AVAILABLE,NOT_AVAILABLE,,1048,1213
1049,GODREJCP,2026-08-31,901.3,Bearish,45.86,43.19,-4,30,5/10,Medium,27.63,21.94,2.43,25.83,957.25,1000.01,1073.57,-2.7192,0.0527,0.44,15.0,938.99,-4.01,1.31,0.0,-1.5,-2.97,-2.88,-17.0,-0.42,65.53,927.8,911.6,915.0,934.3,911.6,45.39,50.0,1.26,-1.15,0.12,6.97,5.92,1.74,-2.08,74.18,9,8,15,26.67,-0.7,40.0,-0.44,53.33,1.07,46.67,2.4,73.33,3.89,MIXED,63.88,POSITIVE,Liquidity,"Trend, Momentum, Structure",-3.65,-0.85,868.4,893.62,938.99,MODERATE,2484317076.0,NOT_AVAILABLE,NOT_AVAILABLE,,1049,1066
1050,JPPOWER,2026-08-31,16.45,Bearish,45.83,48.03,-6,20,7/10,High,30.18,0.42,2.54,2.5,17.2,17.48,17.48,-0.0894,-0.0179,1.45,85.0,17.64,-6.72,2.79,0.017,-2.2,-3.8,-5.41,-12.31,-0.12,42.76,16.98,16.76,16.82,17.47,16.76,41.71,51.58,2.71,-1.97,0.38,22.11,8.16,2.15,-3.06,80.31,6,10,100,47.0,0.17,57.0,1.21,55.0,1.96,64.0,4.66,65.0,5.86,POSITIVE,76.65,STRONG,Liquidity,"Trend, Momentum, Volume",-3.81,-0.89,15.82,16.3,17.64,MODERATE,645291443.0,NOT_AVAILABLE,NOT_AVAILABLE,,1050,842
1051,ERIS,2026-08-31,1297.2,Bearish,45.82,44.75,-6,20,7/10,High,31.82,31.39,2.42,1.67,1343.46,1373.21,1415.75,-3.1795,-0.1735,0.93,59.17,1352.87,-4.11,2.13,0.044,-1.34,-2.14,-3.83,-6.22,0.0,59.62,1325.1,1295.0,1314.8,1337.4,1295.0,49.08,46.58,1.46,-1.37,0.08,8.68,7.37,1.73,-2.16,93.45,11,10,96,54.17,0.49,64.58,0.84,67.71,1.41,68.75,2.06,60.42,1.43,STRONG,76.64,STRONG,Liquidity,"Trend, Momentum, Structure",-3.63,-0.85,1250.11,1286.21,1352.87,MODERATE,106910987.0,NOT_AVAILABLE,NOT_AVAILABLE,,1051,998
1052,BSE500IETF,2026-08-31,39.67,Neutral-Range,45.76,47.96,-3,35,4/10,Low,49.14,0.6,1.52,10.0,39.77,39.45,38.84,-0.0565,-0.0064,0.56,40.83,39.91,-0.61,2.18,0.22,-0.45,-0.1,-0.85,-0.82,1.3,60.32,40.01,39.55,39.85,40.24,39.38,52.67,41.56,0.61,-0.69,0.46,17.6,4.18,2.08,-2.12,96.68,15,7,100,48.0,0.01,53.0,0.07,56.0,0.19,56.0,0.55,54.0,0.31,POSITIVE,57.16,POSITIVE,Gap,"Momentum, VWAP, MACD",-1.52,1.52,39.07,40.27,39.85,LOW,6930838.0,NOT_AVAILABLE,NOT_AVAILABLE,,1052,849
1053,RHIM,2026-08-31,371.6,Bearish,45.7,40.38,-4,30,5/10,Medium,39.51,11.59,3.12,3.33,381.66,388.43,409.57,-1.6521,0.5336,0.29,33.33,393.19,-5.49,2.64,0.105,0.61,-0.8,-0.71,-9.86,0.45,48.44,373.0,367.85,369.35,381.95,364.85,41.71,53.55,1.78,-1.51,0.1,8.82,6.32,1.66,-2.15,82.55,6,8,31,54.84,-0.14,45.16,-0.16,58.06,0.89,54.84,1.34,54.84,1.78,POSITIVE,63.44,POSITIVE,Liquidity,"Trend, Momentum, Structure",-4.68,-1.09,354.21,367.54,393.19,HIGH,269715405.0,NOT_AVAILABLE,NOT_AVAILABLE,,1053,1186
1054,CREDITACC,2026-08-31,1363.5,Bearish,45.68,46.62,-6,20,7/10,Medium,29.23,43.97,3.22,33.33,1476.34,1476.76,1371.03,-19.2243,-1.6297,1.35,89.17,1477.7,-7.73,3.15,0.047,-2.03,-5.46,-11.38,-12.5,0.0,65.77,1422.8,1367.4,1391.7,1497.9,1367.4,44.74,50.92,2.0,-1.68,0.09,11.18,6.84,1.76,-2.74,82.33,7,8,9,55.56,1.01,44.44,0.41,55.56,1.37,66.67,3.24,66.67,2.08,POSITIVE,76.22,STRONG,Liquidity,"Trend, Momentum, Volume",-4.84,-1.13,1297.55,1348.11,1477.7,HIGH,383299677.0,NOT_AVAILABLE,NOT_AVAILABLE,,1054,922
1055,SPECTRUM,2026-08-31,2120.5,Neutral-Range,45.66,37.57,-2,40,2/10,Low,45.01,124.47,5.87,49.17,2208.93,2105.59,1702.4,-34.7701,3.7939,0.21,14.17,2359.5,-10.13,3.3,0.12,0.17,-1.11,-0.22,-16.76,-0.75,,2150.0,2050.0,2116.9,2227.8,2050.0,46.77,48.39,2.86,-2.44,-0.08,28.23,28.76,2.95,-3.25,81.89,10,9,8,37.5,-1.89,0.0,-5.09,25.0,-2.92,62.5,4.13,25.0,4.11,NEGATIVE,50.47,MIXED,No strong driver,"Structure, VWAP",-5.87,5.87,1996.03,2244.97,2116.9,VERY_HIGH,21751175.0,NOT_AVAILABLE,NOT_AVAILABLE,,1055,1317
1056,BBOX,2026-08-31,747.65,Neutral-Range,45.64,40.71,-3,35,4/10,Low,42.44,33.23,4.44,20.0,766.52,802.19,714.63,2.4964,-0.0389,0.5,22.5,783.55,-4.58,3.75,0.216,0.23,-1.61,-3.42,-0.8,-0.12,46.39,754.95,740.0,745.9,785.0,735.0,45.92,49.21,2.64,-2.02,0.49,30.66,11.05,2.16,-2.3,86.38,9,8,100,52.0,0.1,48.0,0.61,53.0,1.3,49.0,0.23,40.0,-2.31,MIXED,56.82,MIXED,Liquidity,"Trend, Momentum, VWAP",-4.44,4.44,714.42,780.88,745.9,HIGH,321137219.0,NOT_AVAILABLE,NOT_AVAILABLE,,1056,1171
1057,ANLON,2026-08-31,625.0,Neutral-Range,45.6,45.81,-2,40,5/10,Medium,57.7,22.47,3.59,16.67,617.25,535.3,429.19,-11.7739,-1.9081,0.65,47.5,607.78,2.83,5.31,0.459,-2.33,-6.02,-7.59,15.92,-1.38,82.61,640.0,638.0,639.9,670.0,637.1,44.76,47.2,3.19,-2.53,0.28,32.87,24.83,3.22,-3.11,65.7,5,6,100,40.0,-0.07,43.0,-0.29,40.0,0.04,43.0,1.52,39.0,1.8,MIXED,50.29,MIXED,Trend + VWAP + RSI,"Momentum, Structure, MACD",-3.59,3.59,602.53,647.47,639.9,HIGH,8606198.0,NOT_AVAILABLE,NOT_AVAILABLE,,1057,952
1058,DENTA,2026-08-31,272.9,Bearish,45.59,40.97,-4,30,4/10,Low,27.77,12.74,4.67,38.33,299.7,307.97,305.14,-2.729,0.0002,1.02,79.17,313.15,-12.85,7.42,0.091,-3.82,-3.42,-4.93,-25.04,0.09,42.69,287.1,282.2,283.75,294.85,281.0,44.17,52.61,2.67,-2.24,0.21,21.09,10.67,2.0,-2.8,78.07,8,7,100,47.0,0.08,55.0,1.1,56.0,1.67,48.0,1.26,46.0,1.33,POSITIVE,63.12,POSITIVE,No strong driver,"Trend, Momentum, Structure",-7.0,-1.63,253.79,268.44,313.15,HIGH,62409188.0,NOT_AVAILABLE,NOT_AVAILABLE,,1058,1164
1059,JUNIORBEES,2026-08-31,793.86,Bearish,45.54,50.69,-5,25,6/10,Medium,44.73,13.65,1.72,32.5,800.44,790.18,758.57,-1.8819,-0.5932,1.01,67.5,803.69,-1.22,2.13,0.281,-0.93,-0.76,-1.78,-0.96,0.97,74.12,821.9,800.5,801.29,821.9,794.27,56.32,39.21,0.73,-0.87,0.96,40.92,7.89,2.42,-2.37,98.09,12,6,100,57.0,0.09,62.0,0.34,68.0,0.79,65.0,1.17,66.0,1.18,STRONG,69.39,POSITIVE,Liquidity,"Momentum, Structure, VWAP",-2.58,-0.6,773.38,789.08,821.9,LOW,296256653.0,NOT_AVAILABLE,NOT_AVAILABLE,,1059,744
1060,SARTELE,2026-08-31,93.45,Bearish,45.54,36.6,-6,20,6/10,Medium,27.1,5.55,5.94,47.5,105.15,116.75,157.09,-0.5291,-0.1199,1.55,82.5,105.24,-11.2,6.29,0.034,-3.71,-7.38,-7.38,-22.29,0.98,85.63,98.0,96.15,97.05,105.85,95.2,39.75,56.04,3.54,-2.44,0.61,33.01,13.9,2.82,-2.67,80.62,8,10,12,33.33,0.1,50.0,1.5,66.67,6.38,50.0,7.73,50.0,3.57,STRONG,75.83,STRONG,No strong driver,"Trend, Momentum, Structure",-8.91,-2.08,85.13,91.51,105.24,VERY_HIGH,10883955.0,NOT_AVAILABLE,NOT_AVAILABLE,,1059,1361
1061,JUBLPHARMA,2026-08-31,881.9,Neutral-Range,45.5,36.95,-1,45,4/10,Low,39.25,30.37,3.44,68.33,900.92,929.23,962.84,1.8444,0.3639,0.63,35.0,902.16,-2.25,3.08,0.231,-0.08,-2.3,1.72,-5.49,0.0,51.33,895.0,871.1,882.65,928.15,871.1,46.84,48.82,1.92,-1.59,0.01,8.42,11.05,1.91,-2.0,91.32,9,7,100,47.0,0.05,50.0,0.1,48.0,-0.26,38.0,-0.12,39.0,0.28,MIXED,43.58,MIXED,Momentum + MACD + Liquidity,"Trend, VWAP, RSI",-3.44,3.44,851.53,912.27,882.65,HIGH,330738866.0,NOT_AVAILABLE,NOT_AVAILABLE,,1061,1342
1062,VHLTD,2026-08-31,115.79,Bearish,45.49,38.77,-5,25,5/10,Medium,37.99,5.18,4.48,65.0,122.92,127.6,131.16,-0.8901,0.0337,0.67,55.83,125.38,-7.65,1.86,0.053,-1.83,-1.14,-6.34,-12.94,-0.39,,118.5,115.5,117.95,120.44,114.55,49.02,46.87,1.96,-1.6,1.43,56.17,8.23,3.0,-3.57,88.42,20,8,57,52.63,0.3,50.88,1.11,50.88,1.37,63.16,2.22,63.16,2.75,MIXED,69.27,POSITIVE,No strong driver,"Trend, Momentum, Structure",-6.71,-1.57,108.02,113.98,125.38,HIGH,7254091.0,NOT_AVAILABLE,NOT_AVAILABLE,,1062,1272
1063,SAKAR,2026-08-31,863.35,Bearish,45.46,43.61,-6,20,6/10,Medium,45.77,42.54,4.93,0.83,888.48,859.83,670.65,-6.2927,-1.2401,0.88,70.0,905.03,-4.61,3.1,0.214,-1.41,-4.02,-4.64,-6.41,-2.22,55.23,910.0,870.0,875.7,920.45,870.0,43.55,51.84,2.36,-1.67,0.23,18.03,11.45,2.03,-2.29,91.6,7,10,100,46.0,0.2,46.0,1.35,51.0,2.62,65.0,5.61,66.0,7.06,MIXED,75.6,STRONG,No strong driver,"Momentum, Structure, VWAP",-7.39,-1.72,799.54,848.46,910.0,HIGH,94407102.0,NOT_AVAILABLE,NOT_AVAILABLE,,1063,1047
1064,ELECTHERM,2026-08-31,990.6,Bearish,45.44,41.79,-6,20,6/10,Medium,41.33,44.17,4.46,0.83,1024.53,1017.95,926.84,0.2208,-3.018,0.51,57.5,1017.59,-2.65,2.5,0.267,-2.51,-6.05,1.62,-1.73,-0.21,76.02,1034.8,1012.9,1016.1,1075.0,1012.9,48.68,46.58,2.85,-2.3,0.39,39.87,24.74,2.49,-2.54,47.62,27,11,19,47.37,0.67,42.11,1.89,42.11,1.73,73.68,6.48,52.63,7.46,MIXED,75.53,STRONG,No strong driver,"Trend, Momentum, Structure",-6.69,-1.56,924.35,975.14,1034.8,HIGH,24350214.0,NOT_AVAILABLE,NOT_AVAILABLE,,1064,1132
1065,GOPAL,2026-08-31,274.75,Bearish,45.43,51.99,-5,25,5/10,Medium,48.26,8.12,2.96,27.5,277.05,276.2,292.07,-0.3145,-0.4553,0.58,23.33,279.59,-1.73,1.5,0.244,-0.54,-3.38,1.48,-1.49,0.24,34.93,284.0,275.1,276.25,287.9,275.1,42.25,53.48,1.86,-1.51,0.21,15.82,7.44,1.77,-2.21,85.37,9,8,22,40.91,-0.14,45.45,0.22,54.55,1.04,77.27,0.95,77.27,3.6,MIXED,69.1,POSITIVE,No strong driver,"Trend, Momentum, Structure",-4.43,-1.03,262.57,271.91,284.0,MODERATE,65376216.0,NOT_AVAILABLE,NOT_AVAILABLE,,1065,695
1066,RUSTOMJEE,2026-08-31,378.95,Neutral-Range,45.42,38.92,-1,45,4/10,Low,45.18,10.9,2.88,0.83,381.09,390.6,436.15,1.839,0.0433,0.06,12.5,404.29,-6.27,2.13,0.197,-0.35,-0.03,1.03,-4.5,0.75,55.86,383.8,378.1,380.3,385.45,371.0,43.95,51.45,1.58,-1.42,0.24,19.61,8.42,1.69,-2.0,93.47,9,7,100,50.0,0.15,47.0,-0.03,47.0,0.2,42.0,-0.9,36.0,-1.5,MIXED,43.35,MIXED,Momentum + MACD + Liquidity,"Trend, Structure, VWAP",-2.88,2.88,368.05,389.85,380.3,MODERATE,194439283.0,NOT_AVAILABLE,NOT_AVAILABLE,,1066,1262
1067,NAHARPOLY,2026-08-31,243.75,Neutral-Range,45.4,39.47,-3,35,5/10,Medium,44.92,9.4,3.86,17.5,247.18,251.06,254.08,0.58,0.0162,0.18,5.0,248.7,-1.99,2.37,0.268,-1.46,-0.45,2.57,-11.33,-0.97,71.71,248.9,245.8,247.35,250.0,239.2,44.87,50.53,2.26,-1.92,0.42,28.68,12.11,2.27,-2.29,88.72,8,7,100,44.0,-0.01,41.0,-0.28,46.0,0.06,53.0,1.56,57.0,4.43,MIXED,56.13,MIXED,Momentum + MACD,"Trend, Structure, VWAP",-3.86,3.86,234.35,253.15,247.35,HIGH,6377367.0,NOT_AVAILABLE,NOT_AVAILABLE,,1067,1232
1068,PNB,2026-08-31,114.23,Bearish,45.33,46.87,-5,25,6/10,Medium,49.17,2.07,1.81,10.0,115.14,112.61,111.99,-0.5501,-0.1063,1.42,91.67,116.29,-1.78,1.9,0.268,-1.01,-1.41,-2.63,1.09,-0.35,61.27,115.75,114.42,115.4,118.2,114.42,50.26,45.13,1.46,-1.47,0.18,9.74,6.32,1.93,-2.02,74.15,9,7,100,49.0,0.03,53.0,0.47,60.0,0.94,59.0,2.1,52.0,2.34,POSITIVE,68.81,POSITIVE,Liquidity,"Momentum, Volume, Structure",-2.72,-0.63,111.13,113.51,116.29,LOW,1510967295.0,NOT_AVAILABLE,NOT_AVAILABLE,,1068,906
1069,INDOTECH,2026-08-31,3703.3,Neutral-Range,45.32,51.13,-2,40,4/10,Low,54.64,174.76,4.72,15.0,3671.71,3411.46,2553.35,-19.0179,-4.5973,0.44,33.33,3714.35,-0.3,3.4,0.5,-1.43,-3.83,2.63,6.7,0.55,61.17,3795.1,3725.0,3757.1,4030.0,3677.0,46.32,49.21,3.47,-2.56,0.6,37.24,17.37,2.91,-2.95,75.44,9,8,9,44.44,-0.29,22.22,-3.57,33.33,-4.45,66.67,4.32,77.78,5.74,NEGATIVE,49.48,MIXED,Trend + RSI,"Momentum, Structure, MACD",-4.72,4.72,3528.54,3878.06,3757.1,HIGH,98911192.0,NOT_AVAILABLE,NOT_AVAILABLE,,1069,733
1070,DICIND,2026-08-31,576.8,Neutral-Range,45.26,47.53,1,55,3/10,Low,56.02,27.11,4.7,35.83,569.76,544.55,533.86,1.3263,-2.609,0.34,27.5,578.41,-0.28,6.84,0.594,-4.76,-2.58,-2.56,13.08,-0.93,83.76,611.95,598.6,605.6,619.9,578.3,45.92,49.34,1.73,-1.49,0.51,30.0,11.32,2.41,-2.29,92.56,10,8,9,44.44,-0.27,55.56,-0.62,55.56,-0.63,33.33,-3.39,44.44,-1.91,MIXED,30.03,NEGATIVE,Trend + Momentum + RSI,"Structure, Delivery",-4.7,4.7,549.69,603.91,605.6,HIGH,12456924.0,NOT_AVAILABLE,NOT_AVAILABLE,,1070,877
1071,CHOLAFIN,2026-08-31,1857.4,Bearish,45.25,46.96,-4,30,5/10,Medium,50.72,44.58,2.4,4.17,1863.84,1810.78,1681.47,-8.5231,-0.2071,1.23,72.5,1889.9,-1.72,2.68,0.344,-0.3,0.58,-1.45,-1.63,-0.53,64.85,1878.0,1845.0,1862.9,1925.0,1821.1,45.26,49.87,1.76,-1.44,0.12,9.34,7.37,1.86,-1.83,70.34,8,9,100,42.0,-0.03,56.0,0.58,59.0,0.96,54.0,0.94,53.0,0.39,POSITIVE,62.15,POSITIVE,Liquidity,"Momentum, Volume, VWAP",-3.6,-0.84,1790.53,1841.8,1889.9,MODERATE,1948475127.0,NOT_AVAILABLE,NOT_AVAILABLE,,1071,900
1072,LINDEINDIA,2026-08-31,6385.5,Bearish,45.25,46.78,-5,25,6/10,Medium,31.32,161.93,2.54,1.67,6681.8,6844.97,6818.79,-27.2246,-5.0469,1.13,79.17,6797.44,-6.06,2.3,0.023,-1.82,-2.23,-5.15,-8.52,-0.06,48.0,6549.5,6491.0,6504.0,6703.0,6458.0,41.58,54.08,1.81,-1.33,0.26,12.11,5.0,1.69,-1.81,86.89,8,7,17,52.94,0.4,64.71,1.13,64.71,1.38,58.82,1.2,47.06,-1.05,POSITIVE,68.56,POSITIVE,Liquidity,"Trend, Momentum, Structure",-3.8,-0.89,6142.6,6328.82,6797.44,MODERATE,162013883.0,NOT_AVAILABLE,NOT_AVAILABLE,,1071,913
1073,GRANULES,2026-08-31,828.5,Bearish,45.24,50.19,-7,15,8/10,High,43.4,23.47,2.83,3.33,844.53,831.93,717.79,-3.4971,-0.2653,1.41,85.83,847.05,-2.19,2.11,0.109,-0.97,-3.13,-3.84,-1.74,-0.5,58.37,844.75,833.5,836.65,868.2,821.85,50.53,45.0,1.65,-1.53,0.11,6.71,5.53,1.58,-2.0,84.97,10,6,100,54.0,0.22,60.0,1.0,67.0,1.8,70.0,2.81,71.0,4.13,STRONG,81.39,STRONG,Liquidity,"Trend, Momentum, Volume",-4.25,-0.99,793.29,820.29,847.05,MODERATE,471716303.0,NOT_AVAILABLE,NOT_AVAILABLE,,1073,757
1074,TATASTEEL,2026-08-31,184.35,Bearish,45.19,45.34,-5,25,6/10,Medium,43.68,3.95,2.14,30.83,186.34,189.24,189.87,0.1752,-0.1461,1.46,89.17,186.79,-1.31,2.37,0.319,-1.15,-1.05,-0.89,-3.48,-0.62,62.91,188.79,184.08,186.5,190.25,183.06,48.68,46.58,1.29,-1.22,0.19,11.45,6.71,1.71,-1.94,73.93,8,6,79,56.96,0.18,67.09,0.46,64.56,0.46,65.82,1.48,67.09,2.8,POSITIVE,68.39,POSITIVE,Liquidity,"Trend, Momentum, Volume",-3.22,-0.75,178.42,182.97,188.79,MODERATE,4720865231.0,NOT_AVAILABLE,NOT_AVAILABLE,,1074,972
1075,HAL,2026-08-31,4801.6,Bearish,45.18,44.66,-4,30,5/10,Medium,47.74,101.52,2.11,15.83,4866.7,4709.92,4465.19,-35.6367,-5.5379,0.6,31.67,4943.4,-2.87,1.38,0.363,-1.22,-2.13,-5.09,2.38,-0.5,61.0,4890.0,4816.0,4861.1,4990.0,4805.0,50.39,45.26,1.6,-1.62,0.16,8.82,5.39,2.14,-3.27,71.9,8,6,100,51.0,0.18,54.0,0.19,53.0,0.49,52.0,2.06,44.0,1.38,MIXED,61.95,POSITIVE,Liquidity,"Momentum, Structure, VWAP",-3.17,-0.74,4649.32,4766.07,4943.4,MODERATE,5570488332.0,NOT_AVAILABLE,NOT_AVAILABLE,,1075,1003
1076,STARCEMENT,2026-08-31,184.76,Bearish,45.16,43.95,-6,20,6/10,Medium,19.03,5.01,2.71,52.5,195.37,201.47,213.88,-1.031,-0.1934,7.51,100.0,191.99,-3.77,6.85,0.183,-1.61,-5.18,-7.18,-9.41,-0.95,63.96,191.98,185.3,187.79,196.2,185.3,44.34,51.05,1.62,-1.33,0.16,11.71,7.37,1.79,-2.22,89.45,7,8,100,47.0,0.2,52.0,0.64,62.0,1.29,67.0,2.36,64.0,2.69,POSITIVE,74.75,STRONG,No strong driver,"Trend, Momentum, Structure",-4.07,-0.95,177.25,183.01,191.99,MODERATE,70638023.0,NOT_AVAILABLE,NOT_AVAILABLE,,1076,1027
1077,PARKHOTELS,2026-08-31,112.48,Bearish,45.15,39.45,-4,30,5/10,Medium,32.65,3.73,3.32,31.67,116.83,119.43,125.74,-0.4756,0.0476,0.82,58.33,116.69,-3.61,2.4,0.106,0.13,-3.84,-3.43,-9.68,0.72,58.1,115.0,111.51,112.33,120.59,111.51,44.12,51.91,1.97,-1.79,0.32,19.08,7.94,1.81,-2.07,89.6,7,7,8,37.5,-0.64,37.5,-2.16,50.0,0.78,62.5,1.09,50.0,2.23,MIXED,61.86,POSITIVE,Delivery,"Trend, Momentum, Structure",-4.97,-1.16,106.89,111.17,116.69,HIGH,16877810.0,NOT_AVAILABLE,NOT_AVAILABLE,,1077,1233
1078,AJMERA,2026-08-31,116.9,Neutral-Range,45.13,36.69,-3,35,5/10,Medium,40.07,4.19,3.59,1.67,119.6,123.99,284.57,0.1249,0.0245,0.72,55.83,120.21,-2.75,3.34,0.148,-0.43,-1.43,-1.52,-10.36,0.7,55.11,118.88,114.56,117.41,120.0,114.56,46.05,49.47,2.43,-2.26,0.11,14.21,8.68,2.0,-3.27,87.99,8,7,100,53.0,0.45,50.0,0.75,47.0,1.0,45.0,1.04,44.0,1.3,MIXED,55.36,MIXED,Momentum + MACD,"Trend, Structure, VWAP",-3.59,3.59,112.71,121.09,117.41,HIGH,42800130.0,NOT_AVAILABLE,NOT_AVAILABLE,,1078,1355
1079,SCODATUBES,2026-08-31,128.38,Bearish,45.12,41.73,-6,20,6/10,Medium,37.04,5.07,3.95,18.33,133.59,137.76,143.83,0.0303,-0.0032,0.43,13.33,134.57,-4.6,3.68,0.137,-3.18,-1.27,-1.0,-14.88,-0.6,59.73,135.22,130.32,132.59,135.22,128.0,41.25,54.69,2.56,-1.93,0.29,18.12,9.69,2.18,-2.47,84.86,5,7,59,42.37,0.23,49.15,0.72,49.15,1.05,69.49,3.48,72.88,6.14,MIXED,74.64,STRONG,No strong driver,"Trend, Momentum, Structure",-5.93,-1.38,120.77,126.61,135.22,HIGH,27892151.0,NOT_AVAILABLE,NOT_AVAILABLE,,1079,1136
1080,PRIVISCL,2026-08-31,3474.1,Neutral-Range,45.11,49.62,-1,45,4/10,Low,42.66,73.79,2.12,0.83,3506.11,3514.77,3191.56,-3.408,3.3394,0.67,45.0,3527.21,-1.51,1.19,0.218,0.47,0.79,0.73,-3.42,1.04,67.44,3490.0,3402.5,3458.0,3510.0,3402.5,49.47,46.05,1.78,-1.55,0.2,15.53,5.66,1.51,-2.22,89.0,9,9,16,31.25,-0.78,37.5,-1.18,43.75,-1.65,62.5,-0.78,62.5,-0.44,NEGATIVE,42.47,NEGATIVE,Gap + Delivery + Liquidity,"Trend, Momentum, VWAP",-2.12,2.12,3400.31,3547.89,3458.0,MODERATE,200002203.0,NOT_AVAILABLE,NOT_AVAILABLE,,1080,776
1081,ZOTA,2026-08-31,1053.8,Bearish,45.0,37.05,-4,30,5/10,Medium,27.02,45.84,4.35,63.33,1142.5,1213.66,1258.9,-4.0712,0.472,0.54,23.33,1140.84,-7.63,2.8,0.015,-2.67,-3.72,-5.18,-16.74,-0.53,76.73,1103.4,1072.0,1082.7,1142.3,1069.5,45.53,49.87,2.2,-1.68,0.34,18.42,6.71,1.8,-1.87,88.34,8,9,100,50.0,0.26,51.0,-0.0,49.0,0.44,51.0,2.42,60.0,4.84,MIXED,61.44,POSITIVE,Liquidity,"Trend, Momentum, Structure",-6.52,-1.52,985.04,1037.76,1140.84,HIGH,113989751.0,NOT_AVAILABLE,NOT_AVAILABLE,,1081,1336
1082,ADANIPOWER,2026-08-31,198.0,Bearish,44.97,40.11,-5,25,6/10,Medium,36.68,5.89,2.97,19.17,207.83,211.3,228.6,0.4551,-0.8449,2.83,98.33,207.29,-4.48,7.12,0.0,-6.88,-2.8,-2.73,-7.33,-0.12,65.66,216.5,210.91,212.63,217.4,201.43,43.68,51.71,2.09,-1.69,0.22,16.05,6.84,2.18,-4.34,82.61,8,9,100,45.0,0.47,55.0,1.37,53.0,1.97,51.0,2.12,55.0,2.13,MIXED,67.76,POSITIVE,Liquidity,"Trend, Momentum, Structure",-4.46,-1.04,189.17,195.94,216.5,MODERATE,3954605715.0,NOT_AVAILABLE,NOT_AVAILABLE,,1082,1203
1083,COROMANDEL,2026-08-31,1905.9,Bearish,44.96,42.14,-5,25,6/10,Medium,32.83,48.71,2.56,10.0,1994.44,2007.7,2054.37,-18.5442,0.9188,1.55,90.0,1991.57,-4.3,1.46,0.066,-0.41,-1.07,-9.15,-9.9,0.0,64.62,1943.0,1895.2,1913.7,2009.7,1895.2,49.47,46.18,1.49,-1.4,0.1,5.39,4.34,1.54,-2.22,86.37,8,6,62,50.0,0.16,50.0,0.47,54.84,1.07,54.84,2.52,64.52,3.67,MIXED,67.75,POSITIVE,Liquidity,"Trend, Momentum, Structure",-3.83,-0.89,1832.83,1888.85,1991.57,MODERATE,271291684.0,NOT_AVAILABLE,NOT_AVAILABLE,,1083,1112
1084,INDIAMART,2026-08-31,1755.4,Neutral-Range,44.95,37.8,-1,45,4/10,Low,40.92,36.69,2.09,5.83,1769.7,1831.44,2038.82,5.3437,0.2587,0.78,51.67,1769.45,-0.79,2.16,0.357,-0.09,0.54,-0.82,-2.4,-0.17,60.15,1774.0,1752.5,1756.9,1774.0,1722.3,47.11,48.42,1.22,-1.3,0.13,8.16,4.87,1.69,-2.16,84.03,10,10,11,63.64,0.4,45.45,-0.42,36.36,-0.37,45.45,-0.04,36.36,-1.42,NEGATIVE,41.99,NEGATIVE,Momentum + MACD + Liquidity,"Trend, VWAP, RSI",-2.09,2.09,1718.71,1792.09,1756.9,MODERATE,179591731.0,NOT_AVAILABLE,NOT_AVAILABLE,,1084,1307
1085,DEVYANI,2026-08-31,138.77,Neutral-Range,44.94,43.69,0,50,3/10,Low,54.29,5.71,4.11,58.33,138.69,128.8,127.5,-1.0563,-0.6041,0.46,28.33,139.11,-0.25,3.25,0.568,-0.84,-6.94,-3.4,18.85,-0.64,47.3,146.79,139.16,139.94,155.95,139.16,42.5,53.03,1.82,-1.52,0.23,11.32,6.32,1.98,-1.89,83.43,8,9,61,37.7,-0.31,37.7,-1.03,40.98,-1.16,36.07,-0.45,34.43,-1.46,NEGATIVE,35.53,NEGATIVE,Trend + RSI + Liquidity,"Momentum, Structure, MACD",-4.11,4.11,133.06,144.48,139.94,HIGH,993151839.0,NOT_AVAILABLE,NOT_AVAILABLE,,1085,1040
1086,HDFCSML250,2026-08-31,185.36,Neutral-Range,44.88,51.23,-2,40,5/10,Medium,56.35,2.54,1.37,1.67,184.63,181.51,172.14,-0.1235,-0.0592,1.2,82.5,185.03,0.18,1.95,0.454,-0.61,0.1,0.09,1.08,0.78,59.7,186.82,185.56,186.5,187.24,183.41,53.68,41.97,0.82,-0.9,0.8,32.89,2.5,1.96,-1.94,95.71,13,9,100,51.0,-0.02,49.0,-0.14,47.0,-0.4,51.0,0.13,52.0,0.02,MIXED,48.22,MIXED,Trend + RSI + Liquidity,"Momentum, Volume, Structure",-1.37,1.37,182.82,187.9,186.5,LOW,225592131.0,NOT_AVAILABLE,NOT_AVAILABLE,,1086,728
1087,SPECIALITY,2026-08-31,140.17,Bearish,44.86,35.07,-4,30,4/10,Low,49.57,8.48,6.05,78.33,142.05,135.02,122.05,-0.8267,-0.2811,0.21,5.0,148.32,-5.49,5.39,0.281,-2.57,-4.15,3.08,6.09,0.79,,146.0,141.0,143.87,150.0,137.0,43.55,52.11,1.97,-1.68,0.19,14.08,10.92,1.93,-1.97,91.9,6,6,21,52.38,0.49,47.62,0.87,42.86,-0.02,47.62,3.61,47.62,3.97,NEGATIVE,61.03,POSITIVE,No strong driver,"Momentum, Structure, VWAP",-9.08,-2.12,127.45,137.2,148.32,VERY_HIGH,20035810.0,NOT_AVAILABLE,NOT_AVAILABLE,,1087,1407
1088,ITDC,2026-08-31,640.2,Bearish,44.85,43.32,-5,25,6/10,Medium,34.79,24.89,3.89,11.67,683.3,674.34,609.65,-6.3465,-1.2277,0.34,59.17,709.34,-9.75,3.96,0.021,-3.31,-5.92,-8.32,-10.49,0.24,41.18,675.6,659.05,662.15,696.15,657.0,44.34,50.92,2.57,-2.0,0.3,18.95,8.29,2.0,-2.22,87.15,7,8,23,60.87,0.57,65.22,1.37,60.87,1.78,52.17,1.44,47.83,0.12,POSITIVE,67.44,POSITIVE,Liquidity,"Trend, Momentum, Structure",-5.83,-1.36,602.87,631.49,709.34,HIGH,192660754.0,NOT_AVAILABLE,NOT_AVAILABLE,,1088,1059
1089,CEWATER,2026-08-31,269.5,Neutral-Range,44.81,32.71,0,50,2/10,Low,44.49,12.22,4.54,5.0,272.97,286.26,343.67,1.5618,0.2927,0.31,20.0,268.91,0.22,2.49,0.5,0.75,6.46,-2.0,-5.7,-0.17,47.15,272.15,263.3,267.5,275.7,251.0,40.85,55.87,2.61,-2.28,0.19,22.07,8.92,1.86,-2.92,82.68,9,10,66,33.33,-0.03,34.85,0.05,33.33,-0.19,33.33,-0.6,37.88,-0.21,NEGATIVE,35.17,NEGATIVE,Momentum + MACD,"Trend, RSI",-4.54,4.54,257.28,281.72,267.5,HIGH,39416463.0,NOT_AVAILABLE,NOT_AVAILABLE,,1089,1499
1090,PILANIINVS,2026-08-31,4353.4,Bearish,44.8,41.94,-7,15,7/10,High,47.92,92.24,2.12,15.0,4376.43,4388.07,4582.72,-2.0482,-2.0035,0.21,2.5,4436.74,-1.88,2.09,0.165,-0.79,-0.2,-2.06,0.15,-1.0,58.35,4419.5,4374.4,4387.9,4452.0,4328.3,46.84,48.68,1.86,-1.55,0.29,17.89,6.71,2.09,-2.24,84.15,8,7,100,46.0,0.03,49.0,0.7,58.0,1.83,71.0,3.26,56.0,3.18,POSITIVE,80.15,STRONG,No strong driver,"Trend, Momentum, Structure",-3.18,-0.74,4215.04,4321.12,4436.74,MODERATE,10548353.0,NOT_AVAILABLE,NOT_AVAILABLE,,1090,1119
1091,ADANIENT,2026-08-31,2859.1,Bearish,44.78,45.84,-5,25,6/10,Medium,35.21,81.31,2.84,40.0,3040.32,3004.54,2671.51,1.386,-18.9002,7.59,100.0,2974.81,-3.89,9.65,0.0,-9.76,-4.65,-4.93,-6.81,-0.11,75.91,3173.7,3133.3,3168.5,3173.7,2962.5,46.45,48.95,1.64,-1.46,0.26,9.08,5.26,2.46,-2.37,74.8,8,7,100,51.0,0.15,44.0,0.22,52.0,0.89,60.0,2.37,53.0,3.57,MIXED,67.24,POSITIVE,Liquidity,"Trend, Momentum, Structure",-4.27,-1.0,2737.14,2830.64,3173.7,MODERATE,5048276082.0,NOT_AVAILABLE,NOT_AVAILABLE,,1091,950
1092,SOLEX,2026-08-31,739.3,Bearish,44.77,32.83,-5,25,5/10,Medium,22.43,38.56,5.22,25.83,825.25,920.59,1108.06,-2.8423,-0.285,0.95,63.33,820.9,-9.94,4.19,0.029,-2.67,-7.15,-6.3,-21.92,0.69,42.76,772.2,757.0,759.6,848.6,753.05,43.65,50.79,3.39,-2.74,0.63,33.81,15.24,3.06,-3.12,83.17,11,9,100,47.0,0.91,42.0,2.19,48.0,2.37,44.0,3.0,43.0,1.34,MIXED,67.2,POSITIVE,No strong driver,"Trend, Momentum, Structure",-7.82,-1.83,681.46,725.8,820.9,VERY_HIGH,35681528.0,NOT_AVAILABLE,NOT_AVAILABLE,,1092,1492
1093,KRSNAA,2026-08-31,553.65,Bearish,44.67,43.22,-6,20,6/10,Medium,48.98,18.65,3.37,45.0,556.91,555.18,611.76,-0.3196,-0.6123,0.56,27.5,562.65,-1.6,3.68,0.4,-1.84,-1.66,-0.86,2.38,0.86,51.44,569.4,555.4,564.05,573.0,548.0,44.74,50.92,1.71,-1.5,0.27,17.11,6.84,1.85,-1.82,89.23,7,7,21,57.14,0.65,66.67,2.98,57.14,3.32,52.38,2.91,57.14,2.74,POSITIVE,73.33,STRONG,No strong driver,"Trend, Momentum, Structure",-5.05,-1.18,525.67,547.12,569.4,HIGH,47921045.0,NOT_AVAILABLE,NOT_AVAILABLE,,1093,1064
1094,MAMATA,2026-08-31,401.35,Bearish,44.64,45.76,-4,30,5/10,Medium,45.46,11.78,2.93,8.33,408.69,403.73,406.19,-2.679,-0.1033,0.94,65.0,416.53,-3.64,2.64,0.128,0.32,-3.87,-1.05,-0.45,-0.82,53.4,405.0,398.4,400.05,428.25,398.4,46.48,50.47,2.21,-2.15,-0.02,12.21,12.44,2.06,-3.01,77.13,6,5,100,48.0,0.04,47.0,-0.27,50.0,0.21,55.0,1.95,54.0,2.53,MIXED,60.39,POSITIVE,Delivery,"Trend, Momentum, Structure",-4.4,-1.03,383.68,397.23,416.53,MODERATE,34335954.0,NOT_AVAILABLE,NOT_AVAILABLE,,1094,955
1095,TIL,2026-08-31,234.8,Neutral-Range,44.62,40.6,-3,35,4/10,Low,50.27,11.72,4.99,5.0,236.36,227.6,230.3,-0.7177,-0.387,0.16,12.5,241.41,-2.74,3.07,0.269,-1.86,-5.27,2.15,-9.66,1.11,,241.0,236.9,239.25,255.3,235.1,43.71,52.58,2.92,-2.43,0.65,34.43,13.4,2.61,-2.5,84.31,9,8,9,55.56,0.84,66.67,3.01,55.56,1.54,33.33,0.41,55.56,2.86,POSITIVE,53.91,MIXED,Gap,"Momentum, Structure, VWAP",-4.99,4.99,223.08,246.52,239.25,HIGH,69758015.0,NOT_AVAILABLE,NOT_AVAILABLE,,1095,1178
1096,KRISHNADEF,2026-08-31,1004.8,Bearish,44.62,39.35,-4,30,5/10,Medium,31.46,50.19,5.0,14.17,1085.87,1146.35,1058.98,-3.9602,0.7285,1.5,87.5,1088.43,-7.68,5.42,0.141,-1.47,-1.34,-5.43,-17.52,-0.08,49.89,1036.0,1015.1,1019.8,1052.2,1010.8,49.15,46.38,3.02,-2.55,0.51,31.74,13.56,2.63,-2.87,82.2,9,9,100,52.0,0.35,46.0,0.62,47.0,1.03,47.0,2.08,47.0,3.94,MIXED,60.34,POSITIVE,Liquidity,"Trend, Momentum, Structure",-7.49,-1.75,929.51,987.23,1088.43,HIGH,135013723.0,NOT_AVAILABLE,NOT_AVAILABLE,,1095,1241
1097,KIMS,2026-08-31,755.5,Bearish,44.57,50.84,-6,20,7/10,Medium,36.08,20.83,2.76,25.0,784.31,786.96,745.71,-4.4256,-0.2331,1.14,72.5,790.71,-4.45,2.45,0.069,-2.01,-1.42,-5.61,-7.93,-0.52,67.74,785.6,763.3,771.0,785.85,753.0,49.61,45.79,1.45,-1.59,0.07,9.34,6.32,1.84,-3.65,89.26,9,6,11,54.55,-0.55,63.64,1.32,63.64,0.61,72.73,1.97,72.73,4.28,POSITIVE,73.05,STRONG,Liquidity,"Trend, Momentum, Structure",-4.14,-0.97,724.25,748.21,790.71,MODERATE,511528336.0,NOT_AVAILABLE,NOT_AVAILABLE,,1097,742
1098,SILVERTUC,2026-08-31,172.27,Bearish,44.56,40.1,-7,15,7/10,High,30.43,9.74,5.66,45.83,188.62,195.34,404.63,-3.0094,-0.1172,1.26,73.33,192.56,-10.54,7.72,0.087,-3.34,-4.36,-12.67,-12.72,0.0,29.4,184.0,176.5,178.22,188.8,173.11,48.95,46.45,1.81,-1.8,0.42,29.08,9.34,2.11,-3.56,91.49,10,9,100,52.0,0.49,52.0,1.17,60.0,2.22,67.0,4.3,75.0,5.96,POSITIVE,79.45,STRONG,No strong driver,"Trend, Momentum, Volume",-8.49,-1.98,157.65,168.86,192.56,VERY_HIGH,91919135.0,NOT_AVAILABLE,NOT_AVAILABLE,,1098,1205
1099,PIXTRANS,2026-08-31,1818.6,Neutral-Range,44.54,43.52,-3,35,4/10,Low,49.93,73.42,4.04,73.33,1827.16,1782.28,1623.54,-6.536,-0.612,0.15,16.67,1959.5,-7.19,2.93,0.35,-1.34,1.62,-6.2,6.91,0.53,48.83,1870.0,1831.0,1843.3,1892.1,1758.2,46.58,49.08,1.95,-1.63,0.27,18.68,8.42,2.2,-2.49,89.25,6,6,21,47.62,-0.12,47.62,-0.54,57.14,-0.06,57.14,-0.27,52.38,-0.31,MIXED,53.68,MIXED,Liquidity,"Momentum, Structure, VWAP",-4.04,4.04,1745.18,1892.02,1843.3,HIGH,191281181.0,NOT_AVAILABLE,NOT_AVAILABLE,,1099,1052
1100,EIHOTEL,2026-08-31,282.3,Bearish,44.46,43.64,-6,20,6/10,Medium,27.02,7.65,2.71,18.33,303.83,312.19,328.06,-0.6944,-0.9569,2.94,96.67,300.88,-6.17,5.62,0.024,-5.2,-5.84,-4.63,-14.48,0.0,65.45,302.15,296.35,297.8,307.95,294.85,47.24,48.29,1.67,-1.53,0.19,12.37,6.97,1.85,-2.21,86.33,8,8,100,40.0,-0.19,48.0,-0.03,53.0,0.56,70.0,3.11,70.0,4.39,MIXED,72.73,STRONG,No strong driver,"Trend, Momentum, Structure",-4.06,-0.95,270.82,279.62,302.15,MODERATE,68589863.0,NOT_AVAILABLE,NOT_AVAILABLE,,1100,1045
1101,VOLTAS,2026-08-31,1194.4,Bearish,44.46,42.99,-7,15,8/10,High,32.11,31.49,2.64,5.83,1250.29,1281.59,1336.49,-5.9869,-0.1971,1.3,80.83,1258.98,-5.13,1.92,0.066,-0.47,-3.83,-5.73,-9.84,-0.29,71.95,1225.0,1195.0,1200.0,1245.0,1195.0,50.26,45.26,1.48,-1.51,0.08,7.24,6.58,2.09,-2.06,77.29,9,7,100,57.0,0.43,53.0,0.75,66.0,1.84,65.0,2.74,63.0,3.41,STRONG,79.17,STRONG,Liquidity,"Trend, Momentum, Volume",-3.96,-0.92,1147.16,1183.38,1258.98,MODERATE,1285410781.0,NOT_AVAILABLE,NOT_AVAILABLE,,1100,1077
1102,UCOBANK,2026-08-31,24.89,Bearish,44.45,41.52,-8,10,8/10,Medium,32.47,0.45,1.82,9.17,25.88,26.1,27.46,-0.083,-0.0445,1.48,93.33,25.96,-4.12,2.51,0.021,-2.32,-3.86,-4.67,-5.4,0.0,59.5,25.71,25.35,25.48,26.44,25.35,42.63,52.37,1.85,-1.6,0.23,12.11,5.53,1.92,-2.66,75.83,8,8,9,66.67,2.81,66.67,2.93,66.67,3.35,77.78,4.87,44.44,3.16,STRONG,85.56,STRONG,No strong driver,"Trend, Momentum, Volume",-2.73,-0.64,24.21,24.73,25.96,LOW,78420147.0,NOT_AVAILABLE,NOT_AVAILABLE,,1102,1148
1103,LOTUSDEV,2026-08-31,182.86,Bullish,44.45,41.46,4,70,4/10,Low,57.98,7.76,4.25,58.33,177.06,167.98,157.53,0.4255,-0.0166,0.14,4.17,182.19,0.37,3.9,0.544,-2.01,5.67,7.58,-7.49,-0.59,,190.0,180.1,186.61,190.25,164.51,43.64,51.64,2.25,-1.88,0.21,21.09,13.82,2.12,-2.49,81.58,10,7,22,27.27,-0.42,18.18,-1.9,13.64,-1.97,18.18,-2.46,40.91,4.11,NEGATIVE,8.42,NEGATIVE,Trend + Momentum + RSI + Liquidity,None material,1.49,6.37,185.58,194.51,180.1,HIGH,306227096.0,NOT_AVAILABLE,NOT_AVAILABLE,,1102,1150
1104,GLOBUSSPR,2026-08-31,917.3,Bullish,44.45,35.55,5,75,5/10,Medium,58.16,20.77,2.26,0.83,903.17,901.37,936.82,3.2415,-0.2573,0.56,29.17,897.92,2.16,1.84,0.754,0.13,0.7,4.03,1.83,0.44,54.24,924.0,910.5,916.1,924.15,905.0,45.66,50.0,1.93,-1.69,0.24,13.68,6.97,1.95,-2.13,83.17,8,9,10,30.0,-1.07,20.0,-3.15,10.0,-3.79,10.0,-4.98,10.0,-4.8,NEGATIVE,2.0,NEGATIVE,Trend + Momentum + VWAP + RSI,None material,0.79,3.4,924.57,948.45,897.92,MODERATE,93661269.0,NOT_AVAILABLE,NOT_AVAILABLE,,1102,1397
1105,NEXT50,2026-08-31,757.85,Bearish,44.43,47.94,-4,30,4/10,Low,45.63,7.82,1.03,7.5,763.7,753.94,723.81,-1.7743,-0.531,1.73,88.33,766.67,-1.15,1.29,0.059,-0.78,-0.72,-1.61,-1.37,-0.05,49.97,768.74,763.0,763.78,779.49,761.34,55.39,40.13,0.78,-0.9,0.4,15.39,5.66,2.13,-1.86,86.44,11,6,100,57.0,0.18,60.0,0.39,58.0,0.5,55.0,0.81,63.0,0.83,POSITIVE,59.79,POSITIVE,No strong driver,"Momentum, Structure, VWAP",-1.55,-0.36,746.12,755.11,768.74,LOW,19745500.0,NOT_AVAILABLE,NOT_AVAILABLE,,1105,850
1106,LLOYDSME,2026-08-31,1794.6,Bearish,44.4,45.4,-5,25,6/10,Medium,36.1,57.08,3.18,47.5,1885.78,1871.74,1625.74,-21.0144,1.1615,0.89,54.17,1937.35,-7.37,3.53,0.079,-0.86,-2.03,-7.59,-12.48,-0.01,50.98,1850.0,1798.4,1810.2,1887.7,1789.0,47.89,47.63,2.0,-1.63,0.26,14.47,8.16,2.0,-2.15,82.58,7,6,100,49.0,0.38,56.0,0.86,58.0,1.16,57.0,1.56,63.0,3.01,POSITIVE,66.13,POSITIVE,Liquidity,"Trend, Momentum, Structure",-4.77,-1.11,1708.99,1774.62,1937.35,HIGH,977014426.0,NOT_AVAILABLE,NOT_AVAILABLE,,1106,969
1107,JINDRILL,2026-08-31,620.4,Neutral-Range,44.38,47.69,-2,40,4/10,Low,51.73,24.39,3.93,21.67,618.64,605.47,581.21,-0.1054,-0.8873,0.11,20.83,644.38,-3.72,3.48,0.433,-1.24,-1.67,5.83,1.51,0.29,25.9,635.5,625.55,628.2,657.95,613.1,44.74,50.79,2.35,-1.95,0.33,18.29,6.71,2.09,-2.76,90.34,9,12,100,47.0,0.08,49.0,0.35,51.0,0.39,40.0,-0.4,49.0,0.3,MIXED,46.81,MIXED,Trend + Liquidity,"Momentum, Structure, VWAP",-3.93,3.93,596.01,644.79,628.2,HIGH,812998803.0,NOT_AVAILABLE,NOT_AVAILABLE,,1107,870
1108,SRM,2026-08-31,451.8,Bearish,44.38,40.33,-5,25,6/10,Medium,36.18,19.11,4.23,33.33,478.02,489.18,482.42,-4.1598,0.3225,1.25,80.0,487.26,-7.28,5.75,0.137,-1.64,-2.64,-4.18,-8.98,1.21,48.23,463.0,438.4,459.35,475.0,438.4,44.98,50.81,2.54,-1.94,0.29,27.18,15.05,2.12,-2.37,89.77,8,6,100,45.0,0.05,60.0,0.8,51.0,1.28,51.0,2.57,53.0,3.49,MIXED,66.1,POSITIVE,Gap,"Trend, Momentum, Volume",-6.34,-1.48,423.14,445.11,487.26,HIGH,52575978.0,NOT_AVAILABLE,NOT_AVAILABLE,,1107,1189
1109,DIAMONDYD,2026-08-31,1147.1,Bearish,44.36,45.72,-6,20,6/10,Medium,42.53,34.86,3.04,0.83,1170.99,1155.19,1094.38,-4.9727,-1.1708,0.26,34.17,1200.39,-4.44,2.04,0.117,-1.35,-2.5,-3.64,-1.43,0.05,43.8,1175.9,1150.0,1162.8,1190.3,1150.0,40.79,54.47,2.06,-1.43,0.2,13.55,9.47,2.31,-2.04,91.38,7,10,22,45.45,0.28,54.55,0.62,63.64,1.23,63.64,2.0,59.09,2.32,POSITIVE,72.47,STRONG,No strong driver,"Trend, Momentum, Structure",-4.56,-1.06,1094.81,1134.9,1200.39,HIGH,66608955.0,NOT_AVAILABLE,NOT_AVAILABLE,,1109,956
1110,HDFCBSE500,2026-08-31,37.82,Bearish,44.35,49.23,-4,30,5/10,Medium,49.07,0.66,1.76,3.33,37.91,37.62,37.0,-0.053,-0.0037,4.85,95.83,38.1,-0.74,2.4,0.142,-0.13,-0.4,-0.79,-1.12,1.53,98.41,38.17,37.46,37.87,38.49,37.46,52.76,41.05,0.7,-0.78,0.53,27.24,6.18,1.79,-1.7,97.39,9,6,100,57.0,0.17,59.0,0.13,61.0,0.31,59.0,0.33,66.0,0.28,POSITIVE,59.56,POSITIVE,Gap,"Momentum, Structure, VWAP",-2.63,-0.61,36.82,37.59,38.17,LOW,52532484.0,NOT_AVAILABLE,NOT_AVAILABLE,,1110,798
1111,MIDSMALL,2026-08-31,52.41,Neutral-Range,44.34,47.06,-1,45,3/10,Low,57.4,0.57,1.09,2.5,52.13,51.49,49.68,-0.0137,-0.0165,0.85,52.5,52.26,0.3,1.48,0.775,-0.64,0.25,0.0,1.93,0.0,49.05,52.79,52.46,52.75,52.81,51.23,51.12,44.39,0.87,-0.97,0.52,20.21,1.9,1.65,-1.74,90.54,10,8,62,46.77,-0.04,45.16,-0.11,46.77,-0.23,33.87,-0.51,33.87,-1.22,MIXED,40.26,NEGATIVE,Trend + RSI,"Momentum, Structure, MACD",-1.09,1.09,51.84,52.98,52.75,LOW,16019919.0,NOT_AVAILABLE,NOT_AVAILABLE,,1111,897
1112,BBL,2026-08-31,2363.5,Neutral-Range,44.33,38.19,-1,45,3/10,Low,44.07,66.08,2.8,3.33,2381.84,2491.79,2675.36,17.6069,-0.099,0.33,3.33,2349.61,0.59,2.53,0.324,0.2,-0.9,2.83,-7.84,0.0,56.74,2384.0,2345.0,2358.8,2460.6,2329.0,46.05,49.61,2.25,-2.09,0.12,14.34,7.5,1.76,-3.42,84.54,7,7,100,40.0,-0.34,46.0,-0.22,40.0,-0.63,40.0,-0.06,43.0,-0.04,NEGATIVE,40.24,NEGATIVE,VWAP + Delivery,"Trend, Momentum, RSI",-2.8,2.8,2297.42,2429.58,2358.8,MODERATE,84024906.0,NOT_AVAILABLE,NOT_AVAILABLE,,1112,1295
1113,JSL,2026-08-31,702.15,Bearish,44.32,43.72,-5,25,6/10,Medium,40.06,15.58,2.22,3.33,717.1,720.12,731.84,-3.3721,0.2324,2.5,99.17,725.1,-3.16,2.66,0.102,-0.43,-0.04,-5.63,-4.04,0.0,68.47,707.55,697.0,705.15,715.5,696.65,50.26,45.13,1.66,-1.69,0.15,11.05,6.32,1.71,-2.47,81.18,11,8,76,51.32,0.02,51.32,0.62,55.26,0.68,64.47,1.57,68.42,2.68,POSITIVE,65.91,POSITIVE,Liquidity,"Trend, Momentum, Structure",-3.33,-0.78,678.78,696.7,725.1,MODERATE,289006157.0,NOT_AVAILABLE,NOT_AVAILABLE,,1113,1037
1114,SIRCA,2026-08-31,434.95,Neutral-Range,44.31,43.03,0,50,3/10,Low,53.04,11.04,2.54,27.5,434.57,425.72,429.2,-2.0693,-0.1624,0.61,22.5,442.1,-1.62,1.93,0.361,-0.31,-1.09,-1.02,0.99,-0.07,37.9,439.9,433.35,436.3,455.0,432.1,44.74,50.39,1.65,-1.4,0.36,13.68,4.08,1.98,-2.41,86.22,19,9,100,40.0,-0.13,41.0,-0.14,40.0,-0.94,38.0,-1.2,38.0,-1.06,NEGATIVE,33.74,NEGATIVE,Trend + RSI + Liquidity,"Momentum, VWAP, MACD",-2.54,2.54,423.91,445.99,436.3,MODERATE,227789426.0,NOT_AVAILABLE,NOT_AVAILABLE,,1114,1074
1115,SETFNN50,2026-08-31,787.71,Bearish,44.3,50.69,-5,25,5/10,Medium,46.57,11.74,1.49,25.83,793.25,783.06,751.6,-1.8086,-0.5101,1.02,70.0,796.72,-1.13,1.96,0.293,-0.9,-0.66,-1.66,-0.95,0.72,62.7,801.51,790.11,794.87,812.76,787.3,54.47,41.18,0.75,-0.83,0.46,14.08,2.89,2.27,-2.31,91.0,9,6,100,55.0,-0.0,58.0,0.23,62.0,0.46,65.0,1.14,76.0,1.38,POSITIVE,65.85,POSITIVE,No strong driver,"Momentum, Structure, VWAP",-2.24,-0.52,770.1,783.6,801.51,LOW,23026912.0,NOT_AVAILABLE,NOT_AVAILABLE,,1115,744
1116,RPTECH,2026-08-31,816.1,Neutral-Range,44.3,41.83,0,50,1/10,Low,48.9,47.39,5.81,96.67,828.6,783.46,574.23,-11.0218,1.4782,0.4,20.83,832.94,-2.02,4.12,0.426,-1.5,-5.87,-6.39,-7.64,-0.43,41.78,837.75,786.0,828.55,891.9,703.7,47.32,48.39,2.18,-1.76,0.37,22.82,8.42,1.82,-2.04,87.35,8,8,27,44.44,-0.26,37.04,-0.66,29.63,-0.96,48.15,-1.17,59.26,0.39,NEGATIVE,33.7,NEGATIVE,Liquidity,VWAP,-5.81,5.81,768.71,863.49,828.55,VERY_HIGH,592633412.0,NOT_AVAILABLE,NOT_AVAILABLE,,1115,1130
1117,RADHIKAJWE,2026-08-31,67.45,Bearish,44.28,37.75,-5,25,5/10,Medium,49.77,3.02,4.48,20.0,68.03,65.8,67.82,-0.2811,-0.0742,0.19,8.33,70.71,-4.61,3.98,0.269,-1.91,0.27,-0.66,-5.29,0.29,46.43,70.67,68.5,68.76,72.85,66.16,42.11,52.63,2.88,-2.05,0.41,21.32,11.05,2.46,-2.34,85.37,7,10,25,48.0,0.88,40.0,1.94,44.0,3.89,44.0,5.98,48.0,7.01,MIXED,65.8,POSITIVE,No strong driver,"Trend, Momentum, Structure",-6.72,-1.57,62.92,66.39,70.71,HIGH,93122535.0,NOT_AVAILABLE,NOT_AVAILABLE,,1117,1310
1118,BBETF0432,2026-08-31,1335.03,Bearish,44.27,56.3,-6,20,6/10,Medium,32.67,10.45,0.78,93.33,1348.89,1346.14,1322.54,-2.2107,-0.4911,16.09,100.0,1338.13,-0.23,1.74,0.141,-0.55,-1.06,-1.72,-1.48,0.86,99.55,1356.02,1341.66,1342.48,1359.99,1341.2,55.66,39.74,0.16,-0.16,0.07,2.5,0.79,2.3,-1.68,97.44,11,5,100,63.0,0.06,68.0,0.13,75.0,0.21,81.0,0.44,95.0,0.74,STRONG,72.2,STRONG,No strong driver,"Trend, Momentum, Structure",-1.17,-0.27,1319.35,1331.37,1356.02,LOW,20313820.0,NOT_AVAILABLE,NOT_AVAILABLE,,1118,529
1119,JTEKTINDIA,2026-08-31,124.67,Bearish,44.27,41.89,-6,20,6/10,Medium,31.32,3.82,3.06,0.83,130.46,133.34,136.92,-0.7083,0.0676,0.7,51.67,133.31,-6.48,1.55,0.021,-1.35,-1.48,-4.23,-12.04,-0.3,69.58,126.99,125.0,126.38,128.33,125.0,45.53,50.0,1.92,-1.72,0.11,8.68,8.16,1.8,-2.06,83.86,7,10,22,54.55,0.32,54.55,-0.08,50.0,0.46,72.73,3.1,72.73,4.47,MIXED,72.2,STRONG,No strong driver,"Trend, Momentum, Structure",-4.6,-1.07,118.94,123.33,133.31,HIGH,26811272.0,NOT_AVAILABLE,NOT_AVAILABLE,,1118,1123
1120,TEGA,2026-08-31,1586.3,Bearish,44.26,46.16,-6,20,7/10,High,41.64,61.78,3.89,77.5,1656.48,1655.03,1704.42,-9.9954,-5.4575,0.83,63.33,1692.88,-6.3,4.68,0.198,-4.36,-6.92,-9.04,-0.09,0.0,60.03,1687.1,1616.2,1658.7,1760.0,1615.9,46.45,49.21,1.93,-1.63,0.16,11.71,8.03,1.82,-2.16,85.72,9,8,100,50.0,0.19,54.0,0.7,55.0,0.92,63.0,3.05,72.0,5.06,POSITIVE,72.18,STRONG,Liquidity,"Trend, Momentum, Structure",-5.84,-1.36,1493.64,1564.68,1692.88,HIGH,375208364.0,NOT_AVAILABLE,NOT_AVAILABLE,,1120,937
1121,IRMENERGY,2026-08-31,284.8,Neutral-Range,44.26,41.84,2,60,3/10,Low,53.84,10.67,3.75,19.17,283.07,276.57,271.83,-1.4503,0.1181,0.59,61.67,291.63,-2.34,5.56,0.395,0.51,1.01,-2.5,7.47,0.0,38.77,289.0,281.1,283.35,292.25,276.0,41.67,54.1,2.21,-1.76,0.32,20.9,8.61,1.8,-1.96,88.89,10,8,100,49.0,0.13,43.0,-0.15,35.0,-0.39,24.0,-3.34,14.0,-5.75,NEGATIVE,20.73,NEGATIVE,Trend + Momentum + RSI,VWAP,-3.75,3.75,274.13,295.47,283.35,HIGH,56490314.0,NOT_AVAILABLE,NOT_AVAILABLE,,1120,1129
1122,FIEMIND,2026-08-31,2036.2,Bearish,44.24,45.85,-5,25,6/10,Medium,31.39,75.59,3.71,71.67,2231.0,2275.07,2199.27,-35.9647,0.7849,0.55,13.33,2371.4,-14.14,2.62,0.005,-2.47,-5.91,-10.76,-12.92,0.0,50.82,2102.8,2067.2,2087.7,2217.5,2060.0,48.29,47.24,1.77,-1.67,0.19,14.87,7.5,1.81,-2.83,82.11,8,5,11,45.45,-0.56,54.55,0.56,54.55,-0.28,63.64,2.61,63.64,6.7,MIXED,65.69,POSITIVE,Liquidity,"Trend, Momentum, Structure",-5.57,-1.3,1922.81,2009.74,2371.4,HIGH,346774872.0,NOT_AVAILABLE,NOT_AVAILABLE,,1122,947
1123,PAISALO,2026-08-31,67.31,Bearish,44.22,43.85,-4,30,5/10,Medium,41.98,2.22,3.3,4.17,68.85,66.84,52.82,-0.3259,-0.0185,0.64,35.83,68.95,-2.39,2.52,0.231,-0.37,-3.12,-0.41,-6.89,0.06,56.1,68.54,66.82,67.56,70.1,66.82,44.87,50.66,2.48,-2.04,0.17,14.21,7.76,2.02,-3.07,85.51,7,8,100,42.0,-0.29,51.0,0.14,48.0,-0.01,59.0,1.7,54.0,2.05,MIXED,59.21,POSITIVE,Liquidity,"Momentum, VWAP, RSI",-4.95,-1.15,63.98,66.53,68.95,HIGH,623009566.0,NOT_AVAILABLE,NOT_AVAILABLE,,1123,1032
1124,ALPHAETF,2026-08-31,26.93,Neutral-Range,44.17,47.98,-1,45,4/10,Low,55.18,0.4,1.47,5.0,26.81,26.41,25.56,0.0277,-0.032,1.23,76.67,26.88,0.18,2.53,0.628,-1.39,0.3,0.41,2.59,-2.53,57.49,27.41,27.22,27.31,27.61,26.8,52.26,42.41,0.95,-1.0,0.42,22.98,7.11,1.83,-2.16,93.9,9,8,100,43.0,-0.11,48.0,-0.2,43.0,-0.25,39.0,-0.73,40.0,-0.94,NEGATIVE,39.78,NEGATIVE,Trend + Momentum + RSI,"Volume, Structure, Gap",-1.47,1.47,26.53,27.33,27.31,LOW,15780237.0,NOT_AVAILABLE,NOT_AVAILABLE,,1124,845
1125,IREDA,2026-08-31,116.5,Neutral-Range,44.17,36.61,-3,35,4/10,Low,43.58,2.44,2.09,15.0,117.85,120.35,129.36,0.2771,-0.053,0.65,25.83,118.62,-1.79,1.95,0.328,-0.44,0.95,-0.3,-5.28,-0.16,35.93,117.9,115.77,117.02,121.14,114.4,44.77,51.13,2.47,-1.89,0.3,17.09,10.17,2.7,-2.71,71.13,7,8,17,47.06,0.05,41.18,1.05,47.06,1.81,47.06,-0.64,29.41,-1.72,MIXED,52.62,MIXED,Liquidity,"Trend, Momentum, VWAP",-2.09,2.09,114.06,118.94,117.02,MODERATE,621144009.0,NOT_AVAILABLE,NOT_AVAILABLE,,1124,1359
1126,LIQUIDSBI,2026-08-31,999.99,Bearish,44.15,51.61,-5,25,5/10,Medium,45.95,0.07,0.01,34.17,1000.0,1000.0,1000.0,-0.0006,-0.0007,0.12,5.0,1000.0,-0.0,0.0,0.0,-0.0,0.0,0.0,-0.0,-0.0,58.68,1000.01,999.99,1000.0,1000.01,999.99,29.06,29.61,0.0,-0.0,-0.0,0.28,0.41,2.75,-2.5,100.0,2,2,68,66.18,0.0,75.0,0.0,66.18,0.0,77.94,0.0,66.18,0.0,MIXED,65.44,POSITIVE,No strong driver,"Trend, Momentum, Structure",-0.01,-0.1,999.89,998.99,1000.01,LOW,6237031.0,NOT_AVAILABLE,NOT_AVAILABLE,,1126,715
1127,FINCABLES,2026-08-31,1247.15,Neutral-Range,44.14,41.6,-1,45,4/10,Low,57.12,50.66,4.06,35.0,1221.95,1143.38,1002.44,-2.1489,-5.225,0.53,35.0,1256.05,-0.71,4.91,0.67,-3.91,-3.44,-5.58,24.96,0.16,43.34,1308.15,1283.1,1297.9,1315.0,1244.7,44.34,51.32,1.96,-1.6,0.23,10.79,5.39,1.87,-2.5,82.63,8,13,71,46.48,0.28,57.75,0.95,45.07,-0.26,30.99,-0.22,28.17,-1.72,MIXED,39.7,NEGATIVE,Trend + RSI + Liquidity,"Momentum, Structure, VWAP",-4.06,4.06,1196.49,1297.81,1297.9,HIGH,2666654133.0,NOT_AVAILABLE,NOT_AVAILABLE,,1127,1143
1128,GRINFRA,2026-08-31,876.2,Neutral-Range,44.14,38.52,-2,40,2/10,Low,45.66,23.42,2.67,7.5,885.85,891.43,955.13,1.383,-1.2211,0.41,38.33,877.59,-0.16,3.39,0.235,-1.63,-0.33,0.53,-3.4,0.0,30.68,896.75,884.55,890.75,915.0,869.9,45.0,50.66,1.5,-1.39,0.22,15.79,6.84,2.03,-2.22,88.57,7,9,100,47.0,-0.02,48.0,0.15,48.0,0.2,41.0,-0.21,43.0,-0.62,MIXED,46.11,MIXED,No strong driver,"Trend, Structure",-2.67,2.67,852.78,899.62,890.75,MODERATE,45455336.0,NOT_AVAILABLE,NOT_AVAILABLE,,1127,1280
1129,EIHAHOTELS,2026-08-31,301.1,Neutral-Range,44.13,34.15,0,50,2/10,Low,46.92,7.62,2.53,4.17,301.56,307.33,327.17,1.3116,0.0106,0.51,26.67,301.28,-0.06,1.09,0.382,-0.23,1.09,3.05,-3.66,0.0,79.05,302.55,299.0,301.8,306.7,294.85,45.53,49.74,1.78,-1.64,0.27,19.74,6.18,1.77,-3.07,88.94,8,11,8,12.5,-0.29,25.0,-0.46,50.0,-1.17,37.5,-1.93,0.0,-3.09,MIXED,33.23,NEGATIVE,Momentum + MACD,"Trend, Delivery",-2.53,2.53,293.48,308.72,301.8,MODERATE,5629660.0,NOT_AVAILABLE,NOT_AVAILABLE,,1129,1441
1130,ROSSELLIND,2026-08-31,58.46,Bullish,44.12,34.05,4,70,4/10,Low,52.44,3.8,6.5,98.33,57.66,57.21,58.97,0.3084,-0.0368,0.33,9.17,57.7,1.32,3.91,0.254,-1.95,2.98,4.08,-0.48,0.44,47.13,61.38,57.0,59.62,73.0,55.14,39.47,55.39,2.45,-2.05,0.43,31.97,11.84,2.44,-3.44,84.57,10,11,14,35.71,-0.56,35.71,-0.99,21.43,-2.34,14.29,-5.65,50.0,2.06,NEGATIVE,7.5,NEGATIVE,Trend + Momentum + VWAP + RSI,None material,2.28,9.75,59.79,64.16,57.0,VERY_HIGH,10989964.0,NOT_AVAILABLE,NOT_AVAILABLE,,1130,1443
1131,XPROINDIA,2026-08-31,1148.2,Neutral-Range,44.11,39.22,-1,45,4/10,Low,44.19,55.7,4.85,25.0,1169.2,1216.13,1152.64,10.967,-0.0559,0.38,22.5,1121.46,2.38,3.59,0.47,0.77,-2.07,4.03,-11.87,-1.28,59.01,1149.4,1131.9,1139.4,1199.0,1131.9,45.79,49.61,2.12,-1.84,0.04,13.29,11.71,1.6,-2.23,93.7,6,7,100,43.0,-0.25,48.0,-0.56,40.0,-1.08,40.0,0.23,44.0,1.0,NEGATIVE,39.6,NEGATIVE,VWAP + Delivery + Liquidity,"Trend, Momentum, RSI",-4.85,4.85,1092.5,1203.9,1139.4,HIGH,116901081.0,NOT_AVAILABLE,NOT_AVAILABLE,,1131,1249
1132,COFFEEDAY,2026-08-31,29.48,Neutral-Range,44.07,34.73,0,50,3/10,Low,42.62,1.31,4.46,29.17,30.09,30.7,31.57,0.028,0.0068,0.5,29.17,30.92,-4.66,4.04,0.205,-0.03,1.45,-0.64,-7.96,1.73,,30.95,29.2,29.49,31.26,28.51,40.28,54.69,3.11,-2.26,0.23,20.0,13.15,2.76,-3.09,68.3,8,9,100,35.0,-0.48,36.0,-0.98,38.0,-1.2,43.0,-1.37,41.0,-2.14,NEGATIVE,33.07,NEGATIVE,Momentum + MACD + Gap,"Trend, VWAP, RSI",-4.46,4.46,28.17,30.79,29.49,HIGH,14208476.0,NOT_AVAILABLE,NOT_AVAILABLE,,1132,1421
1133,ATGL,2026-08-31,621.2,Bearish,44.04,40.98,-5,25,6/10,Medium,30.95,16.16,2.6,5.0,650.65,665.83,641.17,-0.9476,-1.0938,0.81,75.0,656.89,-5.43,3.65,0.084,-2.4,-2.88,-3.97,-6.95,-0.08,37.42,645.15,635.0,636.5,654.85,635.0,41.32,54.21,2.08,-1.5,0.35,14.34,4.87,2.5,-3.04,80.51,5,7,100,39.0,-0.09,43.0,0.1,44.0,0.53,42.0,4.47,45.0,8.93,MIXED,65.1,POSITIVE,Liquidity,"Trend, Momentum, Structure",-3.9,-0.91,596.96,615.54,656.89,MODERATE,635330346.0,NOT_AVAILABLE,NOT_AVAILABLE,,1133,1162
1134,MEIL,2026-08-31,287.15,Neutral-Range,44.03,35.17,0,50,2/10,Low,52.69,13.44,4.68,50.83,281.97,287.66,322.89,4.0942,-0.6047,0.62,40.0,286.15,0.35,5.14,0.583,-4.09,10.0,6.57,-0.64,-0.4,51.41,308.0,296.95,299.4,308.0,258.1,37.93,57.09,2.29,-1.87,0.22,19.16,12.26,2.18,-2.18,81.79,5,7,100,40.0,-0.19,43.0,0.04,36.0,-0.1,26.0,-0.84,26.0,-2.99,NEGATIVE,32.94,NEGATIVE,Momentum + RSI,"Structure, Delivery",-4.68,4.68,273.71,300.59,299.4,HIGH,30089517.0,NOT_AVAILABLE,NOT_AVAILABLE,,1134,1406
1135,HINDALCO,2026-08-31,1015.45,Bearish,44.01,49.79,-6,20,7/10,High,47.58,24.59,2.42,22.5,1029.62,1015.78,955.06,-4.3338,-1.7067,1.24,78.33,1043.59,-2.7,2.36,0.236,-2.12,-4.07,-3.28,2.07,-0.72,59.69,1037.4,1025.95,1037.4,1061.8,1020.05,53.95,41.71,1.29,-1.4,0.16,14.74,9.61,1.66,-2.03,70.18,8,7,100,54.0,0.11,59.0,0.25,72.0,0.9,61.0,1.58,70.0,3.02,STRONG,71.47,STRONG,Liquidity,"Trend, Momentum, Volume",-3.63,-0.85,978.57,1006.84,1043.59,MODERATE,4854969557.0,NOT_AVAILABLE,NOT_AVAILABLE,,1135,768
1136,ZFCVINDIA,2026-08-31,2534.6,Bearish,43.91,37.25,-4,30,5/10,Medium,27.35,102.32,4.04,49.17,2666.62,4254.33,9720.01,110.523,-12.8916,0.63,38.33,2603.22,-2.64,2.31,0.362,-1.3,-4.36,-3.4,3.55,-0.53,51.6,2592.0,2541.2,2568.0,2673.9,2541.2,42.63,53.03,1.68,-1.52,0.04,9.47,6.84,1.84,-3.34,88.29,7,8,100,51.0,0.01,57.0,-0.03,55.0,0.25,54.0,1.04,56.0,2.3,POSITIVE,58.31,POSITIVE,Liquidity,"Trend, Momentum, Structure",-6.06,-1.41,2381.12,2498.79,2603.22,HIGH,295184369.0,NOT_AVAILABLE,NOT_AVAILABLE,,1136,1328
1137,GOKEX,2026-08-31,780.9,Neutral-Range,43.9,44.08,-2,40,4/10,Low,44.73,23.14,2.96,3.33,792.68,791.52,763.79,-1.8677,0.4078,0.92,70.0,790.21,-1.18,3.95,0.484,1.71,-2.01,-2.89,-4.4,0.49,32.49,777.4,765.0,767.8,805.25,765.0,46.84,48.82,2.3,-2.12,0.31,16.18,8.42,2.6,-2.34,75.89,9,6,100,52.0,0.25,46.0,-0.14,44.0,-0.45,45.0,0.27,48.0,0.86,NEGATIVE,45.43,MIXED,Structure + Liquidity,"Trend, Momentum, VWAP",-2.96,2.96,757.76,804.04,767.8,MODERATE,228103451.0,NOT_AVAILABLE,NOT_AVAILABLE,,1137,1023
1138,CHEMBONDCH,2026-08-31,256.53,Bearish,43.89,39.17,-4,30,4/10,Low,49.37,13.14,5.12,16.67,261.6,243.69,197.13,-1.8166,-1.089,0.48,32.5,259.98,-1.33,6.65,0.513,-4.1,-6.35,-2.72,13.8,0.04,,274.8,266.0,267.49,287.0,263.55,45.61,49.82,3.12,-2.47,0.51,41.4,17.54,2.5,-3.25,90.73,6,6,100,46.0,0.14,47.0,0.57,43.0,0.78,50.0,1.9,49.0,1.85,MIXED,58.27,POSITIVE,No strong driver,"Momentum, Structure, VWAP",-7.68,-1.79,236.82,251.93,274.8,VERY_HIGH,5151436.0,NOT_AVAILABLE,NOT_AVAILABLE,,1138,1253
1139,THOMASCOTT,2026-08-31,271.4,Bearish,43.87,28.72,-6,20,6/10,Medium,37.9,16.54,6.09,48.33,294.58,299.82,303.49,-3.9319,0.098,0.18,4.17,323.6,-16.13,3.25,0.014,-2.11,-4.3,-9.86,-12.8,0.63,66.32,285.0,270.0,277.25,291.75,270.0,43.82,50.79,3.04,-2.25,0.44,41.05,27.24,2.57,-2.33,58.83,20,12,100,37.0,0.25,45.0,1.19,50.0,2.3,53.0,2.77,40.0,3.38,MIXED,71.05,STRONG,No strong driver,"Trend, Momentum, Structure",-9.14,-2.13,246.6,265.61,323.6,VERY_HIGH,45785841.0,NOT_AVAILABLE,NOT_AVAILABLE,,1139,1609
1140,FINIETF,2026-08-31,32.99,Bearish,43.84,47.43,-5,25,5/10,Medium,46.3,0.62,1.88,5.83,33.27,32.91,31.81,-0.0623,-0.0277,0.94,71.67,33.43,-1.32,1.26,0.266,-0.81,-1.14,-0.78,-2.4,0.03,52.76,33.45,33.19,33.26,34.55,33.19,50.65,43.43,0.93,-0.93,0.72,29.73,3.17,2.18,-1.91,93.11,9,7,100,54.0,0.11,68.0,0.52,65.0,0.8,56.0,1.0,59.0,1.42,STRONG,64.55,POSITIVE,No strong driver,"Momentum, Structure, VWAP",-2.83,-0.66,32.06,32.77,33.45,LOW,10482836.0,NOT_AVAILABLE,NOT_AVAILABLE,,1140,883
1141,INDRAMEDCO,2026-08-31,363.05,Bearish,43.79,41.89,-6,20,7/10,High,41.24,8.97,2.47,4.17,371.14,375.17,401.04,-0.7302,-0.3833,0.27,9.17,378.89,-4.18,1.81,0.05,-1.36,-2.38,-1.81,-1.59,-0.5,62.54,372.55,366.1,368.05,378.0,366.1,44.21,51.05,2.52,-1.89,0.46,24.61,6.71,2.18,-2.73,88.26,7,8,100,44.0,0.05,51.0,0.16,50.0,0.52,64.0,3.46,68.0,5.94,MIXED,70.82,STRONG,Liquidity,"Trend, Momentum, Structure",-3.71,-0.87,349.59,359.91,378.89,MODERATE,230613360.0,NOT_AVAILABLE,NOT_AVAILABLE,,1141,1123
1142,MUTHOOTFIN,2026-08-31,2978.1,Neutral-Range,43.77,36.04,-2,40,3/10,Low,47.39,91.13,3.06,33.33,3018.07,3039.55,3172.62,17.3605,-12.7311,0.83,55.83,2989.89,-0.39,2.27,0.357,-3.65,-7.2,3.1,3.02,-1.38,42.48,3107.0,3062.2,3091.0,3246.5,3049.8,50.39,44.87,1.5,-1.41,0.13,8.82,6.71,2.09,-2.56,68.92,8,6,81,50.62,0.28,49.38,-0.19,40.74,-0.71,50.62,0.23,38.27,0.64,NEGATIVE,45.06,MIXED,Liquidity,"Trend, Structure, Gap",-3.06,3.06,2886.97,3069.23,3091.0,HIGH,3221071155.0,NOT_AVAILABLE,NOT_AVAILABLE,,1142,1379
1143,BHARTIHEXA,2026-08-31,1545.5,Bearish,43.76,42.28,-4,30,5/10,Medium,44.88,45.28,2.93,52.5,1576.46,1567.05,1583.91,-5.7828,-1.1974,0.17,2.5,1565.73,-1.29,1.52,0.4,-0.3,-3.76,-5.82,-6.09,-0.61,45.09,1576.2,1522.0,1550.1,1616.9,1522.0,46.97,49.26,1.9,-1.54,0.07,10.8,9.66,1.92,-2.14,84.02,7,11,14,64.29,0.41,42.86,-0.18,57.14,0.71,42.86,1.26,35.71,-2.57,POSITIVE,57.88,POSITIVE,Liquidity,"Trend, Momentum, VWAP",-4.39,-1.03,1477.58,1529.65,1576.2,MODERATE,276151058.0,NOT_AVAILABLE,NOT_AVAILABLE,,1143,1105
1144,SPARC,2026-08-31,199.33,Neutral-Range,43.76,39.32,0,50,3/10,Low,44.17,8.74,4.39,10.0,202.82,208.87,182.14,1.3228,0.0985,2.41,89.17,204.73,-2.64,5.77,0.241,-4.03,2.2,1.0,-4.14,-0.34,36.39,209.9,194.61,207.71,209.9,192.0,42.76,52.5,2.49,-1.97,0.14,12.89,8.29,2.01,-2.91,77.96,9,9,100,48.0,0.48,47.0,0.15,40.0,-0.85,40.0,-1.86,40.0,-3.05,NEGATIVE,32.16,NEGATIVE,Momentum + MACD + Liquidity,"Trend, VWAP, RSI",-4.39,4.39,190.59,208.07,207.71,HIGH,188006254.0,NOT_AVAILABLE,NOT_AVAILABLE,,1143,1243
1145,IRFC,2026-08-31,83.34,Bearish,43.76,38.4,-5,25,6/10,Medium,28.1,1.41,1.7,11.67,86.38,89.08,101.29,-0.2413,-0.051,1.25,85.83,86.67,-3.84,1.49,0.057,-0.67,-3.08,-4.26,-7.66,0.0,46.37,84.99,83.65,83.9,87.25,83.65,43.03,52.5,1.96,-1.52,0.3,14.74,7.63,2.21,-2.4,73.68,7,10,14,50.0,0.59,64.29,1.3,57.14,2.1,42.86,1.48,50.0,3.29,POSITIVE,64.32,POSITIVE,Liquidity,"Trend, Momentum, Volume",-2.55,-0.59,81.22,82.84,86.67,LOW,587573860.0,NOT_AVAILABLE,NOT_AVAILABLE,,1143,1285
1146,LAOPALA,2026-08-31,173.61,Bearish,43.73,37.46,-4,30,5/10,Medium,39.38,5.96,3.44,65.0,180.11,182.33,193.88,-1.6803,0.3669,0.24,3.33,191.76,-9.46,2.33,0.163,-1.33,2.45,-9.21,-7.56,-0.43,49.56,179.9,168.3,175.95,179.9,166.5,42.89,52.5,1.53,-1.44,0.05,7.63,8.82,1.83,-2.14,82.27,7,8,23,43.48,0.18,65.22,0.45,60.87,0.75,52.17,0.06,39.13,-0.71,POSITIVE,57.8,POSITIVE,Liquidity,"Trend, Momentum, Structure",-5.15,-1.2,164.66,171.52,191.76,HIGH,128946250.0,NOT_AVAILABLE,NOT_AVAILABLE,,1146,1319
1147,PSUBNKBEES,2026-08-31,95.17,Bearish,43.71,46.07,-4,30,5/10,Medium,46.71,1.88,1.98,2.5,95.95,95.34,93.42,-0.2132,-0.0569,0.6,31.67,96.7,-1.58,1.55,0.169,-0.91,0.04,-2.54,0.63,0.0,42.58,97.1,95.72,96.04,97.8,94.8,48.95,46.32,1.2,-1.1,0.4,25.79,11.71,1.92,-1.92,94.2,7,7,14,50.0,-0.09,50.0,-0.28,35.71,0.06,71.43,1.25,57.14,1.6,MIXED,57.74,POSITIVE,Liquidity,"Trend, Momentum, Structure",-2.97,-0.69,92.34,94.51,97.1,LOW,249466628.0,NOT_AVAILABLE,NOT_AVAILABLE,,1147,940
1148,SUMICHEM,2026-08-31,517.45,Bearish,43.71,41.33,-4,30,5/10,Medium,44.75,16.66,3.22,0.83,531.29,515.74,481.08,-5.4266,-0.1019,0.34,22.5,547.05,-5.41,1.83,0.209,-0.08,-1.15,-7.57,0.31,0.02,49.21,528.95,517.5,517.85,539.9,517.5,45.13,50.26,1.76,-1.48,0.13,8.03,7.76,1.87,-2.03,87.95,7,8,32,40.62,-0.32,50.0,0.12,59.38,0.65,46.88,0.74,37.5,1.79,POSITIVE,57.75,POSITIVE,Liquidity,"Momentum, Structure, VWAP",-4.83,-1.13,492.47,511.62,547.05,HIGH,216045290.0,NOT_AVAILABLE,NOT_AVAILABLE,,1147,1154
1149,GKENERGY,2026-08-31,133.18,Neutral-Range,43.7,39.81,2,60,4/10,Low,52.21,5.27,3.96,7.5,131.06,132.68,136.5,1.6072,-0.1672,0.55,27.5,134.76,-1.18,3.94,0.518,-3.81,7.08,7.03,1.53,-0.4,49.68,140.95,136.32,138.46,144.35,123.68,42.5,52.08,3.05,-2.57,0.57,32.08,10.0,2.22,-2.72,84.24,6,6,100,38.0,-0.32,38.0,-0.63,39.0,-1.63,30.0,-3.46,28.0,-5.5,NEGATIVE,19.15,NEGATIVE,Trend + Momentum + RSI + Liquidity,"Structure, VWAP",-3.96,3.96,127.91,138.45,138.46,HIGH,113603975.0,NOT_AVAILABLE,NOT_AVAILABLE,,1149,1221
1150,EVINDIA,2026-08-31,33.47,Neutral-Range,43.69,45.47,-3,35,5/10,Medium,54.66,0.69,2.07,10.83,33.49,32.71,31.12,-0.1475,-0.0005,0.64,22.5,33.88,-1.22,2.95,0.156,-0.33,-0.06,-1.91,1.06,2.0,61.8,34.33,33.41,33.58,34.37,33.3,48.9,46.32,0.81,-0.84,0.69,26.65,4.04,2.04,-1.89,95.55,8,8,100,48.0,-0.05,51.0,0.13,55.0,0.13,51.0,-0.34,48.0,-0.46,POSITIVE,51.26,MIXED,RSI + Gap,"Momentum, Structure, VWAP",-2.07,2.07,32.78,34.16,33.58,MODERATE,12287616.0,NOT_AVAILABLE,NOT_AVAILABLE,,1150,965
1151,MIDCAP,2026-08-31,18.69,Bearish,43.65,51.74,-4,30,5/10,Medium,53.15,0.37,1.99,2.5,18.68,19.21,58.33,-0.0088,-0.011,1.24,82.5,18.69,-0.0,3.35,0.5,-0.74,-0.16,-0.11,0.43,0.0,61.33,18.9,18.75,18.83,18.94,18.65,53.34,41.56,0.77,-1.18,0.33,21.66,4.46,1.9,-5.27,94.0,12,8,100,58.0,0.18,66.0,0.5,67.0,-0.99,72.0,-0.53,68.0,-1.47,MIXED,57.57,POSITIVE,RSI,"Momentum, Volume, Structure",-2.98,-0.7,18.13,18.56,18.9,LOW,6322678.0,NOT_AVAILABLE,NOT_AVAILABLE,,1151,710
1152,PTC,2026-08-31,150.89,Bearish,43.65,40.5,-6,20,7/10,High,32.04,4.68,3.1,28.33,162.87,170.57,175.17,-0.9112,-0.1619,2.44,92.5,181.6,-16.91,4.72,0.012,-4.31,-3.79,-6.06,-16.22,0.0,71.51,158.11,156.01,157.69,159.35,155.6,46.97,48.68,1.9,-1.76,0.21,11.18,5.53,2.0,-2.74,70.04,8,11,100,48.0,0.28,54.0,0.57,56.0,1.08,68.0,1.93,63.0,1.58,POSITIVE,70.44,STRONG,Liquidity,"Trend, Momentum, Structure",-4.65,-1.08,143.88,149.25,181.6,HIGH,677614907.0,NOT_AVAILABLE,NOT_AVAILABLE,,1151,1179
1153,LUXIND,2026-08-31,1210.2,Neutral-Range,43.65,38.77,-2,40,4/10,Low,44.99,34.46,2.85,2.5,1220.89,1243.05,1241.71,-0.0654,0.7861,1.52,87.5,1226.37,-1.32,2.59,0.361,0.89,-0.18,0.1,-3.95,0.35,61.04,1227.7,1186.2,1199.5,1239.8,1186.2,42.5,52.89,2.01,-1.61,0.24,12.63,6.97,2.04,-2.17,81.2,8,11,100,40.0,-0.28,38.0,-0.25,36.0,0.25,33.0,1.14,29.0,0.8,MIXED,44.71,MIXED,Volume + Delivery,"Trend, Momentum, VWAP",-2.85,2.85,1175.74,1244.66,1199.5,MODERATE,31378620.0,NOT_AVAILABLE,NOT_AVAILABLE,,1151,1272
1154,C2C,2026-08-31,237.45,Neutral-Range,43.64,28.39,1,55,4/10,Low,39.6,16.59,6.99,48.33,248.16,293.66,419.72,3.6857,0.8436,1.08,69.17,240.93,-1.44,10.68,0.491,3.96,2.77,-3.2,-11.4,0.0,62.06,235.0,224.6,228.4,239.0,224.55,41.67,53.41,3.84,-3.58,0.05,30.68,24.24,2.91,-3.71,75.94,5,8,34,41.18,-0.85,32.35,-0.15,32.35,-0.69,35.29,-2.63,32.35,-4.96,NEGATIVE,25.39,NEGATIVE,Momentum + Structure + MACD + Delivery,"Trend, VWAP, RSI",-6.99,6.99,220.86,254.04,228.4,VERY_HIGH,28688813.0,NOT_AVAILABLE,NOT_AVAILABLE,,1154,1616
1155,NAUKRI,2026-08-31,1313.0,Bearish,43.61,48.4,-5,25,7/10,High,53.82,35.68,2.72,4.17,1314.37,1231.75,1363.53,-10.0256,-2.3563,1.19,77.5,1328.88,-1.2,3.32,0.537,-3.03,-2.67,-3.16,3.48,0.0,86.35,1369.4,1339.0,1354.0,1369.4,1318.0,46.58,49.08,1.61,-1.6,0.02,8.82,7.63,1.76,-3.02,79.24,8,7,100,46.0,0.21,62.0,1.07,64.0,0.84,63.0,0.27,61.0,0.91,POSITIVE,63.89,POSITIVE,RSI + Liquidity,"Trend, Momentum, Volume",-4.08,-0.95,1259.48,1300.51,1369.4,MODERATE,2617880909.0,NOT_AVAILABLE,NOT_AVAILABLE,,1155,821
1156,MAGSON,2026-08-31,181.05,Bearish,43.6,41.33,-5,25,5/10,Medium,50.33,6.61,3.65,65.83,183.22,171.48,138.82,-1.0673,-0.4771,0.22,40.0,181.48,-0.24,2.11,0.031,-4.66,-7.01,0.0,-1.6,-2.58,85.71,189.9,189.85,189.9,213.9,182.5,46.62,41.17,2.85,-2.72,-0.03,28.76,31.77,3.52,-3.28,50.09,8,6,100,46.0,0.24,44.0,0.4,48.0,1.04,50.0,2.6,52.0,2.4,MIXED,63.86,POSITIVE,No strong driver,"Momentum, Structure, MACD",-5.47,-1.28,171.14,178.74,189.9,HIGH,5898020.0,NOT_AVAILABLE,NOT_AVAILABLE,,1156,1154
1157,KECL,2026-08-31,130.25,Neutral-Range,43.6,38.91,-2,40,2/10,Low,46.14,7.22,5.54,62.5,133.95,129.34,117.79,-1.6321,0.1027,0.57,44.17,142.89,-8.84,6.15,0.083,-3.4,-1.0,-5.27,-3.7,0.22,49.38,138.95,129.85,134.83,138.95,128.0,43.42,51.97,2.67,-2.08,0.3,21.32,10.26,1.92,-2.42,81.1,7,10,24,25.0,-0.42,54.17,-0.28,54.17,0.77,37.5,-1.4,37.5,-3.01,MIXED,44.56,MIXED,No strong driver,"Structure, VWAP",-5.54,5.54,123.03,137.47,134.83,VERY_HIGH,51883783.0,NOT_AVAILABLE,NOT_AVAILABLE,,1156,1264
1158,HDFCNIFBAN,2026-08-31,59.15,Bearish,43.55,46.63,-4,30,4/10,Low,49.01,0.71,1.21,0.83,59.25,58.96,58.78,-0.0269,-0.0084,0.27,28.33,59.28,-0.23,0.59,0.159,-0.22,0.17,-0.66,0.25,0.0,72.74,59.44,59.1,59.28,60.52,59.0,49.74,45.92,0.69,-0.92,0.27,20.13,6.58,1.78,-3.35,92.16,10,7,100,51.0,-0.07,53.0,0.09,56.0,0.25,58.0,0.35,55.0,0.3,POSITIVE,57.3,POSITIVE,No strong driver,"Momentum, Structure, MACD",-1.81,-0.42,58.08,58.9,59.44,LOW,7222071.0,NOT_AVAILABLE,NOT_AVAILABLE,,1158,921
1159,TIMKEN,2026-08-31,3149.6,Bearish,43.54,39.89,-4,30,5/10,Medium,44.53,82.31,2.61,4.17,3188.32,3257.51,3285.99,-4.7764,1.5525,0.71,57.5,3223.18,-2.28,1.9,0.25,-0.01,2.24,-4.28,-2.07,-0.12,61.76,3207.2,3142.4,3149.8,3207.2,3070.1,47.37,48.29,1.49,-1.42,0.09,7.76,6.97,1.74,-2.18,86.79,9,9,100,51.0,0.05,51.0,0.15,57.0,0.65,52.0,0.38,47.0,0.07,POSITIVE,57.27,POSITIVE,Liquidity,"Trend, Momentum, VWAP",-3.92,-0.91,3026.14,3120.79,3223.18,MODERATE,125643308.0,NOT_AVAILABLE,NOT_AVAILABLE,,1159,1219
1160,PPL,2026-08-31,261.4,Bearish,43.51,38.49,-5,25,5/10,Medium,44.77,10.54,4.03,0.83,265.86,261.25,255.34,-0.9764,-0.121,0.83,55.0,266.41,-1.88,2.24,0.371,-0.89,-2.64,-4.13,-0.32,-1.04,,265.5,259.95,263.75,277.0,259.0,43.55,51.84,2.41,-1.94,0.31,21.84,10.66,2.0,-2.21,87.55,8,8,100,38.0,0.06,50.0,0.5,50.0,1.32,49.0,2.17,45.0,2.0,MIXED,63.61,POSITIVE,No strong driver,"Momentum, VWAP, RSI",-6.05,-1.41,245.59,257.71,266.41,HIGH,7615235.0,NOT_AVAILABLE,NOT_AVAILABLE,,1160,1281
1161,VINATIORGA,2026-08-31,1329.9,Neutral-Range,43.49,40.26,1,55,1/10,Low,51.55,29.93,2.25,6.67,1327.03,1326.77,1413.01,-0.8539,0.365,0.98,67.5,1333.06,-0.24,3.63,0.35,0.35,0.02,-1.06,0.51,-0.47,48.49,1332.8,1322.0,1325.2,1349.8,1312.2,43.03,52.37,1.31,-1.14,0.12,5.53,5.39,2.16,-1.87,82.61,7,8,100,36.0,-0.25,36.0,-0.68,35.0,-0.97,27.0,-1.96,30.0,-1.88,NEGATIVE,24.98,NEGATIVE,Trend,None material,-2.25,2.25,1299.97,1359.83,1325.2,MODERATE,73591517.0,NOT_AVAILABLE,NOT_AVAILABLE,,1161,1194
1162,SATIN,2026-08-31,224.02,Neutral-Range,43.46,40.41,-1,45,4/10,Low,41.82,8.36,3.73,9.17,229.01,232.58,200.97,0.4053,0.1262,0.67,54.17,227.39,-1.48,3.13,0.25,0.74,0.17,-2.06,-2.9,-1.47,51.76,228.56,221.4,222.37,233.0,219.53,46.71,48.82,1.68,-1.58,0.21,14.21,7.89,1.91,-2.07,88.94,10,11,100,42.0,-0.09,47.0,-0.19,45.0,-0.32,41.0,-1.52,34.0,-1.88,MIXED,37.74,NEGATIVE,Momentum + MACD + Delivery,"Trend, VWAP, RSI",-3.73,3.73,215.66,232.38,222.37,HIGH,65123203.0,NOT_AVAILABLE,NOT_AVAILABLE,,1162,1184
1163,LIQUIDBEES,2026-08-31,999.99,Neutral-Range,43.46,39.75,-1,45,2/10,Low,45.45,1.06,0.11,21.67,1000.0,1000.0,1000.0,0.0001,-0.0006,0.85,43.33,1000.0,-0.0,0.0,0.249,-0.0,0.0,0.0,0.0,0.0,80.34,1000.01,999.99,1000.0,1000.77,999.62,22.37,22.63,0.0,-0.0,0.02,0.92,0.79,2.93,-2.67,100.0,1,1,100,30.0,0.0,36.0,0.0,35.0,0.0,30.0,0.0,35.0,0.0,MIXED,37.75,NEGATIVE,Liquidity,"Trend, Delivery",-0.11,0.11,998.93,1001.05,1000.0,LOW,3221373720.0,NOT_AVAILABLE,NOT_AVAILABLE,,1162,1224
1164,AVL,2026-08-31,600.5,Neutral-Range,43.46,39.2,0,50,2/10,Low,46.22,19.38,3.23,1.67,605.25,606.42,553.02,-1.7237,1.2579,0.84,54.17,606.42,-0.98,3.29,0.431,1.64,2.04,-1.34,-3.71,-0.8,63.86,595.85,582.25,590.8,601.85,570.6,47.73,48.6,1.87,-1.64,0.08,13.82,12.53,1.78,-1.99,90.63,9,8,100,41.0,-0.32,41.0,-0.32,44.0,-0.87,33.0,-1.79,28.0,-2.34,NEGATIVE,31.31,NEGATIVE,Structure + Delivery,"Trend, VWAP",-3.23,3.23,581.12,619.88,590.8,HIGH,94878876.0,NOT_AVAILABLE,NOT_AVAILABLE,,1162,1250
1165,CHOICEIN,2026-08-31,780.7,Bearish,43.45,43.92,-4,30,5/10,Medium,40.8,15.34,1.96,2.5,798.36,785.45,742.09,-5.315,0.3502,0.56,25.0,812.6,-3.93,1.27,0.089,-0.72,-2.12,-2.87,-5.72,-0.19,23.38,792.9,774.3,786.4,811.75,773.5,51.05,44.34,1.43,-1.37,0.38,15.0,2.63,1.87,-4.32,72.71,11,8,100,51.0,0.16,54.0,0.54,54.0,0.83,46.0,0.92,49.0,0.7,MIXED,57.0,POSITIVE,Liquidity,"Trend, Momentum, Structure",-2.95,-0.69,757.69,775.33,812.6,LOW,343495331.0,NOT_AVAILABLE,NOT_AVAILABLE,,1165,1030
1166,AIAENG,2026-08-31,4257.5,Neutral-Range,43.44,41.88,-2,40,5/10,Medium,34.12,130.47,3.06,20.83,4407.64,4485.21,4150.4,-21.3802,6.3309,1.37,86.67,4493.59,-5.25,3.55,0.137,0.55,-0.44,-2.88,-9.12,0.82,52.57,4260.7,4192.2,4234.2,4366.9,4192.2,48.55,46.97,1.28,-1.25,0.04,6.58,5.66,1.47,-2.02,85.45,8,8,100,50.0,0.04,48.0,0.08,47.0,0.12,42.0,-0.63,48.0,-0.42,MIXED,44.11,MIXED,Volume + Delivery + Liquidity,"Trend, Momentum, Structure",-3.06,3.06,4127.03,4387.97,4234.2,HIGH,234673611.0,NOT_AVAILABLE,NOT_AVAILABLE,,1166,1125
1167,INDIANHUME,2026-08-31,380.9,Neutral-Range,43.39,42.2,-3,35,3/10,Low,50.18,14.51,3.81,1.67,382.49,371.6,359.25,0.0884,-0.5589,0.32,31.67,387.62,-1.73,2.17,0.42,-1.46,-3.89,5.06,-8.11,-0.66,58.11,392.1,381.55,386.55,412.5,381.55,43.82,51.71,2.56,-1.98,0.25,16.18,9.08,2.02,-2.21,85.74,7,9,33,42.42,-0.06,42.42,-0.38,51.52,0.27,48.48,-0.17,45.45,0.78,MIXED,50.4,MIXED,No strong driver,"Structure, VWAP, Delivery",-3.81,3.81,366.39,395.41,386.55,HIGH,17832739.0,NOT_AVAILABLE,NOT_AVAILABLE,,1167,1107
1168,SHREECEM,2026-08-31,23200.0,Bearish,43.36,40.36,-5,25,6/10,Medium,29.17,574.1,2.47,63.33,24829.18,25341.65,25900.03,-121.442,-46.5351,0.74,47.5,24865.96,-6.7,3.29,0.0,-3.33,-3.41,-5.44,-14.07,-0.21,66.43,24485.0,23900.0,24000.0,25255.0,23880.0,45.66,49.21,1.11,-1.04,0.14,6.45,3.29,1.6,-1.92,77.35,10,8,100,49.0,0.1,51.0,0.18,54.0,0.68,58.0,1.56,54.0,1.68,MIXED,63.16,POSITIVE,Liquidity,"Trend, Momentum, Structure",-3.71,-0.87,22338.85,22999.07,24865.96,MODERATE,685283425.0,NOT_AVAILABLE,NOT_AVAILABLE,,1168,1187
1169,KICL,2026-08-31,5178.5,Bearish,43.33,44.13,-6,20,6/10,Medium,40.92,156.77,3.03,24.17,5309.37,5311.8,5089.08,-19.6101,0.1121,0.19,1.67,5392.96,-3.98,1.57,0.065,-0.03,-1.78,-2.15,-6.22,0.39,58.85,5259.5,5134.0,5180.0,5439.5,5134.0,47.11,48.55,2.03,-1.74,0.26,20.66,11.18,2.09,-2.15,86.32,8,9,27,51.85,0.25,55.56,0.97,74.07,1.1,62.96,0.54,40.74,-1.04,STRONG,69.52,POSITIVE,No strong driver,"Trend, Momentum, Structure",-4.54,-1.06,4943.34,5123.63,5392.96,HIGH,7306386.0,NOT_AVAILABLE,NOT_AVAILABLE,,1169,1020
1170,BGRENERGY,2026-08-31,244.05,Bearish,43.26,33.8,-6,20,6/10,Medium,40.91,12.73,5.22,57.5,257.33,274.66,287.18,2.0192,-0.6601,0.61,37.5,255.66,-4.54,3.32,0.268,-4.78,4.7,-2.85,-12.34,-1.68,,266.95,256.3,256.3,269.75,230.0,45.0,50.0,3.28,-2.5,0.29,33.55,28.55,2.96,-2.56,53.16,22,12,100,42.0,0.25,49.0,1.07,46.0,1.71,52.0,3.5,55.0,6.73,MIXED,69.3,POSITIVE,No strong driver,"Trend, Momentum, Structure",-7.83,-1.83,224.95,239.59,266.95,VERY_HIGH,12550985.0,NOT_AVAILABLE,NOT_AVAILABLE,,1170,1455
1171,GROWWSLVR,2026-08-31,22.86,Bearish,43.24,41.56,-4,30,4/10,Low,51.44,0.66,2.9,25.0,22.86,23.28,56.83,0.0289,-0.0608,1.24,81.67,22.83,0.15,1.78,0.75,-3.09,-3.75,-0.22,8.09,-3.18,23.18,23.78,23.1,23.59,24.07,22.94,52.44,42.38,2.41,-2.83,0.14,33.54,17.07,2.49,-4.26,54.33,7,5,59,37.29,-0.02,45.76,-0.36,50.85,-0.41,59.32,1.12,59.32,1.45,MIXED,56.4,MIXED,No strong driver,"Trend, Volume, Structure",-4.35,-1.01,21.87,22.63,23.78,MODERATE,44413796.0,NOT_AVAILABLE,NOT_AVAILABLE,,1171,1146
1172,SBIBPB,2026-08-31,49.29,Bearish,43.23,48.52,-6,20,6/10,Medium,46.16,1.17,2.36,15.0,49.76,49.43,48.49,-0.1146,-0.0391,0.33,33.33,49.71,-0.85,2.55,0.155,-1.02,-0.3,-2.69,0.63,0.84,57.15,50.47,49.67,49.8,51.05,48.84,49.18,46.15,1.19,-1.06,0.85,39.01,7.69,2.25,-2.47,95.48,6,7,100,50.0,0.17,56.0,0.32,64.0,0.73,65.0,1.54,67.0,2.19,POSITIVE,69.23,POSITIVE,No strong driver,"Trend, Momentum, Structure",-3.55,-0.83,47.54,48.88,50.47,MODERATE,12768489.0,NOT_AVAILABLE,NOT_AVAILABLE,,1172,818
1173,SOBHA,2026-08-31,1255.9,Bearish,43.22,39.1,-5,25,6/10,Medium,30.85,34.78,2.77,2.5,1310.94,1350.47,1397.55,-2.6117,-0.452,1.7,87.5,1313.94,-4.42,3.34,0.127,-1.13,-2.58,-4.93,-8.48,0.68,48.04,1283.2,1265.3,1270.2,1313.0,1265.3,46.05,49.61,2.12,-1.74,0.19,13.82,9.47,1.9,-2.15,81.87,7,8,100,51.0,-0.19,51.0,0.19,51.0,1.08,56.0,1.5,50.0,1.1,MIXED,62.77,POSITIVE,Liquidity,"Trend, Momentum, Structure",-4.15,-0.97,1203.73,1243.73,1313.94,MODERATE,113822101.0,NOT_AVAILABLE,NOT_AVAILABLE,,1173,1256
1174,MONTECARLO,2026-08-31,530.3,Neutral-Range,43.17,39.3,-2,40,3/10,Low,48.83,15.9,3.0,35.83,532.62,535.27,567.49,1.5901,-1.0084,1.44,87.5,518.49,2.28,4.13,0.477,-1.71,-3.59,1.14,-0.51,-0.2,57.87,543.8,528.95,539.55,569.0,525.0,43.68,51.71,1.69,-1.48,0.2,12.37,6.05,1.72,-2.18,84.53,11,8,100,45.0,-0.21,41.0,-0.45,40.0,-0.44,47.0,-0.09,54.0,-0.42,NEGATIVE,43.33,MIXED,VWAP,"Trend, Volume, Delivery",-3.0,3.0,514.4,546.2,539.55,MODERATE,49200179.0,NOT_AVAILABLE,NOT_AVAILABLE,,1174,1246
1175,GILT5YBEES,2026-08-31,66.05,Neutral-Range,43.15,45.88,-3,35,3/10,Low,45.17,0.59,0.89,32.5,66.2,65.96,64.68,-0.0415,-0.0094,0.5,24.17,66.29,-0.36,0.59,0.453,-0.26,-0.17,-0.32,-0.2,0.11,79.93,66.49,66.01,66.22,66.56,64.84,54.08,37.24,0.14,-0.13,0.25,10.13,3.03,1.86,-1.86,99.56,8,7,17,41.18,-0.02,41.18,-0.01,47.06,-0.04,52.94,-0.03,58.82,0.21,MIXED,49.72,MIXED,No strong driver,"Momentum, MACD, Delivery",-0.89,0.89,65.46,66.64,66.22,LOW,13434192.0,NOT_AVAILABLE,NOT_AVAILABLE,,1175,946
1176,VEEDOL,2026-08-31,1472.6,Bearish,43.15,42.96,-6,20,6/10,Medium,48.54,34.17,2.32,19.17,1484.4,1464.59,1486.66,-4.5494,-1.6004,0.38,5.83,1504.44,-2.12,1.81,0.391,-1.57,-0.28,-3.22,4.28,0.0,58.07,1506.0,1487.7,1496.1,1525.0,1464.1,42.24,54.04,1.43,-1.24,0.17,11.18,6.42,1.93,-1.89,86.62,8,8,11,54.55,0.04,63.64,1.81,54.55,2.23,63.64,0.93,36.36,-0.17,MIXED,69.01,POSITIVE,No strong driver,"Trend, Momentum, Structure",-3.48,-0.81,1421.34,1460.64,1506.0,MODERATE,27806882.0,NOT_AVAILABLE,NOT_AVAILABLE,,1175,1082
1177,ESTER,2026-08-31,91.73,Bearish,43.14,40.7,-6,20,6/10,Medium,45.86,3.79,4.14,39.17,94.09,92.86,96.89,-0.7053,-0.1293,0.26,15.0,99.92,-8.19,3.86,0.243,-2.13,-2.55,-7.31,5.84,-0.67,58.8,94.47,93.01,93.73,97.08,92.0,42.11,53.16,2.46,-1.86,0.28,15.39,6.58,2.12,-2.07,85.85,6,7,34,55.88,0.33,50.0,0.67,44.12,0.36,52.94,4.83,70.59,7.45,MIXED,68.97,POSITIVE,No strong driver,"Trend, Momentum, Structure",-6.2,-1.45,86.04,90.4,99.92,HIGH,31364102.0,NOT_AVAILABLE,NOT_AVAILABLE,,1177,1173
1178,ALKEM,2026-08-31,5329.5,Bearish,43.12,45.11,-4,30,5/10,Medium,39.39,108.99,2.05,1.67,5430.3,5485.13,5472.31,-11.713,2.8433,0.92,55.83,5421.24,-1.69,1.52,0.289,-0.48,-0.38,-0.83,-6.61,0.0,72.1,5406.5,5316.0,5355.0,5406.5,5297.0,49.74,45.66,1.14,-1.1,0.15,5.0,3.29,1.45,-1.84,85.8,11,7,100,51.0,0.14,57.0,0.47,48.0,0.3,55.0,0.95,56.0,1.21,MIXED,56.05,MIXED,Liquidity,"Trend, Momentum, VWAP",-3.07,-0.72,5166.01,5291.35,5421.24,MODERATE,705064189.0,NOT_AVAILABLE,NOT_AVAILABLE,,1178,981
1179,ALPHAGEO,2026-08-31,291.92,Neutral-Range,43.12,36.65,-2,40,4/10,Low,53.01,20.63,7.07,90.83,294.62,259.94,235.02,-4.7617,-2.1067,0.22,15.0,304.41,-4.1,7.41,0.471,-4.75,-8.67,-13.73,10.51,2.41,,315.0,304.5,306.47,337.99,304.5,45.26,50.26,2.31,-1.98,0.6,33.29,10.0,2.19,-2.25,91.63,8,9,16,43.75,0.16,37.5,0.8,50.0,0.58,50.0,-2.28,43.75,-3.88,MIXED,43.2,MIXED,RSI + Gap,"Momentum, Structure, VWAP",-7.07,7.07,271.29,312.55,306.47,VERY_HIGH,26535904.0,NOT_AVAILABLE,NOT_AVAILABLE,,1178,1357
1180,GMRAIRPORT,2026-08-31,93.63,Bearish,43.11,46.19,-5,25,6/10,Medium,21.61,2.39,2.55,32.5,101.28,103.7,99.95,-0.559,-0.2341,4.75,99.17,100.07,-6.44,4.45,0.0,-4.76,-5.25,-7.58,-11.29,-0.47,85.16,99.35,98.11,98.31,100.66,98.0,49.09,47.49,1.35,-1.32,0.13,9.59,6.16,1.97,-2.1,79.62,8,7,100,60.0,0.34,59.0,0.82,58.0,0.86,55.0,1.12,60.0,2.11,POSITIVE,62.47,POSITIVE,Liquidity,"Trend, Momentum, Structure",-3.83,-0.89,90.05,92.79,100.07,MODERATE,1258748290.0,NOT_AVAILABLE,NOT_AVAILABLE,,1180,935
1181,J&KBANK,2026-08-31,147.68,Bearish,43.06,42.83,-5,25,6/10,Medium,39.19,5.02,3.4,17.5,153.43,156.21,137.12,0.1168,-0.0564,0.93,73.33,153.72,-3.93,2.4,0.092,-1.55,1.01,-0.2,-5.41,-0.67,58.54,152.39,149.0,150.01,153.87,146.0,45.92,49.47,1.97,-1.68,0.22,11.58,7.76,2.01,-2.25,78.3,6,7,100,54.0,0.36,61.0,0.95,57.0,0.99,55.0,1.04,51.0,0.89,POSITIVE,62.32,POSITIVE,Liquidity,"Trend, Momentum, Structure",-5.1,-1.19,140.15,145.92,153.72,HIGH,375760882.0,NOT_AVAILABLE,NOT_AVAILABLE,,1181,1091
1182,SUNFLAG,2026-08-31,340.3,Bearish,43.04,44.37,-7,15,7/10,High,38.91,11.82,3.47,1.67,354.43,353.32,314.17,-2.5762,-0.2175,0.63,41.67,367.71,-7.45,3.27,0.022,-2.28,-3.88,-5.67,-7.24,0.5,52.49,351.2,344.8,348.25,361.0,342.2,45.53,49.87,2.34,-1.92,0.21,15.0,8.42,1.88,-2.22,79.93,7,10,22,45.45,0.08,63.64,1.03,81.82,1.54,59.09,1.16,45.45,0.34,STRONG,75.12,STRONG,No strong driver,"Trend, Momentum, Structure",-5.21,-1.22,322.57,336.16,367.71,HIGH,80884292.0,NOT_AVAILABLE,NOT_AVAILABLE,,1182,1009
1183,SUBROS,2026-08-31,717.5,Bearish,42.97,39.51,-4,30,4/10,Low,27.04,18.67,2.6,1.67,751.25,769.17,785.13,-3.0671,0.2087,0.6,47.5,767.32,-6.49,2.49,0.023,-1.2,-1.62,-5.86,-12.21,0.0,49.27,733.05,718.0,726.2,747.95,718.0,46.32,49.34,2.25,-1.87,0.29,16.84,8.03,1.83,-2.18,83.02,9,6,100,53.0,0.36,53.0,0.52,50.0,0.55,56.0,0.33,49.0,0.22,MIXED,55.62,MIXED,No strong driver,"Trend, Momentum, Structure",-3.9,-0.91,689.49,710.96,767.32,MODERATE,35715420.0,NOT_AVAILABLE,NOT_AVAILABLE,,1183,1229
1184,HEIDELBERG,2026-08-31,157.41,Bearish,42.93,45.69,-4,30,4/10,Low,46.99,2.76,1.75,5.0,158.9,157.58,164.35,0.056,-0.3125,2.83,96.67,159.11,-1.07,2.48,0.494,-2.22,-1.58,-1.75,1.22,0.01,75.93,162.75,160.65,160.99,162.75,158.98,44.08,51.18,1.27,-1.12,0.14,8.68,6.18,1.79,-1.76,81.77,10,10,100,49.0,-0.02,46.0,-0.05,53.0,0.18,56.0,0.41,55.0,0.29,MIXED,55.51,MIXED,No strong driver,"Trend, Structure, VWAP",-2.63,-0.61,153.28,156.45,162.75,LOW,14495855.0,NOT_AVAILABLE,NOT_AVAILABLE,,1184,958
1185,GFLLIMITED,2026-08-31,54.17,Neutral-Range,42.93,33.17,2,60,3/10,Low,59.03,2.39,4.42,29.17,52.5,49.87,50.62,0.0584,-0.1315,0.35,15.0,53.9,0.5,1.75,0.649,-0.2,-2.24,9.46,12.25,-0.61,59.58,55.8,53.83,54.28,57.8,53.83,42.76,52.24,2.18,-1.83,0.71,38.16,10.53,2.2,-2.15,93.43,7,7,17,41.18,-0.76,11.76,-1.3,23.53,-1.22,23.53,-2.41,17.65,-1.87,NEGATIVE,16.95,NEGATIVE,Trend + Momentum + RSI,Delivery,-4.42,4.42,51.78,56.56,54.28,HIGH,6776578.0,NOT_AVAILABLE,NOT_AVAILABLE,,1184,1480
1186,CONCOR,2026-08-31,511.9,Neutral-Range,42.92,42.05,-1,45,2/10,Low,51.05,13.48,2.63,55.0,512.13,502.7,511.63,-2.3535,0.2169,0.88,60.83,517.22,-1.03,2.03,0.372,-0.79,-0.87,-2.4,-2.5,-0.72,60.4,520.0,502.35,516.0,524.25,493.05,46.45,48.55,1.4,-1.39,0.18,9.08,4.87,1.7,-2.45,72.37,8,9,100,56.0,0.11,48.0,-0.22,43.0,-0.4,34.0,-1.04,42.0,-0.76,NEGATIVE,36.19,NEGATIVE,Liquidity,"VWAP, Delivery",-2.63,2.63,498.42,525.38,516.0,MODERATE,822078908.0,NOT_AVAILABLE,NOT_AVAILABLE,,1186,1116
1187,TALBROAUTO,2026-08-31,411.4,Neutral-Range,42.92,37.13,0,50,1/10,Low,49.91,16.72,4.06,8.33,412.85,401.17,340.65,-2.5933,0.5227,0.73,60.83,421.3,-2.35,4.86,0.296,2.5,-1.67,-2.85,-1.5,-0.34,56.55,418.2,398.1,401.35,423.8,398.1,44.47,50.79,2.34,-2.02,0.19,22.24,12.37,2.19,-3.05,85.4,7,8,16,37.5,-0.68,37.5,-0.33,43.75,-0.81,31.25,-2.06,31.25,-2.74,NEGATIVE,29.77,NEGATIVE,Delivery,VWAP,-4.06,4.06,394.68,428.12,401.35,HIGH,98146606.0,NOT_AVAILABLE,NOT_AVAILABLE,,1186,1334
1188,TRITURBINE,2026-08-31,578.15,Neutral-Range,42.83,41.74,-1,45,4/10,Low,41.06,19.9,3.44,10.83,590.71,607.28,582.77,0.296,0.3899,0.45,39.17,599.05,-3.49,3.06,0.184,-0.37,0.23,-3.3,-5.47,-0.05,43.4,592.95,578.0,580.3,604.05,566.5,43.55,52.11,2.26,-1.74,0.21,11.32,7.63,2.24,-2.35,81.82,7,8,100,37.0,0.02,45.0,-0.24,36.0,-0.89,45.0,-0.96,51.0,1.52,NEGATIVE,35.95,NEGATIVE,Momentum + MACD + Liquidity,"Trend, Structure, VWAP",-3.44,3.44,558.25,598.05,580.3,HIGH,480109459.0,NOT_AVAILABLE,NOT_AVAILABLE,,1188,1135
1189,SYRMA,2026-08-31,1437.0,Bearish,42.82,43.11,-4,30,5/10,Medium,49.7,50.47,3.51,3.33,1450.61,1387.85,1095.77,-5.2932,-2.7823,1.35,84.17,1469.36,-2.2,5.54,0.438,-2.53,-1.57,-2.11,5.62,0.0,38.4,1505.0,1470.0,1474.3,1505.0,1441.0,49.47,46.18,2.18,-1.96,0.33,15.79,8.03,2.2,-2.41,79.65,11,6,100,49.0,0.08,51.0,0.22,47.0,0.35,57.0,0.6,56.0,2.2,MIXED,55.2,MIXED,Liquidity,"Momentum, Volume, Structure",-5.27,-1.23,1361.29,1419.34,1505.0,HIGH,1741152163.0,NOT_AVAILABLE,NOT_AVAILABLE,,1189,1070
1190,LXCHEM,2026-08-31,166.57,Bearish,42.81,42.19,-5,25,6/10,Medium,41.79,6.15,3.69,5.83,173.29,170.3,164.18,-1.3686,-0.1057,1.04,70.0,176.23,-5.48,4.38,0.067,-2.78,-3.82,-7.29,-7.7,0.64,48.1,172.8,167.95,171.34,179.39,167.01,43.42,51.97,1.95,-1.71,0.2,8.95,7.24,2.01,-2.14,77.71,9,10,100,45.0,0.1,45.0,0.69,50.0,0.55,58.0,1.65,51.0,1.91,MIXED,61.6,POSITIVE,Liquidity,"Trend, Momentum, Structure",-5.54,-1.29,157.35,164.42,176.23,HIGH,130383704.0,NOT_AVAILABLE,NOT_AVAILABLE,,1190,1108
1191,IDBI,2026-08-31,90.88,Bullish,42.81,34.73,4,70,5/10,Medium,63.09,2.78,3.06,21.67,86.69,84.39,85.61,1.0702,-0.1514,0.61,55.83,89.49,1.55,2.91,0.659,-1.92,3.35,10.59,7.28,0.37,36.88,93.8,91.55,92.66,96.25,82.24,46.32,48.55,2.03,-1.79,0.25,11.71,7.11,1.95,-2.37,74.63,8,8,8,25.0,-1.59,37.5,-1.3,12.5,-2.13,12.5,-3.89,25.0,-4.46,NEGATIVE,3.75,NEGATIVE,Trend + Momentum + VWAP + RSI,Structure,1.07,4.59,91.85,95.05,89.49,HIGH,993954540.0,NOT_AVAILABLE,NOT_AVAILABLE,,1190,1421
1192,LANCORHOL,2026-08-31,33.37,Bullish,42.81,30.4,4,70,5/10,Medium,66.49,2.29,6.87,94.17,29.67,27.57,25.71,0.4544,-0.0011,0.82,51.67,30.6,9.04,7.54,0.886,-1.65,2.3,13.93,25.73,-1.86,43.12,34.49,32.36,33.93,34.49,29.9,41.8,52.84,2.93,-2.33,0.67,43.53,20.19,2.74,-2.62,95.43,6,6,20,40.0,-0.68,25.0,-2.02,25.0,-3.12,0.0,-7.2,0.0,-10.79,NEGATIVE,3.75,NEGATIVE,Trend + Momentum + Structure + VWAP,Gap,2.4,10.3,34.17,36.81,30.6,VERY_HIGH,11856222.0,NOT_AVAILABLE,NOT_AVAILABLE,,1190,1562
1193,HERITGFOOD,2026-08-31,361.3,Bearish,42.78,42.18,-5,25,6/10,Medium,50.5,11.23,3.11,44.17,365.06,351.58,366.44,-0.9293,-1.4915,0.88,68.33,366.24,-1.35,3.83,0.462,-2.5,-6.77,-0.65,7.82,-0.49,55.4,380.65,369.0,370.55,392.1,369.0,46.18,49.21,1.88,-1.6,0.24,13.42,6.97,2.12,-2.63,83.97,10,7,100,40.0,-0.19,50.0,0.28,53.0,0.4,56.0,1.69,50.0,1.44,MIXED,61.51,POSITIVE,Liquidity,"Trend, Momentum, Structure",-4.66,-1.09,344.46,357.37,380.65,HIGH,122879927.0,NOT_AVAILABLE,NOT_AVAILABLE,,1193,1109
1194,MAHKTECH,2026-08-31,22.72,Bearish,42.78,40.26,-6,20,6/10,Medium,40.78,0.29,1.28,2.5,23.06,23.15,23.7,-0.0978,0.0125,1.11,71.67,23.32,-2.57,0.88,0.137,-0.13,-0.48,-2.32,-3.73,0.0,89.71,22.75,22.5,22.75,23.38,22.5,45.66,46.84,1.5,-1.29,0.43,29.74,13.68,2.26,-2.22,63.27,9,7,100,44.0,0.06,55.0,0.32,53.0,0.24,61.0,3.02,59.0,5.67,MIXED,67.94,POSITIVE,No strong driver,"Trend, Momentum, Structure",-1.92,-0.45,22.28,22.62,23.32,LOW,14504934.0,NOT_AVAILABLE,NOT_AVAILABLE,,1193,1194
1195,IMFA,2026-08-31,1317.6,Bearish,42.74,46.18,-6,20,7/10,Medium,36.06,53.07,4.03,24.17,1397.09,1403.0,1321.74,-12.5947,-2.5992,0.66,40.83,1450.71,-9.18,3.95,0.023,-3.87,-5.25,-5.8,-11.69,-0.63,61.95,1399.3,1361.5,1370.7,1423.2,1361.5,48.68,46.58,2.31,-1.98,0.19,11.97,8.29,1.88,-2.14,83.21,7,7,10,50.0,-0.82,50.0,-1.53,70.0,0.32,70.0,0.64,70.0,3.35,STRONG,67.84,POSITIVE,Liquidity,"Trend, Momentum, Structure",-6.04,-1.41,1238.0,1299.03,1450.71,HIGH,306425868.0,NOT_AVAILABLE,NOT_AVAILABLE,,1195,936
1196,BFSI,2026-08-31,27.22,Bearish,42.74,45.35,-4,30,5/10,Medium,45.65,0.53,1.96,30.0,27.36,27.33,27.23,-0.007,-0.0052,0.35,25.0,27.4,-0.67,2.09,0.321,-0.33,0.22,-0.33,-2.44,1.46,62.86,28.09,27.22,27.31,28.09,26.79,49.61,45.13,0.73,-0.71,0.64,34.74,8.29,2.14,-2.41,96.33,12,6,29,31.03,-0.16,58.62,0.27,55.17,0.36,48.28,0.58,58.62,1.43,POSITIVE,54.97,MIXED,Gap,"Trend, Momentum, VWAP",-2.94,-0.69,26.42,27.03,28.09,LOW,14020300.0,NOT_AVAILABLE,NOT_AVAILABLE,,1195,971
1197,BASF,2026-08-31,3787.8,Bearish,42.73,45.2,-6,20,7/10,Medium,44.19,104.73,2.76,3.33,3886.81,3802.95,3833.75,-33.0205,-2.9224,0.21,5.83,3996.22,-5.22,2.14,0.138,-1.58,-2.34,-6.27,1.56,0.0,50.52,3879.9,3835.8,3848.7,3956.3,3832.1,46.18,49.34,1.73,-1.48,0.17,7.5,5.39,2.01,-1.97,90.19,7,15,11,54.55,0.24,63.64,0.52,54.55,1.7,45.45,2.75,72.73,2.27,MIXED,67.8,POSITIVE,Liquidity,"Trend, Momentum, Structure",-4.15,-0.97,3630.7,3751.14,3996.22,MODERATE,346182897.0,NOT_AVAILABLE,NOT_AVAILABLE,,1197,977
1198,MULTICAP,2026-08-31,16.8,Bearish,42.69,46.39,-4,30,5/10,Medium,48.17,0.28,1.68,5.0,16.86,16.7,16.28,-0.0238,-0.0062,0.53,33.33,16.92,-0.7,2.78,0.333,-0.53,-0.47,-0.83,-0.77,1.95,58.11,16.95,16.86,16.89,17.32,16.8,51.08,42.8,0.69,-0.81,0.71,29.98,2.37,1.83,-2.02,93.06,10,6,10,60.0,0.32,50.0,0.29,50.0,0.08,60.0,0.25,60.0,0.28,MIXED,54.82,MIXED,Gap,"Momentum, Structure, VWAP",-2.51,-0.59,16.38,16.7,16.95,LOW,5061041.0,NOT_AVAILABLE,NOT_AVAILABLE,,1198,927
1199,CENTENKA,2026-08-31,546.8,Bearish,42.69,46.08,-6,20,6/10,Medium,37.74,17.49,3.2,15.0,566.75,555.31,501.39,-6.1329,0.5456,0.48,43.33,586.52,-6.77,1.61,0.069,-0.11,-1.09,-4.51,-12.03,-0.15,51.08,553.0,544.0,547.4,571.95,544.0,48.03,47.5,1.74,-1.63,0.22,12.89,6.97,1.66,-1.77,88.48,10,7,18,55.56,-0.0,72.22,0.2,61.11,-0.2,66.67,2.19,66.67,-0.09,MIXED,67.68,POSITIVE,No strong driver,"Trend, Momentum, Structure",-4.8,-1.12,520.57,540.68,586.52,HIGH,30222624.0,NOT_AVAILABLE,NOT_AVAILABLE,,1198,939
1200,MUKKA,2026-08-31,24.81,Bearish,42.69,32.27,-5,25,5/10,Medium,48.96,1.14,4.61,80.0,25.16,24.39,24.43,-0.1637,-0.0599,0.54,22.5,25.92,-4.27,5.35,0.374,-1.0,-3.84,-9.88,6.53,-0.24,51.02,25.7,24.95,25.06,27.0,24.95,38.3,56.04,2.07,-1.51,0.3,20.09,10.05,2.34,-2.82,84.99,5,9,8,37.5,0.95,25.0,5.97,37.5,5.02,37.5,5.11,25.0,1.46,MIXED,61.25,POSITIVE,No strong driver,"Momentum, Structure, VWAP",-6.92,-1.61,23.09,24.41,25.92,HIGH,17592732.0,NOT_AVAILABLE,NOT_AVAILABLE,,1198,1505
1201,BHAGYANGR,2026-08-31,384.7,Neutral-Range,42.68,40.77,-3,35,3/10,Low,50.2,18.19,4.73,2.5,385.3,373.35,272.42,-0.1545,-0.1634,0.47,23.33,386.31,-0.42,3.21,0.53,-1.62,-1.09,0.58,-0.71,0.68,54.02,398.5,380.05,391.05,398.8,380.0,45.26,50.26,3.01,-2.15,0.42,31.45,16.45,2.41,-2.46,82.79,7,8,100,47.0,-0.07,44.0,-0.11,49.0,-0.21,49.0,-0.02,54.0,1.19,MIXED,48.38,MIXED,No strong driver,"Momentum, MACD, Delivery",-4.73,4.73,366.51,402.89,391.05,HIGH,50203799.0,NOT_AVAILABLE,NOT_AVAILABLE,,1201,1168
1202,GESHIP,2026-08-31,1301.8,Bearish,42.66,43.46,-5,25,6/10,Medium,42.75,43.94,3.38,3.33,1330.63,1368.83,1331.39,4.8645,-1.8814,1.01,71.67,1359.66,-4.26,3.72,0.121,-2.82,-2.34,2.11,-6.91,0.03,63.78,1363.0,1321.2,1339.6,1380.0,1311.5,47.63,48.03,1.8,-1.61,0.21,9.34,5.92,2.07,-2.05,88.06,12,7,100,44.0,0.19,52.0,0.53,55.0,0.52,56.0,1.31,58.0,1.98,POSITIVE,61.17,POSITIVE,Liquidity,"Trend, Momentum, Structure",-5.06,-1.18,1235.89,1286.42,1363.0,HIGH,1844876617.0,NOT_AVAILABLE,NOT_AVAILABLE,,1202,1055
1203,TATAPOWER,2026-08-31,347.0,Bearish,42.63,41.53,-6,20,7/10,High,19.12,6.68,1.92,24.17,369.84,379.15,389.49,-3.2504,-0.4592,1.26,80.0,369.84,-6.18,1.38,0.0,-1.38,-7.1,-9.04,-9.16,-0.07,61.63,352.95,349.25,351.85,378.05,348.1,47.76,46.97,1.31,-1.22,0.14,8.68,4.87,1.78,-2.48,81.62,8,12,100,56.0,0.23,61.0,0.69,63.0,0.97,62.0,1.22,58.0,1.08,POSITIVE,67.51,POSITIVE,Liquidity,"Trend, Momentum, Volume",-2.89,-0.67,336.98,344.66,369.84,LOW,1766286092.0,NOT_AVAILABLE,NOT_AVAILABLE,,1203,1147
1204,MIRZAINT,2026-08-31,31.64,Neutral-Range,42.62,36.15,-3,35,5/10,Medium,40.08,1.11,3.5,0.83,32.34,33.13,33.72,0.0841,0.014,0.39,17.5,32.39,-2.32,1.95,0.183,-0.6,0.89,0.64,-6.17,-0.03,61.79,32.3,31.42,31.83,32.97,31.0,41.45,52.89,2.09,-1.65,0.34,22.89,10.26,2.12,-2.08,89.07,6,9,100,42.0,0.03,40.0,-0.4,43.0,-0.43,52.0,0.42,45.0,-0.29,NEGATIVE,48.21,MIXED,Momentum + MACD,"Trend, Structure, VWAP",-3.5,3.5,30.53,32.75,31.83,HIGH,5008865.0,NOT_AVAILABLE,NOT_AVAILABLE,,1204,1374
1205,NIFTYETF,2026-08-31,261.92,Bearish,42.61,46.77,-5,25,5/10,Medium,42.66,3.28,1.25,24.17,263.93,262.97,263.49,-0.4717,-0.0509,0.2,5.0,264.88,-1.12,0.91,0.398,-0.4,-0.6,-1.3,-2.16,0.13,49.11,263.69,260.26,262.96,266.09,260.26,50.53,45.13,0.59,-0.59,0.37,13.95,4.47,2.08,-2.28,94.0,8,7,100,48.0,0.06,56.0,0.21,58.0,0.36,63.0,0.56,58.0,0.65,POSITIVE,61.03,POSITIVE,No strong driver,"Trend, Momentum, VWAP",-1.88,-0.44,257.0,260.77,264.88,LOW,86673744.0,NOT_AVAILABLE,NOT_AVAILABLE,,1205,915
1206,SCHNEIDER,2026-08-31,1219.2,Neutral-Range,42.61,40.62,-1,45,4/10,Low,43.33,59.2,4.86,48.33,1258.78,1287.67,1112.45,-8.3311,4.3677,0.72,40.0,1269.61,-3.97,6.0,0.268,1.44,5.25,0.58,-9.43,0.09,61.8,1217.9,1184.4,1201.9,1225.0,1134.9,48.29,47.37,2.5,-2.11,0.27,19.34,10.39,2.24,-3.04,81.74,7,6,28,57.14,0.69,42.86,-0.58,39.29,-0.47,42.86,-1.64,57.14,0.51,NEGATIVE,35.31,NEGATIVE,Structure + Delivery + Liquidity,"Trend, Momentum, VWAP",-4.86,4.86,1160.0,1278.4,1201.9,HIGH,629193091.0,NOT_AVAILABLE,NOT_AVAILABLE,,1205,1176
1207,MOREALTY,2026-08-31,90.05,Neutral-Range,42.58,43.0,-3,35,4/10,Low,49.59,1.94,2.16,5.0,90.5,88.43,84.81,-0.1304,-0.0817,3.48,99.17,90.27,-0.25,4.29,0.4,-0.85,-1.63,-1.53,-0.4,2.4,74.8,92.18,90.69,90.82,92.88,90.69,48.8,47.21,1.29,-1.29,0.52,21.05,3.67,1.78,-1.68,91.89,9,7,100,47.0,-0.12,43.0,-0.09,48.0,-0.02,47.0,-0.02,44.0,-0.47,MIXED,48.09,MIXED,Gap,"Momentum, Structure, MACD",-2.16,2.16,88.11,91.99,90.82,MODERATE,55751342.0,NOT_AVAILABLE,NOT_AVAILABLE,,1207,1075
1208,GPTHEALTH,2026-08-31,153.01,Neutral-Range,42.57,39.24,-2,40,3/10,Low,46.27,4.77,3.11,0.83,154.25,153.83,146.56,-0.4668,0.2558,0.52,30.83,157.57,-2.9,3.34,0.185,0.85,2.01,-0.2,-6.67,0.0,59.56,153.7,150.49,151.72,154.68,148.61,42.83,53.12,1.76,-1.46,0.21,17.29,10.59,1.75,-1.95,91.38,10,11,100,38.0,-0.01,43.0,0.11,42.0,0.07,43.0,-0.85,35.0,-1.72,MIXED,41.63,NEGATIVE,Delivery,"Trend, Structure, VWAP",-3.11,3.11,148.24,157.78,151.72,HIGH,20875102.0,NOT_AVAILABLE,NOT_AVAILABLE,,1208,1248
1209,PFS,2026-08-31,27.02,Neutral-Range,42.54,37.91,-3,35,5/10,Medium,28.92,0.68,2.5,20.0,28.02,28.89,31.04,-0.0647,-0.007,1.2,79.17,28.25,-4.35,3.19,0.047,0.26,-3.19,-3.98,-4.89,0.15,66.33,27.4,26.88,26.95,28.4,26.88,44.47,49.74,2.2,-1.89,0.33,17.63,8.03,2.18,-2.23,82.12,7,6,13,30.77,-1.1,53.85,0.43,53.85,1.93,23.08,-0.42,61.54,0.16,MIXED,47.97,MIXED,Volume + Delivery,"Trend, Momentum, Structure",-2.5,2.5,26.34,27.7,26.95,MODERATE,14733275.0,NOT_AVAILABLE,NOT_AVAILABLE,,1209,1304
1210,ONGC,2026-08-31,231.8,Bearish,42.5,41.06,-5,25,6/10,Medium,31.85,3.73,1.61,0.83,236.81,243.2,254.84,-0.3973,0.0169,0.94,68.33,237.51,-2.4,1.4,0.071,-0.19,-2.01,-2.81,-4.21,0.67,58.93,233.39,231.25,232.25,237.94,230.79,47.63,47.5,1.33,-1.24,0.21,11.05,5.13,1.72,-1.96,70.43,8,8,100,47.0,-0.03,51.0,0.14,53.0,0.49,59.0,1.14,62.0,1.97,MIXED,60.72,POSITIVE,Liquidity,"Trend, Momentum, Structure",-2.42,-0.56,226.2,230.49,237.51,LOW,2965948319.0,NOT_AVAILABLE,NOT_AVAILABLE,,1210,1161
1211,CEATLTD,2026-08-31,3419.7,Bearish,42.48,47.28,-7,15,8/10,High,37.85,88.15,2.58,5.83,3566.76,3557.52,3536.95,-22.9372,-5.391,1.37,83.33,3647.27,-6.24,2.79,0.049,-2.61,-4.1,-5.23,-3.47,-0.87,51.81,3548.6,3494.5,3511.5,3633.8,3494.5,46.58,48.95,1.8,-1.54,0.21,12.5,6.97,1.91,-2.65,80.6,9,8,100,60.0,0.4,62.0,0.9,63.0,1.46,66.0,1.88,66.0,2.32,POSITIVE,73.51,STRONG,Liquidity,"Trend, Momentum, Volume",-3.87,-0.9,3287.48,3388.85,3647.27,MODERATE,257417254.0,NOT_AVAILABLE,NOT_AVAILABLE,,1211,890
1212,SHARDAMOTR,2026-08-31,882.9,Neutral-Range,42.48,43.6,-2,40,3/10,Low,48.39,29.53,3.34,35.0,892.03,878.96,930.7,-5.8788,0.3095,0.27,6.67,911.59,-3.15,2.35,0.166,0.65,-1.15,-2.92,-3.22,0.0,53.57,896.6,866.45,877.2,927.55,866.45,44.08,51.45,2.14,-1.75,0.2,16.32,8.55,2.07,-3.11,83.82,7,10,17,58.82,0.85,76.47,3.22,70.59,3.44,41.18,-6.63,41.18,-6.77,STRONG,41.36,NEGATIVE,Delivery,"Trend, Structure, VWAP",-3.34,3.34,853.37,912.43,877.2,HIGH,80125199.0,NOT_AVAILABLE,NOT_AVAILABLE,,1211,1048
1213,TAKE,2026-08-31,15.34,Bearish,42.47,29.61,-7,15,7/10,High,15.67,1.05,6.86,96.67,20.14,22.85,28.49,-0.709,-0.0684,0.06,11.67,22.77,-32.64,0.0,0.0,-4.96,-22.49,-34.53,-31.4,-4.96,100.0,16.14,16.14,16.14,20.68,16.14,45.72,47.49,2.57,-2.39,0.47,37.76,14.31,2.26,-3.35,68.58,33,11,20,50.0,0.07,65.0,1.37,60.0,3.79,50.0,4.75,50.0,2.22,POSITIVE,73.5,STRONG,No strong driver,"Trend, Momentum, Structure",-10.28,-2.4,13.76,14.97,22.77,VERY_HIGH,20622115.0,NOT_AVAILABLE,NOT_AVAILABLE,,1213,1589
1214,ABBOTINDIA,2026-08-31,25850.0,Bearish,42.45,41.58,-6,20,7/10,High,32.04,481.03,1.86,17.5,26763.57,26955.97,27402.15,-121.2029,-7.2435,0.74,40.0,27058.91,-4.47,1.91,0.018,-1.24,-2.16,-3.92,-7.33,0.48,56.93,26745.0,26120.0,26175.0,26745.0,26030.0,43.82,50.92,1.16,-0.95,0.17,4.21,3.03,1.58,-1.86,87.81,10,7,100,50.0,0.24,59.0,0.44,59.0,0.75,64.0,1.49,61.0,1.95,POSITIVE,67.01,POSITIVE,Liquidity,"Trend, Momentum, Structure",-2.79,-0.65,25128.46,25681.64,27058.91,LOW,245360766.0,NOT_AVAILABLE,NOT_AVAILABLE,,1214,1145
1215,COMMOIETF,2026-08-31,98.9,Bearish,42.44,49.26,-7,15,7/10,High,39.67,1.25,1.26,3.33,100.12,100.54,98.81,-0.0781,-0.0642,0.46,16.67,100.67,-1.76,1.31,0.096,-0.92,-1.27,-1.34,-2.55,0.0,73.15,100.36,99.36,99.82,100.99,99.36,52.96,42.42,0.77,-0.85,0.44,17.17,2.89,1.82,-1.71,90.1,8,7,20,70.0,0.4,65.0,0.58,75.0,0.86,70.0,1.05,65.0,0.47,STRONG,73.39,STRONG,No strong driver,"Trend, Momentum, Structure",-1.89,-0.44,97.03,98.46,100.67,LOW,7903419.0,NOT_AVAILABLE,NOT_AVAILABLE,,1215,796
1216,VSTTILLERS,2026-08-31,4358.1,Bearish,42.42,40.12,-7,15,7/10,High,40.56,105.5,2.42,6.67,4437.89,4509.77,4847.55,-9.0147,-1.161,0.48,20.83,4505.66,-3.28,1.69,0.074,-0.54,-0.34,-3.74,-2.56,0.05,59.99,4460.4,4365.1,4381.6,4479.6,4355.1,45.0,50.66,1.64,-1.38,0.29,15.26,6.71,1.86,-1.91,84.89,8,8,100,42.0,-0.07,42.0,0.41,48.0,0.87,63.0,4.0,68.0,4.97,MIXED,73.33,STRONG,No strong driver,"Trend, Momentum, Structure",-3.63,-0.85,4199.85,4321.18,4505.66,MODERATE,54432699.0,NOT_AVAILABLE,NOT_AVAILABLE,,1216,1202
1217,EBBETF0430,2026-08-31,1603.67,Bearish,42.34,52.54,-6,20,6/10,Medium,38.43,12.26,0.76,4.17,1609.13,1604.84,1576.97,-1.4044,-0.0952,0.29,13.33,1610.73,-0.44,0.87,0.153,-0.14,-0.29,-0.49,-0.41,0.25,70.96,1610.9,1600.17,1605.93,1618.0,1600.17,56.05,39.61,0.14,-0.12,0.68,28.16,7.11,2.69,-2.52,99.94,8,5,100,59.0,0.04,64.0,0.08,66.0,0.12,77.0,0.29,86.0,0.52,STRONG,66.69,POSITIVE,No strong driver,"Trend, Momentum, Structure",-1.15,-0.27,1585.28,1599.38,1610.9,LOW,26415742.0,NOT_AVAILABLE,NOT_AVAILABLE,,1217,666
1218,IKS,2026-08-31,1734.3,Bearish,42.33,44.93,-6,20,7/10,High,41.54,53.96,3.11,23.33,1785.0,1775.8,1673.43,-7.4414,-1.1358,1.59,90.0,1774.33,-2.26,3.62,0.217,-1.57,-3.08,-5.24,-6.07,-0.39,58.85,1778.0,1740.5,1762.0,1820.4,1724.0,46.76,50.0,1.81,-1.69,0.18,12.27,6.48,1.95,-2.35,88.8,7,8,100,48.0,-0.0,60.0,0.32,66.0,0.58,64.0,0.96,57.0,-0.2,STRONG,66.66,POSITIVE,Liquidity,"Trend, Momentum, Structure",-4.67,-1.09,1653.37,1715.42,1778.0,HIGH,318801053.0,NOT_AVAILABLE,NOT_AVAILABLE,,1218,986
1219,JLHL,2026-08-31,295.6,Bearish,42.32,32.21,-5,25,5/10,Medium,14.42,29.15,9.86,78.33,388.83,686.98,1118.21,37.0804,-0.8729,2.98,88.33,310.45,-4.78,5.24,0.148,-1.92,-3.98,-6.2,-7.34,0.0,57.24,312.95,295.0,301.4,314.65,295.0,50.39,45.26,1.28,-1.54,0.13,17.5,8.55,1.68,-3.37,92.3,8,7,88,55.68,0.18,53.41,0.35,57.95,0.4,56.82,0.86,53.41,1.77,POSITIVE,60.21,POSITIVE,No strong driver,"Trend, Momentum, Structure",-14.79,-3.45,251.87,285.4,312.95,VERY_HIGH,61697943.0,NOT_AVAILABLE,NOT_AVAILABLE,,1219,1506
1220,TRUALT,2026-08-31,429.6,Bearish,42.31,37.33,-6,20,7/10,High,38.61,16.73,3.89,5.83,449.35,453.12,453.61,-4.6596,-0.1367,1.06,67.5,466.25,-7.86,4.98,0.199,-1.05,-2.77,-10.36,-1.88,0.2,56.17,438.6,430.85,434.15,454.9,430.85,40.68,53.81,2.33,-1.86,0.27,16.95,8.47,2.17,-2.48,88.29,6,8,37,45.95,-0.06,48.65,0.6,48.65,1.09,51.35,3.06,67.57,5.9,MIXED,66.6,POSITIVE,Liquidity,"Trend, Momentum, Structure",-5.84,-1.36,404.5,423.74,466.25,HIGH,136248662.0,NOT_AVAILABLE,NOT_AVAILABLE,,1220,1326
1221,GULFOILLUB,2026-08-31,1121.8,Bearish,42.3,47.55,-4,30,5/10,Medium,47.46,29.14,2.6,1.67,1141.78,1098.21,1069.55,-8.9983,-1.7942,0.89,57.5,1165.86,-3.78,2.26,0.059,-1.93,-3.63,-4.5,0.6,-0.59,61.31,1154.6,1136.6,1143.9,1173.9,1130.6,45.26,50.13,2.0,-1.56,0.23,11.84,6.58,2.0,-2.45,84.82,5,9,10,40.0,-1.45,30.0,-0.4,50.0,-0.5,60.0,0.55,70.0,2.86,MIXED,53.7,MIXED,Liquidity,"Momentum, Structure, VWAP",-3.9,-0.91,1078.09,1111.6,1165.86,MODERATE,131917541.0,NOT_AVAILABLE,NOT_AVAILABLE,,1221,876
1222,GODREJPROP,2026-08-31,2014.7,Bearish,42.3,44.36,-4,30,5/10,Medium,46.98,56.46,2.8,9.17,2039.95,2003.51,1931.66,-3.6855,-1.1992,1.18,78.33,2047.48,-1.6,3.08,0.287,-0.71,-1.24,-1.91,-3.59,-0.2,47.99,2083.3,2024.5,2029.1,2095.0,2011.5,49.87,45.53,1.78,-1.83,0.17,9.87,6.45,1.87,-1.92,72.78,8,7,100,50.0,-0.04,52.0,0.31,57.0,0.45,48.0,0.04,51.0,0.44,POSITIVE,53.71,MIXED,Liquidity,"Momentum, Volume, Structure",-4.2,-0.98,1930.0,1994.94,2083.3,MODERATE,1229001644.0,NOT_AVAILABLE,NOT_AVAILABLE,,1221,1010
1223,BAYERCROP,2026-08-31,3970.9,Bearish,42.25,40.42,-7,15,7/10,Medium,31.99,69.67,1.75,5.0,4099.29,4177.87,4483.34,-7.2567,-4.4371,1.99,91.67,4120.41,-3.63,3.32,0.074,-1.92,-1.8,-3.13,-7.72,0.28,62.91,4077.3,4042.0,4048.7,4105.0,4030.5,43.68,51.84,1.33,-1.17,0.15,8.03,4.61,1.67,-2.08,86.93,11,12,11,72.73,0.46,72.73,1.94,72.73,2.06,54.55,1.27,54.55,0.94,STRONG,72.87,STRONG,No strong driver,"Trend, Momentum, Structure",-2.63,-0.61,3866.4,3946.52,4120.41,LOW,88406799.0,NOT_AVAILABLE,NOT_AVAILABLE,,1223,1182
1224,NIITMTS,2026-08-31,227.12,Bearish,42.25,39.18,-7,15,7/10,Medium,40.54,8.82,3.88,3.33,234.63,238.87,285.03,-1.0991,-0.0678,0.51,40.83,239.1,-5.01,4.16,0.169,-2.55,0.61,-4.97,-7.9,0.61,52.82,234.76,227.09,233.07,234.76,221.67,45.66,49.74,1.78,-1.74,0.26,17.76,10.66,1.92,-1.73,93.83,8,9,8,37.5,0.44,37.5,0.04,62.5,1.78,62.5,1.75,62.5,2.47,POSITIVE,72.87,STRONG,No strong driver,"Trend, Momentum, Structure",-5.82,-1.36,213.9,224.03,239.1,HIGH,30785632.0,NOT_AVAILABLE,NOT_AVAILABLE,,1223,1252
1225,PSUBNKIETF,2026-08-31,86.54,Bearish,42.24,44.86,-4,30,4/10,Low,47.86,1.51,1.75,0.83,87.04,86.51,84.81,-0.1682,-0.0398,0.54,34.17,87.56,-1.16,1.51,0.471,-0.72,0.12,-2.3,1.1,-0.68,42.84,87.35,86.71,87.17,88.8,86.09,48.63,46.9,1.19,-1.08,0.32,18.9,8.37,2.04,-2.16,90.15,7,7,15,20.0,-0.37,46.67,-0.11,60.0,0.49,46.67,-0.19,53.33,-0.23,POSITIVE,53.53,MIXED,No strong driver,"Momentum, Structure, VWAP",-2.63,-0.61,84.27,86.01,87.56,LOW,19952974.0,NOT_AVAILABLE,NOT_AVAILABLE,,1225,991
1226,BHARTIARTL,2026-08-31,1811.9,Bearish,42.19,47.94,-6,20,7/10,High,31.67,37.07,2.05,45.0,1916.99,1914.08,1904.04,-14.3896,-4.6746,2.37,99.17,1926.96,-5.97,4.44,0.0,-3.75,-6.36,-7.99,-8.05,-0.13,81.67,1894.3,1867.6,1882.4,1952.5,1867.6,50.26,45.13,1.03,-0.93,0.09,6.84,5.79,1.57,-1.46,80.17,8,9,100,50.0,0.23,59.0,0.54,58.0,0.76,67.0,1.12,70.0,1.84,POSITIVE,66.27,POSITIVE,Liquidity,"Trend, Momentum, Structure",-3.07,-0.72,1756.3,1798.93,1926.96,MODERATE,13745123152.0,NOT_AVAILABLE,NOT_AVAILABLE,,1226,850
1227,ADANIPORTS,2026-08-31,1593.1,Bearish,42.16,44.45,-5,25,6/10,Medium,30.86,36.46,2.29,36.67,1693.79,1723.12,1626.26,0.0571,-7.2554,4.46,100.0,1668.73,-4.53,6.93,0.0,-6.7,-4.72,-5.79,-6.34,0.15,82.22,1723.9,1699.2,1707.5,1723.9,1671.0,48.29,46.97,1.49,-1.3,0.23,10.0,5.79,2.11,-2.36,71.6,9,7,100,57.0,0.28,55.0,0.58,54.0,0.43,51.0,1.57,58.0,2.4,MIXED,59.75,POSITIVE,Liquidity,"Trend, Momentum, Structure",-3.43,-0.8,1538.41,1580.34,1723.9,MODERATE,3596071519.0,NOT_AVAILABLE,NOT_AVAILABLE,,1227,1006
1228,HMVL,2026-08-31,88.03,Bearish,42.15,38.53,-6,20,6/10,Medium,42.23,4.53,5.14,72.5,91.41,89.43,80.1,-0.8465,0.024,0.03,1.67,102.3,-13.95,3.92,0.19,-0.74,-2.63,-3.23,-7.41,-3.48,,89.79,85.16,88.69,94.0,85.16,44.74,50.13,2.11,-1.75,0.53,32.24,11.32,2.08,-1.98,93.48,8,8,11,54.55,0.28,63.64,1.05,63.64,1.62,54.55,0.82,36.36,2.34,POSITIVE,66.13,POSITIVE,No strong driver,"Trend, Momentum, Structure",-7.71,-1.8,81.24,86.45,102.3,VERY_HIGH,8707779.0,NOT_AVAILABLE,NOT_AVAILABLE,,1228,1279
1229,MINDTECK,2026-08-31,173.36,Neutral-Range,42.1,33.23,-1,45,4/10,Low,36.5,6.06,3.49,6.67,178.87,188.75,202.88,0.4127,0.2387,0.44,25.83,181.6,-4.54,3.99,0.221,-1.72,2.53,-1.19,-10.35,1.2,69.69,179.4,172.0,176.4,179.4,166.21,41.58,54.08,3.31,-2.35,0.43,27.37,12.89,2.4,-2.48,81.91,6,11,100,45.0,-0.2,46.0,-0.51,37.0,-0.39,38.0,-1.46,33.0,-2.27,NEGATIVE,33.85,NEGATIVE,Momentum + MACD + Gap,"Trend, VWAP, RSI",-3.49,3.49,167.3,179.42,176.4,HIGH,7130001.0,NOT_AVAILABLE,NOT_AVAILABLE,,1229,1477
1230,DHANBANK,2026-08-31,32.11,Bearish,42.09,43.48,-7,15,7/10,High,43.01,1.16,3.61,10.83,32.82,32.79,30.05,-0.0192,-0.0467,0.53,37.5,32.96,-2.57,3.38,0.102,-0.5,-5.59,-0.86,-1.89,-0.03,58.26,33.0,32.06,32.27,34.83,32.06,44.08,50.53,2.19,-1.81,0.3,20.39,8.68,2.36,-2.91,84.35,8,8,29,37.93,-0.08,51.72,0.46,55.17,1.71,58.62,2.68,68.97,3.76,POSITIVE,72.39,STRONG,No strong driver,"Trend, Momentum, Structure",-5.42,-1.26,30.37,31.7,33.0,HIGH,25382804.0,NOT_AVAILABLE,NOT_AVAILABLE,,1230,1053
1231,APOLLO,2026-08-31,386.1,Neutral-Range,42.08,40.36,-1,45,2/10,Low,46.04,11.01,2.85,0.83,389.19,388.0,323.92,0.2073,-0.0163,0.92,63.33,390.11,-1.03,2.06,0.265,-0.35,0.25,-0.25,-2.83,0.0,29.06,388.5,383.85,387.45,397.75,381.5,45.39,49.47,3.16,-2.26,0.51,26.45,9.61,2.4,-2.86,77.08,8,8,11,54.55,0.58,36.36,-0.04,27.27,-1.01,36.36,0.14,45.45,-0.54,NEGATIVE,33.79,NEGATIVE,Liquidity,"Trend, VWAP",-2.85,2.85,375.09,397.11,387.45,MODERATE,1746060656.0,NOT_AVAILABLE,NOT_AVAILABLE,,1231,1187
1232,SANDUMA,2026-08-31,202.39,Neutral-Range,42.08,34.39,-2,40,3/10,Low,47.46,5.94,2.94,5.0,203.84,205.5,232.75,0.4382,-0.2499,0.59,27.5,205.21,-1.37,2.37,0.334,-1.49,-1.37,0.75,-4.56,-0.0,45.2,209.19,205.0,205.45,213.45,198.15,45.92,49.61,2.61,-2.51,0.16,20.92,8.55,2.2,-4.92,80.17,6,10,26,30.77,-0.55,46.15,0.35,34.62,0.91,34.62,-0.66,38.46,2.64,MIXED,40.23,NEGATIVE,Liquidity,"Trend, Structure, VWAP",-2.94,2.94,196.45,208.33,205.45,MODERATE,126810508.0,NOT_AVAILABLE,NOT_AVAILABLE,,1231,1432
1233,MASTERTR,2026-08-31,82.27,Neutral-Range,42.06,38.74,-1,45,2/10,Low,51.04,3.19,3.88,2.5,81.87,81.95,92.39,0.4484,-0.1122,0.52,53.33,82.9,-0.76,3.18,0.477,-0.5,-2.45,4.83,-3.04,0.08,29.46,83.61,82.48,82.68,85.99,82.15,42.92,53.38,2.64,-2.31,0.33,25.49,11.55,2.07,-2.11,92.97,7,8,100,48.0,0.48,41.0,0.2,40.0,-0.22,35.0,-1.66,37.0,-1.0,NEGATIVE,33.73,NEGATIVE,Trend,"Structure, VWAP",-3.88,3.88,79.08,85.46,82.68,HIGH,30946471.0,NOT_AVAILABLE,NOT_AVAILABLE,,1233,1275
1234,UTIAMC,2026-08-31,870.55,Bearish,42.04,39.96,-7,15,7/10,High,34.04,15.52,1.78,4.17,897.87,916.45,997.3,-0.7531,-1.0936,2.2,90.83,898.47,-3.11,2.37,0.069,-1.93,-1.79,-4.05,-4.94,-0.08,76.33,896.45,886.15,887.7,904.15,883.25,46.58,48.82,1.57,-1.43,0.17,10.92,7.24,1.7,-2.16,82.33,8,7,100,46.0,0.29,59.0,0.98,66.0,1.74,59.0,1.64,54.0,1.34,STRONG,72.27,STRONG,No strong driver,"Trend, Momentum, Structure",-2.67,-0.62,847.28,865.12,898.47,LOW,93558435.0,NOT_AVAILABLE,NOT_AVAILABLE,,1234,1213
1235,SYNGENE,2026-08-31,400.75,Neutral-Range,42.04,36.2,-3,35,4/10,Low,45.59,11.44,2.86,11.67,405.38,413.88,475.74,1.172,-0.5076,0.66,57.5,403.46,-0.67,2.21,0.283,-0.66,0.55,-0.56,-0.36,0.77,59.87,417.9,402.7,403.4,419.5,396.25,45.26,50.13,1.3,-1.33,0.05,5.26,5.79,1.85,-2.46,86.6,7,9,11,36.36,-0.58,54.55,-0.92,45.45,0.2,45.45,-0.27,36.36,-1.43,MIXED,46.54,MIXED,Liquidity,"Trend, Structure, VWAP",-2.86,2.86,389.31,412.19,403.4,MODERATE,304016523.0,NOT_AVAILABLE,NOT_AVAILABLE,,1234,1373
1236,TATACHEM,2026-08-31,643.0,Neutral-Range,41.99,33.98,-1,45,4/10,Low,40.9,17.08,2.66,22.5,653.17,676.23,733.62,1.3747,0.3563,0.82,66.67,660.34,-2.63,3.43,0.224,-1.94,2.56,-3.0,-4.69,0.5,42.75,674.8,644.5,655.75,674.8,624.0,44.74,50.79,1.41,-1.34,0.15,7.5,5.79,2.04,-2.56,78.88,7,13,100,36.0,-0.27,39.0,-0.37,35.0,-0.26,35.0,-1.23,29.0,-2.31,NEGATIVE,33.54,NEGATIVE,Momentum + MACD + Liquidity,"Trend, Structure, VWAP",-2.66,2.66,625.92,660.08,655.75,MODERATE,479044956.0,NOT_AVAILABLE,NOT_AVAILABLE,,1236,1445
1237,SAGCEM,2026-08-31,159.62,Bearish,41.95,41.41,-8,10,8/10,Medium,33.62,5.03,3.15,35.0,167.63,172.12,186.78,-0.5706,-0.1491,1.25,80.0,168.4,-5.21,5.46,0.028,-2.05,-3.45,-5.56,-7.56,0.3,50.62,165.1,162.22,162.96,169.0,161.6,43.82,51.45,1.8,-1.58,0.21,13.82,6.58,1.83,-2.12,92.98,6,9,9,66.67,0.05,66.67,1.65,77.78,2.46,55.56,1.73,77.78,3.6,STRONG,78.43,STRONG,No strong driver,"Trend, Momentum, Volume",-4.72,-1.1,152.08,157.86,168.4,HIGH,5907955.0,NOT_AVAILABLE,NOT_AVAILABLE,,1237,1152
1238,ARROWGREEN,2026-08-31,701.8,Neutral-Range,41.93,36.53,-3,35,3/10,Low,46.8,33.24,4.74,26.67,716.76,688.82,595.07,-9.8226,1.68,0.47,40.0,757.22,-7.32,4.15,0.172,1.42,1.6,-8.7,-3.53,-1.65,,708.9,689.1,692.0,719.3,680.05,43.03,52.5,3.0,-2.18,0.34,26.05,12.89,2.37,-2.77,81.11,8,11,31,29.03,-0.27,25.81,-1.21,48.39,-0.88,48.39,0.22,25.81,-1.49,MIXED,46.23,MIXED,No strong driver,"Structure, VWAP, Gap",-4.74,4.74,668.56,735.04,692.0,HIGH,22865816.0,NOT_AVAILABLE,NOT_AVAILABLE,,1238,1364
1239,MANOMAY,2026-08-31,223.09,Neutral-Range,41.9,43.59,0,50,3/10,Low,63.24,7.77,3.48,6.67,216.12,206.79,202.54,-0.0266,-0.0738,0.55,36.67,219.54,1.62,3.37,0.738,-1.26,3.88,3.59,4.59,-0.14,7.51,227.8,223.8,225.93,228.8,210.6,45.92,49.74,2.27,-1.89,0.48,34.21,16.84,2.55,-2.57,92.55,7,8,91,38.46,-0.31,45.05,-0.34,40.66,-0.7,32.97,-2.78,31.87,-3.65,NEGATIVE,26.85,NEGATIVE,Trend + VWAP + RSI,"Momentum, Structure, MACD",-3.48,3.48,215.32,230.86,225.93,HIGH,28198527.0,NOT_AVAILABLE,NOT_AVAILABLE,,1239,1049
1240,YUKEN,2026-08-31,989.1,Neutral-Range,41.9,39.41,2,60,3/10,Low,74.56,40.58,4.1,46.67,889.23,816.54,792.29,8.3803,-0.428,0.56,37.5,896.79,10.29,3.26,0.934,-0.43,6.0,20.34,37.64,-0.34,56.39,1004.4,930.25,993.4,1004.4,923.0,44.87,50.53,2.16,-1.77,0.47,26.58,9.08,2.0,-2.03,93.75,6,9,53,50.94,0.28,35.85,-0.72,26.42,-1.89,24.53,-2.82,26.42,-1.27,NEGATIVE,13.99,NEGATIVE,Trend + Structure + VWAP,Delivery,-4.1,4.1,948.52,1029.68,993.4,HIGH,20244632.0,NOT_AVAILABLE,NOT_AVAILABLE,,1239,1235
1241,WALCHANNAG,2026-08-31,214.9,Bearish,41.9,38.48,-6,20,7/10,High,33.94,8.79,4.09,1.67,225.72,233.15,217.19,-0.0443,-0.3247,0.8,51.67,226.36,-5.06,2.78,0.015,-2.8,-3.31,-4.02,-6.29,-0.47,54.36,224.39,220.62,221.09,230.99,219.0,42.37,53.29,3.37,-2.42,0.5,32.11,14.61,2.45,-2.63,77.69,11,9,20,35.0,-0.18,50.0,0.77,45.0,0.03,60.0,3.39,50.0,4.21,MIXED,65.43,POSITIVE,Liquidity,"Trend, Momentum, Structure",-6.13,-1.43,201.72,211.82,226.36,HIGH,137092939.0,NOT_AVAILABLE,NOT_AVAILABLE,,1239,1282
1242,GIPCL,2026-08-31,199.36,Neutral-Range,41.89,42.18,2,60,3/10,Low,72.28,6.78,3.4,44.17,181.13,170.75,162.53,3.2899,-0.4031,0.49,19.17,183.24,8.8,4.42,0.842,-3.18,11.76,14.29,23.46,-0.15,54.16,206.8,200.56,205.91,206.8,172.5,45.13,50.13,2.21,-1.83,0.27,12.11,6.32,2.05,-2.16,71.35,8,10,83,32.53,-0.37,33.73,-1.45,27.71,-2.63,26.51,-3.22,28.92,-4.19,NEGATIVE,13.98,NEGATIVE,Trend + VWAP + Liquidity,Delivery,-3.4,3.4,192.58,206.14,205.91,HIGH,240264506.0,NOT_AVAILABLE,NOT_AVAILABLE,,1242,1109
1243,SHRIRAMPPS,2026-08-31,77.03,Bearish,41.88,37.04,-4,30,5/10,Medium,37.68,2.6,3.37,13.33,79.54,82.61,84.13,-0.0752,0.1071,2.95,94.17,79.42,-3.01,6.84,0.164,1.4,0.26,1.0,-10.06,0.71,48.36,77.73,74.99,75.97,79.0,74.99,43.95,51.32,2.3,-1.92,0.29,12.63,6.58,2.05,-2.22,79.78,7,7,100,47.0,-0.07,48.0,0.15,50.0,0.47,50.0,0.16,55.0,1.22,MIXED,52.52,MIXED,Volume,"Trend, Momentum, Structure",-5.05,-1.18,73.14,76.12,79.42,HIGH,41797974.0,NOT_AVAILABLE,NOT_AVAILABLE,,1243,1337
1244,VIKRAN,2026-08-31,58.76,Neutral-Range,41.86,35.64,-3,35,4/10,Low,28.21,2.26,3.84,14.17,63.69,67.52,75.43,-0.4133,0.0793,0.54,35.0,64.46,-8.85,3.33,0.032,-1.06,-4.17,-6.04,-19.0,0.49,36.17,60.21,59.0,59.39,63.54,59.0,42.8,52.14,2.53,-2.35,0.38,18.68,10.51,2.91,-2.51,68.77,7,5,57,43.86,0.09,45.61,0.56,42.11,0.13,47.37,-0.2,49.12,-0.65,MIXED,46.04,MIXED,Liquidity,"Trend, Momentum, Structure",-3.84,3.84,56.5,61.02,59.39,HIGH,105812003.0,NOT_AVAILABLE,NOT_AVAILABLE,,1244,1393
1245,TRANSTEEL,2026-08-31,74.95,Bearish,41.86,29.21,-7,15,7/10,High,28.22,6.84,9.13,100.0,93.16,105.91,122.38,-0.7329,-0.386,10.47,100.0,83.87,-10.63,10.24,0.034,-8.09,-15.6,-6.37,-35.36,-1.04,81.24,91.95,80.75,81.55,94.05,80.75,42.1,51.8,2.53,-2.01,0.34,28.17,17.37,2.56,-2.15,82.7,6,7,100,42.0,0.09,50.0,0.83,50.0,2.52,55.0,8.17,54.0,13.19,MIXED,71.75,STRONG,No strong driver,"Trend, Momentum, Structure",-13.69,-3.2,64.69,72.56,91.95,VERY_HIGH,16093900.0,NOT_AVAILABLE,NOT_AVAILABLE,,1244,1600
1246,GODREJIND,2026-08-31,1134.5,Bearish,41.84,44.02,-4,30,5/10,Medium,32.57,44.24,3.9,42.5,1214.68,1219.88,1118.09,-12.4872,0.2934,0.56,53.33,1225.48,-7.42,3.22,0.042,-2.83,-4.22,-7.24,-15.15,0.0,49.55,1175.7,1146.1,1167.5,1250.0,1125.1,47.63,47.76,1.79,-1.53,0.12,10.0,7.11,1.73,-1.95,87.46,7,8,30,50.0,0.17,46.67,-0.4,63.33,-0.46,53.33,-0.4,53.33,0.95,MIXED,52.39,MIXED,Liquidity,"Trend, Momentum, Structure",-5.85,-1.36,1068.14,1119.01,1225.48,HIGH,158150522.0,NOT_AVAILABLE,NOT_AVAILABLE,,1246,1024
1247,HPAL,2026-08-31,35.0,Neutral-Range,41.83,38.91,0,50,1/10,Low,50.42,1.82,5.19,39.17,34.94,35.03,38.79,-0.077,0.0204,0.33,8.33,38.06,-8.04,3.9,0.208,0.4,1.45,-1.8,5.11,-0.49,54.86,35.62,34.0,34.86,36.5,33.82,41.05,53.95,1.85,-1.78,0.36,22.63,8.16,2.24,-3.57,90.03,6,10,13,46.15,0.14,53.85,0.01,38.46,-0.57,30.77,-2.57,53.85,-2.86,NEGATIVE,26.67,NEGATIVE,Delivery,VWAP,-5.19,5.19,33.18,36.82,34.86,VERY_HIGH,5499825.0,NOT_AVAILABLE,NOT_AVAILABLE,,1247,1264
1248,MOM30IETF,2026-08-31,31.54,Neutral-Range,41.79,42.24,-2,40,2/10,Low,50.65,0.42,1.34,8.33,31.58,31.35,31.15,0.0045,-0.0279,1.15,80.0,31.64,-0.3,1.81,0.315,-1.31,-0.06,-0.57,1.41,0.0,61.81,32.09,31.89,31.96,32.3,31.35,49.78,45.02,0.88,-0.91,0.55,23.09,3.17,1.86,-2.69,93.5,11,7,10,20.0,-0.69,20.0,-1.1,30.0,-0.46,50.0,-0.44,50.0,0.24,NEGATIVE,39.4,NEGATIVE,No strong driver,"Structure, Delivery",-1.34,1.34,31.12,31.96,31.96,LOW,20244504.0,NOT_AVAILABLE,NOT_AVAILABLE,,1248,1106
1249,PURVA,2026-08-31,212.93,Bearish,41.79,37.54,-4,30,5/10,Medium,45.59,7.88,3.7,19.17,216.39,216.45,225.19,-0.2932,-0.2449,0.05,2.5,225.12,-5.42,2.66,0.163,-1.32,-0.64,-6.03,2.53,-0.82,42.49,216.85,212.93,215.78,225.16,211.14,44.34,51.05,2.81,-2.16,0.27,18.95,12.11,2.58,-2.53,83.63,8,8,100,41.0,-0.32,44.0,-0.15,55.0,0.12,47.0,0.27,57.0,-0.15,POSITIVE,52.26,MIXED,Liquidity,"Trend, Momentum, Structure",-5.55,-1.3,201.1,210.17,225.12,HIGH,313458296.0,NOT_AVAILABLE,NOT_AVAILABLE,,1248,1318
1250,RICOAUTO,2026-08-31,129.62,Bearish,41.71,37.45,-4,30,5/10,Medium,43.96,5.95,4.59,25.83,132.98,133.51,121.97,-0.6599,0.1882,0.27,8.33,139.16,-6.85,2.94,0.142,0.16,1.93,-2.47,-8.76,-0.51,24.92,132.05,128.44,129.41,133.07,125.16,44.87,50.53,2.7,-2.17,0.25,14.34,8.55,2.19,-2.28,82.53,9,8,36,30.56,-0.57,36.11,-0.57,38.89,0.47,50.0,1.01,47.22,0.66,MIXED,52.03,MIXED,Liquidity,"Trend, Momentum, Structure",-6.88,-1.61,120.7,127.54,139.16,HIGH,352737842.0,NOT_AVAILABLE,NOT_AVAILABLE,,1250,1320
1251,ZAGGLE,2026-08-31,184.5,Bearish,41.68,31.89,-4,30,5/10,Medium,41.89,9.29,5.03,52.5,193.15,201.12,248.04,-0.0061,-0.254,0.23,7.5,184.86,-0.19,3.76,0.529,-3.03,-3.56,14.97,-10.37,-0.11,36.39,193.4,188.4,190.26,201.86,187.57,43.52,52.12,2.89,-2.25,0.3,18.12,10.19,2.28,-2.65,78.45,7,9,100,41.0,-0.12,56.0,0.28,49.0,0.29,45.0,0.72,38.0,0.08,MIXED,51.94,MIXED,Liquidity,"Trend, Momentum, Structure",-7.55,-1.76,170.57,181.25,193.4,VERY_HIGH,1138286737.0,NOT_AVAILABLE,NOT_AVAILABLE,,1251,1513
1252,REFEX,2026-08-31,282.5,Bearish,41.66,41.86,-7,15,7/10,High,36.27,10.43,3.69,3.33,296.0,303.13,300.21,-0.145,-0.364,0.86,64.17,295.22,-4.31,3.2,0.072,-1.76,-1.38,-6.69,-7.92,-0.89,53.21,292.95,286.2,287.55,299.5,285.1,44.47,50.79,2.77,-2.34,0.24,25.13,11.84,2.2,-3.77,80.63,7,8,100,49.0,0.25,52.0,0.8,57.0,1.42,59.0,2.47,56.0,2.17,POSITIVE,71.16,STRONG,No strong driver,"Trend, Momentum, Structure",-5.54,-1.29,266.86,278.85,295.22,HIGH,93917273.0,NOT_AVAILABLE,NOT_AVAILABLE,,1252,1126
1253,MANBA,2026-08-31,129.73,Bearish,41.65,40.61,-4,30,4/10,Low,44.94,4.24,3.27,5.0,131.34,130.86,127.8,-0.0608,0.0205,0.8,54.17,131.19,-1.11,1.6,0.289,-0.83,0.5,-0.61,-5.51,0.0,25.18,132.0,129.0,130.81,133.99,126.37,43.47,52.65,1.74,-1.45,0.21,21.22,9.59,1.8,-2.43,91.9,6,7,100,38.0,-0.41,53.0,0.01,47.0,0.18,50.0,0.55,48.0,0.92,MIXED,51.87,MIXED,No strong driver,"Trend, Momentum, VWAP",-4.9,-1.14,123.38,128.25,132.0,HIGH,10386224.0,NOT_AVAILABLE,NOT_AVAILABLE,,1253,1177
1254,WCIL,2026-08-31,84.01,Bearish,41.65,36.93,-6,20,6/10,Medium,34.51,2.54,3.03,15.0,87.38,90.73,100.74,0.0865,-0.1349,1.02,65.0,87.1,-3.54,2.85,0.108,-2.02,-2.65,-4.52,-7.15,0.28,60.4,87.49,84.92,85.74,88.8,84.92,45.14,51.21,1.87,-1.85,0.21,16.19,9.51,2.08,-2.32,80.85,8,8,9,44.44,-0.36,22.22,-2.03,33.33,-0.39,66.67,4.07,66.67,6.01,NEGATIVE,64.72,POSITIVE,No strong driver,"Trend, Momentum, Structure",-4.54,-1.06,80.2,83.12,87.49,HIGH,5114494.0,NOT_AVAILABLE,NOT_AVAILABLE,,1253,1343
1255,TRIDENT,2026-08-31,24.18,Bearish,41.64,39.92,-7,15,7/10,High,35.6,0.42,1.73,0.83,24.57,24.87,25.82,-0.0099,-0.0074,0.86,72.5,24.72,-2.19,1.15,0.089,-0.58,-1.02,-1.59,-3.05,-0.12,50.49,24.48,24.27,24.32,24.87,24.27,40.39,54.47,1.69,-1.32,0.24,11.71,6.05,2.25,-2.71,76.61,9,9,25,68.0,0.86,68.0,1.23,68.0,2.19,60.0,0.64,52.0,1.17,STRONG,71.12,STRONG,No strong driver,"Trend, Momentum, Structure",-2.59,-0.6,23.55,24.03,24.72,LOW,82488430.0,NOT_AVAILABLE,NOT_AVAILABLE,,1255,1216
1256,INDOAMIN,2026-08-31,120.44,Bearish,41.63,37.66,-4,30,5/10,Medium,39.6,5.06,4.2,25.83,124.28,126.08,124.99,-0.5774,0.0764,0.57,40.0,126.89,-5.09,3.44,0.123,-0.12,-2.59,-2.71,-4.59,1.58,,123.0,118.26,120.59,126.0,118.26,41.71,53.95,2.65,-1.96,0.44,25.39,8.16,1.99,-2.45,87.71,6,9,29,55.17,-0.35,37.93,-0.38,51.72,-0.52,44.83,1.27,41.38,0.74,MIXED,51.79,MIXED,Gap,"Trend, Momentum, Structure",-6.31,-1.47,112.85,118.67,126.89,HIGH,7824177.0,NOT_AVAILABLE,NOT_AVAILABLE,,1256,1314
1257,NIFTYBEES,2026-08-31,274.87,Bearish,41.6,46.2,-5,25,6/10,Medium,43.97,3.38,1.23,43.33,276.5,275.4,275.99,-0.4428,-0.0365,0.98,67.5,277.67,-1.01,2.09,0.334,-0.27,-0.36,-1.09,-1.79,0.09,62.38,277.49,274.82,275.62,283.94,274.82,50.92,44.61,0.55,-0.56,0.43,12.89,2.11,2.08,-2.0,92.36,9,8,100,45.0,-0.05,56.0,0.1,54.0,0.18,61.0,0.54,63.0,0.7,MIXED,58.13,POSITIVE,Liquidity,"Trend, Momentum, VWAP",-1.84,-0.43,269.8,273.69,277.67,LOW,1322823357.0,NOT_AVAILABLE,NOT_AVAILABLE,,1257,934
1258,AADHARHFC,2026-08-31,468.1,Bearish,41.59,42.99,-4,30,5/10,Medium,37.83,12.45,2.66,0.83,482.41,491.94,486.59,-1.4607,0.3832,0.61,41.67,484.25,-3.33,1.76,0.15,-0.64,0.35,-4.01,-7.15,0.0,47.49,472.45,463.2,471.1,481.15,459.3,47.11,49.32,1.67,-1.43,0.15,11.56,8.5,2.06,-2.15,85.37,6,6,100,44.0,-0.0,51.0,-0.16,47.0,0.01,53.0,0.41,48.0,0.38,MIXED,51.68,MIXED,Liquidity,"Trend, Momentum, Structure",-3.99,-0.93,449.43,463.74,484.25,MODERATE,169559362.0,NOT_AVAILABLE,NOT_AVAILABLE,,1258,1077
1259,BALMLAWRIE,2026-08-31,174.76,Neutral-Range,41.58,36.9,-3,35,3/10,Low,47.71,3.3,1.89,8.33,175.41,176.55,181.6,0.3594,-0.1365,0.88,64.17,174.83,-0.04,1.97,0.35,-1.71,-0.75,0.1,0.36,-0.17,63.59,178.16,175.81,177.8,182.49,174.81,46.84,48.68,1.75,-1.62,0.16,10.53,6.18,1.91,-2.48,73.58,9,9,100,44.0,0.03,44.0,-0.35,45.0,-0.21,45.0,-0.11,44.0,-0.11,MIXED,45.22,MIXED,No strong driver,"Trend, Structure, Delivery",-1.89,1.89,171.46,178.06,177.8,LOW,24840559.0,NOT_AVAILABLE,NOT_AVAILABLE,,1259,1345
1260,AWL,2026-08-31,192.55,Neutral-Range,41.57,41.9,-3,35,4/10,Low,49.14,5.31,2.76,19.17,193.77,192.0,205.63,0.2264,-0.4135,0.98,65.83,195.54,-1.53,2.75,0.313,-1.9,-0.69,-0.41,1.18,-0.18,50.8,199.74,195.3,196.27,204.82,187.62,38.55,56.58,1.78,-1.31,0.21,11.45,6.97,1.82,-2.31,79.8,6,9,100,43.0,0.16,46.0,0.36,41.0,0.16,42.0,0.13,51.0,0.47,MIXED,45.21,MIXED,Liquidity,"Trend, Structure, VWAP",-2.76,2.76,187.24,197.86,196.27,MODERATE,683887115.0,NOT_AVAILABLE,NOT_AVAILABLE,,1260,1122
1261,ENIL,2026-08-31,101.97,Bearish,41.55,37.67,-5,25,5/10,Medium,44.01,3.91,3.84,61.67,103.57,105.43,114.83,0.3661,-0.1636,0.45,28.33,102.37,-0.39,4.76,0.102,-2.78,0.95,0.94,-6.29,0.16,70.42,108.23,103.0,104.89,108.95,100.75,45.26,50.13,1.96,-1.8,0.35,22.37,8.29,1.74,-1.84,88.73,6,10,12,66.67,0.11,58.33,0.41,75.0,1.2,41.67,-0.66,50.0,0.35,STRONG,57.99,POSITIVE,No strong driver,"Trend, Momentum, Structure",-5.76,-1.34,96.1,100.6,108.23,HIGH,5225516.0,NOT_AVAILABLE,NOT_AVAILABLE,,1261,1313
1262,SDBL,2026-08-31,72.7,Bearish,41.55,33.7,-4,30,4/10,Low,49.85,2.36,3.24,1.67,72.83,73.26,86.6,-0.1431,-0.0043,0.51,42.5,73.47,-1.05,2.86,0.42,-0.93,-0.44,-0.99,1.81,0.1,38.67,73.95,71.25,73.38,74.84,71.25,42.11,53.29,2.32,-2.06,0.16,17.37,8.16,1.81,-4.04,83.18,9,8,100,41.0,0.14,43.0,0.29,44.0,0.47,46.0,0.8,41.0,-1.87,MIXED,51.58,MIXED,No strong driver,"Trend, Momentum, VWAP",-4.86,-1.13,69.16,71.87,73.95,HIGH,51209950.0,NOT_AVAILABLE,NOT_AVAILABLE,,1261,1460
1263,PSUBANK,2026-08-31,85.27,Bearish,41.54,30.1,-4,30,4/10,Low,10.39,6.64,7.79,70.0,104.72,258.57,599.95,16.7994,-1.0675,0.28,20.83,85.9,-0.74,1.71,0.401,-1.02,-0.11,-2.41,0.86,0.0,37.31,87.0,85.66,86.15,87.9,83.96,49.2,46.82,1.14,-1.4,0.16,21.02,9.71,1.96,-3.6,90.43,7,8,100,51.0,-0.12,46.0,-0.14,54.0,0.04,48.0,0.17,47.0,0.35,MIXED,51.54,MIXED,No strong driver,"Trend, Momentum, Structure",-11.69,-2.73,75.3,82.94,87.0,VERY_HIGH,52863115.0,NOT_AVAILABLE,NOT_AVAILABLE,,1263,1574
1264,NELCO,2026-08-31,951.5,Neutral-Range,41.53,38.9,0,50,1/10,Low,50.55,46.27,4.86,65.0,952.91,916.15,810.69,-5.9312,1.2608,0.3,26.67,978.63,-2.77,3.61,0.311,-1.01,3.95,-12.02,-4.93,-0.14,29.38,974.8,948.6,961.2,983.8,900.1,42.89,52.76,2.37,-1.8,0.3,14.08,5.92,1.89,-2.45,82.97,6,6,25,36.0,-0.13,28.0,-1.09,48.0,-1.34,36.0,-3.31,40.0,-1.47,MIXED,25.8,NEGATIVE,Liquidity,VWAP,-4.86,4.86,905.23,997.77,961.2,HIGH,524184162.0,NOT_AVAILABLE,NOT_AVAILABLE,,1264,1267
1265,AAVAS,2026-08-31,1261.2,Bearish,41.52,35.43,-4,30,5/10,Medium,28.43,42.56,3.37,43.33,1346.37,1382.13,1422.02,-11.1889,-0.2108,2.08,93.33,1329.44,-5.13,5.35,0.035,-1.12,-5.62,-9.25,-12.36,0.13,31.33,1333.8,1264.1,1275.5,1358.5,1257.9,43.55,51.84,1.5,-1.3,0.12,11.18,7.76,1.85,-2.11,84.19,6,10,100,42.0,-0.09,45.0,0.04,52.0,0.13,46.0,0.42,46.0,0.19,MIXED,51.5,MIXED,Liquidity,"Trend, Momentum, Structure",-5.06,-1.18,1197.35,1246.3,1333.8,HIGH,154725993.0,NOT_AVAILABLE,NOT_AVAILABLE,,1265,1400
1266,CARBORUNIV,2026-08-31,1106.6,Bearish,41.49,36.96,-4,30,5/10,Medium,48.97,42.46,3.84,51.67,1114.8,1098.45,1007.94,-3.7701,-0.4137,0.68,50.0,1132.2,-2.26,3.53,0.321,-0.91,-1.39,-1.43,1.01,-1.91,51.43,1125.0,1087.0,1116.8,1174.2,1087.0,45.26,50.39,1.66,-1.47,0.07,10.39,7.63,1.53,-2.06,89.24,8,7,11,63.64,-0.19,36.36,-0.23,45.45,0.64,36.36,1.3,36.36,-0.86,MIXED,51.39,MIXED,Liquidity,"Momentum, VWAP, MACD",-5.75,-1.34,1042.92,1091.74,1132.2,HIGH,283342903.0,NOT_AVAILABLE,NOT_AVAILABLE,,1266,1340
1267,PRAKASH,2026-08-31,127.4,Neutral-Range,41.49,31.66,-3,35,3/10,Low,47.45,5.27,4.13,41.67,128.66,130.6,137.58,0.0524,-0.1427,0.4,9.17,131.49,-3.11,2.77,0.335,-1.98,-0.44,-5.23,1.51,-0.02,49.61,131.31,127.5,129.97,132.4,126.7,45.26,50.0,2.28,-1.98,0.32,16.45,8.42,2.02,-2.38,81.68,8,14,16,37.5,-0.31,31.25,-0.97,37.5,-1.13,56.25,0.42,31.25,-1.65,NEGATIVE,44.97,MIXED,No strong driver,"Trend, Structure, VWAP",-4.13,4.13,122.13,132.67,129.97,HIGH,81350914.0,NOT_AVAILABLE,NOT_AVAILABLE,,1266,1523
1268,SCPL,2026-08-31,634.75,Neutral-Range,41.47,38.17,-3,35,4/10,Low,52.27,37.55,5.92,61.67,639.17,585.37,441.13,-7.2013,-1.4733,0.09,2.5,643.14,-1.3,5.23,0.497,-1.71,-2.59,-3.53,-0.6,0.0,,666.0,635.5,645.8,682.0,635.5,41.58,53.95,2.59,-1.8,0.54,28.82,7.89,2.13,-2.39,91.62,7,11,11,45.45,0.26,36.36,-2.05,36.36,-1.44,45.45,1.76,54.55,0.79,NEGATIVE,44.91,MIXED,RSI,"Momentum, Structure, VWAP",-5.92,5.92,597.2,672.3,645.8,VERY_HIGH,50963194.0,NOT_AVAILABLE,NOT_AVAILABLE,,1268,1296
1269,APTECHT,2026-08-31,91.84,Neutral-Range,41.45,33.9,-2,40,4/10,Low,43.11,3.07,3.34,1.67,92.99,95.6,101.33,0.0113,0.0688,0.92,67.5,94.13,-2.43,4.59,0.184,0.35,0.0,-3.1,-3.6,0.0,,92.48,90.3,91.52,93.89,90.0,40.26,55.26,2.2,-1.81,0.25,16.32,7.5,1.78,-2.32,83.4,8,9,100,39.0,-0.11,35.0,-0.78,34.0,-1.19,44.0,0.22,43.0,0.19,NEGATIVE,38.42,NEGATIVE,Momentum + MACD,"Trend, Structure, VWAP",-3.34,3.34,88.77,94.91,91.52,HIGH,5367128.0,NOT_AVAILABLE,NOT_AVAILABLE,,1269,1448
1270,MANAKALUCO,2026-08-31,38.47,Neutral-Range,41.42,44.02,-2,40,3/10,Low,51.11,2.19,5.7,36.67,38.42,37.48,34.16,-0.0588,-0.0454,0.56,49.17,42.06,-8.54,6.32,0.306,-2.34,3.25,0.94,11.51,0.03,34.54,39.74,37.92,39.39,41.68,36.8,42.89,51.18,3.38,-2.59,0.57,38.16,16.05,2.51,-2.72,87.04,8,10,100,41.0,-0.4,46.0,-0.57,50.0,-0.16,41.0,-1.97,46.0,-2.08,MIXED,38.33,NEGATIVE,Trend,"Momentum, VWAP, MACD",-5.7,5.7,36.28,40.66,39.39,VERY_HIGH,8640706.0,NOT_AVAILABLE,NOT_AVAILABLE,,1270,1024
1271,MUNJALSHOW,2026-08-31,130.39,Bearish,41.4,46.78,-6,20,6/10,Medium,41.19,3.51,2.7,25.83,133.45,133.63,131.13,-0.5851,0.0215,0.24,5.0,137.83,-5.4,1.61,0.035,-0.44,-1.05,-4.56,-9.12,0.1,56.95,132.8,130.5,130.97,135.09,130.5,45.66,49.47,1.73,-1.58,0.32,17.5,7.11,1.8,-1.98,84.91,8,8,18,55.56,-0.33,44.44,-0.18,50.0,0.54,66.67,1.5,72.22,3.24,MIXED,63.99,POSITIVE,No strong driver,"Trend, Momentum, Structure",-4.04,-0.94,125.12,129.16,137.83,MODERATE,9858932.0,NOT_AVAILABLE,NOT_AVAILABLE,,1271,913
1272,TVSHLTD,2026-08-31,13233.0,Bearish,41.4,45.07,-6,20,6/10,Medium,25.13,325.06,2.46,17.5,13921.78,14060.26,13854.57,-114.328,-1.0369,1.64,88.33,14125.39,-6.32,3.47,0.061,-1.61,-3.46,-5.96,-10.8,0.97,60.03,13587.0,13361.0,13450.0,13959.0,13276.0,44.74,50.92,1.8,-1.32,0.3,16.58,7.5,1.8,-1.72,90.74,8,6,100,46.0,0.21,55.0,0.49,58.0,1.05,58.0,1.05,60.0,0.7,POSITIVE,64.0,POSITIVE,No strong driver,"Trend, Momentum, Structure",-3.68,-0.86,12745.41,13119.23,14125.39,MODERATE,62805010.0,NOT_AVAILABLE,NOT_AVAILABLE,,1271,984
1273,APOLLOTYRE,2026-08-31,438.95,Bearish,41.4,43.18,-5,25,6/10,Medium,51.29,10.36,2.36,15.0,439.01,433.46,441.76,-0.2146,-0.2721,0.74,53.33,441.81,-0.65,3.19,0.304,-1.03,-1.55,0.52,0.54,0.0,52.05,451.0,442.1,443.5,467.4,439.2,46.45,49.21,1.43,-1.27,0.14,8.16,7.63,1.8,-2.09,78.73,8,12,100,41.0,-0.05,49.0,0.23,54.0,0.31,54.0,0.88,48.0,1.12,MIXED,57.56,POSITIVE,Liquidity,"Trend, Momentum, Structure",-3.54,-0.83,423.41,435.32,451.0,MODERATE,462441300.0,NOT_AVAILABLE,NOT_AVAILABLE,,1271,1067
1274,PRIMO,2026-08-31,21.12,Bearish,41.39,32.93,-6,20,6/10,Medium,36.66,1.16,5.51,25.0,22.33,22.99,23.14,-0.1971,0.0339,0.3,10.0,23.49,-10.11,2.16,0.116,-0.98,0.96,-9.28,-13.09,-1.45,44.52,21.65,21.0,21.33,21.65,20.4,39.71,55.71,2.21,-1.65,0.46,32.29,14.0,2.24,-2.51,95.38,5,8,80,41.25,0.27,45.0,0.65,48.75,1.04,51.25,2.45,52.5,4.03,MIXED,63.96,POSITIVE,No strong driver,"Trend, Momentum, Structure",-8.27,-1.93,19.37,20.71,23.49,VERY_HIGH,5135262.0,NOT_AVAILABLE,NOT_AVAILABLE,,1274,1489
1275,DODLA,2026-08-31,1080.6,Bearish,41.38,39.96,-4,30,4/10,Low,47.27,34.84,3.22,45.0,1092.26,1087.29,1122.36,-0.9895,-2.007,1.75,89.17,1100.45,-1.8,5.72,0.389,-1.17,-5.99,-1.72,3.28,0.02,38.92,1110.9,1075.2,1093.4,1160.0,1073.6,43.95,51.58,1.85,-1.42,0.27,14.08,5.26,1.89,-2.43,91.48,6,9,100,42.0,-0.11,47.0,-0.2,42.0,0.0,45.0,1.41,54.0,2.39,MIXED,51.09,MIXED,No strong driver,"Trend, Momentum, VWAP",-4.84,-1.13,1028.33,1068.4,1110.9,HIGH,37209711.0,NOT_AVAILABLE,NOT_AVAILABLE,,1275,1213
1276,SURYAROSNI,2026-08-31,219.71,Neutral-Range,41.38,36.93,-2,40,5/10,Medium,34.47,6.81,3.1,4.17,226.14,235.3,252.21,0.11,0.2341,0.24,3.33,232.19,-5.37,1.81,0.091,-0.34,0.26,-0.71,-7.42,0.0,56.95,223.65,218.15,220.46,224.1,215.84,47.63,47.76,2.05,-2.27,-0.04,10.92,8.29,1.91,-3.69,83.98,7,9,100,53.0,0.14,54.0,-0.01,52.0,-0.69,45.0,-1.99,47.0,-3.33,MIXED,38.23,NEGATIVE,Momentum + MACD + Liquidity,"Trend, Structure, VWAP",-3.1,3.1,212.9,226.52,220.46,HIGH,207336755.0,NOT_AVAILABLE,NOT_AVAILABLE,,1275,1343
1277,RUSHIL,2026-08-31,16.4,Bearish,41.35,36.79,-7,15,7/10,Medium,43.71,0.81,4.94,0.83,16.94,16.86,20.1,-0.106,-0.0104,0.39,24.17,17.58,-6.69,3.22,0.056,-2.32,-3.3,-2.26,-3.47,0.0,55.09,17.03,16.38,16.79,17.35,16.38,40.53,55.13,2.43,-2.09,0.18,20.66,8.03,1.9,-3.68,92.02,6,9,16,75.0,1.62,68.75,2.59,62.5,1.86,56.25,1.57,31.25,-7.7,POSITIVE,70.28,STRONG,No strong driver,"Trend, Momentum, Structure",-7.41,-1.73,15.18,16.12,17.58,HIGH,11833348.0,NOT_AVAILABLE,NOT_AVAILABLE,,1277,1349
1278,VSTIND,2026-08-31,209.74,Neutral-Range,41.33,37.98,-2,40,4/10,Low,26.48,3.39,1.62,0.83,215.85,227.47,266.91,0.6859,0.0167,0.8,65.83,215.41,-2.63,1.25,0.116,-0.34,-0.43,-2.22,-4.35,0.0,56.52,212.4,209.5,210.45,214.0,209.42,42.89,52.37,1.36,-1.45,0.13,13.03,5.92,1.96,-4.1,77.82,10,10,100,46.0,-0.25,51.0,-0.34,50.0,-0.55,45.0,-1.99,42.0,-2.53,MIXED,38.09,NEGATIVE,Momentum + MACD,"Trend, Structure, VWAP",-1.62,1.62,206.35,213.13,210.45,LOW,27596225.0,NOT_AVAILABLE,NOT_AVAILABLE,,1278,1303
1279,TVSELECT,2026-08-31,428.35,Bearish,41.31,40.3,-6,20,6/10,Medium,28.86,14.53,3.39,2.5,453.96,468.68,459.39,-1.2353,-0.221,0.43,40.0,471.7,-9.19,3.25,0.025,-2.07,-2.45,-4.89,-13.57,0.35,51.59,444.0,435.25,437.4,448.0,431.7,43.03,52.11,2.45,-1.88,0.18,15.66,10.79,1.92,-2.06,76.2,10,10,27,37.04,-0.43,51.85,-0.53,51.85,0.99,59.26,1.47,44.44,-0.59,MIXED,63.73,POSITIVE,No strong driver,"Trend, Momentum, Structure",-5.09,-1.19,406.56,423.27,471.7,HIGH,25621007.0,NOT_AVAILABLE,NOT_AVAILABLE,,1279,1191
1280,CIEINDIA,2026-08-31,391.05,Neutral-Range,41.3,34.52,-2,40,4/10,Low,28.84,8.95,2.29,0.83,405.77,424.2,440.39,-0.0232,0.0102,0.71,55.83,408.18,-4.2,2.09,0.116,0.28,-2.08,-4.92,-6.82,0.4,54.9,397.45,389.0,389.95,403.1,389.0,45.26,50.39,1.4,-1.29,0.15,8.95,5.39,1.54,-2.08,87.28,8,8,27,40.74,-0.28,40.74,-0.16,48.15,-0.03,25.93,-0.7,37.04,-1.29,MIXED,38.01,NEGATIVE,Delivery + Liquidity,"Trend, Momentum, Structure",-2.29,2.29,382.1,400.0,389.95,MODERATE,180286921.0,NOT_AVAILABLE,NOT_AVAILABLE,,1280,1429
1281,EMCURE,2026-08-31,1855.3,Bearish,41.29,42.38,-4,30,5/10,Medium,43.04,50.09,2.7,2.5,1890.2,1864.78,1673.13,-10.9566,0.8696,0.71,46.67,1921.65,-3.45,2.65,0.116,-0.75,0.09,-0.99,-5.81,0.51,43.75,1893.0,1850.0,1869.4,1906.3,1830.1,48.36,47.99,1.72,-1.57,0.21,18.43,9.67,1.88,-2.27,90.06,8,7,9,55.56,-0.28,33.33,-0.56,33.33,-0.21,44.44,2.36,66.67,1.55,NEGATIVE,50.82,MIXED,Liquidity,"Trend, Momentum, Structure",-4.05,-0.94,1780.17,1837.77,1921.65,MODERATE,267816028.0,NOT_AVAILABLE,NOT_AVAILABLE,,1281,1102
1282,AVANTIFEED,2026-08-31,824.7,Bearish,41.29,34.27,-4,30,5/10,Medium,30.34,29.05,3.52,1.67,867.08,933.89,1005.18,0.2718,-0.2105,0.85,64.17,866.26,-4.8,3.25,0.093,-0.25,-3.37,-5.81,-9.1,0.0,41.83,845.6,822.0,826.75,864.0,822.0,45.79,49.47,2.33,-1.9,0.24,11.84,6.45,2.42,-2.74,81.21,7,7,97,45.36,-0.09,48.45,-0.32,47.42,-0.0,45.36,0.84,43.3,1.67,MIXED,50.83,MIXED,Liquidity,"Trend, Momentum, Structure",-5.28,-1.23,781.12,814.53,866.26,HIGH,333386654.0,NOT_AVAILABLE,NOT_AVAILABLE,,1281,1435
1283,DATAPATTNS,2026-08-31,4521.5,Neutral-Range,41.28,38.83,-3,35,4/10,Low,48.61,186.16,4.12,6.67,4588.46,4466.72,3785.72,-9.4291,-12.633,0.5,18.33,4631.82,-2.38,2.7,0.343,-2.23,-4.53,-0.16,2.09,-0.15,37.17,4688.9,4608.5,4624.8,4889.8,4500.1,46.71,48.95,2.58,-2.15,0.26,16.18,6.18,2.06,-3.22,84.71,9,9,31,48.39,-0.0,35.48,-0.95,32.26,-0.99,54.84,0.71,54.84,3.05,NEGATIVE,44.37,MIXED,Liquidity,"Momentum, Structure, VWAP",-4.12,4.12,4335.34,4707.66,4624.8,HIGH,3858640827.0,NOT_AVAILABLE,NOT_AVAILABLE,,1283,1268
1284,SENSEXIETF,2026-08-31,887.02,Bearish,41.2,45.5,-5,25,6/10,Medium,44.72,9.1,1.03,1.67,892.22,889.16,897.16,-1.5046,-0.0366,1.14,80.83,896.75,-1.09,0.89,0.152,0.09,-0.39,-1.1,-1.31,-0.1,66.15,894.95,884.37,886.26,901.73,884.37,51.37,44.3,0.56,-0.6,0.22,8.66,2.6,1.71,-1.66,87.24,9,8,100,47.0,0.01,54.0,0.12,56.0,0.27,57.0,0.34,61.0,0.39,POSITIVE,56.99,MIXED,Delivery,"Trend, Momentum, Structure",-1.54,-0.36,873.37,883.84,896.75,LOW,12359403.0,NOT_AVAILABLE,NOT_AVAILABLE,,1284,963
1285,AEGISLOG,2026-08-31,1264.6,Neutral-Range,41.18,41.07,-3,35,4/10,Low,45.36,63.64,5.03,67.5,1314.67,1241.18,957.41,-12.1354,-2.5591,0.55,48.33,1351.35,-6.42,3.67,0.09,-1.92,-5.73,-1.76,-8.91,0.0,48.81,1304.7,1283.6,1289.4,1438.1,1283.6,44.66,51.66,2.47,-1.88,0.11,9.11,7.36,1.85,-2.15,77.8,7,8,22,36.36,-0.51,45.45,-0.79,54.55,-1.09,45.45,-0.39,59.09,2.05,MIXED,44.08,MIXED,Liquidity,"Momentum, Structure, VWAP",-5.03,5.03,1200.96,1328.24,1289.4,VERY_HIGH,1361800450.0,NOT_AVAILABLE,NOT_AVAILABLE,,1285,1160
1286,SYMPHONY,2026-08-31,586.45,Bearish,41.17,37.78,-5,25,5/10,Medium,26.67,14.36,2.45,3.33,620.84,655.92,771.19,-1.3878,0.0689,0.53,18.33,637.84,-8.06,1.76,0.021,-0.8,-1.89,-5.5,-14.1,0.14,55.81,602.15,590.0,591.15,615.7,590.0,43.03,52.5,1.61,-1.38,0.17,9.74,6.84,1.95,-2.07,83.64,8,8,41,36.59,-0.22,48.78,0.02,51.22,0.3,56.1,0.79,46.34,0.08,MIXED,56.92,MIXED,No strong driver,"Trend, Momentum, Structure",-3.67,-0.86,564.92,581.43,637.84,MODERATE,60115381.0,NOT_AVAILABLE,NOT_AVAILABLE,,1286,1308
1287,MIDCAPIETF,2026-08-31,24.25,Neutral-Range,41.16,56.89,-2,40,4/10,Low,54.78,0.34,1.4,7.5,24.21,23.94,23.46,-0.0197,-0.005,0.84,56.67,24.26,-0.05,1.64,0.203,-0.37,0.29,-0.33,0.41,0.0,67.59,24.48,24.27,24.34,24.65,24.15,53.1,41.41,0.75,-1.13,0.42,22.66,3.17,1.97,-6.1,95.1,11,7,23,65.22,0.06,65.22,-3.54,56.52,-3.65,65.22,-3.06,82.61,-2.46,MIXED,37.61,NEGATIVE,Trend + RSI,"Momentum, Structure, MACD",-1.4,1.4,23.91,24.59,24.34,LOW,20923223.0,NOT_AVAILABLE,NOT_AVAILABLE,,1287,500
1288,GSFC,2026-08-31,158.15,Bearish,41.16,38.34,-4,30,5/10,Medium,43.87,3.2,2.02,13.33,159.66,160.8,169.23,-0.2015,-0.0325,0.85,59.17,159.86,-1.07,1.89,0.239,0.11,-0.94,-1.08,-1.65,0.33,46.32,161.0,157.6,157.97,162.88,157.6,45.66,49.87,1.77,-1.59,0.26,11.58,5.66,1.76,-2.4,71.33,6,7,100,51.0,0.02,51.0,0.18,44.0,0.12,54.0,0.17,54.0,0.46,MIXED,50.46,MIXED,Liquidity,"Trend, Momentum, VWAP",-3.04,-0.71,153.35,157.03,161.0,MODERATE,146286536.0,NOT_AVAILABLE,NOT_AVAILABLE,,1287,1287
1289,CHAMBLFERT,2026-08-31,409.55,Bearish,41.16,37.15,-5,25,6/10,Medium,22.86,8.76,2.14,10.83,433.77,444.18,459.92,-2.1506,-0.7096,2.39,96.67,433.86,-5.6,3.34,0.045,-2.85,-4.97,-6.72,-9.99,-0.13,72.17,426.95,421.1,421.55,446.9,421.1,47.76,47.63,1.74,-1.58,0.14,7.89,6.32,1.83,-1.96,81.87,10,8,100,53.0,0.41,50.0,0.82,53.0,0.61,51.0,0.76,45.0,1.06,MIXED,56.88,MIXED,Liquidity,"Trend, Momentum, Structure",-3.21,-0.75,396.4,406.48,433.86,MODERATE,226408146.0,NOT_AVAILABLE,NOT_AVAILABLE,,1287,1333
1290,JINDALPOLY,2026-08-31,631.35,Bearish,41.12,41.3,-4,30,5/10,Medium,45.33,20.09,3.18,0.83,640.16,649.74,647.52,-0.0737,-0.5114,0.35,35.83,654.24,-3.5,2.59,0.184,-0.71,-0.86,-5.15,1.02,1.1,48.16,642.0,632.85,635.85,655.5,632.1,42.89,52.63,2.21,-1.74,0.17,13.03,8.29,1.87,-2.11,86.31,8,7,27,44.44,0.57,51.85,1.28,40.74,0.63,48.15,0.43,62.96,0.58,MIXED,50.35,MIXED,Gap,"Trend, Momentum, Structure",-4.77,-1.11,601.22,624.32,654.24,HIGH,16464969.0,NOT_AVAILABLE,NOT_AVAILABLE,,1290,1157
1291,HATHWAY,2026-08-31,10.64,Neutral-Range,41.12,31.43,2,60,3/10,Low,46.59,0.24,2.29,5.83,10.66,10.8,11.47,0.0123,0.0073,1.53,90.83,10.66,-0.17,3.97,0.361,0.66,0.47,0.47,-3.71,0.0,43.23,10.65,10.51,10.57,11.1,10.49,44.34,49.21,1.7,-1.62,0.22,12.37,7.5,2.03,-1.97,80.38,7,6,100,40.0,-0.4,27.0,-1.42,25.0,-2.19,21.0,-2.64,19.0,-3.71,NEGATIVE,11.78,NEGATIVE,Momentum + Volume + MACD,Trend,-2.29,2.29,10.4,10.88,10.57,MODERATE,15548147.0,NOT_AVAILABLE,NOT_AVAILABLE,,1290,1533
1292,VEDL,2026-08-31,278.2,Neutral-Range,41.11,36.12,-3,35,4/10,Low,51.75,8.39,3.02,20.0,275.57,290.42,419.47,1.8466,-0.5275,1.16,70.83,277.06,0.41,2.6,0.568,-3.39,0.43,3.15,4.1,-1.37,52.15,289.5,282.4,287.95,291.0,272.4,52.11,42.76,1.71,-1.86,0.17,15.13,8.68,1.77,-3.14,72.47,12,8,14,35.71,-0.53,28.57,-1.85,28.57,-1.51,50.0,1.86,28.57,3.02,NEGATIVE,43.9,MIXED,Liquidity,"Volume, Structure, Gap",-3.02,3.02,269.81,286.59,287.95,HIGH,3991890908.0,NOT_AVAILABLE,NOT_AVAILABLE,,1292,1376
1293,ARIHANTSUP,2026-08-31,252.0,Bearish,41.11,33.38,-4,30,4/10,Low,45.52,9.21,3.65,18.33,255.8,257.64,280.52,0.2774,-0.2584,0.16,21.67,259.84,-3.02,1.68,0.381,-1.31,-0.59,-2.17,-3.02,0.0,69.97,262.1,252.1,255.35,269.7,250.0,46.45,49.21,2.2,-1.91,0.18,19.47,12.5,1.77,-2.14,90.85,8,10,100,47.0,0.21,41.0,0.25,44.0,0.36,41.0,1.03,45.0,1.86,MIXED,50.31,MIXED,No strong driver,"Trend, Structure, VWAP",-5.48,-1.28,238.19,248.78,262.1,HIGH,5752223.0,NOT_AVAILABLE,NOT_AVAILABLE,,1292,1470
1294,MVGJL,2026-08-31,151.03,Bearish,41.11,28.62,-6,20,6/10,Medium,42.96,6.23,4.13,19.17,155.36,157.04,167.47,-0.3662,0.001,0.67,34.17,157.03,-3.82,2.71,0.172,-2.46,-0.37,-1.05,-11.52,0.0,61.11,157.2,153.0,154.84,159.33,148.0,42.59,52.87,2.42,-1.95,0.35,26.3,10.01,1.81,-2.3,85.67,8,9,19,47.37,1.33,42.11,1.87,42.11,2.07,42.11,2.6,36.84,0.52,MIXED,63.16,POSITIVE,No strong driver,"Trend, Momentum, Structure",-6.19,-1.44,141.68,148.85,157.2,HIGH,10192925.0,NOT_AVAILABLE,NOT_AVAILABLE,,1292,1610
1295,CPCAP,2026-08-31,117.28,Neutral-Range,41.1,35.79,0,50,2/10,Low,49.48,6.78,5.78,69.17,118.61,113.96,118.04,-1.6347,0.1883,0.27,13.33,127.22,-7.81,6.39,0.251,2.73,-1.73,-10.01,2.37,0.0,70.49,116.19,111.0,114.16,124.9,111.0,42.28,53.93,1.93,-1.99,0.42,34.15,16.26,2.16,-2.43,92.43,11,9,100,43.0,0.09,38.0,-0.74,33.0,-1.18,34.0,-2.29,35.0,-2.48,NEGATIVE,24.57,NEGATIVE,Structure + Delivery,"Trend, VWAP",-5.78,5.78,110.5,124.06,114.16,VERY_HIGH,5268238.0,NOT_AVAILABLE,NOT_AVAILABLE,,1295,1385
1296,ESSARSHPNG,2026-08-31,16.58,Neutral-Range,41.08,29.47,-2,40,5/10,Medium,31.17,0.94,5.67,53.33,17.72,19.64,23.8,0.0559,0.0216,0.45,15.83,17.28,-4.08,4.11,0.155,-1.13,-2.36,3.69,-19.4,1.01,54.62,17.29,16.62,16.77,17.99,16.25,39.74,54.87,3.51,-2.38,0.5,33.95,19.21,2.86,-2.67,70.96,7,8,100,44.0,0.14,43.0,-0.03,44.0,-0.17,31.0,-0.8,29.0,-1.59,NEGATIVE,37.37,NEGATIVE,Momentum + MACD + Gap,"Trend, Structure, VWAP",-5.67,5.67,15.64,17.52,16.77,VERY_HIGH,6470591.0,NOT_AVAILABLE,NOT_AVAILABLE,,1296,1591
1297,MOENERGY,2026-08-31,37.96,Bearish,41.07,43.71,-5,25,6/10,Medium,28.9,0.92,2.42,19.17,38.52,38.9,38.07,-0.0329,-0.0124,0.72,43.33,38.69,-1.89,2.67,0.717,-0.52,-1.09,-2.37,-2.62,1.99,91.19,38.67,38.15,38.16,39.08,37.56,45.37,48.02,0.9,-0.78,0.73,36.56,5.73,2.02,-3.16,95.54,7,7,100,50.0,0.11,57.0,0.27,54.0,0.34,52.0,0.79,55.0,1.28,MIXED,56.62,MIXED,Gap,"Trend, Momentum, Structure",-3.63,-0.85,36.58,37.64,38.69,MODERATE,7660869.0,NOT_AVAILABLE,NOT_AVAILABLE,,1297,1038
1298,HUHTAMAKI,2026-08-31,262.9,Neutral-Range,41.01,38.15,-2,40,2/10,Low,45.79,11.03,4.19,67.5,271.1,254.42,218.03,-4.1815,0.2856,0.79,55.0,279.11,-5.81,3.18,0.11,0.0,-3.82,-5.8,-12.37,0.04,47.98,264.9,259.4,262.9,279.0,259.0,46.45,49.08,1.9,-1.74,0.23,14.08,7.76,1.75,-1.79,83.39,8,9,22,54.55,0.05,36.36,-1.1,45.45,-0.65,31.82,-0.57,54.55,0.78,MIXED,37.16,NEGATIVE,No strong driver,"Structure, VWAP",-4.19,4.19,251.87,273.93,262.9,HIGH,48204278.0,NOT_AVAILABLE,NOT_AVAILABLE,,1298,1297
1299,GNA,2026-08-31,539.85,Neutral-Range,40.99,35.63,-2,40,3/10,Low,50.92,23.19,4.3,14.17,544.34,513.37,431.96,-4.7425,-0.4723,0.61,45.0,544.55,-0.86,3.96,0.401,-0.52,-2.8,-3.86,0.49,0.0,43.37,553.0,531.25,542.65,574.95,531.25,45.92,49.61,1.78,-1.56,0.22,13.42,6.97,1.81,-2.12,88.49,9,10,100,40.0,-0.11,44.0,-0.23,42.0,-0.32,35.0,-0.89,36.0,-1.23,NEGATIVE,37.11,NEGATIVE,Liquidity,"Momentum, VWAP, MACD",-4.3,4.3,516.66,563.04,542.65,HIGH,272015038.0,NOT_AVAILABLE,NOT_AVAILABLE,,1299,1394
1300,BAJAJCON,2026-08-31,474.05,Bearish,40.94,37.24,-4,30,5/10,Medium,40.09,21.45,4.52,25.83,494.74,521.92,449.5,-0.9697,1.444,1.21,77.5,490.85,-3.42,2.51,0.249,-0.71,2.34,-1.53,-9.5,0.12,45.26,479.5,449.1,477.45,481.85,447.85,47.24,48.16,1.94,-1.64,0.22,10.39,5.66,1.8,-2.32,85.01,8,10,100,46.0,0.05,55.0,0.66,44.0,0.28,46.0,0.55,47.0,0.26,MIXED,49.82,MIXED,Liquidity,"Trend, Momentum, Volume",-6.79,-1.58,441.88,466.54,490.85,HIGH,333836381.0,NOT_AVAILABLE,NOT_AVAILABLE,,1300,1329
1301,MANAPPURAM,2026-08-31,340.1,Bearish,40.93,44.45,-7,15,8/10,Medium,41.99,10.87,3.19,53.33,353.07,344.58,309.76,-2.0946,-0.8343,0.68,39.17,355.21,-4.25,2.05,0.101,-2.52,-6.83,-2.44,-6.82,-2.14,51.38,351.15,346.15,348.9,372.55,346.0,47.89,47.5,1.85,-1.57,0.16,11.84,7.63,1.85,-2.26,71.26,8,9,16,50.0,0.28,50.0,0.23,68.75,1.3,62.5,0.74,62.5,1.72,STRONG,69.1,POSITIVE,Liquidity,"Trend, Momentum, Structure",-4.79,-1.12,323.8,336.3,355.21,HIGH,2515614208.0,NOT_AVAILABLE,NOT_AVAILABLE,,1301,1006
1302,GANESHBE,2026-08-31,115.2,Bearish,40.93,39.39,-5,25,5/10,Medium,48.22,6.11,5.3,79.17,117.93,112.68,100.44,-0.4379,-0.4793,1.36,80.83,118.99,-3.19,5.63,0.379,-3.94,-5.56,-2.48,1.37,0.06,,127.0,119.0,119.93,127.0,118.6,43.55,51.71,2.25,-1.9,0.2,17.24,10.66,1.77,-1.97,85.74,6,9,100,47.0,0.31,53.0,1.21,48.0,0.7,56.0,0.51,55.0,1.8,MIXED,56.24,MIXED,No strong driver,"Momentum, Volume, Structure",-7.95,-1.86,106.04,113.06,127.0,VERY_HIGH,16913074.0,NOT_AVAILABLE,NOT_AVAILABLE,,1301,1238
1303,RKSWAMY,2026-08-31,91.79,Bearish,40.92,32.95,-7,15,8/10,Medium,35.11,3.96,4.31,19.17,96.87,98.65,108.79,-0.5757,-0.0235,1.25,78.33,98.51,-6.82,5.04,0.04,-2.16,-3.49,-5.83,-9.99,2.11,67.2,95.21,92.9,93.82,97.39,92.72,43.38,52.52,2.02,-1.92,0.45,23.19,10.57,2.32,-2.01,90.3,8,8,15,40.0,0.08,66.67,1.24,66.67,2.74,46.67,0.86,46.67,-0.86,STRONG,69.07,POSITIVE,Gap,"Trend, Momentum, Volume",-6.47,-1.51,85.85,90.41,98.51,HIGH,5671344.0,NOT_AVAILABLE,NOT_AVAILABLE,,1303,1487
1304,ASHIANA,2026-08-31,366.9,Bearish,40.88,41.47,-5,25,5/10,Medium,44.59,10.35,2.82,0.83,370.64,372.38,346.49,-0.058,0.1622,0.59,64.17,370.97,-1.1,1.78,0.279,-0.52,0.08,0.52,-4.84,0.39,57.98,369.85,362.05,368.8,370.0,361.8,46.58,49.08,1.87,-1.55,0.24,15.92,9.47,2.0,-2.03,86.78,8,7,29,62.07,0.17,48.28,0.33,48.28,0.38,55.17,0.84,41.38,0.06,MIXED,56.09,MIXED,No strong driver,"Trend, Momentum, VWAP",-4.23,-0.99,351.38,363.28,370.97,MODERATE,16699526.0,NOT_AVAILABLE,NOT_AVAILABLE,,1304,1149
1305,GARUDA,2026-08-31,171.61,Bearish,40.85,41.73,-7,15,8/10,Medium,38.1,6.33,3.69,14.17,179.55,178.17,175.01,-1.3965,-0.3983,0.29,20.0,189.09,-9.25,2.19,0.017,-2.05,-6.16,-5.96,-0.52,-1.23,53.83,178.0,174.0,175.2,192.5,174.0,44.05,52.61,3.28,-2.42,0.3,17.75,9.81,2.2,-2.69,79.13,8,6,19,52.63,0.36,52.63,-0.83,57.89,0.6,63.16,2.27,52.63,5.11,POSITIVE,68.85,POSITIVE,Liquidity,"Trend, Momentum, Structure",-5.53,-1.29,162.11,169.39,189.09,HIGH,213743986.0,NOT_AVAILABLE,NOT_AVAILABLE,,1305,1136
1306,AGIIL,2026-08-31,285.0,Neutral-Range,40.85,28.05,-3,35,5/10,Medium,30.88,11.47,4.02,10.83,296.56,315.21,397.27,0.7211,-0.0569,0.49,25.83,296.14,-3.76,3.51,0.177,-1.42,-1.14,-5.47,-7.81,1.52,37.17,297.0,287.25,289.1,299.9,279.0,46.61,49.54,2.36,-2.22,0.37,28.26,7.16,2.03,-5.17,91.61,13,6,22,40.91,0.35,22.73,-0.12,40.91,0.37,31.82,0.3,27.27,-1.39,MIXED,43.14,MIXED,Gap + Liquidity,"Trend, Momentum, Structure",-4.02,4.02,273.53,296.47,289.1,HIGH,303427629.0,NOT_AVAILABLE,NOT_AVAILABLE,,1305,1625
1307,BANDHANBNK,2026-08-31,163.5,Bearish,40.84,42.14,-5,25,6/10,Medium,31.5,4.9,3.0,5.83,173.54,181.59,179.11,0.1717,-0.4577,1.01,71.67,173.08,-5.53,3.3,0.006,-2.82,-5.98,-5.63,-5.85,0.0,57.51,170.48,167.8,168.25,180.74,167.8,46.71,48.55,1.72,-1.71,0.16,10.26,7.11,1.98,-2.14,70.28,8,7,10,50.0,-0.66,40.0,-1.99,40.0,-1.55,60.0,3.04,50.0,1.21,NEGATIVE,55.96,MIXED,Liquidity,"Trend, Momentum, Structure",-4.49,-1.05,156.15,161.79,173.08,MODERATE,1242791610.0,NOT_AVAILABLE,NOT_AVAILABLE,,1307,1112
1308,GHCL,2026-08-31,437.8,Neutral-Range,40.82,35.78,-3,35,3/10,Low,49.58,9.29,2.12,10.0,438.34,440.18,482.91,0.2813,-0.2741,2.91,97.5,437.88,-0.02,3.57,0.369,-0.83,-1.36,1.25,-1.42,0.28,73.21,446.0,440.15,441.45,458.0,437.0,44.87,50.66,1.62,-1.5,0.13,10.26,7.24,1.72,-2.19,83.22,7,8,100,34.0,-0.14,38.0,-0.55,44.0,-0.11,42.0,-0.4,42.0,-0.3,NEGATIVE,43.06,MIXED,No strong driver,"Trend, Structure, Delivery",-2.12,2.12,428.51,447.09,441.45,MODERATE,62548893.0,NOT_AVAILABLE,NOT_AVAILABLE,,1308,1387
1309,TRENT,2026-08-31,2879.9,Bearish,40.8,36.63,-6,20,7/10,High,38.21,58.78,2.04,0.83,2945.57,3061.55,3691.76,-5.2057,-0.1753,0.96,63.33,3008.8,-4.28,1.25,0.039,-0.62,-0.86,-2.24,-5.58,-0.07,61.3,2911.2,2875.8,2898.0,2954.8,2868.2,48.42,47.24,1.65,-1.52,0.14,8.16,6.45,2.0,-3.02,77.12,8,9,23,60.87,0.27,60.87,0.81,43.48,1.19,52.17,2.26,56.52,2.71,MIXED,62.28,POSITIVE,Liquidity,"Trend, Momentum, Structure",-3.06,-0.71,2791.73,2859.33,3008.8,MODERATE,3048678107.0,NOT_AVAILABLE,NOT_AVAILABLE,,1309,1358
1310,CANBK,2026-08-31,126.9,Bearish,40.79,37.27,-6,20,7/10,High,44.09,2.64,2.08,5.83,128.74,129.07,132.65,-0.3439,-0.0932,1.07,70.83,129.76,-2.2,1.71,0.184,-1.13,-0.31,-3.2,-0.16,-0.66,57.64,129.06,127.25,128.35,131.43,126.25,48.42,47.11,1.53,-1.62,0.09,9.74,6.32,1.83,-3.81,70.77,10,7,100,52.0,0.08,52.0,0.23,62.0,1.1,51.0,0.83,44.0,0.82,POSITIVE,62.27,POSITIVE,Liquidity,"Trend, Momentum, Structure",-3.12,-0.73,122.94,125.98,129.76,MODERATE,1919083323.0,NOT_AVAILABLE,NOT_AVAILABLE,,1310,1327
1311,GALAXYSURF,2026-08-31,2255.6,Neutral-Range,40.78,41.61,-2,40,5/10,Medium,55.46,94.07,4.17,80.83,2228.7,2099.02,2006.41,-9.325,-6.1635,0.35,15.83,2400.97,-6.05,3.58,0.446,-1.29,-2.62,-6.16,13.42,0.88,51.89,2327.9,2268.3,2285.0,2383.9,2268.3,43.95,51.58,1.5,-1.28,0.1,6.58,5.13,2.21,-1.93,84.71,7,14,81,37.04,-0.17,38.27,-0.61,40.74,-0.89,41.98,-0.97,38.27,-0.82,NEGATIVE,36.51,NEGATIVE,Trend + RSI + Liquidity,"Momentum, Structure, VWAP",-4.17,4.17,2161.53,2349.67,2285.0,HIGH,233612122.0,NOT_AVAILABLE,NOT_AVAILABLE,,1311,1141
1312,IFGLEXPOR,2026-08-31,210.37,Bearish,40.76,39.32,-6,20,6/10,Medium,46.83,10.63,5.05,13.33,214.63,209.08,213.81,-1.314,-0.1712,0.25,24.17,220.71,-4.69,4.5,0.127,-2.37,-1.44,-3.93,1.46,-0.94,54.5,219.0,210.91,215.47,219.97,208.51,41.71,53.42,2.63,-2.11,0.19,20.53,11.71,2.06,-2.94,84.92,6,11,20,30.0,0.17,30.0,1.03,35.0,1.11,65.0,1.93,65.0,4.78,MIXED,62.16,POSITIVE,No strong driver,"Trend, Momentum, Structure",-7.58,-1.77,194.43,206.65,220.71,VERY_HIGH,12198900.0,NOT_AVAILABLE,NOT_AVAILABLE,,1312,1243
1313,ELECON,2026-08-31,411.85,Bearish,40.76,36.55,-6,20,7/10,Medium,35.36,14.62,3.55,5.0,434.54,454.11,480.59,-0.2186,-0.9958,0.92,59.17,437.43,-5.85,3.59,0.038,-3.15,-6.09,-6.02,-3.84,0.0,60.5,428.65,420.05,425.25,459.3,420.05,46.71,48.68,2.27,-2.2,0.12,12.37,7.63,1.77,-3.42,83.7,8,8,15,46.67,0.85,60.0,2.36,60.0,0.75,46.67,1.71,60.0,4.7,POSITIVE,62.17,POSITIVE,Liquidity,"Trend, Momentum, Structure",-5.33,-1.24,389.91,406.73,437.43,HIGH,175197311.0,NOT_AVAILABLE,NOT_AVAILABLE,,1312,1363
1314,ROUTE,2026-08-31,500.0,Bearish,40.75,34.94,-4,30,5/10,Medium,40.6,16.25,3.25,22.5,515.63,526.34,591.27,0.4612,-0.3276,0.57,54.17,515.88,-3.08,1.97,0.25,-1.84,1.37,-1.69,-6.9,-0.41,47.12,516.0,508.1,509.35,534.4,486.65,39.74,55.53,1.53,-1.33,0.18,9.74,5.0,1.8,-2.09,84.14,7,12,14,71.43,0.86,57.14,0.25,50.0,0.68,42.86,-0.23,50.0,-1.11,MIXED,49.3,MIXED,Liquidity,"Trend, Momentum, Structure",-4.88,-1.14,475.62,494.31,516.0,HIGH,106458830.0,NOT_AVAILABLE,NOT_AVAILABLE,,1314,1413
1315,JWL,2026-08-31,240.55,Bearish,40.73,34.88,-5,25,6/10,Medium,30.05,6.22,2.59,1.67,250.36,256.7,282.5,-0.9391,-0.2175,0.66,66.67,254.58,-5.51,2.31,0.019,-1.86,-2.95,-4.79,-9.21,0.02,48.02,247.7,244.5,245.1,253.45,244.5,42.63,52.89,2.45,-1.97,0.33,19.74,9.74,2.29,-2.79,78.46,7,8,33,42.42,0.18,48.48,1.04,39.39,1.35,48.48,1.13,45.45,1.85,MIXED,55.67,MIXED,Liquidity,"Trend, Momentum, Structure",-3.88,-0.91,231.22,238.37,254.58,MODERATE,186327875.0,NOT_AVAILABLE,NOT_AVAILABLE,,1315,1415
1316,PHOENIXLTD,2026-08-31,1900.0,Bearish,40.72,46.48,-4,30,5/10,Medium,42.69,41.62,2.19,2.5,1927.83,1928.59,1823.6,0.5854,-0.9494,2.06,91.67,1918.24,-0.95,2.34,0.303,-0.89,-1.66,-1.54,-2.81,0.0,71.69,1923.9,1896.0,1917.0,1959.6,1896.0,47.89,47.76,1.89,-1.79,-0.0,11.32,10.66,1.77,-2.6,83.71,6,6,100,50.0,-0.33,49.0,-0.74,52.0,-0.84,59.0,-0.32,66.0,1.16,MIXED,49.21,MIXED,Liquidity,"Trend, Momentum, VWAP",-3.29,-0.77,1837.57,1885.43,1923.9,MODERATE,735997088.0,NOT_AVAILABLE,NOT_AVAILABLE,,1316,924
1317,FELIX,2026-08-31,172.75,Bearish,40.72,37.0,-8,10,8/10,High,35.5,6.07,3.51,3.33,181.06,183.77,188.31,-0.9679,-0.3259,0.89,50.0,182.79,-5.49,2.94,0.063,-2.48,-4.53,-5.55,-6.95,-3.27,53.66,179.3,174.6,177.15,184.2,174.6,48.28,46.65,3.0,-2.68,0.33,35.08,22.42,3.12,-3.48,80.51,14,9,100,48.0,0.25,60.0,0.95,52.0,1.63,62.0,4.45,68.0,9.0,MIXED,74.9,STRONG,No strong driver,"Trend, Momentum, Structure",-5.27,-1.23,163.65,170.63,182.79,HIGH,8463250.0,NOT_AVAILABLE,NOT_AVAILABLE,,1316,1339
1318,EMBDL,2026-08-31,62.07,Bearish,40.71,40.22,-5,25,6/10,Medium,47.48,2.24,3.6,12.5,62.67,62.31,67.93,-0.0843,-0.0416,4.23,99.17,63.04,-1.54,5.61,0.231,-1.13,-2.39,-1.65,2.11,-0.13,61.49,64.34,62.39,62.78,65.34,61.8,40.04,56.61,2.7,-2.1,0.39,15.08,7.82,2.9,-2.34,79.87,5,9,100,48.0,0.34,51.0,0.56,48.0,0.89,51.0,0.6,52.0,0.12,MIXED,55.61,MIXED,Liquidity,"Trend, Momentum, Structure",-5.4,-1.26,58.72,61.29,64.34,HIGH,194822809.0,NOT_AVAILABLE,NOT_AVAILABLE,,1318,1198
1319,JYOTHYLAB,2026-08-31,203.47,Bearish,40.69,39.4,-4,30,5/10,Medium,46.65,6.25,3.07,39.17,206.63,205.91,236.39,-0.3023,-0.4742,0.88,50.0,207.86,-2.11,2.97,0.499,-1.89,-4.28,-4.89,-1.26,-0.27,48.54,210.05,206.1,207.4,215.5,205.0,43.68,51.97,1.62,-1.46,0.23,10.39,5.92,1.87,-2.13,91.04,9,11,100,51.0,-0.18,43.0,-0.11,43.0,-0.08,50.0,0.47,46.0,0.39,NEGATIVE,49.11,MIXED,Liquidity,"Trend, Momentum, Structure",-4.61,-1.08,194.09,201.28,210.05,HIGH,221104663.0,NOT_AVAILABLE,NOT_AVAILABLE,,1319,1237
1320,RANEHOLDIN,2026-08-31,1566.8,Bearish,40.69,39.3,-6,20,6/10,Medium,36.23,58.62,3.74,16.67,1644.98,1642.98,1480.18,-11.0064,0.9277,0.47,38.33,1708.39,-8.29,1.98,0.073,-2.01,-2.89,-2.13,-16.33,-0.15,73.68,1628.0,1578.0,1598.9,1637.0,1568.3,45.39,50.26,2.02,-1.69,0.19,15.53,8.42,1.56,-1.89,89.82,9,9,10,30.0,-1.04,30.0,0.72,60.0,1.96,50.0,0.16,40.0,1.42,POSITIVE,61.98,POSITIVE,No strong driver,"Trend, Momentum, Structure",-5.61,-1.31,1478.87,1546.28,1708.39,HIGH,38449637.0,NOT_AVAILABLE,NOT_AVAILABLE,,1319,1246
1321,HDFCMID150,2026-08-31,23.64,Bearish,40.62,46.84,-4,30,4/10,Low,50.86,0.42,1.78,1.67,23.68,23.41,22.62,-0.0234,-0.0114,0.63,30.83,23.74,-0.43,1.39,0.268,-0.63,-0.38,-0.3,-0.13,0.42,63.81,23.91,23.77,23.79,24.36,23.51,54.34,38.82,0.71,-1.14,0.52,36.58,9.87,2.02,-3.47,96.77,10,8,100,52.0,-0.79,59.0,-1.44,64.0,-1.18,57.0,-0.93,59.0,-1.85,MIXED,48.91,MIXED,No strong driver,"Momentum, Structure, MACD",-2.67,-0.62,23.01,23.49,23.91,LOW,11068221.0,NOT_AVAILABLE,NOT_AVAILABLE,,1321,908
1322,GOCLCORP,2026-08-31,392.5,Bearish,40.61,34.17,-4,30,5/10,Medium,43.25,12.82,3.27,5.83,401.78,397.8,354.6,-2.5021,0.2276,0.21,21.67,428.01,-8.3,2.82,0.115,1.09,-1.48,-3.8,-5.68,-0.82,55.2,399.0,385.05,388.25,407.0,385.05,42.76,52.63,2.34,-1.84,0.38,17.89,6.97,2.21,-1.9,85.13,7,8,22,45.45,0.49,50.0,0.72,27.27,1.41,31.82,1.89,40.91,1.84,MIXED,48.88,MIXED,Delivery,"Trend, Momentum, Structure",-4.9,-1.14,373.27,388.01,428.01,HIGH,65178491.0,NOT_AVAILABLE,NOT_AVAILABLE,,1322,1440
1323,EUROPRATIK,2026-08-31,263.7,Bearish,40.6,39.08,-4,30,4/10,Low,38.71,10.81,4.1,25.0,276.51,283.88,273.43,-2.4846,1.0286,1.05,76.67,285.61,-7.67,4.97,0.165,2.43,-1.38,-7.07,-12.6,0.0,29.2,258.6,253.15,257.45,269.85,251.55,49.79,44.86,2.18,-2.26,-0.0,11.52,13.58,2.43,-2.06,85.4,6,6,81,48.15,0.12,48.15,0.11,53.09,0.03,48.15,-0.42,50.62,0.18,MIXED,48.87,MIXED,No strong driver,"Trend, Momentum, VWAP",-6.15,-1.43,247.49,259.92,285.61,HIGH,58877392.0,NOT_AVAILABLE,NOT_AVAILABLE,,1323,1257
1324,SJLOGISTIC,2026-08-31,328.2,Neutral-Range,40.59,34.61,-3,35,3/10,Low,48.76,16.0,4.87,36.67,331.86,328.36,338.7,0.1602,-1.0296,0.32,8.33,333.72,-1.65,3.08,0.359,-1.84,-7.96,0.67,1.83,0.0,65.43,347.95,327.0,334.35,366.7,323.55,44.55,51.54,3.16,-2.39,0.61,33.66,12.68,2.72,-2.79,79.01,7,6,16,43.75,-0.34,37.5,-0.62,37.5,-0.29,43.75,0.03,31.25,-2.93,NEGATIVE,42.4,NEGATIVE,No strong driver,"Trend, VWAP, Delivery",-4.87,4.87,312.2,344.2,334.35,HIGH,21141016.0,NOT_AVAILABLE,NOT_AVAILABLE,,1324,1427
1325,KANSAINER,2026-08-31,192.81,Bearish,40.56,43.15,-7,15,7/10,High,36.81,5.57,2.89,28.33,201.75,203.94,211.94,-1.2493,-0.2686,0.44,30.0,206.47,-6.61,2.95,0.03,-1.51,-4.34,-6.31,-5.57,0.63,64.66,200.01,194.93,195.77,208.05,194.93,43.16,52.37,1.24,-1.13,0.21,10.0,4.34,1.69,-2.44,86.63,7,9,26,50.0,0.17,65.38,0.91,65.38,0.76,61.54,1.39,80.77,3.48,STRONG,68.02,POSITIVE,No strong driver,"Trend, Momentum, Structure",-4.34,-1.01,184.45,190.86,206.47,MODERATE,68594559.0,NOT_AVAILABLE,NOT_AVAILABLE,,1325,1069
1326,JKCEMENT,2026-08-31,5133.0,Bearish,40.56,40.33,-6,20,7/10,High,34.73,116.28,2.27,1.67,5301.71,5365.2,5475.17,-17.3548,-1.6789,1.85,92.5,5331.17,-3.72,1.64,0.119,-0.69,-1.58,-3.88,-7.74,-0.53,57.09,5244.5,5132.0,5168.5,5310.0,5132.0,47.63,47.89,1.47,-1.31,0.1,7.11,5.79,1.81,-1.75,90.25,14,7,93,50.54,0.19,47.31,0.19,50.54,0.53,56.99,1.71,73.12,3.78,MIXED,61.6,POSITIVE,Liquidity,"Trend, Momentum, Structure",-3.4,-0.79,4958.58,5092.3,5331.17,MODERATE,129202068.0,NOT_AVAILABLE,NOT_AVAILABLE,,1325,1189
1327,BESTAGRO,2026-08-31,17.16,Bearish,40.53,28.99,-8,10,8/10,Medium,42.71,0.88,5.15,17.5,18.0,18.09,90.97,-0.2888,-0.0072,0.23,16.67,21.24,-19.2,6.19,0.1,-2.56,-3.11,-9.11,-9.16,-1.48,54.22,17.78,17.42,17.61,18.49,17.31,41.44,54.32,2.63,-2.48,0.13,26.92,14.03,2.28,-3.77,77.26,9,12,8,50.0,0.08,62.5,2.17,62.5,2.46,50.0,3.04,25.0,-0.47,POSITIVE,74.38,STRONG,No strong driver,"Trend, Momentum, Structure",-7.72,-1.8,15.84,16.85,21.24,VERY_HIGH,63525297.0,NOT_AVAILABLE,NOT_AVAILABLE,,1327,1605
1328,INOXGREEN,2026-08-31,166.87,Bearish,40.52,38.76,-6,20,7/10,Medium,34.76,7.43,4.45,50.83,177.76,181.98,181.32,-0.7531,-0.344,0.88,64.17,177.62,-6.05,5.3,0.087,-4.24,-5.33,-8.08,-4.27,-0.15,55.22,177.4,168.0,174.26,178.32,168.0,44.87,50.53,2.84,-2.18,0.25,18.16,9.87,2.19,-2.51,83.8,7,10,13,61.54,0.58,61.54,1.75,53.85,0.88,46.15,1.99,61.54,4.44,MIXED,61.48,POSITIVE,Liquidity,"Trend, Momentum, Structure",-6.68,-1.56,155.72,164.27,177.62,HIGH,165992685.0,NOT_AVAILABLE,NOT_AVAILABLE,,1328,1274
1329,OCCLLTD,2026-08-31,158.73,Neutral-Range,40.51,44.71,0,50,3/10,Low,54.16,7.15,4.5,7.5,157.61,147.13,121.29,-1.1884,-0.0334,0.24,21.67,166.18,-4.49,2.51,0.381,0.3,1.0,1.12,-8.94,1.04,,162.0,157.15,158.25,163.2,157.0,46.91,49.68,2.61,-2.12,0.54,34.97,15.99,2.44,-2.19,90.47,7,8,9,33.33,-0.33,22.22,-2.1,22.22,-1.97,33.33,-0.92,77.78,4.63,NEGATIVE,22.88,NEGATIVE,Trend + RSI + Gap,"Momentum, VWAP, MACD",-4.5,4.5,151.58,165.88,158.25,HIGH,16417510.0,NOT_AVAILABLE,NOT_AVAILABLE,,1329,1000
1330,KOTHARIPET,2026-08-31,131.09,Bearish,40.47,38.94,-6,20,6/10,Medium,41.7,5.51,4.2,36.67,135.81,134.3,132.46,-1.4534,0.11,0.59,45.83,142.69,-8.13,3.15,0.091,-0.05,-2.35,-2.11,-10.91,-0.56,57.3,133.78,130.86,131.15,138.0,130.06,42.37,52.89,2.45,-1.86,0.35,24.21,10.53,2.06,-2.14,90.07,8,9,100,41.0,0.11,52.0,0.24,51.0,0.07,54.0,2.33,58.0,3.35,MIXED,61.35,POSITIVE,No strong driver,"Trend, Momentum, Structure",-6.3,-1.47,122.83,129.16,142.69,HIGH,13610421.0,NOT_AVAILABLE,NOT_AVAILABLE,,1330,1261
1331,DANISH,2026-08-31,819.1,Neutral-Range,40.45,37.39,-1,45,3/10,Low,50.8,32.58,3.98,4.17,809.06,833.22,812.91,9.8829,-0.5611,1.31,75.0,796.98,2.78,5.32,0.676,-3.67,4.98,3.84,-0.13,-1.81,69.51,855.2,806.65,850.35,855.2,774.0,44.32,52.18,3.03,-2.4,0.34,25.55,13.1,2.29,-2.3,79.5,7,6,100,37.0,-0.66,34.0,-1.13,40.0,-0.91,30.0,-1.68,37.0,-2.32,NEGATIVE,29.14,NEGATIVE,Trend + VWAP,"Volume, Gap, Delivery",-3.98,3.98,786.52,851.68,850.35,HIGH,15009111.0,NOT_AVAILABLE,NOT_AVAILABLE,,1331,1322
1332,STCINDIA,2026-08-31,116.29,Bearish,40.43,33.86,-7,15,7/10,Medium,41.11,3.33,2.86,3.33,118.68,119.72,121.08,-0.0576,-0.1441,0.25,25.83,119.73,-2.88,1.37,0.097,-0.5,-4.59,-0.45,-2.82,0.7,68.19,118.5,116.21,116.88,125.0,116.21,44.21,51.32,2.58,-2.12,0.43,21.05,7.89,1.96,-2.2,82.89,6,8,13,30.77,-0.15,53.85,0.56,61.54,1.71,46.15,2.03,30.77,0.02,POSITIVE,67.65,POSITIVE,No strong driver,"Trend, Momentum, Structure",-4.29,-1.0,111.3,115.13,119.73,MODERATE,5157818.0,NOT_AVAILABLE,NOT_AVAILABLE,,1332,1450
1333,ATALREAL,2026-08-31,33.31,Bearish,40.4,40.08,-4,30,5/10,Medium,47.87,1.5,4.51,50.0,34.01,32.44,27.84,-0.209,-0.097,1.54,87.5,34.51,-3.48,10.31,0.358,-6.2,-1.04,-7.09,-0.69,-1.15,29.77,36.0,34.71,35.51,36.14,32.71,47.5,46.32,2.24,-2.26,0.13,26.32,18.95,2.25,-2.9,83.28,8,9,100,51.0,0.17,58.0,0.87,56.0,0.11,50.0,-1.06,54.0,-1.09,POSITIVE,48.3,MIXED,Liquidity,"Momentum, Structure, VWAP",-6.76,-1.58,31.06,32.78,36.0,HIGH,421579483.0,NOT_AVAILABLE,NOT_AVAILABLE,,1333,1207
1334,MGL,2026-08-31,1069.3,Bearish,40.39,38.3,-6,20,7/10,High,38.65,30.37,2.84,18.33,1110.3,1114.04,1136.63,-5.3912,-1.81,0.88,67.5,1121.0,-4.61,2.75,0.038,-2.13,-5.18,-5.3,-4.16,-0.33,64.14,1107.8,1089.0,1092.6,1143.9,1089.0,49.34,46.32,1.56,-1.61,0.16,9.47,5.53,1.76,-2.08,76.07,8,9,100,49.0,0.19,54.0,0.21,55.0,0.25,57.0,1.48,54.0,2.09,POSITIVE,61.12,POSITIVE,Liquidity,"Trend, Momentum, Structure",-4.26,-0.99,1023.74,1058.67,1121.0,MODERATE,317606174.0,NOT_AVAILABLE,NOT_AVAILABLE,,1334,1290
1335,HOMEFIRST,2026-08-31,1164.7,Bearish,40.38,40.63,-6,20,7/10,High,41.84,28.75,2.47,3.33,1186.91,1179.02,1148.68,-0.3276,-2.0419,1.86,93.33,1183.99,-1.63,2.95,0.121,-2.8,-2.36,-1.29,-0.47,-0.71,72.14,1205.0,1188.3,1198.3,1206.0,1176.0,45.92,49.61,2.0,-1.71,0.11,11.84,8.16,1.91,-2.47,85.72,11,8,100,43.0,-0.1,49.0,0.23,46.0,0.34,57.0,2.17,43.0,0.91,MIXED,61.09,POSITIVE,Liquidity,"Trend, Momentum, Structure",-3.7,-0.86,1121.57,1154.64,1205.0,MODERATE,139915224.0,NOT_AVAILABLE,NOT_AVAILABLE,,1335,1175
1336,BECTORFOOD,2026-08-31,226.91,Bearish,40.35,40.16,-5,25,6/10,Medium,46.49,10.22,4.5,76.67,236.66,219.5,387.6,-4.1972,-1.05,0.51,32.5,237.9,-4.62,3.37,0.327,-2.56,-11.81,-11.12,7.4,-0.8,52.81,241.28,230.29,232.87,258.8,230.29,45.53,50.0,1.96,-1.89,0.16,13.55,6.58,1.97,-3.7,85.67,9,9,18,50.0,0.24,55.56,0.04,44.44,-0.73,61.11,1.39,61.11,0.41,NEGATIVE,54.58,MIXED,Liquidity,"Trend, Momentum, Structure",-6.76,-1.58,211.58,223.33,241.28,HIGH,618456627.0,NOT_AVAILABLE,NOT_AVAILABLE,,1336,1200
1337,POCL,2026-08-31,495.6,Bearish,40.35,31.33,-4,30,5/10,Medium,23.65,27.22,5.49,61.67,548.17,761.95,1065.01,28.4349,-1.9525,0.97,57.5,500.0,-0.88,3.05,0.202,-2.67,-1.86,1.82,-9.96,-0.43,52.58,514.55,499.75,509.2,518.0,499.75,45.66,49.74,3.12,-2.58,0.43,28.42,9.74,2.47,-4.06,85.05,9,7,81,49.38,0.01,53.09,0.34,46.91,0.65,43.21,-0.25,41.98,-0.34,MIXED,48.14,MIXED,Liquidity,"Trend, Momentum, Structure",-8.24,-1.92,454.77,486.07,514.55,VERY_HIGH,255498477.0,NOT_AVAILABLE,NOT_AVAILABLE,,1336,1536
1338,FACT,2026-08-31,821.25,Neutral-Range,40.32,35.74,-2,40,3/10,Low,48.51,28.54,3.47,41.67,824.08,836.48,852.86,4.9213,-1.4119,0.08,1.67,871.77,-5.8,1.8,0.337,-1.35,4.72,3.53,-2.61,-0.18,30.34,850.0,829.6,832.5,920.0,781.0,45.53,50.13,2.28,-1.87,0.17,9.34,6.97,2.07,-2.42,81.04,6,9,13,53.85,0.6,46.15,0.49,38.46,0.2,46.15,-2.55,53.85,1.28,MIXED,35.21,NEGATIVE,Liquidity,"Trend, Structure, VWAP",-3.47,3.47,792.71,849.79,832.5,HIGH,1677243441.0,NOT_AVAILABLE,NOT_AVAILABLE,,1338,1389
1339,WEWORK,2026-08-31,684.65,Bearish,40.28,38.35,-5,25,6/10,Medium,44.38,25.87,3.78,5.0,696.25,687.33,623.24,-3.358,0.9455,5.1,97.5,707.84,-3.28,5.51,0.155,-1.0,1.87,-3.27,-8.05,0.0,62.25,694.25,667.8,691.6,694.85,664.55,41.99,52.38,1.95,-1.44,-0.14,7.36,11.26,2.15,-1.86,87.67,4,7,60,43.33,0.24,53.33,0.49,45.0,0.55,43.33,1.56,50.0,2.12,MIXED,54.36,MIXED,Liquidity,"Trend, Momentum, Structure",-5.67,-1.32,645.84,675.6,707.84,HIGH,242921503.0,NOT_AVAILABLE,NOT_AVAILABLE,,1339,1286
1340,SURAJEST,2026-08-31,191.01,Bearish,40.25,37.72,-8,10,8/10,Medium,36.9,6.56,3.43,21.67,199.99,201.67,228.0,-1.5525,-0.2451,1.15,75.0,204.77,-6.72,4.23,0.022,-3.86,-2.19,-9.63,-5.29,0.0,86.18,204.01,194.81,198.68,204.01,193.1,43.98,51.96,2.31,-2.03,0.43,23.8,9.29,2.15,-2.06,82.53,8,8,9,33.33,-0.25,55.56,1.04,66.67,1.8,55.56,2.15,66.67,0.56,STRONG,73.58,STRONG,No strong driver,"Trend, Momentum, Volume",-5.15,-1.2,181.17,188.71,204.77,HIGH,28482853.0,NOT_AVAILABLE,NOT_AVAILABLE,,1340,1311
1341,CESC,2026-08-31,146.16,Bearish,40.21,39.56,-5,25,6/10,Medium,24.75,3.72,2.54,29.17,157.66,162.65,165.73,-1.5547,-0.1591,1.08,74.17,160.87,-9.15,2.17,0.028,-1.32,-5.87,-14.13,-11.94,-0.01,60.85,152.29,147.83,148.11,157.79,147.83,47.63,47.89,1.76,-1.57,0.18,8.95,6.45,1.96,-2.15,80.11,6,7,97,50.52,0.12,50.52,0.01,55.67,-0.26,56.7,0.22,57.73,1.62,MIXED,54.17,MIXED,Liquidity,"Trend, Momentum, Structure",-3.82,-0.89,140.58,144.86,160.87,MODERATE,279811478.0,NOT_AVAILABLE,NOT_AVAILABLE,,1341,1228
1342,NEWGEN,2026-08-31,528.85,Bearish,40.18,37.58,-4,30,5/10,Medium,48.75,23.76,4.49,32.5,534.41,524.31,592.36,-0.8173,-0.4587,1.89,90.83,550.05,-3.85,6.36,0.177,-6.74,0.09,-1.12,-6.02,-0.9,38.86,575.9,524.7,567.1,575.9,519.0,43.16,52.37,2.7,-2.19,0.2,19.47,10.0,2.05,-3.12,83.75,7,9,100,42.0,-0.77,46.0,-0.76,47.0,-0.75,48.0,0.6,47.0,-0.55,MIXED,47.65,MIXED,Liquidity,"Trend, Momentum, Structure",-6.74,-1.57,493.21,520.53,575.9,HIGH,718485763.0,NOT_AVAILABLE,NOT_AVAILABLE,,1342,1316
1343,AWFIS,2026-08-31,258.9,Bearish,40.18,32.32,-4,30,5/10,Medium,39.53,10.12,3.91,23.33,268.68,281.66,356.07,-0.3118,-0.0438,1.49,86.67,268.52,-3.58,6.48,0.227,2.23,-6.77,-3.74,-6.64,-0.89,37.95,262.0,251.9,253.25,284.6,251.9,42.29,54.25,2.4,-1.95,0.4,19.24,7.8,2.29,-2.22,88.2,6,12,8,62.5,0.45,75.0,1.42,75.0,0.87,37.5,-2.55,12.5,-5.16,STRONG,47.66,MIXED,Volume,"Trend, Momentum, VWAP",-5.86,-1.37,243.72,255.36,268.52,HIGH,78156479.0,NOT_AVAILABLE,NOT_AVAILABLE,,1342,1503
1344,CCL,2026-08-31,1079.8,Bearish,40.14,43.92,-6,20,7/10,Medium,36.09,29.04,2.69,10.0,1119.86,1136.2,1067.64,-1.0115,-1.3017,1.62,90.0,1111.08,-2.82,5.19,0.154,-3.86,-0.18,-4.48,-6.3,-0.61,58.52,1126.9,1101.7,1123.1,1126.9,1076.6,44.47,51.18,1.72,-1.32,0.18,9.21,5.26,1.97,-2.08,86.04,6,6,14,50.0,0.3,71.43,1.03,57.14,0.63,57.14,0.72,57.14,1.06,POSITIVE,60.4,POSITIVE,Liquidity,"Trend, Momentum, Structure",-4.03,-0.94,1036.24,1069.63,1126.9,MODERATE,177348150.0,NOT_AVAILABLE,NOT_AVAILABLE,,1344,1030
1345,AWHCL,2026-08-31,383.3,Neutral-Range,40.14,31.22,-3,35,5/10,Medium,32.44,11.51,3.0,10.0,395.9,420.25,469.93,1.7087,0.1603,0.4,18.33,394.77,-2.91,2.1,0.135,-1.03,0.58,-0.67,-10.79,-0.59,51.43,391.0,385.05,387.3,393.85,376.8,43.95,51.58,2.36,-1.89,0.27,18.82,8.68,1.89,-2.97,88.13,7,9,100,45.0,0.2,39.0,0.34,37.0,0.06,35.0,0.17,39.0,0.61,MIXED,41.12,NEGATIVE,Momentum + MACD,"Trend, Structure, VWAP",-3.0,3.0,371.79,394.81,387.3,HIGH,57618594.0,NOT_AVAILABLE,NOT_AVAILABLE,,1344,1539
1346,IGIL,2026-08-31,340.95,Neutral-Range,40.13,30.05,0,50,2/10,Low,45.55,11.09,3.25,10.0,345.07,347.89,348.52,-0.4889,0.0456,0.71,47.5,350.02,-2.59,4.23,0.215,0.59,0.09,-4.0,-6.58,0.3,53.35,346.8,337.45,338.95,349.5,335.05,44.78,51.74,2.1,-1.89,0.22,16.94,9.28,2.05,-2.47,78.18,5,8,13,46.15,0.27,53.85,0.32,30.77,-0.6,15.38,-1.74,38.46,-1.88,NEGATIVE,21.79,NEGATIVE,Delivery + Liquidity,"Trend, VWAP",-3.25,3.25,329.86,352.04,338.95,HIGH,189678814.0,NOT_AVAILABLE,NOT_AVAILABLE,,1346,1576
1347,PYRAMID,2026-08-31,158.47,Bearish,40.11,37.38,-6,20,6/10,Medium,37.28,6.18,3.9,5.83,165.1,167.37,164.43,-0.8314,0.0136,0.27,20.0,167.17,-5.21,1.43,0.071,-0.89,-3.17,-4.93,-14.33,0.08,64.63,160.01,158.5,159.89,168.0,158.15,44.21,51.18,2.05,-1.72,0.28,21.45,12.5,2.05,-1.99,93.93,6,8,16,62.5,0.41,50.0,0.25,56.25,-1.3,50.0,3.33,31.25,-2.3,MIXED,60.31,POSITIVE,No strong driver,"Trend, Momentum, Structure",-5.85,-1.37,149.2,156.31,167.17,HIGH,11846678.0,NOT_AVAILABLE,NOT_AVAILABLE,,1347,1323
1348,LEMONTREE,2026-08-31,106.25,Bearish,40.07,38.7,-6,20,7/10,Medium,36.39,2.38,2.24,7.5,109.13,111.08,121.43,-0.0351,-0.1166,1.53,90.0,109.07,-2.58,3.07,0.107,-2.1,-2.13,-3.01,-6.82,0.0,60.28,108.8,105.12,108.53,110.45,105.12,46.18,48.55,1.67,-1.57,0.3,14.08,6.18,1.83,-2.09,81.16,7,8,10,40.0,-0.77,30.0,0.57,60.0,1.5,60.0,-0.7,50.0,-0.87,POSITIVE,60.2,POSITIVE,Liquidity,"Trend, Momentum, Structure",-3.36,-0.78,102.68,105.42,109.07,MODERATE,338682348.0,NOT_AVAILABLE,NOT_AVAILABLE,,1348,1277
1349,LLOYDSENGG,2026-08-31,86.44,Bearish,40.05,36.59,-4,30,5/10,Medium,43.91,3.57,4.13,1.67,89.43,86.77,71.26,-0.9099,0.0267,0.8,59.17,92.66,-6.71,4.84,0.121,-0.35,-0.84,-5.23,-5.88,-0.62,44.99,87.85,86.02,86.74,90.29,84.6,44.32,51.08,2.91,-2.26,0.34,18.78,8.11,2.18,-2.62,79.59,9,6,100,45.0,-0.22,40.0,-0.55,48.0,0.12,44.0,-0.1,43.0,0.33,MIXED,47.28,MIXED,Liquidity,"Trend, Momentum, Structure",-6.2,-1.45,81.08,85.19,92.66,HIGH,1122570953.0,NOT_AVAILABLE,NOT_AVAILABLE,,1349,1362
1350,DBL,2026-08-31,404.95,Bearish,40.04,36.02,-6,20,7/10,Medium,38.26,11.72,2.89,10.83,417.9,425.0,441.72,-1.7266,-0.0119,0.18,10.0,440.46,-8.06,1.08,0.02,-0.49,-2.33,-3.49,-8.87,-0.14,51.97,411.0,404.45,406.95,422.4,404.45,45.0,50.13,2.15,-1.79,0.15,10.26,8.68,2.21,-2.22,84.19,7,9,10,30.0,-1.04,40.0,-1.12,30.0,-0.29,70.0,2.82,50.0,1.43,NEGATIVE,60.12,POSITIVE,Liquidity,"Trend, Momentum, Structure",-4.34,-1.01,387.37,400.85,440.46,MODERATE,137004040.0,NOT_AVAILABLE,NOT_AVAILABLE,,1350,1381
1351,HDFCPSUBK,2026-08-31,86.14,Bearish,39.99,41.78,-5,25,5/10,Medium,47.5,1.61,1.86,0.83,86.69,86.2,84.56,-0.1745,-0.0393,0.08,5.83,88.03,-2.15,1.06,0.394,-0.65,-0.07,-2.04,1.54,-0.23,45.06,87.28,86.5,86.7,88.5,86.0,47.26,48.18,1.19,-1.07,0.58,29.94,3.5,1.75,-1.96,93.6,8,6,14,42.86,0.06,50.0,0.39,64.29,0.66,42.86,-0.4,42.86,-0.52,POSITIVE,53.54,MIXED,No strong driver,"Trend, Momentum, Structure",-2.8,-0.65,83.73,85.58,88.03,LOW,18854136.0,NOT_AVAILABLE,NOT_AVAILABLE,,1351,1133
1352,FINKURVE,2026-08-31,72.23,Neutral-Range,39.98,29.03,1,55,3/10,Low,53.43,5.34,7.4,72.5,71.76,68.22,76.0,0.3413,-0.5628,0.87,60.83,73.86,-2.21,9.01,0.575,-4.41,-9.29,-0.96,20.95,0.52,48.07,79.6,74.0,75.56,83.1,74.0,42.19,51.9,2.83,-2.53,1.24,52.32,13.08,2.92,-2.14,94.04,5,7,100,39.0,-0.09,37.0,-1.22,33.0,-1.77,24.0,-3.6,22.0,-5.58,NEGATIVE,14.95,NEGATIVE,Trend + Momentum + RSI,"Structure, VWAP",-7.4,7.4,66.89,77.57,75.56,VERY_HIGH,18721315.0,NOT_AVAILABLE,NOT_AVAILABLE,,1352,1604
1353,STYL,2026-08-31,385.8,Bearish,39.93,37.76,-5,25,5/10,Medium,49.93,20.26,5.25,86.67,390.8,366.48,322.8,-2.6999,-0.7847,0.95,65.0,400.76,-3.73,9.14,0.36,-4.05,-0.43,-3.14,4.82,-0.52,53.65,414.0,398.75,402.1,414.0,382.0,43.7,50.42,2.29,-1.97,0.15,19.75,10.5,1.86,-2.45,86.85,6,12,90,46.67,0.22,53.33,0.55,47.78,0.39,51.11,0.55,51.11,0.9,MIXED,53.37,MIXED,No strong driver,"Momentum, Structure, VWAP",-7.88,-1.84,355.4,378.71,414.0,VERY_HIGH,70164056.0,NOT_AVAILABLE,NOT_AVAILABLE,,1353,1309
1354,CONSUMBEES,2026-08-31,131.8,Bearish,39.91,45.49,-6,20,7/10,High,41.77,1.92,1.46,25.83,133.57,132.09,129.63,-0.4898,-0.0635,0.71,40.83,134.55,-2.04,2.18,0.108,-0.59,-1.3,-2.54,-2.51,1.0,54.83,133.85,132.0,132.58,134.95,132.0,51.71,43.68,0.62,-0.63,0.45,16.58,2.5,1.86,-1.76,92.94,9,8,100,55.0,0.02,63.0,0.19,62.0,0.22,60.0,0.29,62.0,0.4,POSITIVE,59.74,POSITIVE,Gap,"Trend, Momentum, Structure",-2.19,-0.51,128.91,131.13,134.55,LOW,10530799.0,NOT_AVAILABLE,NOT_AVAILABLE,,1354,964
1355,ZENSARTECH,2026-08-31,460.35,Bearish,39.91,35.01,-5,25,6/10,Medium,36.68,15.82,3.44,10.0,482.87,490.45,560.96,-3.2904,-0.1202,1.87,93.33,485.86,-5.25,4.19,0.065,-2.18,-3.47,-6.19,-11.13,0.0,45.43,475.0,464.35,470.6,496.4,461.5,45.0,50.66,1.89,-1.65,0.21,12.63,6.32,1.75,-2.36,79.79,7,8,100,44.0,0.03,53.0,0.14,53.0,0.14,51.0,0.34,48.0,0.48,MIXED,53.32,MIXED,Liquidity,"Trend, Momentum, Structure",-5.15,-1.2,436.62,454.81,485.86,HIGH,346797816.0,NOT_AVAILABLE,NOT_AVAILABLE,,1354,1409
1356,LTGILTBEES,2026-08-31,29.86,Bearish,39.9,46.29,-6,20,6/10,Medium,40.8,0.19,0.64,7.5,29.97,29.88,29.41,-0.0245,-0.0052,0.88,57.5,30.0,-0.47,0.37,0.451,-0.3,-0.3,-0.63,-0.33,0.0,81.53,29.98,29.88,29.95,30.11,29.35,49.47,35.79,0.16,-0.14,0.28,11.58,3.03,2.04,-2.34,99.5,8,5,20,55.0,0.01,60.0,0.11,65.0,0.16,60.0,0.08,65.0,0.18,STRONG,59.71,POSITIVE,No strong driver,"Trend, Momentum, Structure",-0.97,-0.23,29.57,29.79,30.0,LOW,33830221.0,NOT_AVAILABLE,NOT_AVAILABLE,,1356,930
1357,GODIGIT,2026-08-31,257.4,Bearish,39.89,35.79,-4,30,5/10,Medium,42.4,7.68,2.98,31.67,262.23,274.96,306.15,1.3278,-0.1708,0.47,45.0,273.37,-5.84,3.28,0.159,-1.89,-1.15,1.0,-2.04,-0.13,42.25,265.1,256.2,262.35,265.55,256.2,43.13,52.58,1.65,-1.37,0.11,13.23,11.17,1.97,-1.96,90.1,6,6,100,45.0,0.07,57.0,0.13,49.0,-0.09,43.0,-0.0,45.0,0.09,MIXED,46.84,MIXED,Liquidity,"Trend, Momentum, Structure",-4.47,-1.04,245.88,254.71,273.37,MODERATE,182525671.0,NOT_AVAILABLE,NOT_AVAILABLE,,1357,1385
1358,ROTO,2026-08-31,62.85,Bearish,39.88,33.63,-6,20,6/10,Medium,37.26,2.07,3.29,1.67,65.75,65.96,77.16,-0.2638,-0.0989,0.41,40.0,66.89,-6.04,2.81,0.037,-2.59,-2.22,-4.31,-6.86,-0.33,45.96,65.38,64.3,64.52,66.58,63.75,42.11,53.55,2.4,-2.1,0.18,18.55,7.11,2.07,-4.76,80.23,7,8,21,47.62,0.42,57.14,2.38,47.62,1.47,57.14,0.53,42.86,0.51,MIXED,59.67,POSITIVE,No strong driver,"Trend, Momentum, Structure",-4.93,-1.15,59.75,62.13,66.89,HIGH,30537528.0,NOT_AVAILABLE,NOT_AVAILABLE,,1358,1462
1359,IVALUE,2026-08-31,247.7,Bearish,39.86,36.43,-6,20,6/10,Medium,27.91,12.06,4.87,73.33,275.34,275.06,265.46,-2.801,-1.4754,0.87,60.0,277.48,-10.73,8.39,0.048,-6.4,-12.83,-11.25,-9.83,0.11,56.61,274.65,258.35,264.65,297.6,258.35,46.89,47.72,2.07,-2.07,-0.09,14.94,14.94,1.9,-2.25,87.89,6,6,78,50.0,0.26,58.97,0.86,48.72,0.63,50.0,1.88,47.44,2.57,MIXED,59.59,POSITIVE,No strong driver,"Trend, Momentum, Structure",-7.3,-1.7,229.61,243.48,277.48,HIGH,76329723.0,NOT_AVAILABLE,NOT_AVAILABLE,,1359,1369
1360,HAPPSTMNDS,2026-08-31,406.95,Neutral-Range,39.84,30.57,-3,35,4/10,Low,49.57,19.45,4.78,81.67,413.39,395.66,416.43,-2.2829,-1.549,0.75,65.83,419.44,-2.98,3.87,0.35,-0.26,-6.72,-4.65,5.98,0.0,34.86,427.1,404.05,408.0,457.3,404.05,40.26,55.39,1.45,-1.22,0.2,10.13,6.05,1.82,-2.14,77.9,7,10,13,53.85,0.47,69.23,1.57,53.85,1.37,15.38,-1.11,15.38,-2.04,MIXED,40.27,NEGATIVE,Liquidity,"Trend, Momentum, VWAP",-4.78,4.78,387.5,426.4,408.0,HIGH,1056755218.0,NOT_AVAILABLE,NOT_AVAILABLE,,1360,1557
1361,ADVANCE,2026-08-31,116.42,Bearish,39.78,38.09,-5,25,5/10,Medium,46.75,5.48,4.71,50.83,118.77,115.99,113.28,-0.6573,-0.1095,0.29,20.0,126.27,-7.8,3.42,0.135,-0.45,-1.34,-0.55,-6.54,0.73,60.21,123.9,115.93,116.95,124.9,115.93,39.06,55.36,3.06,-2.01,0.53,29.61,9.87,1.98,-2.44,88.7,5,6,100,38.0,0.01,44.0,0.28,45.0,0.35,52.0,0.65,56.0,1.27,MIXED,52.95,MIXED,No strong driver,"Momentum, Structure, VWAP",-7.06,-1.65,108.2,114.5,126.27,HIGH,63586286.0,NOT_AVAILABLE,NOT_AVAILABLE,,1361,1300
1362,CAPITALSFB,2026-08-31,283.2,Bearish,39.7,43.05,-4,30,5/10,Medium,42.94,8.12,2.87,10.0,287.53,287.84,278.66,-0.6986,0.1326,0.49,43.33,288.7,-1.9,1.76,0.117,0.55,-0.81,0.59,-4.21,-0.46,78.12,286.9,280.05,281.65,297.3,280.05,43.64,51.76,1.33,-1.21,0.25,19.75,9.19,1.79,-1.77,93.41,7,6,11,9.09,-1.0,36.36,-1.1,45.45,-0.28,45.45,0.15,63.64,2.21,MIXED,46.3,MIXED,Delivery,"Trend, Momentum, Structure",-4.3,-1.0,271.03,280.36,288.7,MODERATE,6834125.0,NOT_AVAILABLE,NOT_AVAILABLE,,1362,1072
1363,RELIANCE,2026-08-31,1277.0,Bearish,39.67,41.32,-6,20,7/10,High,39.93,19.72,1.54,5.83,1303.04,1308.8,1369.93,-4.5802,-0.8479,3.07,100.0,1304.34,-2.1,2.07,0.103,-0.78,-2.5,-2.96,-3.18,-0.64,86.98,1291.8,1280.0,1287.0,1320.0,1280.0,48.29,47.24,0.97,-1.1,-0.01,4.08,3.95,1.93,-3.19,68.53,7,7,100,47.0,-0.43,50.0,-0.6,57.0,-0.35,66.0,0.6,68.0,1.42,MIXED,59.05,POSITIVE,Liquidity,"Trend, Momentum, Structure",-2.32,-0.54,1247.42,1270.1,1304.34,LOW,14798281113.0,NOT_AVAILABLE,NOT_AVAILABLE,,1363,1156
1364,PSPPROJECT,2026-08-31,876.7,Bearish,39.65,39.8,-6,20,6/10,Medium,33.64,30.94,3.53,0.83,926.5,941.52,859.05,-2.899,-0.6608,0.61,45.83,929.64,-5.69,2.83,0.029,-1.38,-3.61,-7.42,-7.67,0.0,47.34,903.25,885.0,889.0,929.45,885.0,45.66,49.47,1.71,-1.51,0.19,10.39,6.05,1.93,-2.28,81.79,8,7,14,42.86,-0.27,50.0,0.74,57.14,0.92,57.14,0.08,42.86,-0.65,POSITIVE,59.0,POSITIVE,No strong driver,"Trend, Momentum, Structure",-5.29,-1.24,830.3,865.87,929.64,HIGH,47994117.0,NOT_AVAILABLE,NOT_AVAILABLE,,1364,1222
1365,RCF,2026-08-31,113.52,Bearish,39.64,37.16,-5,25,6/10,Medium,29.03,3.13,2.76,27.5,122.04,124.99,130.8,-0.4319,-0.4156,3.74,98.33,121.67,-6.7,5.41,0.019,-5.25,-4.63,-7.9,-11.05,-0.26,63.98,121.89,119.31,119.81,128.55,118.0,46.84,48.42,1.98,-1.88,0.15,8.29,8.42,2.1,-2.25,68.0,6,8,100,48.0,-0.02,54.0,0.36,56.0,0.14,50.0,-0.03,48.0,-0.27,POSITIVE,52.54,MIXED,Liquidity,"Trend, Momentum, Structure",-4.14,-0.97,108.82,112.42,121.89,MODERATE,235742599.0,NOT_AVAILABLE,NOT_AVAILABLE,,1365,1332
1366,TCIEXP,2026-08-31,547.55,Bearish,39.63,38.29,-5,25,5/10,Medium,48.34,21.85,3.99,20.83,551.55,547.65,564.23,-0.5878,-0.1436,0.12,15.83,571.8,-4.24,2.2,0.234,-1.48,0.31,-3.39,-1.74,0.0,52.15,567.1,546.35,555.8,567.1,527.0,42.89,52.5,1.53,-1.46,0.19,10.79,6.05,1.7,-1.97,89.78,8,8,25,32.0,-0.01,36.0,-0.03,44.0,0.42,40.0,1.61,56.0,2.06,MIXED,52.52,MIXED,No strong driver,"Trend, Momentum, VWAP",-5.99,-1.4,514.77,539.9,571.8,HIGH,72043888.0,NOT_AVAILABLE,NOT_AVAILABLE,,1366,1292
1367,MIDHANI,2026-08-31,414.15,Bearish,39.63,37.62,-4,30,5/10,Medium,47.68,15.01,3.62,15.83,419.59,415.98,389.69,-1.4124,-0.306,0.22,1.67,432.56,-4.26,2.49,0.266,-0.86,-0.94,-3.37,2.6,-0.18,38.97,420.5,416.0,417.75,434.05,411.5,46.71,48.82,2.23,-2.05,0.17,11.32,6.97,2.04,-2.61,74.78,10,7,31,48.39,-0.68,35.48,-1.29,51.61,-0.56,38.71,0.43,38.71,-0.58,MIXED,46.09,MIXED,Liquidity,"Trend, Momentum, Structure",-5.44,-1.27,391.64,408.9,432.56,HIGH,811416057.0,NOT_AVAILABLE,NOT_AVAILABLE,,1366,1315
1368,MEDPLUS,2026-08-31,672.25,Bearish,39.61,32.07,-4,30,5/10,Medium,40.61,18.86,2.81,10.0,686.78,732.01,800.52,5.9085,-0.7605,0.34,19.17,672.24,0.0,2.05,0.418,-0.61,-0.64,2.4,-3.47,0.0,50.91,695.0,674.3,676.35,695.0,667.0,45.26,50.13,1.35,-1.23,0.09,7.5,5.39,1.93,-2.25,88.72,7,11,10,50.0,0.1,30.0,-0.27,40.0,-0.39,60.0,-0.6,10.0,-2.42,NEGATIVE,46.04,MIXED,Liquidity,"Trend, Momentum, Structure",-4.21,-0.98,643.95,665.65,695.0,MODERATE,140999833.0,NOT_AVAILABLE,NOT_AVAILABLE,,1368,1510
1369,EMSLIMITED,2026-08-31,374.75,Bearish,39.6,33.81,-5,25,6/10,Medium,43.05,14.71,3.93,0.83,386.79,386.97,396.45,-0.8806,-0.1416,0.38,40.0,392.19,-4.45,2.49,0.274,-0.82,-2.49,1.53,-9.56,0.49,33.83,383.7,376.55,377.85,395.0,374.55,43.73,52.05,2.73,-2.12,0.36,21.14,7.93,2.26,-2.9,80.99,8,9,100,46.0,0.06,42.0,-0.23,47.0,0.31,47.0,0.82,50.0,1.24,MIXED,52.42,MIXED,Liquidity,"Trend, Momentum, Structure",-5.89,-1.37,352.69,369.6,392.19,HIGH,165660218.0,NOT_AVAILABLE,NOT_AVAILABLE,,1369,1454
1370,AFFLE,2026-08-31,1597.9,Bearish,39.56,40.69,-7,15,8/10,High,44.32,51.73,3.24,21.67,1655.0,1598.42,1573.01,-16.5507,-4.2139,1.31,85.0,1667.65,-4.18,1.87,0.117,-1.38,-8.17,-6.22,-3.91,0.0,66.65,1659.0,1615.9,1620.2,1748.2,1615.9,45.26,50.26,1.74,-1.43,0.16,11.32,7.11,1.75,-2.24,88.76,8,10,100,49.0,0.18,56.0,0.61,57.0,1.01,58.0,1.47,55.0,1.08,POSITIVE,65.17,POSITIVE,Liquidity,"Trend, Momentum, Volume",-4.86,-1.13,1520.3,1579.79,1667.65,HIGH,307543761.0,NOT_AVAILABLE,NOT_AVAILABLE,,1370,1174
1371,TARACHAND,2026-08-31,47.88,Neutral-Range,39.55,33.75,-2,40,4/10,Low,36.68,1.91,3.98,16.67,49.47,52.41,63.49,0.1962,0.0239,0.42,20.0,49.78,-3.82,1.89,0.134,-0.71,-1.34,1.61,-18.63,-0.46,36.94,49.49,47.55,48.22,49.99,47.51,44.21,51.45,2.91,-2.39,0.61,38.95,15.39,2.77,-3.28,81.7,9,9,100,44.0,-0.08,44.0,-0.32,42.0,-0.92,43.0,-2.02,41.0,-2.77,NEGATIVE,32.99,NEGATIVE,Momentum + MACD,"Trend, Structure, VWAP",-3.98,3.98,45.97,49.79,48.22,HIGH,8932506.0,NOT_AVAILABLE,NOT_AVAILABLE,,1371,1458
1372,NTPC,2026-08-31,327.4,Bearish,39.52,38.33,-6,20,7/10,High,30.99,6.1,1.86,21.67,337.95,346.34,356.32,-0.7564,-0.2565,2.04,99.17,338.64,-3.32,2.11,0.148,-0.8,-3.56,-2.85,-6.7,0.02,50.95,333.1,328.8,330.05,344.45,328.4,48.16,46.32,1.19,-1.13,0.15,7.5,4.87,1.71,-2.08,83.58,7,6,100,55.0,0.07,51.0,0.16,55.0,0.42,57.0,0.69,57.0,1.39,POSITIVE,58.64,POSITIVE,Liquidity,"Trend, Momentum, Structure",-2.79,-0.65,318.26,325.27,338.64,LOW,3052207227.0,NOT_AVAILABLE,NOT_AVAILABLE,,1372,1289
1373,UPL,2026-08-31,562.25,Bearish,39.5,38.05,-6,20,7/10,High,40.54,11.53,2.05,3.33,576.71,589.45,633.4,1.0022,-0.9682,1.2,82.5,574.03,-2.05,1.26,0.07,-1.53,-1.69,-0.86,-9.31,-0.53,71.65,580.05,569.55,571.0,591.0,563.8,48.95,46.32,1.29,-1.36,0.12,6.05,4.47,1.64,-2.24,78.65,7,7,100,49.0,-0.0,55.0,0.38,52.0,0.48,59.0,0.7,56.0,0.93,MIXED,58.57,POSITIVE,Liquidity,"Trend, Momentum, Volume",-3.08,-0.72,544.96,558.22,580.05,MODERATE,1232630040.0,NOT_AVAILABLE,NOT_AVAILABLE,,1373,1302
1374,ELDEHSG,2026-08-31,778.35,Bearish,39.5,30.57,-5,25,6/10,Medium,46.89,41.89,5.38,69.17,792.18,792.49,816.65,-0.2758,-1.9631,0.33,36.67,745.11,4.46,8.12,0.517,-2.61,-5.72,1.7,-3.13,-1.0,64.86,823.65,787.5,799.2,839.55,777.7,45.26,50.26,2.02,-1.72,0.43,26.32,13.29,2.31,-2.09,91.6,8,7,100,40.0,-0.1,50.0,0.1,52.0,0.64,42.0,0.42,41.0,0.99,MIXED,52.14,MIXED,VWAP,"Trend, Momentum, Structure",-8.07,-1.88,715.51,763.69,823.65,VERY_HIGH,7267168.0,NOT_AVAILABLE,NOT_AVAILABLE,,1373,1557
1375,SAURASHCEM,2026-08-31,55.82,Bearish,39.5,26.24,-7,15,7/10,Medium,40.98,2.69,4.82,50.0,58.46,58.95,67.33,-0.495,-0.021,0.14,5.83,66.56,-16.14,3.2,0.04,-0.91,-1.81,-4.94,-7.18,0.48,67.79,57.94,56.1,56.33,60.0,56.1,40.22,55.59,2.45,-1.9,0.53,29.35,9.16,2.12,-2.01,90.56,7,9,14,50.0,1.57,64.29,2.66,50.0,3.46,35.71,1.97,28.57,-0.98,MIXED,65.0,POSITIVE,No strong driver,"Trend, Momentum, Structure",-7.23,-1.69,51.78,54.88,66.56,HIGH,34286997.0,NOT_AVAILABLE,NOT_AVAILABLE,,1373,1662
1376,NIFTYIETF,2026-08-31,273.42,Bearish,39.49,44.78,-6,20,7/10,High,43.63,3.71,1.36,1.67,275.09,274.0,274.62,-0.4469,-0.0385,1.53,90.0,275.95,-0.92,1.67,0.227,-0.3,-0.47,-1.11,-1.76,-1.45,79.08,274.84,273.41,274.23,278.0,273.41,51.23,44.3,0.56,-0.59,0.65,29.0,7.36,2.36,-2.13,97.56,9,8,100,48.0,-0.02,60.0,0.12,56.0,0.15,61.0,0.5,63.0,0.43,POSITIVE,58.55,POSITIVE,Liquidity,"Trend, Momentum, VWAP",-2.03,-0.47,267.86,272.12,275.95,LOW,156545410.0,NOT_AVAILABLE,NOT_AVAILABLE,,1376,994
1377,FILATEX,2026-08-31,75.17,Bearish,39.49,36.37,-5,25,6/10,Medium,45.86,4.28,5.69,98.33,78.99,72.03,57.45,-1.59,-0.1946,0.81,53.33,80.83,-7.0,3.88,0.268,-4.72,-10.57,-9.13,-1.99,-2.4,62.12,79.75,77.45,78.89,84.45,70.74,44.21,51.18,2.42,-1.88,0.25,14.87,7.76,2.02,-1.96,87.34,8,9,100,39.0,-0.05,43.0,0.0,41.0,-0.18,48.0,1.67,52.0,1.23,NEGATIVE,52.11,MIXED,Liquidity,"Momentum, Structure, VWAP",-8.53,-1.99,68.76,73.67,80.83,VERY_HIGH,294450894.0,NOT_AVAILABLE,NOT_AVAILABLE,,1376,1370
1378,DELTACORP,2026-08-31,58.47,Bearish,39.49,35.78,-6,20,6/10,Medium,35.99,1.61,2.75,7.5,60.75,62.6,67.71,-0.0548,-0.0589,0.69,63.33,61.13,-4.34,1.68,0.041,-1.62,-0.7,-2.84,-7.78,-0.71,48.78,60.22,59.3,59.43,62.44,58.56,43.03,51.97,1.83,-1.72,0.22,12.63,6.58,1.93,-2.83,81.29,9,8,32,43.75,-0.46,34.38,-0.47,53.12,0.75,43.75,1.66,53.12,1.44,MIXED,58.54,POSITIVE,No strong driver,"Trend, Momentum, Structure",-4.13,-0.96,56.06,57.91,61.13,MODERATE,51943918.0,NOT_AVAILABLE,NOT_AVAILABLE,,1376,1387
1379,TRAVELFOOD,2026-08-31,1299.6,Bearish,39.48,38.08,-4,30,5/10,Medium,44.56,49.64,3.82,67.5,1323.71,1314.32,1256.26,-7.4029,0.4835,0.4,31.67,1382.24,-5.98,3.34,0.152,0.15,-0.55,-4.31,-3.35,0.55,44.42,1336.6,1290.0,1297.7,1416.5,1280.2,47.6,47.6,1.58,-1.4,-0.05,7.88,9.93,2.19,-1.87,89.01,5,9,100,43.0,0.04,45.0,0.13,40.0,0.03,43.0,0.37,50.0,1.3,MIXED,45.65,MIXED,Liquidity,"Trend, Momentum, Structure",-5.73,-1.34,1225.14,1282.22,1382.24,HIGH,201107312.0,NOT_AVAILABLE,NOT_AVAILABLE,,1379,1301
1380,AMBIKCO,2026-08-31,1639.7,Neutral-Range,39.47,38.21,-2,40,3/10,Low,45.27,51.32,3.13,6.67,1660.09,1667.63,1542.6,-0.4347,0.8284,0.23,5.0,1705.8,-3.87,1.33,0.191,0.09,-1.35,1.47,-7.83,-0.45,61.77,1659.9,1631.5,1638.3,1686.8,1604.5,43.68,51.84,1.62,-1.32,0.2,11.45,7.11,1.89,-1.93,87.95,8,10,18,38.89,-0.47,61.11,0.42,50.0,-0.26,22.22,-1.62,50.0,-0.59,MIXED,32.76,NEGATIVE,Delivery,"Trend, Structure, VWAP",-3.13,3.13,1588.38,1691.02,1638.3,HIGH,48856618.0,NOT_AVAILABLE,NOT_AVAILABLE,,1380,1294
1381,SAWALIYA,2026-08-31,153.0,Bearish,39.47,31.07,-7,15,7/10,High,6.0,15.12,9.88,100.0,254.76,276.3,284.77,-13.0798,-3.3731,0.42,25.0,270.09,-43.35,0.0,0.0,-9.97,-45.17,-45.69,-47.99,-9.97,100.0,169.95,169.95,169.95,285.0,169.95,41.7,50.19,1.53,-1.55,0.63,28.57,3.09,2.2,-5.48,84.78,6,5,31,51.61,0.53,67.74,0.83,64.52,0.94,58.06,0.81,58.06,0.11,POSITIVE,64.9,POSITIVE,No strong driver,"Trend, Momentum, Structure",-14.82,-3.46,130.32,147.71,270.09,VERY_HIGH,21269902.0,NOT_AVAILABLE,NOT_AVAILABLE,,1380,1543
1382,AUTOIND,2026-08-31,87.17,Bearish,39.42,35.61,-7,15,7/10,Medium,44.45,4.57,5.24,24.17,90.51,88.58,80.63,-0.8214,-0.0489,0.49,39.17,92.53,-5.79,3.63,0.147,-2.1,-3.0,-6.63,-1.9,-0.89,54.31,90.78,88.05,89.04,95.7,87.41,42.37,52.76,2.65,-2.06,0.43,26.71,10.26,2.13,-2.15,84.54,8,7,19,36.84,-0.55,36.84,0.17,47.37,1.72,52.63,1.97,47.37,1.64,MIXED,64.76,POSITIVE,No strong driver,"Trend, Momentum, Structure",-7.86,-1.83,80.32,85.57,92.53,VERY_HIGH,14454876.0,NOT_AVAILABLE,NOT_AVAILABLE,,1382,1395
1383,SRF,2026-08-31,2560.4,Bearish,39.41,36.53,-5,25,6/10,Medium,39.04,46.69,1.82,1.67,2606.37,2648.31,2710.98,3.0907,-1.459,1.12,75.0,2599.35,-1.5,1.69,0.141,-1.14,-0.79,-2.13,-3.2,-0.11,73.3,2615.0,2582.0,2589.9,2627.0,2543.5,47.89,47.76,1.28,-1.23,0.08,4.47,5.13,2.1,-2.24,79.59,9,6,100,50.0,0.12,51.0,0.27,51.0,-0.0,49.0,0.47,50.0,0.58,MIXED,51.88,MIXED,Liquidity,"Trend, Momentum, Structure",-2.74,-0.64,2490.36,2544.06,2615.0,LOW,725423960.0,NOT_AVAILABLE,NOT_AVAILABLE,,1383,1364
1384,WEL,2026-08-31,89.82,Bearish,39.39,34.22,-7,15,8/10,High,32.85,13.06,14.54,100.0,126.01,118.91,131.71,-6.0268,-2.079,0.12,10.0,129.36,-30.57,0.0,0.0,-10.0,-33.93,-38.37,-26.99,-10.0,91.07,99.8,99.8,99.8,179.2,99.8,46.71,48.42,2.79,-2.48,0.3,27.37,12.5,2.68,-3.65,86.25,9,9,100,43.0,-0.15,51.0,0.16,52.0,0.39,55.0,2.67,60.0,6.02,MIXED,64.69,POSITIVE,Liquidity,"Trend, Momentum, Structure",-21.81,-5.09,70.23,85.25,129.36,VERY_HIGH,1183985748.0,NOT_AVAILABLE,NOT_AVAILABLE,,1384,1438
1385,M&MFIN,2026-08-31,373.0,Bearish,39.38,42.87,-4,30,5/10,Medium,46.35,12.13,3.25,3.33,381.63,364.66,334.89,-4.2216,-0.1835,0.71,45.83,393.23,-5.14,2.63,0.099,-0.96,-1.51,-4.09,-8.01,0.07,57.5,384.35,375.2,376.6,389.4,375.2,47.5,47.63,1.62,-1.51,0.12,8.42,6.18,1.83,-2.29,68.81,8,8,13,38.46,0.17,61.54,0.56,53.85,0.04,53.85,-1.87,61.54,-2.11,MIXED,45.38,MIXED,Liquidity,"Momentum, Structure, VWAP",-4.88,-1.14,354.81,368.75,393.23,HIGH,870788314.0,NOT_AVAILABLE,NOT_AVAILABLE,,1385,1089
1386,SARDAEN,2026-08-31,498.9,Bearish,39.37,35.46,-6,20,7/10,High,43.4,12.74,2.55,6.67,508.74,511.97,518.34,-0.9136,-0.709,0.2,6.67,520.96,-4.23,2.2,0.201,-1.84,-1.6,-4.27,-3.35,-0.05,54.37,514.05,505.7,508.25,516.0,503.15,48.29,47.11,2.09,-1.84,0.16,11.32,8.03,2.14,-2.59,85.48,8,7,100,53.0,0.14,53.0,0.04,52.0,0.62,51.0,1.17,45.0,0.82,MIXED,58.21,POSITIVE,Liquidity,"Trend, Momentum, Structure",-3.83,-0.89,479.79,494.44,520.96,MODERATE,786008138.0,NOT_AVAILABLE,NOT_AVAILABLE,,1386,1399
1387,HUDCO,2026-08-31,182.05,Bearish,39.35,33.96,-4,30,5/10,Medium,30.06,4.78,2.63,13.33,189.7,195.94,203.15,-0.5015,0.0121,2.49,98.33,191.48,-4.93,6.69,0.17,-0.64,-2.92,-3.68,-8.69,-0.4,46.38,184.27,181.6,183.23,188.59,181.6,46.58,48.82,2.33,-1.88,0.18,9.74,7.24,2.16,-2.69,75.16,8,7,100,43.0,-0.12,52.0,0.1,41.0,-0.22,45.0,0.27,39.0,0.57,NEGATIVE,45.3,MIXED,Liquidity,"Trend, Momentum, Structure",-3.94,-0.92,174.88,180.38,191.48,MODERATE,346528530.0,NOT_AVAILABLE,NOT_AVAILABLE,,1387,1446
1388,EKC,2026-08-31,107.47,Bearish,39.34,34.13,-7,15,7/10,High,41.58,3.54,3.29,8.33,110.73,112.01,117.03,-0.3084,-0.1451,0.53,35.0,112.03,-4.07,1.84,0.14,-1.29,-5.41,-1.88,-2.1,-0.25,52.28,109.92,108.5,108.87,114.49,108.5,45.26,50.39,2.27,-1.99,0.13,10.53,8.82,2.04,-2.59,80.52,6,8,100,47.0,-0.11,45.0,-0.2,55.0,1.12,54.0,1.73,50.0,0.44,POSITIVE,64.55,POSITIVE,No strong driver,"Trend, Momentum, Structure",-4.94,-1.15,102.16,106.23,112.03,HIGH,21813179.0,NOT_AVAILABLE,NOT_AVAILABLE,,1388,1442
1389,PCBL,2026-08-31,317.05,Bearish,39.33,39.5,-5,25,6/10,Medium,47.23,10.3,3.25,3.33,321.21,317.18,313.24,-0.3713,-0.3335,0.73,65.0,323.06,-1.86,1.86,0.321,-1.57,-1.29,0.51,-2.98,-0.47,53.22,326.8,321.15,322.1,331.2,317.5,47.5,48.03,2.21,-1.92,0.22,11.32,7.5,2.15,-2.42,76.24,14,8,30,63.33,0.51,50.0,0.82,53.33,0.89,50.0,-0.77,46.67,-2.06,MIXED,51.65,MIXED,Liquidity,"Trend, Momentum, Structure",-4.87,-1.14,301.6,313.45,326.8,HIGH,343941681.0,NOT_AVAILABLE,NOT_AVAILABLE,,1389,1230
1390,FAZE3Q,2026-08-31,487.5,Bearish,39.3,36.79,-7,15,7/10,High,38.05,22.06,4.52,48.33,508.49,527.45,506.49,-0.52,0.5956,0.32,11.67,518.97,-6.06,1.97,0.089,-0.72,-1.09,0.63,-11.56,-1.72,51.47,501.5,484.0,491.05,507.0,483.0,41.05,54.47,2.99,-2.09,0.24,21.84,15.0,2.37,-2.22,88.89,8,10,23,43.48,-0.19,47.83,0.17,47.83,-0.13,52.17,3.74,56.52,4.26,MIXED,64.44,POSITIVE,No strong driver,"Trend, Momentum, Structure",-6.79,-1.58,454.42,479.78,518.97,HIGH,25228670.0,NOT_AVAILABLE,NOT_AVAILABLE,,1390,1349
1391,MOIL,2026-08-31,247.8,Bearish,39.3,33.57,-6,20,7/10,High,34.02,8.03,3.24,54.17,264.13,273.16,300.66,-1.188,-0.4818,3.04,97.5,263.56,-5.98,4.1,0.021,-4.05,-2.98,-9.16,-12.14,-0.29,56.98,262.55,257.1,258.25,270.0,252.5,44.21,51.45,2.32,-1.89,0.28,13.03,6.84,2.15,-2.46,76.56,6,9,100,47.0,0.09,48.0,0.68,51.0,1.18,48.0,0.91,50.0,1.9,MIXED,58.01,POSITIVE,Liquidity,"Trend, Momentum, Structure",-4.86,-1.13,235.75,244.99,263.56,HIGH,258706409.0,NOT_AVAILABLE,NOT_AVAILABLE,,1390,1465
1392,RAMCOCEM,2026-08-31,879.55,Bearish,39.28,34.76,-6,20,7/10,High,40.44,27.22,3.09,45.0,910.38,916.48,958.84,-3.2303,-1.2705,0.39,19.17,920.81,-4.48,2.5,0.021,-1.8,-2.69,-4.67,-6.95,0.37,59.79,899.45,883.4,895.65,944.0,883.4,48.16,47.37,1.24,-1.24,0.13,6.18,6.05,1.56,-1.86,85.56,8,6,100,44.0,0.03,50.0,0.21,55.0,0.7,52.0,0.67,51.0,-0.31,POSITIVE,57.93,POSITIVE,Liquidity,"Trend, Momentum, Structure",-4.64,-1.08,838.72,870.02,920.81,HIGH,313358664.0,NOT_AVAILABLE,NOT_AVAILABLE,,1392,1420
1393,DLINKINDIA,2026-08-31,441.6,Neutral-Range,39.26,33.76,-2,40,2/10,Low,47.58,12.29,2.78,13.33,441.87,454.13,455.02,3.144,-0.2548,0.19,1.67,441.81,-0.05,1.33,0.635,-0.37,-1.54,5.47,-2.04,0.11,54.19,448.9,438.0,443.25,454.6,436.9,44.61,51.05,2.1,-1.69,0.26,15.26,7.11,1.78,-1.97,83.07,8,7,100,33.0,-0.39,32.0,-1.1,35.0,-1.31,40.0,-0.96,37.0,-1.17,NEGATIVE,32.17,NEGATIVE,No strong driver,"Trend, Delivery",-2.78,2.78,429.31,453.89,443.25,MODERATE,94209568.0,NOT_AVAILABLE,NOT_AVAILABLE,,1393,1457
1394,NEXT50IETF,2026-08-31,77.4,Bearish,39.25,44.15,-6,20,6/10,Medium,44.7,1.14,1.47,1.67,78.08,77.08,74.07,-0.1825,-0.0646,1.65,88.33,78.39,-1.27,1.34,0.023,-1.09,-0.83,-1.93,-0.85,0.17,73.35,78.87,78.11,78.25,80.2,77.8,53.97,40.98,0.76,-0.85,1.13,48.77,8.37,2.47,-2.47,99.01,11,6,100,58.0,0.03,55.0,0.06,56.0,0.35,57.0,0.48,63.0,0.47,POSITIVE,57.87,POSITIVE,No strong driver,"Momentum, Structure, VWAP",-2.2,-0.51,75.7,77.0,78.87,LOW,60659825.0,NOT_AVAILABLE,NOT_AVAILABLE,,1394,1019
1395,JAINREC,2026-08-31,276.8,Bearish,39.25,33.6,-5,25,6/10,Medium,30.67,12.02,4.34,34.17,299.79,324.95,367.44,-0.3319,-0.4198,0.79,59.17,305.69,-9.45,4.46,0.015,-3.87,-5.95,-8.31,-20.96,0.0,43.77,293.35,285.1,287.95,300.8,283.1,46.41,48.1,2.38,-2.31,0.12,13.92,12.24,2.04,-2.18,84.49,5,7,53,39.62,-0.14,52.83,0.32,47.17,-0.27,54.72,0.46,56.6,0.67,MIXED,51.42,MIXED,Liquidity,"Trend, Momentum, Structure",-6.51,-1.52,258.77,272.59,305.69,HIGH,471228746.0,NOT_AVAILABLE,NOT_AVAILABLE,,1394,1464
1396,ACI,2026-08-31,485.45,Neutral-Range,39.19,33.15,-3,35,5/10,Medium,37.32,15.74,3.24,28.33,506.39,523.19,557.64,-1.9307,0.2054,0.7,51.67,506.84,-4.22,2.62,0.095,0.24,-5.91,-5.8,-9.36,0.54,51.06,489.85,479.8,484.3,522.9,479.8,43.68,51.71,1.92,-1.62,0.09,7.76,7.5,2.0,-2.48,81.55,9,10,21,28.57,-0.8,33.33,-1.46,33.33,-1.51,42.86,0.69,52.38,0.6,NEGATIVE,38.39,NEGATIVE,Delivery + Liquidity,"Trend, Momentum, Structure",-3.24,3.24,469.71,501.19,484.3,HIGH,153883910.0,NOT_AVAILABLE,NOT_AVAILABLE,,1396,1482
1397,DABUR,2026-08-31,381.0,Bearish,39.17,38.3,-5,25,6/10,Medium,21.39,6.49,1.7,5.0,401.33,415.27,451.46,-1.6718,-0.222,1.78,91.67,402.4,-5.32,1.66,0.0,-1.3,-4.38,-6.34,-10.52,-0.03,73.52,387.7,383.1,386.0,400.55,383.1,46.05,49.21,0.99,-1.02,0.07,4.08,4.61,1.74,-1.89,75.63,8,7,100,53.0,0.06,54.0,-0.02,46.0,-0.08,57.0,0.12,61.0,0.68,MIXED,51.21,MIXED,Liquidity,"Trend, Momentum, Structure",-2.56,-0.6,371.26,378.73,402.4,LOW,738958988.0,NOT_AVAILABLE,NOT_AVAILABLE,,1397,1290
1398,ASTRAMICRO,2026-08-31,1666.0,Bearish,39.17,36.11,-6,20,7/10,High,44.26,64.28,3.86,30.83,1712.59,1675.62,1342.25,-6.3489,-0.6702,0.62,55.0,1721.74,-3.24,3.22,0.102,-2.38,0.07,-2.41,-9.89,0.2,55.73,1722.4,1670.0,1706.6,1726.9,1642.9,49.47,46.18,2.15,-1.83,0.26,13.42,6.71,1.83,-2.41,82.58,8,7,29,48.28,-0.16,55.17,0.15,51.72,1.29,41.38,1.22,37.93,2.56,MIXED,57.62,POSITIVE,Liquidity,"Trend, Momentum, Structure",-5.79,-1.35,1569.58,1643.5,1722.4,HIGH,663065484.0,NOT_AVAILABLE,NOT_AVAILABLE,,1397,1378
1399,DIAMINESQ,2026-08-31,241.57,Neutral-Range,39.15,30.17,-2,40,2/10,Low,46.41,10.35,4.28,2.5,244.01,247.58,265.87,0.575,-0.1144,0.21,12.5,256.66,-5.88,3.24,0.208,-0.7,1.22,2.43,0.77,-0.12,43.92,245.99,240.1,243.27,249.9,236.0,43.05,52.58,2.13,-1.87,0.23,25.17,14.3,1.7,-1.8,90.29,7,6,26,57.69,0.5,53.85,0.78,50.0,0.13,30.77,-2.98,34.62,-3.53,MIXED,31.87,NEGATIVE,No strong driver,"Trend, VWAP",-4.28,4.28,231.22,251.92,243.27,HIGH,5066820.0,NOT_AVAILABLE,NOT_AVAILABLE,,1399,1572
1400,SANOFICONR,2026-08-31,4140.2,Bearish,39.14,34.25,-5,25,5/10,Medium,27.03,96.86,2.34,13.33,4318.66,4456.06,4567.49,-15.4719,2.0967,0.95,81.67,4309.96,-3.94,1.7,0.037,-1.74,-1.9,-5.11,-8.8,-0.26,66.56,4301.6,4122.1,4213.7,4301.6,4122.1,45.31,51.3,1.22,-1.11,0.08,10.38,9.38,1.78,-1.75,88.16,7,7,80,43.75,0.2,43.75,0.53,45.0,0.53,45.0,0.62,43.75,0.02,MIXED,51.1,MIXED,No strong driver,"Trend, Momentum, Structure",-3.51,-0.82,3994.91,4106.3,4309.96,MODERATE,14125899.0,NOT_AVAILABLE,NOT_AVAILABLE,,1400,1437
1401,CAPACITE,2026-08-31,214.0,Neutral-Range,39.13,30.71,-2,40,3/10,Low,46.24,7.93,3.71,10.83,217.08,222.02,241.82,1.4522,-0.5827,0.28,8.33,217.74,-1.72,1.98,0.402,-1.53,-3.12,1.0,0.18,-0.24,46.67,224.05,216.5,217.33,231.7,215.0,44.61,50.53,2.28,-1.95,0.2,11.97,8.03,1.98,-2.14,79.32,8,8,22,36.36,0.03,40.91,-0.39,27.27,-1.55,36.36,0.18,40.91,2.28,NEGATIVE,31.79,NEGATIVE,Liquidity,"Trend, Structure, VWAP",-3.71,3.71,206.07,221.93,217.33,HIGH,115385115.0,NOT_AVAILABLE,NOT_AVAILABLE,,1401,1552
1402,AKIKO,2026-08-31,392.4,Neutral-Range,39.12,35.7,1,55,2/10,Low,86.89,20.26,5.16,55.0,295.59,195.61,113.84,11.0063,-5.5034,0.37,33.33,140.85,178.6,8.05,0.941,-4.29,-3.67,8.44,441.24,0.73,62.22,412.0,400.05,410.0,412.95,393.0,47.33,45.8,4.57,-2.47,0.69,31.3,29.39,4.87,-2.96,63.66,10,7,14,35.71,-1.36,28.57,-2.2,35.71,-1.52,14.29,-4.23,14.29,-4.15,NEGATIVE,12.5,NEGATIVE,Trend + VWAP,Delivery,-5.16,5.16,372.14,412.66,410.0,VERY_HIGH,13634092.0,NOT_AVAILABLE,NOT_AVAILABLE,,1402,1391
1403,BLS,2026-08-31,240.56,Neutral-Range,39.04,28.11,-3,35,4/10,Low,40.57,9.93,4.13,55.0,251.38,252.87,276.83,-3.6498,0.1864,0.66,53.33,250.85,-4.1,3.89,0.15,0.64,-0.39,-11.74,-4.06,-0.85,43.09,240.45,237.2,239.03,280.14,233.47,42.89,52.24,2.24,-1.79,0.23,11.32,8.16,2.18,-2.3,79.96,7,9,16,43.75,-0.01,31.25,0.02,56.25,-0.46,31.25,-1.45,18.75,-4.41,MIXED,37.98,NEGATIVE,Liquidity,"Trend, Momentum, VWAP",-4.13,4.13,230.63,250.49,239.03,HIGH,954831607.0,NOT_AVAILABLE,NOT_AVAILABLE,,1403,1622
1404,TITAGARH,2026-08-31,818.1,Bearish,39.01,39.36,-5,25,6/10,Medium,42.95,23.57,2.88,6.67,836.07,837.63,820.78,-1.1844,-0.8906,0.88,72.5,840.47,-2.66,2.27,0.094,-2.07,-2.77,-0.35,-4.77,-0.29,49.31,843.4,826.8,835.35,865.0,823.0,45.13,50.13,2.27,-1.95,0.3,15.13,6.18,2.1,-2.89,75.08,7,10,100,44.0,0.11,46.0,0.06,46.0,0.54,45.0,0.43,44.0,0.9,MIXED,50.73,MIXED,Liquidity,"Trend, Momentum, Structure",-4.32,-1.01,782.75,809.85,843.4,MODERATE,308894737.0,NOT_AVAILABLE,NOT_AVAILABLE,,1404,1239
1405,ZEEL,2026-08-31,93.58,Bearish,38.99,34.29,-5,25,6/10,Medium,38.08,5.76,6.16,100.0,102.07,101.89,99.1,-0.3795,-0.7052,3.02,94.17,99.9,-6.33,14.07,0.282,-7.81,-10.51,-10.77,-4.65,-0.5,19.87,106.24,100.85,101.51,110.63,100.85,46.58,48.95,2.14,-2.22,0.2,12.76,6.97,1.96,-2.99,75.35,10,5,100,48.0,-0.26,43.0,-0.47,49.0,0.42,51.0,-0.25,57.0,1.17,MIXED,50.68,MIXED,Liquidity,"Trend, Momentum, Structure",-9.24,-2.16,84.94,91.56,106.24,VERY_HIGH,3615285224.0,NOT_AVAILABLE,NOT_AVAILABLE,,1405,1434
1406,EBBETF0433,2026-08-31,1307.91,Bearish,38.96,47.9,-7,15,7/10,High,39.35,7.29,0.56,0.83,1314.26,1309.92,1285.22,-1.4379,-0.145,0.27,27.5,1314.76,-0.52,0.52,0.076,-0.28,-0.56,-0.64,-0.86,0.0,82.1,1313.0,1310.98,1311.6,1318.9,1307.14,54.21,41.45,0.17,-0.16,0.11,4.08,0.53,2.28,-2.09,99.62,12,4,100,63.0,0.11,70.0,0.09,65.0,0.12,69.0,0.27,77.0,0.49,STRONG,63.46,POSITIVE,No strong driver,"Trend, Momentum, Structure",-0.84,-0.2,1296.97,1305.36,1314.76,LOW,8903539.0,NOT_AVAILABLE,NOT_AVAILABLE,,1406,855
1407,SSDL,2026-08-31,56.46,Bearish,38.95,32.72,-5,25,6/10,Medium,46.73,2.75,4.87,63.33,57.68,57.25,65.38,-0.5041,-0.0393,0.17,1.67,64.97,-13.09,3.31,0.173,-1.26,-1.74,-8.02,4.44,1.42,57.22,58.67,55.65,57.18,59.64,55.65,42.2,53.95,1.72,-1.74,0.32,24.28,12.14,1.98,-1.9,92.91,6,10,13,30.77,-0.1,38.46,-0.27,53.85,0.43,53.85,-0.96,7.69,-4.29,MIXED,50.58,MIXED,Gap,"Trend, Momentum, Structure",-7.31,-1.71,52.33,55.5,64.97,HIGH,5730304.0,NOT_AVAILABLE,NOT_AVAILABLE,,1407,1498
1408,RAMCOIND,2026-08-31,328.05,Bearish,38.94,36.79,-6,20,7/10,High,41.36,13.82,4.21,29.17,343.9,336.9,311.46,-2.7006,-0.7731,0.1,10.83,372.75,-11.99,2.5,0.035,-2.28,-3.95,-7.19,-1.23,-0.74,50.62,342.8,332.5,335.7,355.0,332.5,46.32,49.21,2.0,-1.67,0.09,10.26,7.89,1.78,-2.05,85.04,7,7,27,48.15,-0.03,55.56,0.74,44.44,0.35,55.56,1.39,51.85,0.14,MIXED,56.96,MIXED,Liquidity,"Trend, Momentum, Structure",-6.32,-1.47,307.32,323.21,372.75,HIGH,512584396.0,NOT_AVAILABLE,NOT_AVAILABLE,,1408,1349
1409,DEEPAKFERT,2026-08-31,1407.0,Bearish,38.91,38.8,-6,20,7/10,High,34.65,47.59,3.38,11.67,1483.83,1497.61,1371.42,-5.6863,-1.8208,1.85,91.67,1517.68,-7.29,2.87,0.065,-2.04,-4.68,-6.37,-10.72,-0.77,54.39,1464.9,1430.0,1436.3,1508.0,1430.0,46.18,49.47,2.27,-1.83,0.1,8.55,7.76,1.96,-2.82,83.51,8,10,100,53.0,0.1,58.0,0.79,58.0,0.88,50.0,0.14,44.0,0.42,POSITIVE,56.88,MIXED,Liquidity,"Trend, Momentum, Structure",-5.07,-1.18,1335.61,1390.34,1517.68,HIGH,544204652.0,NOT_AVAILABLE,NOT_AVAILABLE,,1409,1271
1410,FLAIR,2026-08-31,248.65,Bearish,38.9,34.97,-4,30,4/10,Low,43.17,5.96,2.4,0.83,251.42,259.45,284.51,0.2378,-0.0444,0.2,1.67,251.9,-1.29,1.62,0.244,-0.26,-0.96,-2.53,-1.33,0.0,40.63,251.6,246.65,249.3,252.8,246.65,45.04,50.99,1.74,-1.65,0.23,20.54,9.49,1.69,-2.15,92.51,7,7,100,53.0,0.11,48.0,-0.09,48.0,-0.43,44.0,-0.37,42.0,-0.12,MIXED,44.0,MIXED,No strong driver,"Trend, Momentum, VWAP",-3.6,-0.84,239.71,246.56,251.9,MODERATE,37052797.0,NOT_AVAILABLE,NOT_AVAILABLE,,1410,1411
1411,SBILIFE,2026-08-31,1740.5,Bearish,38.88,36.72,-6,20,7/10,High,32.65,32.51,1.87,1.67,1793.28,1813.79,1851.55,-6.3334,-0.3326,0.92,55.0,1805.0,-3.57,1.25,0.009,-1.17,-1.21,-2.79,-9.11,-0.06,71.72,1782.0,1747.8,1761.1,1801.7,1747.8,46.97,48.42,1.11,-1.0,0.06,4.47,4.21,2.08,-1.76,86.07,7,11,100,51.0,0.21,55.0,0.17,52.0,0.4,56.0,0.6,51.0,0.2,MIXED,56.8,MIXED,Liquidity,"Trend, Momentum, Structure",-2.8,-0.65,1691.73,1729.12,1805.0,LOW,1566788454.0,NOT_AVAILABLE,NOT_AVAILABLE,,1411,1353
1412,CIPLA,2026-08-31,1409.2,Bearish,38.85,45.32,-7,15,8/10,High,41.21,22.94,1.63,1.67,1432.66,1428.23,1409.98,-4.484,-0.1064,1.28,79.17,1443.7,-2.39,1.19,0.093,-1.0,-2.0,-1.56,-4.42,-0.39,73.1,1423.9,1409.1,1423.5,1442.3,1401.1,47.63,47.63,1.06,-1.0,0.09,4.34,4.47,2.27,-1.8,75.86,7,7,100,55.0,0.21,55.0,0.47,54.0,0.59,64.0,1.12,74.0,1.98,MIXED,63.14,POSITIVE,Liquidity,"Trend, Momentum, Volume",-2.44,-0.57,1374.8,1401.17,1443.7,LOW,1102766468.0,NOT_AVAILABLE,NOT_AVAILABLE,,1412,974
1413,63MOONS,2026-08-31,778.85,Neutral-Range,38.79,32.86,0,50,1/10,Low,49.07,38.0,4.88,37.5,787.3,760.56,715.33,-8.5836,1.5653,0.39,28.33,813.99,-4.32,3.23,0.239,0.32,-2.67,-0.18,-13.18,0.0,40.82,789.0,744.95,776.4,822.0,739.1,45.0,50.39,3.02,-2.34,0.4,24.34,12.37,2.61,-2.67,77.15,12,8,32,28.12,-0.56,34.38,-1.51,40.62,-1.96,25.0,-3.91,21.88,-4.76,NEGATIVE,17.97,NEGATIVE,Liquidity,VWAP,-4.88,4.88,740.85,816.85,776.4,HIGH,264437747.0,NOT_AVAILABLE,NOT_AVAILABLE,,1413,1491
1414,BANKBARODA,2026-08-31,238.6,Bearish,38.78,36.96,-7,15,8/10,High,38.55,4.56,1.91,2.5,244.39,250.28,263.76,-0.2837,-0.162,1.31,78.33,245.3,-2.73,2.05,0.152,-1.36,-1.2,-3.22,-3.5,-0.29,57.47,241.9,239.5,241.9,246.12,239.5,47.76,47.63,1.42,-1.36,0.09,7.5,7.11,1.74,-1.88,69.09,7,8,100,56.0,0.44,63.0,0.82,65.0,1.18,48.0,0.92,54.0,1.32,STRONG,62.95,POSITIVE,Liquidity,"Trend, Momentum, Volume",-2.87,-0.67,231.76,237.0,245.3,LOW,1842887585.0,NOT_AVAILABLE,NOT_AVAILABLE,,1414,1340
1415,ARSSBL,2026-08-31,508.75,Neutral-Range,38.77,34.01,-3,35,3/10,Low,45.75,15.61,3.07,17.5,514.82,523.22,531.96,1.8039,-0.8219,0.7,43.33,513.63,-0.95,1.72,0.442,-0.19,-3.32,-0.09,-0.48,0.68,60.73,521.0,508.0,509.7,546.05,508.0,41.6,52.52,2.47,-1.78,0.27,17.65,9.24,2.01,-2.3,76.98,9,8,33,18.18,-0.53,39.39,-0.51,33.33,-0.09,42.42,-0.99,60.61,-0.95,NEGATIVE,37.19,NEGATIVE,No strong driver,"Trend, VWAP, Delivery",-3.07,3.07,493.14,524.36,509.7,HIGH,90486783.0,NOT_AVAILABLE,NOT_AVAILABLE,,1415,1444
1416,KALPATARU,2026-08-31,277.6,Neutral-Range,38.77,31.47,-3,35,4/10,Low,44.76,9.52,3.43,0.83,281.82,289.51,320.38,-0.4234,0.0973,0.38,45.0,282.82,-1.85,2.1,0.294,0.42,-3.24,-1.94,-7.68,0.56,53.19,279.8,274.0,276.45,294.2,272.95,40.2,55.48,1.79,-1.52,0.29,22.26,10.96,2.08,-1.99,89.22,5,8,81,37.04,-0.13,37.04,-0.07,41.98,-0.47,40.74,-1.22,34.57,-2.52,NEGATIVE,37.19,NEGATIVE,Delivery,"Trend, Momentum, VWAP",-3.43,3.43,268.08,287.12,276.45,HIGH,17608512.0,NOT_AVAILABLE,NOT_AVAILABLE,,1415,1531
1417,3MINDIA,2026-08-31,33320.0,Bearish,38.7,40.71,-6,20,7/10,High,38.15,872.6,2.62,36.67,34454.85,34449.05,33490.34,-152.3001,-19.6576,1.87,90.83,34915.91,-4.57,3.75,0.047,-3.18,-1.67,-4.55,-7.33,0.0,58.24,34840.0,34130.0,34415.0,34840.0,33340.0,42.89,52.11,1.4,-1.1,0.24,10.26,4.34,1.69,-1.78,87.84,6,8,100,47.0,0.25,57.0,0.54,48.0,0.43,54.0,0.97,50.0,0.74,MIXED,56.3,MIXED,Liquidity,"Trend, Momentum, Structure",-3.93,-0.92,32011.1,33014.59,34915.91,MODERATE,138857066.0,NOT_AVAILABLE,NOT_AVAILABLE,,1417,1171
1418,ORIENTELEC,2026-08-31,179.83,Bearish,38.7,36.49,-4,30,5/10,Medium,46.93,5.62,3.13,10.0,182.34,180.65,183.51,-0.9739,-0.0963,0.25,20.0,183.57,-2.04,2.5,0.302,-0.19,-2.79,-4.05,2.44,0.18,51.54,181.25,178.51,180.17,187.81,177.14,43.68,51.71,1.72,-1.45,0.16,11.58,6.32,1.76,-2.29,86.06,8,8,17,47.06,0.11,64.71,0.7,52.94,0.45,35.29,-1.06,35.29,-0.21,MIXED,43.44,MIXED,Liquidity,"Trend, Momentum, VWAP",-4.69,-1.09,171.39,177.86,183.57,HIGH,110446804.0,NOT_AVAILABLE,NOT_AVAILABLE,,1417,1368
1419,NELCAST,2026-08-31,118.16,Neutral-Range,38.69,29.39,-3,35,5/10,Medium,44.29,4.24,3.59,1.67,119.54,124.88,126.45,0.5601,0.0882,1.22,84.17,119.36,-1.0,3.02,0.292,-1.41,1.71,1.04,-2.63,-0.63,68.81,121.01,117.31,119.85,121.01,114.1,42.11,53.16,2.43,-1.86,0.36,20.13,8.16,2.03,-2.01,87.01,8,9,100,41.0,0.1,34.0,-0.43,37.0,-0.5,35.0,-0.31,30.0,-1.68,NEGATIVE,36.96,NEGATIVE,Momentum + MACD,"Trend, Volume, VWAP",-3.59,3.59,113.92,122.4,119.85,HIGH,13707964.0,NOT_AVAILABLE,NOT_AVAILABLE,,1419,1592
1420,BATAINDIA,2026-08-31,682.4,Bearish,38.66,39.85,-4,30,5/10,Medium,40.47,18.98,2.78,25.0,702.08,703.41,794.54,-5.9912,0.4377,0.23,12.5,725.02,-5.88,1.54,0.08,0.16,-0.56,-9.99,-3.84,0.59,44.86,684.7,678.1,681.3,709.35,678.1,42.37,53.03,1.15,-1.11,0.13,5.26,4.74,1.95,-2.16,83.08,6,9,14,35.71,-0.24,35.71,-0.15,28.57,-0.9,64.29,-0.15,78.57,0.41,NEGATIVE,43.3,MIXED,Liquidity,"Trend, Momentum, Structure",-4.17,-0.97,653.92,675.76,725.02,MODERATE,517346563.0,NOT_AVAILABLE,NOT_AVAILABLE,,1420,1220
1421,ITC,2026-08-31,255.5,Bearish,38.61,36.86,-5,25,6/10,Medium,24.08,4.69,1.84,68.33,272.46,279.64,314.41,-1.2996,-0.6432,1.95,96.67,273.31,-6.52,4.15,0.0,-3.95,-5.27,-6.43,-10.98,0.0,76.62,269.0,264.8,266.0,273.95,264.8,44.47,50.79,0.84,-0.87,0.08,3.55,3.95,1.84,-1.96,72.09,5,7,100,50.0,0.01,50.0,-0.02,49.0,-0.14,54.0,-0.22,52.0,-0.35,MIXED,49.61,MIXED,Liquidity,"Trend, Momentum, Structure",-2.76,-0.64,248.46,253.86,273.31,LOW,3440225375.0,NOT_AVAILABLE,NOT_AVAILABLE,,1421,1346
1422,CUMMINSIND,2026-08-31,5105.0,Bearish,38.6,39.79,-6,20,7/10,Medium,34.9,118.23,2.32,0.83,5287.56,5386.71,4994.85,-11.6775,-2.3704,0.96,68.33,5305.41,-3.78,1.42,0.043,-1.69,-1.64,-6.33,-8.02,-0.83,72.63,5215.0,5126.0,5193.0,5270.0,5083.0,52.24,43.29,1.46,-1.39,0.1,7.24,6.71,1.92,-2.31,82.34,7,7,11,45.45,-0.07,54.55,1.17,54.55,1.23,45.45,0.27,45.45,-0.93,MIXED,56.0,MIXED,Liquidity,"Trend, Momentum, Structure",-3.47,-0.81,4927.65,5063.62,5305.41,MODERATE,2802875115.0,NOT_AVAILABLE,NOT_AVAILABLE,,1422,1223
1423,TMPV,2026-08-31,308.85,Bearish,38.6,35.01,-6,20,7/10,High,31.62,7.44,2.41,13.33,325.09,335.76,354.11,-1.6252,-0.1378,1.04,70.0,330.5,-6.55,3.15,0.0,-3.3,-1.77,-6.47,-11.58,-0.31,66.9,319.4,313.3,319.4,319.65,310.55,42.99,50.68,1.49,-1.46,0.01,8.6,10.41,2.29,-2.44,64.11,7,9,34,58.82,0.37,52.94,0.09,52.94,-0.02,44.12,1.78,50.0,2.56,MIXED,56.01,MIXED,Liquidity,"Trend, Momentum, Structure",-3.61,-0.84,297.69,306.25,330.5,MODERATE,3171217631.0,NOT_AVAILABLE,NOT_AVAILABLE,,1422,1409
1424,FSL,2026-08-31,264.8,Bearish,38.55,36.5,-5,25,6/10,Medium,43.82,10.02,3.78,10.0,273.56,269.04,273.75,-2.0977,-0.0672,0.25,20.0,290.18,-8.75,3.12,0.04,-1.67,-2.83,-1.1,-18.36,0.04,48.43,272.85,268.0,269.3,278.7,267.55,46.71,48.68,2.14,-1.85,0.14,11.32,8.68,1.73,-2.2,77.11,8,8,20,70.0,0.4,70.0,0.59,55.0,1.28,30.0,-0.11,45.0,-0.92,POSITIVE,49.43,MIXED,Liquidity,"Trend, Momentum, Structure",-5.67,-1.32,249.78,261.29,290.18,HIGH,857342489.0,NOT_AVAILABLE,NOT_AVAILABLE,,1424,1366
1425,JMFINANCIL,2026-08-31,127.99,Neutral-Range,38.52,36.14,-1,45,2/10,Low,50.81,3.78,2.95,5.0,128.09,127.15,131.72,0.1005,-0.2067,0.75,48.33,127.59,0.31,2.54,0.53,-1.01,-1.17,0.06,5.87,-0.61,41.89,132.5,128.6,129.29,133.5,128.01,48.95,46.32,2.15,-2.07,0.16,11.45,8.29,2.03,-2.9,78.28,8,6,9,66.67,1.87,55.56,1.07,66.67,-0.68,11.11,-3.97,11.11,-7.1,MIXED,23.62,NEGATIVE,Liquidity,"Trend, Structure",-2.95,2.95,124.21,131.77,129.29,MODERATE,493480959.0,NOT_AVAILABLE,NOT_AVAILABLE,,1425,1375
1426,SOMICONVEY,2026-08-31,91.27,Bearish,38.52,24.94,-4,30,4/10,Low,46.03,6.03,6.61,95.0,92.85,95.71,109.43,0.352,-0.1258,0.14,5.0,97.01,-5.91,9.12,0.43,-0.34,-6.26,9.84,-2.33,-1.67,58.56,94.49,90.1,91.58,103.99,90.05,43.55,51.45,2.88,-2.2,0.68,40.92,18.29,2.82,-2.74,76.84,7,14,15,40.0,0.91,33.33,-1.76,33.33,-0.11,46.67,0.09,40.0,0.59,NEGATIVE,42.92,NEGATIVE,No strong driver,"Trend, VWAP, Gap",-9.91,-2.31,82.23,89.16,97.01,VERY_HIGH,6249759.0,NOT_AVAILABLE,NOT_AVAILABLE,,1425,1690
1427,INFRAIETF,2026-08-31,94.6,Bearish,38.51,42.91,-7,15,7/10,High,38.46,1.4,1.48,25.0,96.07,96.23,95.46,-0.2253,-0.0372,15.43,100.0,94.89,-0.31,2.13,0.309,-0.2,-1.41,-2.42,-2.99,-2.0,99.27,95.49,94.61,94.79,97.99,94.61,50.65,44.88,0.75,-0.75,0.38,15.58,2.16,1.69,-1.53,91.81,9,6,100,51.0,0.11,59.0,0.5,58.0,0.7,58.0,0.94,59.0,0.93,POSITIVE,62.16,POSITIVE,No strong driver,"Trend, Momentum, Structure",-2.23,-0.52,92.49,94.11,95.49,LOW,81016028.0,NOT_AVAILABLE,NOT_AVAILABLE,,1427,1086
1428,TCI,2026-08-31,868.0,Bearish,38.49,37.37,-7,15,7/10,High,30.86,19.71,2.27,11.67,905.62,918.46,975.2,-3.5261,-1.364,1.55,86.67,914.05,-5.04,4.72,0.057,-2.26,-3.64,-4.37,-5.1,0.0,61.51,901.35,883.15,888.1,916.0,883.15,45.39,50.26,1.47,-1.27,0.2,11.84,6.18,1.85,-2.12,91.94,7,9,100,48.0,0.05,51.0,0.43,53.0,0.9,55.0,1.43,63.0,1.88,MIXED,62.12,POSITIVE,No strong driver,"Trend, Momentum, Structure",-3.41,-0.79,838.43,861.1,914.05,MODERATE,19599562.0,NOT_AVAILABLE,NOT_AVAILABLE,,1428,1324
1429,GVPIL,2026-08-31,627.4,Bearish,38.47,32.21,-6,20,7/10,High,31.34,33.34,5.31,46.67,699.84,747.73,623.38,-4.7346,-0.1971,0.98,56.67,716.76,-12.47,4.5,0.02,-3.88,-3.55,-14.19,-17.23,-0.25,60.06,663.45,650.6,652.7,681.0,637.35,42.91,51.72,3.39,-2.25,0.32,25.29,14.94,2.52,-2.78,78.64,6,8,100,44.0,0.1,47.0,0.39,39.0,0.93,38.0,2.49,42.0,6.38,MIXED,55.63,MIXED,Liquidity,"Trend, Momentum, Structure",-7.97,-1.86,577.39,615.73,716.76,VERY_HIGH,193775449.0,NOT_AVAILABLE,NOT_AVAILABLE,,1429,1506
1430,RPSGVENT,2026-08-31,848.4,Bearish,38.42,39.15,-7,15,7/10,Medium,34.59,24.75,2.92,1.67,879.11,889.03,860.89,-4.1207,-0.0424,1.05,73.33,892.58,-4.95,1.5,0.026,-1.02,-1.73,-4.38,-10.91,-0.13,76.89,864.9,853.0,857.15,879.9,853.0,42.76,52.89,2.44,-1.82,0.1,16.18,10.53,1.67,-2.3,88.11,8,8,17,47.06,0.23,52.94,1.82,47.06,1.27,52.94,1.71,47.06,-0.3,MIXED,61.92,POSITIVE,No strong driver,"Trend, Momentum, Structure",-4.38,-1.02,811.28,839.74,892.58,MODERATE,25861514.0,NOT_AVAILABLE,NOT_AVAILABLE,,1430,1254
1431,CHEMPLASTS,2026-08-31,176.52,Bearish,38.42,27.32,-6,20,6/10,Medium,40.62,7.28,4.12,10.0,182.62,193.0,246.63,0.6456,-0.1134,0.56,49.17,183.0,-3.54,4.08,0.197,-3.37,-1.51,-2.87,-9.98,0.0,58.98,188.5,178.5,182.68,188.5,174.0,43.29,51.84,1.81,-1.71,0.13,13.68,7.89,1.73,-1.98,89.78,6,9,15,46.67,0.66,40.0,0.53,53.33,1.27,53.33,-0.48,13.33,-4.23,MIXED,55.49,MIXED,No strong driver,"Trend, Momentum, Structure",-6.19,-1.44,165.6,173.97,188.5,HIGH,65576075.0,NOT_AVAILABLE,NOT_AVAILABLE,,1430,1634
1432,CELLECOR,2026-08-31,31.5,Bearish,38.4,31.66,-7,15,7/10,High,43.42,2.18,6.92,94.17,33.76,32.29,40.42,-0.6812,-0.0162,0.51,26.67,38.06,-17.23,7.24,0.064,-2.93,-3.82,0.0,-13.22,0.0,84.03,34.0,32.25,32.45,34.85,31.4,45.72,47.54,3.42,-3.2,0.38,38.43,17.67,2.75,-4.04,80.95,8,9,100,46.0,-0.07,44.0,1.09,46.0,1.54,51.0,1.69,54.0,-0.95,MIXED,61.87,POSITIVE,No strong driver,"Trend, Momentum, Structure",-10.38,-2.42,28.23,30.74,38.06,VERY_HIGH,26683282.0,NOT_AVAILABLE,NOT_AVAILABLE,,1432,1523
1433,STERTOOLS,2026-08-31,217.3,Bearish,38.39,32.79,-7,15,7/10,High,35.05,8.38,3.86,0.83,226.85,233.06,250.48,-0.3003,-0.0853,0.4,38.33,233.29,-6.86,3.09,0.047,-1.2,-2.75,-2.07,-14.8,-1.11,,222.0,218.0,219.95,229.9,218.0,41.45,53.82,2.5,-1.98,0.24,16.45,8.29,1.97,-2.42,85.27,7,7,25,44.0,-0.25,52.0,0.42,52.0,1.7,48.0,1.26,52.0,-0.36,MIXED,61.84,POSITIVE,No strong driver,"Trend, Momentum, Structure",-5.79,-1.35,204.72,214.37,233.29,HIGH,6075607.0,NOT_AVAILABLE,NOT_AVAILABLE,,1433,1494
1434,NACLIND,2026-08-31,170.23,Bearish,38.35,31.2,-4,30,4/10,Low,40.41,7.97,4.68,0.83,177.42,182.95,175.9,0.8168,-0.2405,0.74,60.83,175.4,-2.95,3.07,0.256,-0.82,-3.29,-1.86,-4.68,0.29,42.08,175.29,170.12,171.63,185.41,169.97,43.16,51.58,2.99,-2.2,0.32,27.76,14.47,2.19,-2.53,83.61,15,8,23,52.17,0.27,34.78,-0.37,39.13,-0.25,30.43,1.02,30.43,5.67,NEGATIVE,42.43,NEGATIVE,No strong driver,"Trend, Momentum, VWAP",-7.03,-1.64,158.27,167.44,175.4,HIGH,87861212.0,NOT_AVAILABLE,NOT_AVAILABLE,,1434,1541
1435,HINDUNILVR,2026-08-31,1967.4,Bearish,38.31,40.46,-6,20,7/10,Medium,31.14,32.08,1.63,4.17,2043.44,2092.17,2215.04,-4.1422,-2.0624,1.58,91.67,2047.4,-3.91,2.05,0.0,-2.14,-3.08,-4.26,-7.98,-0.46,76.5,2018.0,1997.5,2010.4,2051.9,1997.5,45.79,49.74,0.91,-0.89,0.03,3.29,3.29,1.82,-1.57,78.76,5,8,9,55.56,0.48,66.67,0.51,55.56,-0.45,55.56,0.77,77.78,3.16,MIXED,55.17,MIXED,Liquidity,"Trend, Momentum, Structure",-2.45,-0.57,1919.28,1956.17,2047.4,LOW,2333277669.0,NOT_AVAILABLE,NOT_AVAILABLE,,1435,1181
1436,EMAMILTD,2026-08-31,364.0,Bearish,38.31,33.79,-5,25,6/10,Medium,27.83,11.34,3.12,56.67,396.91,403.88,446.53,-3.4261,-1.5319,2.38,90.83,396.35,-8.16,4.99,0.037,-4.06,-10.26,-10.01,-10.34,0.0,63.23,388.55,378.3,379.4,413.5,378.3,44.21,51.32,1.55,-1.41,0.18,9.34,5.39,1.67,-1.91,86.95,6,9,100,45.0,0.02,50.0,0.41,50.0,0.41,48.0,-0.55,50.0,-0.35,MIXED,48.74,MIXED,Liquidity,"Trend, Momentum, Structure",-4.67,-1.09,346.99,360.03,396.35,HIGH,380302586.0,NOT_AVAILABLE,NOT_AVAILABLE,,1435,1456
1437,TAJGVK,2026-08-31,335.65,Bearish,38.3,32.95,-7,15,7/10,Medium,38.01,9.3,2.77,0.83,347.77,348.24,354.44,-1.5902,-0.22,0.72,60.0,352.73,-4.84,2.09,0.076,-1.28,-5.01,-0.55,-7.65,0.32,58.86,343.95,337.2,340.0,356.0,337.1,43.95,51.71,2.22,-1.72,0.27,13.16,5.13,1.89,-2.57,83.56,6,9,13,23.08,-0.73,46.15,-0.18,61.54,1.18,46.15,1.04,30.77,-1.51,POSITIVE,61.57,POSITIVE,No strong driver,"Trend, Momentum, Structure",-4.16,-0.97,321.7,332.4,352.73,MODERATE,24773280.0,NOT_AVAILABLE,NOT_AVAILABLE,,1437,1487
1438,DCMSHRIRAM,2026-08-31,1016.7,Bearish,38.26,33.25,-6,20,7/10,High,43.52,31.41,3.09,20.83,1035.87,1040.63,1096.43,-1.7006,-1.788,1.22,81.67,1039.47,-2.19,2.25,0.316,-0.55,-5.46,-0.17,-1.27,0.0,52.27,1038.0,1015.1,1022.3,1119.5,1015.1,44.74,50.79,1.67,-1.43,0.06,7.5,9.47,1.99,-2.21,89.18,13,8,100,48.0,0.18,45.0,0.46,46.0,0.58,51.0,0.94,53.0,0.58,MIXED,55.03,MIXED,Liquidity,"Trend, Momentum, Volume",-4.63,-1.08,969.59,1005.71,1039.47,HIGH,118811465.0,NOT_AVAILABLE,NOT_AVAILABLE,,1438,1475
1439,RAMKY,2026-08-31,351.4,Bearish,38.23,34.19,-6,20,6/10,Medium,25.22,11.1,3.16,22.5,378.88,393.87,455.56,-3.7479,-0.6004,1.54,89.17,385.42,-8.83,2.41,0.042,-1.98,-7.6,-9.91,-9.7,-0.53,61.89,364.7,357.2,358.5,401.15,357.2,43.42,51.97,2.25,-1.93,0.2,16.05,10.39,1.87,-1.92,87.23,8,8,14,50.0,1.01,78.57,2.26,57.14,0.44,50.0,0.17,50.0,-0.22,POSITIVE,54.94,MIXED,No strong driver,"Trend, Momentum, Structure",-4.74,-1.11,334.75,347.52,385.42,HIGH,15908591.0,NOT_AVAILABLE,NOT_AVAILABLE,,1439,1439
1440,JASH,2026-08-31,465.55,Bearish,38.22,39.61,-9,5,9/10,High,38.94,15.79,3.39,3.33,485.88,486.85,477.1,-1.0811,-0.7768,1.16,79.17,489.39,-4.87,2.6,0.028,-2.67,-0.88,-3.11,-7.0,-1.02,58.59,488.0,477.1,478.3,492.2,466.35,45.39,50.26,2.21,-1.99,0.19,20.13,11.58,2.14,-2.99,90.39,6,8,100,45.0,0.32,55.0,1.0,54.0,2.07,58.0,3.04,66.0,5.02,MIXED,74.2,STRONG,No strong driver,"Trend, Momentum, Volume",-5.09,-1.19,441.87,460.02,489.39,HIGH,48107833.0,NOT_AVAILABLE,NOT_AVAILABLE,,1440,1227
1441,KIOCL,2026-08-31,381.2,Bearish,38.22,36.02,-5,25,5/10,Medium,48.43,12.0,3.15,4.17,383.91,383.1,376.12,-0.5717,-0.2945,0.54,57.5,389.26,-2.07,1.9,0.179,-1.38,-1.83,-1.79,-3.47,-0.66,40.62,389.15,382.35,386.55,393.0,379.0,42.37,53.03,3.02,-2.24,0.22,15.39,9.34,2.0,-2.4,78.28,8,7,40,45.0,0.0,60.0,1.44,52.5,1.15,40.0,-0.87,35.0,-3.4,MIXED,48.49,MIXED,No strong driver,"Trend, Momentum, Structure",-4.72,-1.1,363.2,377.0,389.26,HIGH,48984817.0,NOT_AVAILABLE,NOT_AVAILABLE,,1440,1381
1442,PSB,2026-08-31,22.89,Bearish,38.17,34.78,-7,15,7/10,Medium,35.2,0.45,1.98,1.67,23.47,23.83,25.83,-0.0208,-0.0201,0.98,68.33,23.51,-2.65,1.9,0.06,-1.08,-1.51,-3.34,-3.66,0.48,66.7,23.34,23.1,23.14,23.87,23.1,44.21,50.66,1.94,-1.83,0.26,15.0,6.97,1.92,-2.8,80.64,6,8,19,47.37,-0.22,57.89,0.83,47.37,0.91,52.63,1.89,52.63,1.99,MIXED,61.2,POSITIVE,No strong driver,"Trend, Momentum, Structure",-2.97,-0.69,22.21,22.73,23.51,LOW,23330306.0,NOT_AVAILABLE,NOT_AVAILABLE,,1442,1418
1443,RALLIS,2026-08-31,207.19,Bearish,38.16,34.66,-5,25,6/10,Medium,33.43,4.37,2.11,3.33,213.32,220.6,246.14,0.1672,-0.2227,3.86,97.5,211.57,-2.07,2.4,0.145,-1.16,-1.95,-2.76,-4.88,-0.25,62.67,212.58,209.0,209.63,214.9,209.0,45.66,50.0,1.84,-1.65,0.08,8.29,7.5,2.01,-2.32,82.46,7,9,100,37.0,-0.2,44.0,-0.25,44.0,-0.0,46.0,0.45,50.0,0.89,MIXED,48.3,MIXED,Liquidity,"Trend, Momentum, Structure",-3.16,-0.74,200.64,205.66,212.58,MODERATE,173470575.0,NOT_AVAILABLE,NOT_AVAILABLE,,1443,1426
1444,RELAXO,2026-08-31,357.85,Bearish,38.11,36.03,-4,30,5/10,Medium,33.02,13.96,3.9,17.5,381.81,382.45,376.38,-5.0169,0.5359,1.12,83.33,398.79,-10.27,3.49,0.091,0.31,-5.22,-8.53,-12.44,0.0,41.84,360.75,352.6,356.75,379.15,352.6,39.74,55.79,1.49,-1.24,0.09,6.45,5.13,1.75,-2.26,83.36,8,10,100,43.0,0.1,49.0,0.2,42.0,-0.17,45.0,-0.76,35.0,-1.34,NEGATIVE,41.73,NEGATIVE,Liquidity,"Trend, Momentum, Structure",-5.85,-1.37,336.91,352.96,398.79,HIGH,111566096.0,NOT_AVAILABLE,NOT_AVAILABLE,,1444,1380
1445,PHANTOMFX,2026-08-31,119.0,Bearish,38.11,27.19,-6,20,6/10,Medium,33.9,9.28,7.8,91.67,134.74,154.15,195.76,-0.3867,0.3972,0.46,24.17,132.32,-10.07,3.02,0.09,-1.41,-1.49,-2.78,-28.72,-0.58,96.72,122.5,115.15,120.7,130.5,115.15,42.64,52.09,2.9,-2.69,0.21,27.13,15.97,2.46,-3.06,82.78,6,9,24,58.33,0.21,58.33,0.45,54.17,-0.52,45.83,1.67,50.0,0.97,MIXED,54.6,MIXED,No strong driver,"Trend, Momentum, Structure",-11.69,-2.73,105.09,115.75,132.32,VERY_HIGH,5279510.0,NOT_AVAILABLE,NOT_AVAILABLE,,1444,1638
1446,CENTUM,2026-08-31,3445.5,Neutral-Range,38.08,32.0,0,50,2/10,Low,45.77,144.25,4.19,19.17,3492.8,3510.41,3072.07,-13.3247,8.4037,0.93,65.83,3504.78,-1.69,4.91,0.267,0.08,2.56,2.47,-6.28,1.08,45.63,3456.1,3399.9,3442.8,3486.5,3255.1,45.39,50.13,2.64,-2.07,0.2,19.08,10.66,2.0,-2.66,91.32,7,7,12,75.0,1.14,50.0,1.0,25.0,-1.73,33.33,-3.14,25.0,-4.81,NEGATIVE,15.94,NEGATIVE,Gap + Liquidity,"Trend, VWAP",-4.19,4.19,3301.25,3589.75,3442.8,HIGH,207735943.0,NOT_AVAILABLE,NOT_AVAILABLE,,1446,1511
1447,SONATSOFTW,2026-08-31,292.05,Bearish,38.07,34.96,-5,25,6/10,Medium,42.28,13.57,4.65,51.67,307.04,302.19,307.43,-3.7095,-0.0406,0.9,81.67,318.23,-8.23,5.25,0.056,-4.12,-4.79,-8.85,-15.56,0.0,38.82,305.45,289.7,304.6,310.45,288.05,43.95,51.45,2.12,-2.03,0.17,14.87,6.45,1.76,-3.71,82.11,8,9,100,37.0,-0.17,45.0,0.01,48.0,0.24,47.0,-0.29,40.0,-1.42,MIXED,48.05,MIXED,Liquidity,"Trend, Momentum, Structure",-6.97,-1.63,271.69,287.3,318.23,HIGH,360452528.0,NOT_AVAILABLE,NOT_AVAILABLE,,1447,1412
1448,SCHAEFFLER,2026-08-31,4014.8,Bearish,38.05,41.7,-6,20,7/10,Medium,43.93,86.44,2.15,0.83,4054.53,4080.78,4027.83,-2.3679,-0.1359,0.83,55.0,4058.45,-1.08,1.96,0.216,-0.46,-0.14,-0.35,-1.34,-0.38,56.06,4081.0,4015.0,4033.4,4084.0,3975.1,47.89,47.76,1.5,-1.41,0.15,10.53,6.97,1.58,-2.04,88.38,9,8,13,53.85,-0.17,15.38,-0.71,38.46,0.12,61.54,0.99,61.54,2.76,MIXED,54.44,MIXED,Liquidity,"Trend, Momentum, Structure",-3.23,-0.75,3885.14,3984.55,4081.0,MODERATE,253638428.0,NOT_AVAILABLE,NOT_AVAILABLE,,1448,1138
1449,ALLTIME,2026-08-31,199.69,Bearish,38.04,32.21,-6,20,6/10,Medium,29.0,7.38,3.7,10.83,211.37,221.01,237.78,-0.3829,-0.125,0.91,74.17,211.15,-5.43,2.22,0.089,-2.01,-0.79,-6.31,-10.03,-0.4,62.15,209.17,202.31,203.79,209.84,197.13,38.29,56.88,2.48,-1.83,0.1,14.87,14.13,2.28,-1.78,79.59,4,6,42,40.48,0.73,57.14,1.36,47.62,0.62,47.62,0.9,47.62,0.73,MIXED,54.41,MIXED,No strong driver,"Trend, Momentum, Structure",-5.54,-1.29,188.62,197.11,211.15,HIGH,17262330.0,NOT_AVAILABLE,NOT_AVAILABLE,,1449,1506
1450,KAVDEFENCE,2026-08-31,56.2,Bearish,38.04,29.23,-6,20,6/10,Medium,41.56,2.7,4.8,32.5,57.71,59.04,64.28,0.0724,-0.1121,0.77,40.0,58.03,-3.15,3.64,0.245,-1.78,-1.61,-0.72,-3.96,-0.38,58.09,58.11,56.73,57.22,62.09,56.7,43.65,51.79,3.47,-2.66,0.16,34.2,31.6,3.05,-2.72,52.18,12,16,90,50.0,0.36,48.89,1.2,51.11,1.43,44.44,0.06,40.0,-0.4,MIXED,54.4,MIXED,No strong driver,"Trend, Momentum, Structure",-7.2,-1.68,52.15,55.26,58.11,HIGH,6947837.0,NOT_AVAILABLE,NOT_AVAILABLE,,1449,1599
1451,ATULAUTO,2026-08-31,486.7,Neutral-Range,37.93,34.59,-2,40,4/10,Low,44.85,15.7,3.22,14.17,495.18,493.98,477.68,-3.06,0.7948,0.3,30.0,531.21,-8.38,2.64,0.079,0.69,0.27,-2.27,-13.61,0.01,53.28,485.8,479.05,483.35,491.9,479.05,41.05,54.21,2.25,-1.68,0.32,16.71,7.76,2.13,-2.12,84.12,6,9,25,28.0,-0.34,40.0,-0.84,36.0,-1.27,28.0,-0.99,36.0,-0.53,NEGATIVE,28.36,NEGATIVE,Delivery + Liquidity,"Trend, Momentum, VWAP",-3.22,3.22,471.0,502.4,483.35,HIGH,142421503.0,NOT_AVAILABLE,NOT_AVAILABLE,,1451,1428
1452,ULTRACEMCO,2026-08-31,11450.0,Bearish,37.92,37.23,-6,20,7/10,High,40.92,191.56,1.67,4.17,11669.3,11679.33,11720.69,-23.147,-6.5575,1.67,94.17,11710.53,-2.22,1.25,0.064,-1.2,-0.47,-1.98,-5.01,-0.34,75.4,11746.0,11523.0,11589.0,11820.0,11445.0,48.95,46.58,1.09,-1.05,0.07,5.79,4.74,1.8,-1.7,72.8,8,8,85,50.59,-0.02,52.94,-0.24,51.76,-0.27,58.82,0.36,55.29,0.74,MIXED,54.06,MIXED,Liquidity,"Trend, Momentum, Structure",-2.51,-0.59,11162.66,11382.95,11746.0,LOW,2664281176.0,NOT_AVAILABLE,NOT_AVAILABLE,,1452,1330
1453,EQUAL50ADD,2026-08-31,343.91,Bearish,37.88,44.77,-7,15,7/10,High,43.83,3.7,1.08,16.67,346.44,344.4,337.84,-0.6917,-0.07,0.39,52.5,348.2,-1.23,1.04,0.235,-0.58,-0.27,-1.17,-2.28,-0.01,54.94,347.12,344.75,345.92,348.25,343.82,50.61,45.09,0.63,-0.64,0.22,13.04,3.83,1.68,-2.3,88.65,11,7,100,49.0,-0.01,51.0,0.11,57.0,0.11,66.0,0.47,68.0,0.33,POSITIVE,60.37,POSITIVE,No strong driver,"Trend, Momentum, Structure",-1.61,-0.38,338.36,342.62,348.2,LOW,7674064.0,NOT_AVAILABLE,NOT_AVAILABLE,,1453,997
1454,RPPINFRA,2026-08-31,55.62,Neutral-Range,37.81,27.06,-3,35,4/10,Low,38.23,2.55,4.58,15.83,58.02,60.92,78.5,-0.126,0.0039,0.19,7.5,58.32,-4.64,4.46,0.226,3.33,-3.74,-4.68,-7.19,0.0,54.07,57.9,53.6,53.83,60.2,53.6,41.45,53.42,2.85,-2.17,0.46,33.95,16.71,2.32,-2.31,72.15,7,9,43,25.58,-0.66,44.19,-0.47,37.21,-0.93,37.21,-0.72,27.91,-2.79,NEGATIVE,34.45,NEGATIVE,Delivery,"Trend, Momentum, VWAP",-4.58,4.58,53.07,58.17,53.83,HIGH,22396816.0,NOT_AVAILABLE,NOT_AVAILABLE,,1454,1640
1455,BHARATSE,2026-08-31,224.25,Neutral-Range,37.8,35.2,-2,40,2/10,Low,47.91,10.5,4.68,9.17,227.77,221.19,191.12,-1.869,0.1331,0.27,19.17,235.18,-4.65,3.07,0.146,-0.96,-0.87,-5.95,0.4,0.0,48.01,227.77,220.15,226.43,231.5,220.0,46.32,50.14,3.13,-2.23,0.4,29.43,14.71,2.29,-2.21,84.84,7,9,10,30.0,-1.65,20.0,-1.35,40.0,-1.04,20.0,-0.96,60.0,0.72,NEGATIVE,28.0,NEGATIVE,No strong driver,"Structure, VWAP",-4.68,4.68,213.75,234.75,226.43,HIGH,95976487.0,NOT_AVAILABLE,NOT_AVAILABLE,,1455,1404
1456,KPITTECH,2026-08-31,585.0,Bearish,37.79,34.52,-6,20,7/10,High,43.64,18.34,3.14,4.17,598.9,620.5,798.29,-0.543,-0.5258,1.37,85.0,609.13,-3.96,4.1,0.126,-4.0,0.33,-3.94,-5.53,0.0,44.79,613.45,589.4,609.4,613.45,577.0,45.0,50.39,1.76,-1.69,0.17,11.97,8.03,1.85,-2.27,78.47,7,8,100,49.0,0.05,45.0,0.13,57.0,0.31,54.0,-0.35,50.0,-0.88,POSITIVE,53.69,MIXED,Liquidity,"Trend, Momentum, Volume",-4.7,-1.1,557.48,578.58,613.45,HIGH,1031377319.0,NOT_AVAILABLE,NOT_AVAILABLE,,1456,1429
1457,VTL,2026-08-31,572.05,Bearish,37.78,39.92,-6,20,7/10,High,33.03,16.35,2.86,5.0,598.8,607.08,562.04,-0.6898,-1.5706,2.23,93.33,596.52,-4.1,4.72,0.105,-3.49,-4.59,-5.49,-2.77,-0.09,71.29,598.45,587.5,592.75,609.0,587.5,46.58,48.68,1.74,-1.51,0.2,11.84,5.53,1.88,-2.16,85.15,6,6,100,49.0,0.1,53.0,0.3,52.0,0.19,54.0,0.2,43.0,-0.15,MIXED,53.66,MIXED,Liquidity,"Trend, Momentum, Structure",-4.29,-1.0,547.52,566.33,598.45,MODERATE,113096739.0,NOT_AVAILABLE,NOT_AVAILABLE,,1457,1216
1458,MARICO,2026-08-31,820.0,Bearish,37.77,41.11,-6,20,7/10,High,35.03,15.32,1.87,5.83,846.18,844.6,798.16,-4.2929,-0.5377,2.5,96.67,848.12,-3.32,2.41,0.0,-1.16,-3.08,-3.76,-6.92,0.04,73.82,840.7,826.45,829.65,850.0,825.8,47.76,47.63,1.06,-0.95,0.1,5.13,4.21,1.92,-1.8,84.17,8,6,100,52.0,0.11,56.0,0.22,53.0,0.12,52.0,0.35,53.0,0.66,MIXED,53.63,MIXED,Liquidity,"Trend, Momentum, Structure",-2.8,-0.65,797.01,814.64,848.12,LOW,1348317671.0,NOT_AVAILABLE,NOT_AVAILABLE,,1458,1159
1459,REGAAL,2026-08-31,89.02,Bearish,37.75,33.09,-5,25,5/10,Medium,49.32,4.53,5.09,51.67,90.62,86.59,84.88,-0.4855,-0.412,1.56,87.5,94.96,-6.25,7.21,0.342,-3.77,-6.31,-1.59,3.55,0.0,69.5,94.2,92.3,92.51,99.5,92.25,42.48,52.63,2.59,-2.27,0.21,19.55,12.78,2.12,-2.15,86.66,6,7,100,45.0,-0.14,40.0,0.69,35.0,1.07,40.0,0.4,47.0,2.57,MIXED,47.13,MIXED,No strong driver,"Momentum, Structure, VWAP",-7.63,-1.78,82.23,87.44,94.96,VERY_HIGH,41194947.0,NOT_AVAILABLE,NOT_AVAILABLE,,1459,1484
1460,LIQUID,2026-08-31,999.99,Neutral-Range,37.75,19.92,0,50,1/10,Low,48.15,0.24,0.02,60.83,999.99,999.99,999.99,0.0,-0.0,0.13,2.5,999.99,0.0,0.0,0.75,0.0,0.0,0.0,0.0,0.0,52.73,1000.0,999.99,999.99,1000.0,999.99,1.58,1.58,0.0,-0.0,-0.0,0.13,0.13,2.5,-2.5,100.0,1,1,78,0.0,0.0,0.0,0.0,0.0,0.0,0.0,0.0,1.28,0.0,MIXED,15.0,NEGATIVE,Liquidity,Trend,-0.02,0.02,999.75,1000.23,999.99,LOW,348470915.0,NOT_AVAILABLE,NOT_AVAILABLE,,1459,1757
1461,TRANSRAILL,2026-08-31,437.9,Bearish,37.72,33.87,-5,25,6/10,Medium,29.59,11.32,2.59,20.0,466.89,482.87,530.69,-1.4951,-1.0683,3.81,100.0,464.25,-5.68,4.04,0.033,-3.28,-7.29,-5.8,-12.46,0.06,63.47,458.95,452.05,452.75,478.8,452.05,45.31,51.64,2.27,-2.02,0.27,15.49,10.09,2.45,-2.47,73.93,7,12,93,47.31,0.1,48.39,-0.19,43.01,-0.22,45.16,0.52,47.31,1.64,NEGATIVE,47.06,MIXED,Liquidity,"Trend, Momentum, Structure",-3.88,-0.9,420.92,433.94,464.25,MODERATE,173768931.0,NOT_AVAILABLE,NOT_AVAILABLE,,1461,1449
1462,EXIDEIND,2026-08-31,440.25,Bearish,37.71,32.92,-4,30,5/10,Medium,42.89,13.29,3.02,19.17,453.87,438.11,391.53,-5.7393,0.1932,0.75,49.17,468.51,-6.03,1.79,0.083,-0.98,-2.88,-7.45,-1.0,-0.15,52.58,457.9,437.75,444.6,461.45,435.15,45.13,50.13,1.63,-1.29,0.13,8.68,5.39,1.68,-2.32,83.48,7,7,15,53.33,-0.07,40.0,1.27,53.33,1.09,26.67,-1.69,20.0,-1.99,MIXED,40.6,NEGATIVE,Liquidity,"Momentum, Structure, VWAP",-4.53,-1.06,420.31,435.6,468.51,HIGH,1605954629.0,NOT_AVAILABLE,NOT_AVAILABLE,,1462,1490
1463,PANACEABIO,2026-08-31,387.1,Bearish,37.7,32.55,-6,20,6/10,Medium,33.04,18.24,4.71,1.67,411.81,438.5,421.57,1.9594,-0.5946,0.67,45.0,408.39,-5.21,3.22,0.06,-2.12,-4.7,-6.31,-8.58,-0.09,55.54,409.0,393.2,395.5,413.25,390.0,44.61,50.92,2.95,-2.25,0.31,21.58,12.37,2.2,-2.34,86.22,8,8,25,40.0,-0.13,40.0,-0.29,36.0,0.2,44.0,2.41,44.0,4.13,MIXED,53.44,MIXED,No strong driver,"Trend, Momentum, Structure",-7.07,-1.65,359.74,380.72,409.0,HIGH,61720268.0,NOT_AVAILABLE,NOT_AVAILABLE,,1463,1500
1464,MONIFTY500,2026-08-31,23.96,Bearish,37.69,39.36,-4,30,4/10,Low,46.83,0.6,2.52,62.5,24.06,23.88,23.48,-0.0338,-0.007,0.74,60.0,24.13,-0.72,1.49,0.355,-0.62,-0.25,-1.28,-0.95,0.58,87.84,24.69,23.48,24.11,24.75,23.46,53.22,40.35,0.59,-0.66,0.8,34.05,3.89,2.02,-2.14,96.06,12,7,9,33.33,-0.04,44.44,-0.25,44.44,-0.7,44.44,-0.69,44.44,-0.94,NEGATIVE,40.55,NEGATIVE,No strong driver,"Momentum, VWAP, MACD",-3.78,-0.88,23.05,23.75,24.69,MODERATE,12463274.0,NOT_AVAILABLE,NOT_AVAILABLE,,1464,1239
1465,NBCC,2026-08-31,86.2,Bearish,37.67,31.81,-4,30,5/10,Medium,29.54,1.93,2.24,3.33,90.37,93.9,98.39,-0.0543,-0.076,0.88,52.5,90.8,-5.07,1.83,0.053,-1.49,-2.69,-3.96,-9.74,-0.46,44.34,89.28,87.15,87.5,90.5,87.15,43.16,51.97,2.58,-1.95,0.22,14.74,8.42,2.26,-2.9,73.62,9,8,14,42.86,0.16,64.29,1.16,28.57,-1.14,50.0,0.64,35.71,1.45,NEGATIVE,40.5,NEGATIVE,Liquidity,"Trend, Momentum, Structure",-3.36,-0.78,83.31,85.52,90.8,MODERATE,530617765.0,NOT_AVAILABLE,NOT_AVAILABLE,,1465,1517
1466,STYRENIX,2026-08-31,2002.2,Bearish,37.61,28.77,-4,30,5/10,Medium,23.14,69.82,3.49,40.0,2151.21,2225.21,2235.74,-17.0488,1.4772,0.47,21.67,2314.58,-13.5,2.79,0.055,-0.92,-3.57,-8.22,-19.5,-0.68,52.65,2065.3,2009.3,2020.8,2117.7,2009.3,43.68,51.97,1.94,-1.43,0.15,14.08,8.16,1.9,-2.28,87.06,9,10,15,73.33,0.79,46.67,0.31,40.0,-0.39,40.0,-0.28,26.67,-2.75,NEGATIVE,40.32,NEGATIVE,Liquidity,"Trend, Momentum, Structure",-5.23,-1.22,1897.46,1977.76,2314.58,HIGH,199896307.0,NOT_AVAILABLE,NOT_AVAILABLE,,1466,1608
1467,OILIETF,2026-08-31,11.22,Bearish,37.58,37.84,-7,15,7/10,High,40.11,0.15,1.36,0.83,11.33,11.35,11.5,-0.0194,-0.002,0.67,45.0,11.37,-1.28,0.8,0.185,-0.09,-0.97,-1.75,-2.01,0.09,69.17,11.29,11.21,11.23,11.42,11.21,45.54,47.21,0.85,-0.86,0.69,25.84,3.16,2.22,-2.57,96.02,6,7,89,49.44,0.12,49.44,0.22,57.3,0.33,59.55,0.57,60.67,0.61,POSITIVE,59.5,POSITIVE,No strong driver,"Trend, Momentum, Structure",-2.05,-0.48,10.99,11.17,11.37,LOW,26034992.0,NOT_AVAILABLE,NOT_AVAILABLE,,1467,1305
1468,ENDURANCE,2026-08-31,2871.2,Bearish,37.55,39.02,-4,30,5/10,Medium,46.55,75.52,2.63,3.33,2926.71,2826.71,2639.31,-19.3101,-6.168,0.73,32.5,2955.56,-2.85,2.86,0.376,-1.98,-3.92,-3.59,3.0,-0.01,65.97,2985.0,2913.6,2929.2,3059.0,2913.6,46.18,49.47,1.64,-1.34,0.17,8.95,6.18,1.93,-1.99,85.21,8,8,16,25.0,-0.62,50.0,-0.24,37.5,-1.27,50.0,-0.1,43.75,0.27,NEGATIVE,40.14,NEGATIVE,Liquidity,"Momentum, Structure, VWAP",-3.95,-0.92,2757.92,2844.77,2985.0,MODERATE,461349329.0,NOT_AVAILABLE,NOT_AVAILABLE,,1468,1259
1469,TVSSCS,2026-08-31,127.09,Neutral-Range,37.37,33.47,-3,35,4/10,Low,45.86,5.29,4.16,50.83,129.43,129.84,123.97,0.6332,-0.2856,0.15,1.67,132.41,-4.02,3.37,0.325,-3.4,-4.44,4.62,-7.17,-0.62,52.67,133.66,130.3,131.56,141.0,120.9,42.24,52.89,1.93,-1.63,0.22,12.5,7.24,2.02,-1.84,83.25,6,9,35,45.71,0.24,48.57,-0.14,45.71,-0.33,40.0,-2.62,28.57,-2.06,MIXED,33.2,NEGATIVE,Liquidity,"Trend, Structure, VWAP",-4.16,4.16,121.8,132.38,131.56,HIGH,424994852.0,NOT_AVAILABLE,NOT_AVAILABLE,,1469,1467
1470,MCLOUD,2026-08-31,26.65,Bearish,37.33,36.79,-6,20,7/10,High,38.09,1.45,5.43,78.33,28.56,28.41,33.09,-0.2543,-0.0937,0.69,40.0,28.96,-7.98,4.19,0.092,-2.99,-9.91,-0.45,-8.83,0.04,62.15,28.09,27.1,27.47,30.84,27.1,41.92,54.29,3.07,-2.69,0.33,25.51,11.87,2.22,-2.6,87.75,11,8,100,43.0,-0.55,43.0,-0.72,49.0,0.04,58.0,-0.06,50.0,-1.4,MIXED,52.37,MIXED,Liquidity,"Trend, Momentum, Structure",-8.14,-1.9,24.48,26.14,28.96,VERY_HIGH,101833743.0,NOT_AVAILABLE,NOT_AVAILABLE,,1470,1349
1471,INTELLECT,2026-08-31,680.95,Neutral-Range,37.32,31.6,-2,40,5/10,Medium,36.61,18.74,2.75,0.83,698.05,716.01,777.05,-0.7506,0.5156,1.28,82.5,703.57,-3.22,2.05,0.085,0.18,-0.95,-2.08,-9.07,0.73,52.69,689.6,677.0,679.7,703.05,674.65,45.66,49.47,2.03,-1.81,0.15,10.13,8.29,1.75,-2.19,82.18,8,9,100,37.0,-0.28,41.0,-0.54,37.0,-1.23,31.0,-1.81,34.0,-2.23,NEGATIVE,26.64,NEGATIVE,Volume + Delivery + Liquidity,"Trend, Momentum, Structure",-2.75,2.75,662.21,699.69,679.7,MODERATE,193112663.0,NOT_AVAILABLE,NOT_AVAILABLE,,1471,1527
1472,SETFNIF50,2026-08-31,259.76,Bearish,37.31,43.06,-7,15,8/10,High,43.82,4.32,1.66,46.67,261.29,260.28,260.88,-0.4146,-0.0328,1.22,80.0,261.99,-0.85,1.22,0.164,-0.28,-0.42,-1.13,-1.82,-1.0,72.59,260.9,259.4,260.49,268.09,259.4,50.66,44.61,0.55,-0.56,0.4,15.79,4.08,2.21,-2.02,94.37,13,8,100,42.0,-0.04,55.0,0.1,56.0,0.1,63.0,0.42,61.0,0.35,POSITIVE,58.73,POSITIVE,Liquidity,"Trend, Momentum, Volume",-2.49,-0.58,253.29,258.25,261.99,LOW,186205354.0,NOT_AVAILABLE,NOT_AVAILABLE,,1472,1071
1473,LOWVOL1,2026-08-31,21.13,Bearish,37.31,42.4,-7,15,7/10,High,42.74,0.31,1.46,0.83,21.36,21.24,20.99,-0.0534,-0.0055,0.2,13.33,21.44,-1.44,0.66,0.025,-0.75,-0.98,-1.54,-3.34,-0.28,81.55,21.37,21.17,21.29,21.46,21.13,48.09,44.75,0.65,-0.64,0.18,21.34,13.38,2.1,-2.08,98.26,9,6,100,47.0,0.02,56.0,0.25,61.0,0.21,60.0,0.14,54.0,-0.03,POSITIVE,58.75,POSITIVE,No strong driver,"Trend, Momentum, Structure",-2.19,-0.51,20.67,21.02,21.44,LOW,10575523.0,NOT_AVAILABLE,NOT_AVAILABLE,,1472,1101
1474,HBLENGINE,2026-08-31,657.35,Bearish,37.3,30.26,-7,15,8/10,High,35.82,20.63,3.14,20.83,691.99,720.42,749.97,-0.6456,-1.0961,0.85,55.0,697.11,-5.7,2.53,0.047,-2.48,-4.86,-2.56,-11.07,-1.34,52.58,677.9,665.75,674.1,706.0,662.9,49.3,47.21,2.2,-2.19,0.03,9.53,10.47,2.69,-2.98,71.35,10,7,52,55.77,0.83,63.46,1.91,44.23,1.04,46.15,1.98,46.15,3.34,MIXED,58.71,POSITIVE,Liquidity,"Trend, Momentum, Structure",-4.71,-1.1,626.41,650.13,697.11,HIGH,645193733.0,NOT_AVAILABLE,NOT_AVAILABLE,,1474,1568
1475,KITEX,2026-08-31,127.22,Neutral-Range,37.24,33.29,-2,40,4/10,Low,34.02,4.52,3.55,37.5,132.51,141.6,169.21,0.3588,0.1148,0.44,17.5,131.93,-3.57,2.35,0.157,-0.92,0.05,-1.23,-13.07,-0.25,44.14,130.6,127.05,128.4,134.95,125.23,46.58,48.95,2.82,-2.58,0.26,27.89,13.16,2.48,-3.88,74.08,7,13,100,42.0,-0.51,43.0,-0.96,40.0,-1.28,40.0,-2.87,50.0,-0.25,NEGATIVE,26.4,NEGATIVE,Momentum + MACD,"Trend, Structure, VWAP",-3.55,3.55,122.7,131.74,128.4,HIGH,85517358.0,NOT_AVAILABLE,NOT_AVAILABLE,,1475,1473
1476,SAMHI,2026-08-31,156.36,Neutral-Range,37.2,27.41,-3,35,5/10,Medium,34.21,4.45,2.85,0.83,162.61,166.16,170.06,-0.5941,0.1105,0.48,22.5,166.01,-5.81,1.56,0.074,0.22,-2.02,-1.91,-13.94,0.27,59.49,160.0,155.0,156.01,161.37,155.0,44.71,50.53,2.05,-1.73,0.35,17.86,7.54,2.05,-2.17,86.61,5,7,13,38.46,-1.1,23.08,-1.4,38.46,0.78,23.08,-1.74,15.38,-2.79,MIXED,32.7,NEGATIVE,Delivery + Liquidity,"Trend, Momentum, Structure",-2.85,2.85,151.91,160.81,156.01,MODERATE,146028411.0,NOT_AVAILABLE,NOT_AVAILABLE,,1476,1631
1477,PFIZER,2026-08-31,4684.4,Bearish,37.19,39.19,-6,20,7/10,High,41.69,107.99,2.31,36.67,4807.81,4757.58,4791.8,-35.1691,-2.9758,0.19,0.83,4901.36,-4.43,1.26,0.024,-0.41,-4.04,-3.0,-4.68,0.03,60.67,4778.4,4690.1,4703.8,5020.0,4690.1,46.32,49.34,1.19,-1.05,0.16,8.03,4.61,1.78,-1.96,86.37,14,10,22,50.0,-0.05,50.0,-0.36,50.0,-0.42,50.0,0.91,45.45,0.22,MIXED,51.96,MIXED,Liquidity,"Trend, Momentum, Structure",-3.46,-0.81,4522.42,4646.6,4901.36,MODERATE,272576356.0,NOT_AVAILABLE,NOT_AVAILABLE,,1477,1251
1478,CANFINHOME,2026-08-31,795.3,Bearish,37.16,36.0,-7,15,8/10,High,38.58,19.45,2.45,15.83,817.77,834.06,846.07,-0.2654,-0.8942,1.93,90.0,815.55,-2.48,3.24,0.11,-2.48,-1.83,-2.34,-2.66,-1.29,60.78,819.25,804.4,815.5,831.3,794.7,48.68,46.58,1.38,-1.4,0.19,7.76,4.74,1.62,-1.81,84.72,7,9,100,48.0,0.13,54.0,0.43,60.0,0.72,49.0,0.57,56.0,1.29,POSITIVE,58.31,POSITIVE,Liquidity,"Trend, Momentum, Structure",-3.67,-0.86,766.13,788.49,819.25,MODERATE,164115473.0,NOT_AVAILABLE,NOT_AVAILABLE,,1478,1384
1479,JKIL,2026-08-31,490.15,Bearish,37.13,39.65,-7,15,7/10,High,44.09,11.82,2.41,6.67,498.39,496.35,527.06,-0.8417,-0.8437,0.84,69.17,499.04,-1.78,3.33,0.391,-2.02,-2.87,-3.83,1.02,0.45,70.01,506.9,497.0,500.25,507.85,495.0,45.26,50.39,1.89,-1.59,0.28,13.03,5.39,2.15,-2.03,83.22,7,6,100,52.0,0.13,53.0,0.48,50.0,0.48,54.0,1.23,51.0,1.77,MIXED,58.24,POSITIVE,No strong driver,"Trend, Momentum, Structure",-3.62,-0.84,472.41,486.01,506.9,MODERATE,50209782.0,NOT_AVAILABLE,NOT_AVAILABLE,,1479,1226
1480,GULPOLY,2026-08-31,190.53,Bearish,37.12,33.34,-4,30,5/10,Medium,47.22,7.95,4.18,7.5,192.86,192.21,178.4,-0.1623,-0.136,0.25,11.67,200.45,-4.95,2.71,0.206,-1.14,-1.56,-0.8,-4.02,-0.02,49.52,195.48,191.0,192.73,202.2,190.12,42.5,53.03,2.32,-1.83,0.34,16.05,7.5,2.43,-2.01,83.14,7,6,40,45.0,-0.06,50.0,0.22,42.5,-0.4,45.0,-1.28,32.5,-2.48,NEGATIVE,38.91,NEGATIVE,Liquidity,"Trend, Momentum, Structure",-6.26,-1.46,178.6,187.75,200.45,HIGH,119617126.0,NOT_AVAILABLE,NOT_AVAILABLE,,1480,1471
1481,ECOSMOBLTY,2026-08-31,114.13,Neutral-Range,37.11,26.96,-1,45,4/10,Low,37.26,4.69,4.11,0.83,118.16,124.71,156.63,-0.1632,0.3277,1.78,85.0,117.72,-3.05,3.5,0.23,0.65,2.67,-2.44,-15.58,1.42,56.01,114.9,112.8,113.39,115.0,109.82,39.76,56.5,2.79,-2.33,0.28,21.65,10.04,1.91,-2.35,88.92,6,16,100,31.0,-0.39,29.0,-1.25,30.0,-1.73,30.0,-2.37,32.0,-3.44,NEGATIVE,19.6,NEGATIVE,Volume + Gap + Delivery,"Trend, Momentum, VWAP",-4.11,4.11,109.44,118.82,113.39,HIGH,9008712.0,NOT_AVAILABLE,NOT_AVAILABLE,,1481,1644
1482,PACEDIGITK,2026-08-31,171.64,Bearish,37.1,30.23,-6,20,7/10,High,32.54,5.73,3.34,3.33,182.33,188.06,189.91,-0.0656,-0.3348,0.71,50.83,184.19,-6.81,3.04,0.028,-2.56,-5.03,-2.73,-14.86,-0.31,55.63,180.71,175.5,176.15,184.88,175.5,43.83,50.64,2.13,-1.98,0.43,20.85,11.49,2.29,-1.93,77.84,7,6,58,39.66,0.17,50.0,0.76,46.55,0.23,41.38,1.25,43.1,0.85,MIXED,51.7,MIXED,Liquidity,"Trend, Momentum, Structure",-5.01,-1.17,163.04,169.63,184.19,HIGH,181609907.0,NOT_AVAILABLE,NOT_AVAILABLE,,1482,1570
1483,LIKHITHA,2026-08-31,207.48,Bearish,36.99,30.16,-7,15,7/10,Medium,38.43,10.0,4.82,21.67,215.97,222.41,218.33,-0.1169,-0.0023,0.62,32.5,218.86,-5.2,2.88,0.057,-0.67,-1.66,0.39,-8.24,-0.28,51.64,212.0,208.2,208.88,221.99,207.1,42.37,53.16,2.21,-1.78,0.19,17.11,9.34,1.97,-2.58,86.64,8,10,14,57.14,0.04,42.86,0.31,50.0,0.41,57.14,0.92,7.14,-2.26,MIXED,57.82,POSITIVE,No strong driver,"Trend, Momentum, Structure",-7.23,-1.69,192.48,203.98,218.86,HIGH,11136502.0,NOT_AVAILABLE,NOT_AVAILABLE,,1483,1573
1484,STEELXIND,2026-08-31,10.58,Bearish,36.97,33.69,-5,25,5/10,Medium,38.19,0.42,3.98,5.0,10.89,11.18,10.37,0.0217,-0.0046,0.45,23.33,10.82,-2.21,2.35,0.323,-0.66,-2.94,-3.11,-7.19,-0.75,52.25,10.75,10.5,10.65,11.2,10.5,39.21,51.97,2.49,-1.8,0.46,24.34,5.66,2.17,-2.87,87.31,8,11,100,33.0,-0.23,42.0,-0.58,43.0,-0.1,38.0,0.49,33.0,-0.65,NEGATIVE,44.91,MIXED,No strong driver,"Trend, Momentum, VWAP",-5.97,-1.39,9.95,10.43,10.82,HIGH,20162600.0,NOT_AVAILABLE,NOT_AVAILABLE,,1484,1461
1485,PFC,2026-08-31,336.3,Bearish,36.88,33.71,-6,20,7/10,Medium,15.67,8.28,2.46,30.0,374.01,395.03,408.46,-2.7127,-0.8072,1.45,87.5,375.1,-10.34,4.55,0.0,-4.46,-7.61,-10.18,-20.21,0.0,68.01,356.0,350.2,352.0,369.15,350.2,48.16,47.24,1.8,-1.72,0.15,10.79,8.03,1.93,-2.26,70.5,13,7,14,50.0,0.99,64.29,1.26,42.86,1.1,50.0,-0.2,50.0,1.07,MIXED,51.1,MIXED,Liquidity,"Trend, Momentum, Volume",-3.7,-0.86,323.87,333.4,375.1,MODERATE,3428005677.0,NOT_AVAILABLE,NOT_AVAILABLE,,1485,1459
1486,PROSTARM,2026-08-31,136.18,Neutral-Range,36.88,32.76,0,50,1/10,Low,51.24,5.52,4.06,34.17,135.62,135.83,145.41,-0.4075,0.0949,0.6,36.67,140.44,-3.03,4.43,0.269,0.64,-1.45,0.16,0.23,-0.52,45.31,136.4,131.64,135.31,140.49,131.64,43.61,52.34,2.9,-2.26,0.26,17.45,10.28,2.39,-2.98,88.75,5,9,14,50.0,0.15,35.71,-1.74,21.43,-3.6,28.57,-4.76,42.86,-4.67,NEGATIVE,12.5,NEGATIVE,Trend,VWAP,-4.06,4.06,130.66,141.7,135.31,HIGH,38312378.0,NOT_AVAILABLE,NOT_AVAILABLE,,1485,1495
1487,HARIOMPIPE,2026-08-31,345.3,Bearish,36.88,30.44,-6,20,6/10,Medium,35.66,11.69,3.39,6.67,361.3,373.54,380.72,-1.0337,0.4304,0.83,57.5,368.28,-6.24,3.01,0.08,-1.96,-0.79,-0.33,-14.25,0.09,55.63,354.4,342.15,352.2,356.0,339.75,43.03,52.5,2.34,-1.97,0.34,21.45,9.08,1.99,-2.29,84.65,7,9,12,50.0,-0.14,50.0,1.02,66.67,0.61,41.67,-1.07,25.0,-1.54,STRONG,51.08,MIXED,No strong driver,"Trend, Momentum, Structure",-5.08,-1.19,327.76,341.21,368.28,HIGH,44873668.0,NOT_AVAILABLE,NOT_AVAILABLE,,1485,1561
1488,MEDIASSIST,2026-08-31,329.2,Bearish,36.86,35.2,-7,15,7/10,Medium,33.48,11.86,3.6,25.0,347.49,353.35,387.23,-2.2225,-0.5568,0.49,27.5,349.52,-5.81,2.22,0.033,-1.38,-7.8,-4.16,-8.81,0.36,55.84,340.0,331.25,333.8,367.0,331.25,43.35,52.62,2.02,-1.71,0.33,19.58,6.73,2.03,-2.25,87.8,7,12,8,50.0,0.24,75.0,2.01,62.5,0.84,50.0,-0.07,62.5,0.62,POSITIVE,57.45,POSITIVE,No strong driver,"Trend, Momentum, Structure",-5.4,-1.26,311.42,325.05,349.52,HIGH,78152793.0,NOT_AVAILABLE,NOT_AVAILABLE,,1488,1404
1489,HDFCNIFTY,2026-08-31,271.86,Bearish,36.82,41.65,-7,15,7/10,High,44.59,4.98,1.83,10.0,273.4,272.32,273.0,-0.43,-0.0376,1.64,85.0,274.11,-0.82,0.62,0.082,-0.22,-0.44,-1.1,-1.4,-0.5,62.91,273.18,271.76,272.45,280.61,271.76,51.71,43.68,0.55,-0.58,0.49,17.5,3.82,2.16,-2.33,93.55,13,8,100,48.0,0.0,51.0,0.11,55.0,0.09,60.0,0.43,56.0,0.34,POSITIVE,57.33,POSITIVE,No strong driver,"Trend, Momentum, Structure",-2.75,-0.64,264.4,270.12,274.11,LOW,48489771.0,NOT_AVAILABLE,NOT_AVAILABLE,,1489,1140
1490,TCL,2026-08-31,130.5,Neutral-Range,36.76,30.64,-3,35,4/10,Low,52.23,8.19,6.27,96.67,131.24,121.34,108.35,-0.7971,-0.6211,0.32,21.67,134.39,-2.89,3.77,0.468,-1.73,-6.79,-7.81,13.82,-0.6,74.07,137.0,130.0,132.8,145.0,130.0,43.9,49.6,2.95,-2.59,0.22,31.22,23.14,2.76,-2.79,76.28,5,7,100,43.0,-0.42,41.0,-0.43,38.0,-1.11,43.0,-1.86,44.0,-0.37,NEGATIVE,31.47,NEGATIVE,RSI,"Momentum, VWAP, MACD",-6.27,6.27,122.31,138.69,132.8,VERY_HIGH,9175968.0,NOT_AVAILABLE,NOT_AVAILABLE,,1490,1554
1491,HIMATSEIDE,2026-08-31,69.5,Bearish,36.75,31.03,-8,10,8/10,Medium,30.77,2.39,3.44,9.17,74.07,78.04,92.51,-0.0026,-0.077,1.3,70.83,74.0,-6.08,3.23,0.046,-2.54,-5.12,-1.42,-14.19,-0.42,61.08,72.25,70.66,71.31,74.99,70.66,44.74,50.66,2.28,-2.12,0.35,15.13,8.03,2.13,-2.18,79.43,10,8,16,50.0,0.41,56.25,0.8,43.75,0.1,56.25,3.29,50.0,3.65,MIXED,63.56,POSITIVE,No strong driver,"Trend, Momentum, Volume",-5.17,-1.21,65.91,68.66,74.0,HIGH,39488105.0,NOT_AVAILABLE,NOT_AVAILABLE,,1491,1545
1492,SUMEETINDS,2026-08-31,12.28,Neutral-Range,36.71,22.92,-1,45,4/10,Low,17.8,0.87,7.07,84.17,15.64,20.78,29.97,0.3022,0.0294,0.2,14.17,14.3,-14.12,4.5,0.009,-3.15,-6.83,-12.78,-42.02,0.0,80.42,13.15,12.6,12.68,13.68,12.6,45.65,48.22,8.1,-3.22,2.48,43.48,28.46,8.09,-3.69,56.83,21,18,100,33.0,-0.75,34.0,-2.07,33.0,-2.63,34.0,-3.44,26.0,-5.32,NEGATIVE,18.45,NEGATIVE,Momentum + MACD + Liquidity,"Trend, Structure, VWAP",-7.07,7.07,11.41,13.15,12.68,VERY_HIGH,110041034.0,NOT_AVAILABLE,NOT_AVAILABLE,,1492,1715
1493,SPANDANA,2026-08-31,240.95,Bearish,36.7,35.57,-6,20,6/10,Medium,39.29,8.64,3.58,0.83,249.05,257.13,259.66,0.7112,-0.016,0.36,16.67,249.27,-3.34,1.72,0.169,-1.37,-0.02,-2.65,-8.17,-0.12,58.19,246.2,241.0,244.3,254.3,238.3,41.71,53.55,2.23,-1.95,0.27,18.68,8.03,2.02,-2.94,86.01,6,9,47,36.17,-0.46,36.17,-1.37,40.43,-0.96,57.45,1.29,74.47,1.47,NEGATIVE,50.58,MIXED,No strong driver,"Trend, Momentum, Structure",-5.38,-1.25,228.0,237.93,249.27,HIGH,41327292.0,NOT_AVAILABLE,NOT_AVAILABLE,,1493,1396
1494,TARC,2026-08-31,118.44,Bearish,36.69,31.75,-4,30,5/10,Medium,37.01,4.36,3.68,11.67,123.23,125.76,136.1,-0.9003,0.1383,0.66,45.0,124.45,-4.83,3.67,0.092,0.46,-3.34,-4.76,-12.72,2.54,48.34,120.0,117.31,117.9,125.48,117.1,43.16,52.37,2.6,-1.99,0.32,20.26,12.24,2.29,-2.24,86.47,7,8,25,48.0,0.24,36.0,-0.22,44.0,-1.04,40.0,-0.64,48.0,-0.26,NEGATIVE,37.68,NEGATIVE,Gap,"Trend, Momentum, Structure",-5.52,-1.29,111.9,116.92,124.45,HIGH,63460735.0,NOT_AVAILABLE,NOT_AVAILABLE,,1494,1519
1495,GMBREW,2026-08-31,877.25,Bearish,36.68,33.48,-7,15,7/10,High,38.8,17.26,1.97,10.83,891.94,906.18,931.41,0.675,-0.6829,1.62,89.17,889.46,-1.37,3.46,0.392,-1.48,-0.07,-1.58,-2.11,-1.06,53.54,895.95,886.55,890.4,899.85,873.0,44.74,50.92,1.97,-1.58,0.22,16.05,7.5,1.7,-2.23,87.49,7,10,86,50.0,0.11,53.49,0.74,54.65,0.96,47.67,0.57,45.35,0.85,MIXED,56.93,MIXED,No strong driver,"Trend, Momentum, Structure",-2.95,-0.69,851.36,871.21,895.95,LOW,19054954.0,NOT_AVAILABLE,NOT_AVAILABLE,,1495,1466
1496,ICICIB22,2026-08-31,113.78,Bearish,36.62,37.04,-8,10,8/10,High,35.01,1.93,1.69,5.83,115.41,116.54,117.44,-0.1123,-0.0552,0.71,39.17,115.78,-1.73,2.45,0.134,-0.55,-1.2,-1.67,-2.42,-1.43,61.59,115.0,114.28,114.41,117.4,114.28,53.42,42.11,0.75,-0.81,1.0,46.84,6.71,2.09,-1.96,99.02,11,6,97,58.76,0.28,58.76,0.57,59.79,0.7,58.76,0.98,61.86,1.28,POSITIVE,63.21,POSITIVE,No strong driver,"Trend, Momentum, Structure",-2.54,-0.59,110.89,113.11,115.78,LOW,39859749.0,NOT_AVAILABLE,NOT_AVAILABLE,,1496,1337
1497,HNGSNGBEES,2026-08-31,470.43,Bearish,36.56,36.5,-7,15,7/10,High,37.16,9.66,2.05,5.0,479.16,485.16,492.88,-1.1564,-0.0432,0.84,45.83,480.78,-2.15,1.2,0.164,-0.59,-0.85,-2.91,-5.28,0.0,68.66,478.7,471.95,473.21,487.75,464.95,48.95,46.32,1.34,-1.22,0.5,29.61,7.11,1.94,-2.67,86.68,9,6,82,50.0,0.0,56.1,0.18,54.88,0.12,57.32,0.46,58.54,1.15,MIXED,56.59,MIXED,No strong driver,"Trend, Momentum, Structure",-3.08,-0.72,455.94,467.05,480.78,MODERATE,49013999.0,NOT_AVAILABLE,NOT_AVAILABLE,,1497,1366
1498,KIRLPNU,2026-08-31,714.6,Bearish,36.53,25.69,-4,30,5/10,Medium,15.0,65.48,9.16,92.5,1025.08,1304.01,1357.7,-29.9557,10.076,0.85,63.33,1073.57,-33.44,2.35,0.003,-1.2,-2.06,-53.43,-51.17,0.1,53.32,737.9,717.3,723.3,750.0,714.2,45.66,50.0,2.26,-1.88,0.2,19.21,8.95,1.74,-2.83,89.42,7,6,100,43.0,-0.03,47.0,-0.75,49.0,-0.72,43.0,-1.77,40.0,-1.78,MIXED,37.24,NEGATIVE,Liquidity,"Trend, Momentum, Structure",-13.75,-3.21,616.38,691.68,1073.57,VERY_HIGH,147573322.0,NOT_AVAILABLE,NOT_AVAILABLE,,1498,1674
1499,SAMMAANCAP,2026-08-31,146.31,Bearish,36.51,33.08,-4,30,5/10,Medium,33.42,4.8,3.28,17.5,153.34,158.47,155.35,-0.6514,0.0899,0.79,58.33,154.65,-5.39,2.39,0.096,0.35,-2.07,-4.58,-9.17,-0.36,48.61,148.74,145.1,145.8,153.35,145.1,44.4,52.05,2.21,-1.86,0.2,10.26,6.53,1.92,-2.2,75.04,6,10,20,30.0,-0.88,30.0,-1.16,40.0,-0.85,35.0,-0.17,30.0,-2.83,NEGATIVE,37.17,NEGATIVE,Liquidity,"Trend, Momentum, Structure",-4.92,-1.15,139.11,144.63,154.65,HIGH,1309185633.0,NOT_AVAILABLE,NOT_AVAILABLE,,1499,1485
1500,RAJOOENG,2026-08-31,48.09,Bearish,36.51,30.69,-5,25,5/10,Medium,29.92,1.76,3.65,13.33,50.34,51.83,63.09,-0.1761,-0.0611,2.63,96.67,50.29,-4.38,8.42,0.207,-2.39,-3.69,-4.15,-8.31,0.08,,50.0,49.1,49.27,50.93,49.01,36.11,59.88,2.47,-1.94,0.3,24.69,12.65,2.22,-2.68,87.15,4,11,82,39.02,-0.15,43.9,-0.26,37.8,-0.54,46.34,0.33,46.34,0.17,NEGATIVE,43.61,MIXED,No strong driver,"Trend, Momentum, Structure",-5.48,-1.28,45.46,47.48,50.29,HIGH,6732529.0,NOT_AVAILABLE,NOT_AVAILABLE,,1499,1553
1501,SATKARTAR,2026-08-31,125.4,Bearish,36.5,33.17,-6,20,6/10,Low,40.09,10.45,8.33,91.67,134.06,147.09,157.03,3.0023,-0.5722,1.65,82.5,125.55,-0.12,12.3,0.319,-9.78,3.34,2.79,-5.93,-1.37,51.14,142.0,136.65,139.0,154.0,116.05,41.89,52.83,4.04,-3.08,0.35,36.23,23.4,3.31,-3.65,71.16,5,7,6,66.67,2.07,83.33,6.42,66.67,6.96,83.33,8.0,50.0,3.81,INSUFFICIENT,50.0,INSUFFICIENT,No strong driver,"Trend, Momentum, Structure",-12.5,-2.92,109.72,121.74,142.0,VERY_HIGH,5343606.0,NOT_AVAILABLE,NOT_AVAILABLE,,1501,1480
1502,VISAKAIND,2026-08-31,88.53,Bearish,36.49,33.21,-4,30,5/10,Medium,46.52,4.17,4.71,90.0,91.18,86.54,76.92,-1.2247,-0.1178,0.23,12.5,98.37,-10.0,3.9,0.334,-1.25,-4.3,-3.77,1.77,-0.5,58.2,93.5,89.0,89.65,95.44,89.0,43.29,51.84,2.31,-1.85,0.31,20.13,8.82,1.98,-2.55,85.34,8,14,19,47.37,0.04,52.63,0.23,42.11,-0.42,36.84,-0.96,42.11,-1.26,NEGATIVE,37.11,NEGATIVE,Liquidity,"Momentum, Structure, VWAP",-7.07,-1.65,82.27,87.07,98.37,HIGH,124056771.0,NOT_AVAILABLE,NOT_AVAILABLE,,1502,1479
1503,SALZERELEC,2026-08-31,546.4,Bearish,36.49,29.75,-7,15,7/10,Medium,33.02,16.68,3.05,2.5,568.79,588.83,650.38,-1.5119,-0.2412,0.59,30.0,575.65,-5.08,2.92,0.098,-1.12,-4.05,-4.19,-7.59,0.1,51.45,555.0,541.55,552.6,574.45,541.55,43.95,51.32,2.68,-2.09,0.32,20.39,8.42,2.13,-2.92,84.01,7,9,17,52.94,1.34,52.94,0.95,58.82,1.19,41.18,0.41,35.29,-0.35,POSITIVE,56.4,MIXED,No strong driver,"Trend, Momentum, Structure",-4.58,-1.07,521.37,540.56,575.65,HIGH,38086034.0,NOT_AVAILABLE,NOT_AVAILABLE,,1502,1585
1504,SHOPERSTOP,2026-08-31,383.85,Bearish,36.48,36.67,-4,30,5/10,Medium,40.72,16.06,4.18,25.83,400.97,389.82,387.62,-6.6972,0.3185,0.47,48.33,411.69,-6.76,3.76,0.185,0.26,-5.63,-11.16,-4.83,-0.82,52.52,385.85,372.85,382.85,424.4,371.45,45.39,50.0,1.62,-1.59,-0.02,11.05,8.82,1.69,-2.49,92.1,9,11,17,47.06,-0.29,52.94,-0.51,47.06,-0.67,41.18,-1.53,58.82,-1.36,MIXED,37.08,NEGATIVE,Delivery,"Trend, Momentum, Structure",-6.28,-1.46,359.76,378.23,411.69,HIGH,19523345.0,NOT_AVAILABLE,NOT_AVAILABLE,,1504,1356
1505,ESCORTS,2026-08-31,2995.0,Bearish,36.36,40.79,-7,15,8/10,High,43.59,61.2,2.04,10.0,3048.82,3023.19,3163.97,-17.1888,-1.1955,1.44,87.5,3071.52,-2.49,1.35,0.133,-0.68,-3.3,-4.42,-4.48,-0.18,63.68,3056.2,2974.0,3015.5,3108.4,2967.7,47.11,48.42,1.42,-1.36,0.15,6.32,3.95,1.9,-2.37,73.97,6,7,100,47.0,-0.05,51.0,0.33,51.0,0.6,55.0,0.38,60.0,0.97,MIXED,56.02,MIXED,Liquidity,"Trend, Momentum, Volume",-3.07,-0.72,2903.19,2973.58,3071.52,MODERATE,218597041.0,NOT_AVAILABLE,NOT_AVAILABLE,,1505,1167
1506,PVRINOX,2026-08-31,1207.7,Neutral-Range,36.34,34.69,-1,45,4/10,Low,60.19,37.9,3.14,71.67,1189.45,1121.32,1055.75,-3.8856,-2.5022,0.89,57.5,1208.24,-0.04,3.85,0.503,-1.08,-1.96,1.32,5.81,0.58,55.52,1242.8,1215.1,1220.9,1284.5,1215.1,44.74,50.66,1.46,-1.35,0.21,9.74,4.47,1.73,-1.6,86.33,6,7,24,41.67,0.08,33.33,-0.69,25.0,-1.81,20.83,-1.6,16.67,-3.01,NEGATIVE,17.4,NEGATIVE,Trend + RSI + Liquidity,"Momentum, Structure, MACD",-3.14,3.14,1169.8,1245.6,1220.9,HIGH,504789614.0,NOT_AVAILABLE,NOT_AVAILABLE,,1506,1425
1507,LEMERITE,2026-08-31,21.24,Neutral-Range,36.25,29.14,-3,35,3/10,Low,26.35,1.47,6.9,45.0,22.88,49.01,219.04,0.7013,-0.0903,0.58,38.33,23.01,-7.7,7.11,0.238,1.29,-5.43,-8.65,-8.68,-0.33,30.57,22.49,20.8,20.97,23.58,20.8,45.52,48.22,2.37,-2.14,0.63,43.82,14.89,2.68,-4.2,86.57,9,10,17,35.29,-6.33,47.06,-5.57,58.82,-4.81,41.18,-3.43,52.94,-5.03,MIXED,30.0,NEGATIVE,No strong driver,"Trend, Momentum, VWAP",-6.9,6.9,19.77,22.71,20.97,VERY_HIGH,7058326.0,NOT_AVAILABLE,NOT_AVAILABLE,,1507,1601
1508,RAYMONDLSL,2026-08-31,662.75,Bearish,36.24,26.51,-5,25,6/10,Medium,28.66,23.0,3.47,26.67,716.76,734.76,863.97,-6.1505,-2.0535,1.71,85.83,724.88,-8.57,4.8,0.025,-4.14,-7.59,-13.04,-8.88,0.0,51.86,704.0,688.4,691.35,730.2,688.4,38.86,57.79,2.35,-2.01,0.15,14.0,9.27,2.06,-2.31,78.36,6,9,9,22.22,-0.12,22.22,0.27,55.56,0.91,33.33,-1.73,11.11,-4.9,POSITIVE,42.83,NEGATIVE,Liquidity,"Trend, Momentum, Structure",-5.21,-1.21,628.25,654.7,724.88,HIGH,119747072.0,NOT_AVAILABLE,NOT_AVAILABLE,,1508,1657
1509,LATENTVIEW,2026-08-31,269.8,Bearish,36.2,33.44,-6,20,7/10,High,34.92,9.28,3.44,4.17,283.84,292.03,332.15,-1.0151,-0.2023,4.14,95.83,281.81,-4.26,3.79,0.06,-3.51,-3.12,-5.5,-9.42,-0.46,63.85,284.6,275.2,279.6,292.0,270.5,43.55,51.84,1.88,-1.64,0.17,13.29,6.18,1.67,-2.52,85.1,6,9,100,45.0,0.02,50.0,0.17,51.0,-0.17,51.0,-0.22,56.0,-0.12,MIXED,49.14,MIXED,Liquidity,"Trend, Momentum, Structure",-5.16,-1.2,255.88,266.55,284.6,HIGH,152700986.0,NOT_AVAILABLE,NOT_AVAILABLE,,1509,1469
1510,FINOPB,2026-08-31,139.38,Bearish,36.14,29.83,-6,20,6/10,Medium,35.59,6.02,4.32,0.83,149.5,150.87,176.9,-1.5541,-0.0143,0.4,44.17,153.63,-9.28,2.61,0.033,-1.55,-5.77,-5.15,-14.1,0.3,43.05,144.19,141.0,141.57,151.82,141.0,41.84,53.42,2.57,-2.13,0.29,17.76,7.11,1.97,-2.43,86.33,8,8,13,30.77,-1.32,61.54,0.98,61.54,1.08,46.15,-2.01,38.46,-4.76,POSITIVE,48.97,MIXED,No strong driver,"Trend, Momentum, Structure",-6.47,-1.51,130.36,137.27,153.63,HIGH,52742193.0,NOT_AVAILABLE,NOT_AVAILABLE,,1510,1581
1511,KPIGREEN,2026-08-31,304.6,Bearish,36.14,28.79,-4,30,5/10,Medium,25.98,11.16,3.67,35.83,331.49,361.12,413.53,0.6352,-0.2238,0.45,17.5,333.3,-8.61,3.48,0.039,-3.07,-5.15,0.49,-20.02,-0.06,55.0,319.4,311.55,314.25,323.65,311.55,43.16,52.5,2.67,-2.28,0.38,26.45,10.13,2.65,-4.19,77.07,8,9,26,38.46,-0.49,34.62,-0.11,50.0,-0.17,34.62,-1.96,26.92,-2.8,MIXED,36.1,NEGATIVE,Liquidity,"Trend, Momentum, Structure",-5.5,-1.28,287.85,300.69,333.3,HIGH,550257409.0,NOT_AVAILABLE,NOT_AVAILABLE,,1510,1607
1512,DEEPAKNTR,2026-08-31,1749.4,Neutral-Range,36.09,38.13,-2,40,5/10,Medium,53.02,49.35,2.82,1.67,1741.85,1710.33,1693.36,-2.9337,-0.8602,0.42,12.5,1755.41,-0.34,2.02,0.353,-0.77,1.1,-1.75,2.08,-1.02,53.13,1787.9,1752.8,1762.9,1800.9,1707.2,47.76,47.89,1.38,-1.4,0.08,5.92,5.79,2.07,-2.38,83.51,8,10,50,44.0,-0.32,34.0,-0.66,34.0,-1.3,30.0,-2.27,16.0,-2.98,NEGATIVE,23.12,NEGATIVE,Trend + RSI + Liquidity,"Momentum, Structure, MACD",-2.82,2.82,1700.05,1798.75,1762.9,MODERATE,1039242227.0,NOT_AVAILABLE,NOT_AVAILABLE,,1512,1299
1513,BHARATWIRE,2026-08-31,181.71,Bearish,36.05,36.25,-7,15,7/10,High,36.62,6.34,3.49,1.67,190.47,197.22,196.33,-0.1277,-0.2542,1.01,79.17,192.38,-5.55,3.35,0.026,-2.82,-2.69,-5.81,-10.39,0.15,51.18,188.94,185.64,186.99,191.24,184.24,40.13,55.0,2.78,-2.02,0.15,19.87,12.24,1.76,-2.15,83.48,5,9,100,46.0,0.01,52.0,0.38,54.0,0.73,49.0,0.29,45.0,0.74,MIXED,55.13,MIXED,No strong driver,"Trend, Momentum, Structure",-5.23,-1.22,172.2,179.49,192.38,HIGH,26282830.0,NOT_AVAILABLE,NOT_AVAILABLE,,1513,1371
1514,REPCOHOME,2026-08-31,363.0,Neutral-Range,36.05,30.78,-2,40,4/10,Low,43.13,10.23,2.82,1.67,367.44,379.39,390.54,1.5482,0.2193,0.34,13.33,365.92,-0.8,1.75,0.311,-0.68,3.51,3.83,-5.95,-0.05,66.57,368.8,362.75,365.5,372.0,349.5,43.03,52.24,1.93,-1.56,0.23,13.68,7.11,1.94,-2.06,88.32,7,8,10,50.0,0.23,40.0,-0.07,40.0,-1.61,40.0,-4.63,20.0,-5.81,NEGATIVE,23.0,NEGATIVE,Momentum + MACD,"Trend, VWAP, RSI",-2.82,2.82,352.77,373.23,365.5,MODERATE,45776946.0,NOT_AVAILABLE,NOT_AVAILABLE,,1513,1550
1515,ACC,2026-08-31,1276.5,Bearish,36.04,36.12,-6,20,7/10,Medium,35.83,24.73,1.94,7.5,1320.74,1342.3,1485.01,-2.2431,-1.5891,1.92,95.83,1334.97,-4.38,2.6,0.045,-2.29,-1.88,-3.05,-8.69,-0.18,63.49,1314.0,1303.0,1306.4,1338.1,1291.0,46.32,49.34,1.13,-1.16,0.2,5.79,3.03,1.92,-2.12,77.93,9,10,11,18.18,-0.43,45.45,-0.1,63.64,-0.31,45.45,-0.81,54.55,-1.4,MIXED,48.7,MIXED,Liquidity,"Trend, Momentum, Structure",-2.91,-0.68,1239.41,1267.85,1334.97,LOW,190695133.0,NOT_AVAILABLE,NOT_AVAILABLE,,1515,1376
1516,FAIRCHEMOR,2026-08-31,675.0,Bearish,36.01,41.97,-4,30,4/10,Low,41.34,18.31,2.71,0.83,695.66,695.82,679.68,-3.6301,1.5074,0.75,64.17,716.86,-5.84,1.03,0.206,-0.74,0.75,-1.8,-16.97,-0.74,,680.0,663.25,680.0,680.0,655.0,43.29,52.24,2.08,-1.79,0.15,17.89,11.32,1.84,-2.23,85.04,7,8,12,16.67,-0.91,50.0,-0.81,41.67,-1.22,41.67,-0.89,75.0,0.97,NEGATIVE,35.73,NEGATIVE,No strong driver,"Trend, Momentum, VWAP",-4.07,-0.95,647.54,668.59,716.86,MODERATE,5810313.0,NOT_AVAILABLE,NOT_AVAILABLE,,1516,1118
1517,JARO,2026-08-31,459.55,Neutral-Range,36.01,25.11,-1,45,2/10,Low,47.98,17.35,3.77,7.5,459.68,474.23,514.43,4.0077,-0.4027,1.03,74.17,454.97,1.01,3.06,0.573,-2.23,3.22,2.33,-2.75,0.49,35.17,477.75,464.2,470.05,477.75,442.05,39.5,55.04,2.78,-2.26,0.3,19.33,8.82,2.04,-2.37,79.94,5,8,21,33.33,0.06,33.33,-0.11,28.57,-0.74,9.52,-2.23,28.57,-1.07,NEGATIVE,16.45,NEGATIVE,VWAP,"Trend, Structure",-3.77,3.77,442.2,476.9,470.05,HIGH,54834903.0,NOT_AVAILABLE,NOT_AVAILABLE,,1516,1686
1518,FINPIPE,2026-08-31,157.72,Bearish,35.95,31.2,-6,20,6/10,Medium,39.9,3.66,2.32,8.33,161.7,165.03,175.08,0.0936,-0.2093,1.43,86.67,163.05,-3.27,3.61,0.061,-1.77,-4.71,-1.03,-4.87,0.87,46.4,162.0,160.1,160.56,166.5,160.1,43.95,51.58,1.72,-1.51,0.14,7.76,6.84,2.11,-2.39,83.25,7,10,100,47.0,0.05,50.0,-0.13,52.0,0.15,41.0,0.07,34.0,-1.04,MIXED,48.43,MIXED,No strong driver,"Trend, Momentum, Volume",-3.48,-0.81,152.23,156.44,163.05,MODERATE,88023116.0,NOT_AVAILABLE,NOT_AVAILABLE,,1518,1541
1519,TATACONSUM,2026-08-31,1037.5,Bearish,35.94,35.74,-7,15,8/10,High,38.01,20.12,1.94,0.83,1064.3,1085.82,1113.75,-2.5683,-0.0142,1.3,86.67,1070.6,-3.09,1.64,0.116,-0.31,-2.35,-3.27,-6.53,-0.41,75.55,1047.0,1030.4,1040.7,1063.5,1030.4,47.5,47.76,1.11,-1.04,0.03,4.34,4.87,1.84,-2.15,83.66,10,6,100,55.0,0.12,50.0,0.03,50.0,0.13,56.0,0.55,61.0,1.3,MIXED,54.82,MIXED,Liquidity,"Trend, Momentum, Volume",-2.91,-0.68,1007.32,1030.46,1070.6,LOW,1387429380.0,NOT_AVAILABLE,NOT_AVAILABLE,,1519,1389
1520,ASTEC,2026-08-31,560.7,Bearish,35.91,28.25,-6,20,6/10,Medium,25.56,25.2,4.5,23.33,603.36,640.97,689.27,0.2887,-1.4596,1.45,83.33,598.4,-6.3,4.99,0.119,-3.57,-5.4,-3.46,-10.76,0.0,61.62,593.95,572.0,581.45,610.0,572.0,39.47,56.18,2.35,-1.78,0.12,12.89,9.61,1.82,-2.1,90.27,6,7,100,45.0,0.4,43.0,0.7,44.0,0.86,45.0,-0.32,46.0,-0.33,MIXED,48.31,MIXED,No strong driver,"Trend, Momentum, Volume",-6.74,-1.57,522.89,551.88,598.4,HIGH,21516113.0,NOT_AVAILABLE,NOT_AVAILABLE,,1520,1620
1521,MATRIMONY,2026-08-31,518.7,Neutral-Range,35.89,38.81,0,50,3/10,Low,59.86,20.65,3.98,51.67,508.72,475.54,466.05,-4.8755,-0.3451,0.1,4.17,525.4,-1.28,3.57,0.682,0.72,-0.53,-4.48,20.36,-0.15,53.06,519.05,511.5,515.0,546.15,507.05,42.89,52.5,1.51,-1.23,0.05,9.74,12.11,1.94,-1.91,94.16,7,12,9,44.44,-0.05,22.22,-0.8,11.11,-1.25,11.11,-2.02,66.67,2.61,NEGATIVE,9.7,NEGATIVE,Trend + RSI + Delivery,"Momentum, VWAP, MACD",-3.98,3.98,498.05,539.35,515.0,HIGH,62058209.0,NOT_AVAILABLE,NOT_AVAILABLE,,1521,1270
1522,PPAP,2026-08-31,261.75,Bearish,35.87,30.64,-5,25,5/10,Medium,41.08,13.56,5.18,35.83,274.7,271.94,241.09,-3.3138,0.5795,0.45,47.5,290.29,-9.83,3.76,0.093,0.96,-0.46,-6.52,-9.22,-0.48,,266.0,256.0,259.25,270.0,255.3,43.29,52.37,2.43,-1.93,0.46,31.18,12.89,2.14,-2.15,86.29,6,8,31,35.48,0.19,51.61,1.62,38.71,0.77,32.26,-0.29,38.71,-2.45,MIXED,41.76,NEGATIVE,No strong driver,"Trend, Momentum, Structure",-7.77,-1.81,241.41,257.0,290.29,VERY_HIGH,5148090.0,NOT_AVAILABLE,NOT_AVAILABLE,,1522,1554
1523,STARHEALTH,2026-08-31,567.75,Bearish,35.85,38.42,-6,20,7/10,High,40.88,13.55,2.39,3.33,580.46,574.86,524.1,-1.337,-0.6411,1.09,77.5,579.86,-2.09,2.76,0.327,-1.0,-0.92,-2.82,-4.19,-0.59,55.4,586.1,571.5,573.5,588.0,570.45,44.87,50.39,1.25,-1.12,0.17,10.79,6.32,1.76,-1.83,87.91,9,7,100,48.0,0.13,47.0,-0.06,50.0,-0.15,45.0,0.12,49.0,0.38,MIXED,48.13,MIXED,Liquidity,"Trend, Momentum, Structure",-3.58,-0.84,547.43,563.01,586.1,MODERATE,188545774.0,NOT_AVAILABLE,NOT_AVAILABLE,,1523,1284
1524,BRITANNIA,2026-08-31,5250.0,Bearish,35.71,33.23,-6,20,7/10,High,38.86,103.23,1.97,42.5,5405.49,5412.66,5540.26,-33.9616,-1.1065,0.97,65.0,5458.79,-3.82,1.62,0.072,-1.1,-1.15,-4.91,-5.08,-0.12,69.79,5355.0,5276.5,5308.5,5388.5,5276.5,50.53,45.13,0.9,-0.96,0.05,3.68,3.29,2.0,-2.03,80.76,8,8,100,48.0,-0.09,53.0,-0.07,48.0,-0.02,49.0,-0.28,46.0,-0.19,MIXED,47.75,MIXED,Liquidity,"Trend, Momentum, Structure",-2.95,-0.69,5095.16,5213.87,5458.79,LOW,1887945216.0,NOT_AVAILABLE,NOT_AVAILABLE,,1524,1477
1525,PASHUPATI,2026-08-31,83.34,Bearish,35.7,34.9,-6,20,6/10,Medium,32.37,2.18,2.61,0.83,85.23,104.18,362.05,0.1413,-0.1123,0.05,2.5,84.8,-1.72,1.24,0.028,-1.0,-3.53,-1.71,-2.32,0.02,66.94,85.2,83.96,84.18,88.6,83.55,52.24,40.24,1.89,-1.84,0.59,40.45,12.8,2.9,-5.25,76.74,17,10,18,50.0,-0.08,50.0,-0.09,38.89,-0.42,50.0,0.82,66.67,3.19,NEGATIVE,47.71,MIXED,No strong driver,"Trend, Momentum, Structure",-3.92,-0.91,80.07,82.58,85.2,MODERATE,8861777.0,NOT_AVAILABLE,NOT_AVAILABLE,,1525,1414
1526,SUNTV,2026-08-31,466.15,Bearish,35.69,30.27,-5,25,6/10,Medium,36.33,11.32,2.43,19.17,478.74,493.75,539.34,-0.7885,0.0873,1.73,85.83,481.7,-3.23,3.73,0.142,-1.76,-0.55,-4.53,-7.47,-0.15,56.51,481.2,463.3,474.5,481.2,461.0,44.21,51.05,1.45,-1.29,0.02,5.39,7.76,1.6,-2.17,88.01,7,9,100,45.0,-0.01,47.0,-0.21,43.0,-0.23,39.0,-0.38,33.0,-0.84,NEGATIVE,41.26,NEGATIVE,Liquidity,"Trend, Momentum, Structure",-3.64,-0.85,449.17,462.19,481.7,MODERATE,239976228.0,NOT_AVAILABLE,NOT_AVAILABLE,,1526,1567
1527,ENRIN,2026-08-31,3229.6,Bearish,35.68,35.4,-5,25,6/10,Medium,37.82,112.15,3.47,12.5,3389.73,3406.09,3207.39,-32.0663,-2.981,0.84,51.67,3527.16,-8.44,2.71,0.037,-0.4,-7.35,-10.43,-0.81,0.23,47.01,3290.0,3227.2,3242.6,3526.0,3227.2,43.69,51.78,2.01,-1.54,0.19,11.0,6.47,1.94,-2.43,80.47,6,6,100,38.0,-0.24,42.0,-0.3,38.0,-0.49,43.0,-0.04,50.0,0.98,NEGATIVE,41.23,NEGATIVE,Liquidity,"Trend, Momentum, Structure",-5.21,-1.22,3061.38,3190.35,3527.16,HIGH,2902902684.0,NOT_AVAILABLE,NOT_AVAILABLE,,1527,1401
1528,VESUVIUS,2026-08-31,407.75,Bearish,35.67,32.43,-7,15,7/10,High,29.57,12.47,3.06,35.83,434.62,448.25,652.41,-2.2678,-0.7119,1.23,76.67,437.56,-6.81,4.79,0.061,-3.27,-5.76,-7.47,-9.67,0.4,72.0,428.2,418.3,421.55,443.75,418.3,44.61,50.92,1.81,-1.71,0.04,10.26,7.76,1.8,-3.67,82.97,6,10,100,41.0,-0.07,50.0,0.33,52.0,0.33,53.0,0.25,53.0,0.56,MIXED,54.07,MIXED,No strong driver,"Trend, Momentum, Volume",-4.59,-1.07,389.04,403.39,437.56,HIGH,34180469.0,NOT_AVAILABLE,NOT_AVAILABLE,,1528,1502
1529,BIRLACORPN,2026-08-31,872.7,Bearish,35.62,33.46,-6,20,6/10,Medium,35.66,19.7,2.26,5.0,897.31,924.6,996.99,0.8435,-0.5674,2.29,93.33,894.22,-2.41,3.0,0.135,-0.96,-1.88,-3.23,-3.69,0.24,56.36,897.95,877.15,881.2,899.9,877.15,46.05,49.47,1.59,-1.52,0.24,11.45,4.87,1.92,-2.3,83.51,10,8,100,48.0,-0.18,51.0,-0.23,53.0,-0.03,45.0,-0.42,47.0,0.13,MIXED,47.5,MIXED,No strong driver,"Trend, Momentum, Structure",-3.39,-0.79,843.16,865.81,897.95,MODERATE,37961754.0,NOT_AVAILABLE,NOT_AVAILABLE,,1529,1468
1530,CPSEETF,2026-08-31,92.58,Bearish,35.6,32.8,-7,15,7/10,High,33.82,1.73,1.86,6.67,93.81,95.49,97.16,-0.0197,-0.018,0.58,20.0,93.72,-1.22,2.31,0.094,-0.19,-1.58,-1.26,-2.43,0.09,59.5,94.9,92.51,92.76,94.98,92.41,51.71,43.55,0.93,-0.91,0.7,35.26,7.89,2.0,-2.19,98.28,10,6,100,49.0,-0.04,50.0,0.3,50.0,0.45,51.0,0.43,45.0,0.75,MIXED,53.87,MIXED,No strong driver,"Trend, Momentum, Structure",-2.8,-0.65,89.99,91.98,94.9,LOW,90749303.0,NOT_AVAILABLE,NOT_AVAILABLE,,1530,1493
1531,UNITDSPR,2026-08-31,1490.0,Bearish,35.56,34.83,-4,30,5/10,Medium,45.64,29.38,1.97,14.17,1517.19,1466.07,1389.94,-10.1571,-2.2792,2.75,97.5,1527.18,-2.43,2.07,0.123,-1.32,-4.18,-3.56,-2.61,0.0,77.15,1540.0,1497.7,1510.0,1557.5,1497.7,51.14,45.36,1.11,-1.18,0.16,8.41,4.55,1.72,-1.78,78.43,7,8,96,40.62,-0.18,47.92,-0.38,45.83,-0.38,29.17,-1.32,31.25,-1.59,MIXED,34.45,NEGATIVE,Liquidity,"Momentum, Structure, VWAP",-2.96,-0.69,1445.93,1479.72,1540.0,LOW,847232007.0,NOT_AVAILABLE,NOT_AVAILABLE,,1531,1416
1532,NV20IETF,2026-08-31,13.56,Bearish,35.53,31.94,-5,25,6/10,Medium,41.03,0.25,1.84,2.5,13.66,13.72,14.25,-0.013,0.0001,0.83,56.67,13.7,-1.02,2.64,0.19,-0.44,0.15,-1.24,-2.38,1.91,68.87,13.64,13.5,13.62,13.74,13.4,47.91,44.44,0.59,-0.9,1.31,61.04,8.37,2.56,-4.15,99.08,13,8,100,42.0,-0.09,38.0,-0.24,36.0,-0.36,45.0,-0.28,47.0,-0.49,NEGATIVE,40.79,NEGATIVE,Gap,"Trend, Momentum, Structure",-2.75,-0.64,13.19,13.47,13.7,LOW,5808065.0,NOT_AVAILABLE,NOT_AVAILABLE,,1532,1512
1533,KEC,2026-08-31,416.5,Bearish,35.51,29.97,-6,20,7/10,High,30.99,11.37,2.73,4.17,440.43,467.34,568.16,-0.267,-0.1587,0.64,45.83,442.93,-5.97,2.54,0.021,-2.18,-3.44,-4.55,-13.0,0.0,58.16,427.0,421.0,425.8,441.4,419.1,44.87,50.66,1.9,-1.74,0.35,14.74,6.97,2.52,-2.25,79.57,7,9,26,46.15,0.06,57.69,0.51,46.15,0.25,42.31,0.05,30.77,-3.66,MIXED,47.16,MIXED,Liquidity,"Trend, Momentum, Structure",-4.1,-0.96,399.44,412.52,442.93,MODERATE,499378499.0,NOT_AVAILABLE,NOT_AVAILABLE,,1533,1579
1534,NIVABUPA,2026-08-31,81.26,Bearish,35.47,41.61,-7,15,7/10,Medium,34.45,1.86,2.29,0.83,83.52,84.14,81.16,-0.2379,-0.0161,0.5,53.33,84.22,-3.51,1.43,0.149,-0.66,-1.51,-1.75,-6.12,-0.46,52.29,83.0,81.5,81.8,84.2,81.5,43.33,52.3,1.7,-1.32,0.08,12.47,10.72,2.02,-2.36,83.54,5,5,8,37.5,-0.09,62.5,0.74,62.5,0.05,50.0,-0.27,62.5,-0.48,POSITIVE,53.49,MIXED,No strong driver,"Trend, Momentum, Structure",-3.44,-0.8,78.47,80.61,84.22,MODERATE,59300338.0,NOT_AVAILABLE,NOT_AVAILABLE,,1534,1141
1535,VBL,2026-08-31,400.45,Bearish,35.46,34.5,-6,20,7/10,Medium,28.76,11.58,2.89,52.5,432.13,453.27,478.16,-1.4985,-1.1007,1.38,80.83,426.82,-6.18,3.24,0.0,-3.27,-6.44,-7.7,-10.01,-0.04,68.18,420.9,412.2,414.0,447.9,412.2,44.08,51.32,1.66,-1.52,0.11,12.24,5.92,1.82,-3.4,77.5,8,8,15,53.33,0.46,73.33,1.39,66.67,-0.02,33.33,-0.72,53.33,2.05,MIXED,47.04,MIXED,Liquidity,"Trend, Momentum, Volume",-4.34,-1.01,383.08,396.4,426.82,MODERATE,2388782729.0,NOT_AVAILABLE,NOT_AVAILABLE,,1535,1431
1536,DATAMATICS,2026-08-31,781.95,Bearish,35.45,40.49,-7,15,7/10,High,32.16,23.14,2.96,0.83,820.24,822.33,790.29,-7.1535,-0.0109,0.3,10.83,851.78,-8.2,1.96,0.015,-1.26,-3.72,-8.26,-5.21,-0.51,50.07,809.15,787.65,791.9,828.55,787.55,45.13,50.39,2.33,-1.93,0.26,16.71,8.29,1.92,-1.97,82.99,11,9,24,62.5,1.01,58.33,1.47,50.0,0.09,58.33,0.04,58.33,0.32,MIXED,53.44,MIXED,No strong driver,"Trend, Momentum, Structure",-4.44,-1.04,747.24,773.85,851.78,MODERATE,89633805.0,NOT_AVAILABLE,NOT_AVAILABLE,,1536,1180
1537,PATELRMART,2026-08-31,226.72,Bearish,35.45,33.84,-5,25,5/10,Medium,49.9,8.39,3.7,15.0,228.17,222.39,215.78,-0.0206,-0.5404,0.34,21.67,229.34,-1.14,2.86,0.484,-2.56,-0.57,-1.04,-0.03,0.0,61.25,236.9,230.0,232.68,240.98,226.2,43.51,51.53,2.14,-1.9,0.12,17.94,9.54,1.98,-2.83,85.44,6,7,100,37.0,-0.24,37.0,-0.39,41.0,-0.66,41.0,-0.12,38.0,-1.13,NEGATIVE,40.58,NEGATIVE,No strong driver,"Momentum, Structure, VWAP",-5.55,-1.29,214.14,223.78,236.9,HIGH,23647454.0,NOT_AVAILABLE,NOT_AVAILABLE,,1536,1452
1538,GODFRYPHLP,2026-08-31,2104.8,Bearish,35.43,30.01,-4,30,5/10,Medium,44.06,55.87,2.65,10.83,2142.27,2163.68,2722.35,-5.3799,0.1601,0.56,45.83,2236.28,-5.88,2.52,0.11,-0.89,0.2,-1.23,-6.33,0.01,35.8,2140.0,2105.9,2123.7,2163.9,2067.1,44.08,51.58,2.87,-2.23,0.17,13.16,7.5,2.07,-3.28,79.38,6,7,100,43.0,0.14,45.0,0.66,36.0,0.2,32.0,-1.38,40.0,-0.86,MIXED,34.08,NEGATIVE,Liquidity,"Trend, Momentum, Structure",-3.98,-0.93,2021.0,2085.25,2236.28,MODERATE,735843374.0,NOT_AVAILABLE,NOT_AVAILABLE,,1538,1577
1539,AMBUJACEM,2026-08-31,401.15,Bearish,35.39,37.36,-6,20,7/10,Medium,36.26,9.12,2.27,7.5,417.1,424.52,463.01,-0.9936,-0.5147,0.8,45.0,421.05,-4.73,2.49,0.0,-2.65,-1.86,-3.4,-9.65,-0.16,57.6,413.5,410.0,412.05,422.8,405.0,48.03,47.5,1.32,-1.32,0.23,9.61,4.34,1.99,-2.19,76.57,9,10,12,50.0,-0.26,33.33,-0.88,58.33,0.46,41.67,-1.25,75.0,0.36,POSITIVE,46.84,MIXED,Liquidity,"Trend, Momentum, Structure",-3.41,-0.8,387.46,397.96,421.05,MODERATE,1159089849.0,NOT_AVAILABLE,NOT_AVAILABLE,,1539,1325
1540,TATAELXSI,2026-08-31,3578.6,Bearish,35.38,30.8,-5,25,6/10,Medium,40.16,87.6,2.45,7.5,3677.71,3757.16,4372.61,-8.9745,-4.8849,0.91,65.0,3713.78,-3.64,2.89,0.0,-2.89,-2.58,-4.82,-4.87,0.0,39.94,3708.0,3645.0,3685.0,3769.9,3612.2,42.76,52.89,1.37,-1.25,0.15,6.97,4.61,1.69,-2.48,78.91,8,9,100,47.0,-0.06,50.0,-0.14,48.0,-0.35,36.0,-0.66,36.0,-0.91,MIXED,40.36,NEGATIVE,Liquidity,"Trend, Momentum, Structure",-3.67,-0.86,3447.2,3547.94,3713.78,MODERATE,685209927.0,NOT_AVAILABLE,NOT_AVAILABLE,,1540,1549
1541,BALKRISIND,2026-08-31,2279.2,Bearish,35.36,36.61,-6,20,7/10,High,43.53,74.95,3.29,39.17,2347.1,2295.93,2297.77,-21.0496,-3.1427,13.8,100.0,2318.17,-1.68,5.55,0.12,-2.6,-3.36,-5.32,-8.55,-0.86,64.14,2360.9,2326.5,2340.1,2394.6,2311.0,44.47,51.18,1.45,-1.25,0.12,5.79,5.92,2.16,-2.07,77.88,7,8,100,52.0,-0.0,52.0,0.09,49.0,-0.28,52.0,-0.62,46.0,-0.89,MIXED,46.75,MIXED,Liquidity,"Trend, Momentum, Structure",-4.93,-1.15,2166.78,2252.97,2360.9,HIGH,1627038309.0,NOT_AVAILABLE,NOT_AVAILABLE,,1541,1359
1542,IGARASHI,2026-08-31,419.95,Bearish,35.34,38.62,-5,25,6/10,Medium,38.02,16.14,3.84,4.17,440.56,440.81,427.89,-3.5059,0.0717,0.06,4.17,485.62,-13.52,3.78,0.032,-1.67,-2.64,-7.68,-10.1,0.44,51.7,428.4,420.8,427.1,445.0,420.05,43.42,52.11,2.36,-1.98,0.17,13.95,9.47,1.82,-2.0,86.42,6,7,16,31.25,-0.21,62.5,0.59,43.75,-0.55,50.0,-1.34,62.5,-0.11,NEGATIVE,40.25,NEGATIVE,Liquidity,"Trend, Momentum, Structure",-5.77,-1.35,395.74,414.3,485.62,HIGH,237455056.0,NOT_AVAILABLE,NOT_AVAILABLE,,1542,1278
1543,PICCADIL,2026-08-31,635.1,Bearish,35.34,33.27,-6,20,7/10,High,36.59,29.13,4.59,89.17,687.72,680.66,629.98,-9.6104,-0.6136,0.48,22.5,703.98,-9.78,2.67,0.014,-2.48,-7.24,-8.68,-15.55,-0.19,53.02,658.4,649.2,651.25,715.0,649.2,44.0,51.67,2.14,-1.73,0.32,22.0,8.67,1.71,-2.0,87.46,10,6,100,46.0,0.19,50.0,0.56,48.0,0.03,43.0,-0.07,46.0,1.18,MIXED,46.69,MIXED,Liquidity,"Trend, Momentum, Structure",-6.88,-1.61,591.41,624.9,703.98,HIGH,332714095.0,NOT_AVAILABLE,NOT_AVAILABLE,,1542,1474
1544,REMUS,2026-08-31,899.45,Neutral-Range,35.33,33.34,-2,40,5/10,Medium,57.73,34.8,3.87,23.33,876.59,820.24,841.57,-2.196,-2.5649,0.42,31.67,878.99,2.33,3.46,0.608,-2.76,-3.0,-0.87,17.42,-2.67,82.86,931.0,902.1,925.0,967.85,884.0,43.95,51.71,2.72,-2.43,-0.05,28.55,25.92,2.61,-3.13,81.72,8,7,100,35.0,-0.29,30.0,-0.57,28.0,-1.37,35.0,-2.66,36.0,-4.8,NEGATIVE,20.93,NEGATIVE,Trend + VWAP + RSI,"Momentum, Structure, MACD",-3.87,3.87,864.65,934.25,925.0,HIGH,14819705.0,NOT_AVAILABLE,NOT_AVAILABLE,,1544,1471
1545,RVNL,2026-08-31,210.0,Bearish,35.29,30.32,-5,25,6/10,Medium,30.17,5.28,2.51,25.83,222.7,230.5,272.56,-1.477,-0.3283,0.9,57.5,225.51,-6.88,2.2,0.018,-1.97,-5.28,-8.1,-9.83,-0.1,44.27,217.1,214.0,214.22,227.89,214.0,43.55,51.71,2.32,-1.8,0.26,16.71,9.21,2.23,-2.64,68.96,11,7,24,62.5,1.52,66.67,1.95,41.67,0.61,37.5,-1.26,37.5,-0.06,MIXED,40.11,NEGATIVE,Liquidity,"Trend, Momentum, Structure",-3.77,-0.88,202.08,208.15,225.51,MODERATE,912797684.0,NOT_AVAILABLE,NOT_AVAILABLE,,1545,1565
1546,TECHNOE,2026-08-31,982.05,Bearish,35.24,28.35,-5,25,6/10,Medium,44.8,32.57,3.32,25.83,1001.17,1025.34,1109.64,2.6009,-1.7754,0.86,56.67,1008.28,-2.6,5.17,0.295,-4.24,-1.6,2.39,-1.74,0.5,59.01,1041.5,992.5,1025.5,1041.5,985.5,47.24,48.42,2.3,-1.99,0.3,20.53,10.0,2.23,-2.84,84.06,6,7,100,42.0,-0.12,43.0,-0.14,42.0,-0.44,36.0,-0.14,39.0,-0.08,NEGATIVE,39.98,NEGATIVE,Liquidity,"Trend, Momentum, Structure",-4.97,-1.16,933.2,970.65,1041.5,HIGH,257039373.0,NOT_AVAILABLE,NOT_AVAILABLE,,1546,1617
1547,HDFCBANK,2026-08-31,709.0,Bearish,35.22,32.74,-5,25,6/10,Medium,33.09,12.24,1.73,12.5,729.38,749.32,884.98,0.4982,-0.6118,2.76,99.17,725.36,-2.25,4.94,0.099,-1.57,-2.74,-2.74,-5.84,0.38,53.36,720.3,707.0,720.3,734.4,707.0,47.11,48.16,0.91,-1.05,-0.11,5.92,7.76,1.69,-2.65,64.06,7,7,100,40.0,-0.15,48.0,-0.3,41.0,-0.56,47.0,-0.91,47.0,-1.41,NEGATIVE,39.92,NEGATIVE,Liquidity,"Trend, Momentum, Structure",-2.59,-0.6,690.64,704.72,725.36,LOW,20564804424.0,NOT_AVAILABLE,NOT_AVAILABLE,,1547,1497
1548,KERNEX,2026-08-31,1735.9,Bearish,35.05,25.75,-6,20,7/10,High,36.16,132.09,7.61,91.67,1980.16,2017.35,1617.59,-33.6653,0.1695,0.31,5.83,2048.47,-15.26,5.18,0.028,-3.56,-11.74,-0.9,-23.8,-1.05,56.34,1828.9,1751.0,1800.0,2006.9,1751.0,48.16,47.37,3.02,-2.57,0.59,34.87,14.87,2.83,-3.08,82.06,12,10,26,46.15,-0.67,42.31,-0.32,38.46,1.09,34.62,0.23,38.46,-2.92,MIXED,45.86,MIXED,Liquidity,"Trend, Momentum, Structure",-11.41,-2.66,1537.77,1689.67,2048.47,VERY_HIGH,1131067891.0,NOT_AVAILABLE,NOT_AVAILABLE,,1548,1671
1549,KUANTUM,2026-08-31,72.12,Bearish,34.98,24.89,-6,20,6/10,Medium,32.87,2.92,4.05,40.83,76.17,77.3,84.5,-0.9686,0.1151,0.43,9.17,79.66,-9.47,3.57,0.058,-0.58,-1.21,-10.22,-9.11,-0.7,60.35,73.98,72.0,72.54,74.53,71.1,41.05,54.47,1.83,-1.56,0.34,24.74,8.95,1.69,-1.99,89.83,8,10,39,53.85,0.29,48.72,0.03,46.15,0.4,38.46,-0.14,28.21,-0.83,MIXED,45.65,MIXED,No strong driver,"Trend, Momentum, Structure",-6.07,-1.42,67.74,71.1,79.66,HIGH,14689974.0,NOT_AVAILABLE,NOT_AVAILABLE,,1549,1692
1550,NGLFINE,2026-08-31,2649.5,Bearish,34.97,27.39,-7,15,7/10,High,30.39,175.91,6.64,50.83,3020.52,3042.51,2492.68,-56.504,-5.466,1.14,71.67,3050.12,-13.13,6.5,0.03,-5.83,-7.5,-8.9,-19.54,-0.48,63.8,2897.4,2800.0,2813.4,3022.0,2782.2,44.34,50.79,2.55,-2.05,0.4,30.13,15.0,2.28,-2.32,90.41,6,15,100,48.0,0.34,57.0,0.51,48.0,0.7,41.0,0.78,41.0,0.36,MIXED,52.07,MIXED,No strong driver,"Trend, Momentum, Structure",-9.96,-2.32,2385.63,2587.93,3050.12,VERY_HIGH,50502910.0,NOT_AVAILABLE,NOT_AVAILABLE,,1550,1632
1551,ALPL30IETF,2026-08-31,27.92,Bearish,34.93,42.96,-6,20,6/10,Medium,43.14,0.38,1.36,32.5,28.11,27.86,27.96,-0.0714,-0.0011,1.61,85.83,28.19,-0.97,3.47,0.247,-0.14,-0.43,-1.45,-1.45,0.0,71.26,28.21,27.92,27.96,28.41,27.78,51.23,42.57,0.6,-0.96,0.15,11.69,3.03,2.16,-6.17,94.78,9,7,100,56.0,-0.81,58.0,-1.58,55.0,-1.52,65.0,-1.35,61.0,-3.31,MIXED,45.52,MIXED,No strong driver,"Trend, Momentum, VWAP",-2.04,-0.48,27.35,27.79,28.21,LOW,11533728.0,NOT_AVAILABLE,NOT_AVAILABLE,,1551,1082
1552,5PAISA,2026-08-31,356.6,Bearish,34.87,31.88,-7,15,7/10,High,41.36,14.3,4.01,33.33,374.76,365.91,347.56,-3.4565,-1.0485,0.89,59.17,387.01,-7.86,4.28,0.123,-3.19,-4.86,-6.36,0.95,-0.23,62.38,372.5,365.0,368.35,385.55,365.0,42.11,53.55,2.03,-1.59,0.18,17.63,10.13,1.82,-2.54,91.9,7,8,100,39.0,-0.16,46.0,0.1,47.0,0.23,44.0,1.0,43.0,0.6,MIXED,51.77,MIXED,No strong driver,"Trend, Momentum, Structure",-6.02,-1.4,335.15,351.59,387.01,HIGH,30060767.0,NOT_AVAILABLE,NOT_AVAILABLE,,1552,1514
1553,ARTEMISMED,2026-08-31,317.45,Neutral-Range,34.83,33.91,0,50,3/10,Low,57.86,9.55,3.01,0.83,313.87,297.32,268.24,-1.6271,-0.3431,0.26,0.83,318.09,-0.2,1.74,0.524,-0.56,-3.48,0.97,5.05,-0.08,59.69,321.0,316.95,319.25,333.7,315.5,47.11,48.16,2.0,-1.66,0.26,16.97,6.58,1.94,-2.22,87.34,8,7,9,33.33,-1.08,0.0,-3.59,0.0,-4.59,33.33,-2.8,22.22,-3.66,NEGATIVE,6.67,NEGATIVE,Trend + RSI + Liquidity,"Momentum, MACD, Delivery",-3.01,3.01,307.9,327.0,319.25,HIGH,138982255.0,NOT_AVAILABLE,NOT_AVAILABLE,,1553,1447
1554,SHARDACROP,2026-08-31,766.9,Bearish,34.68,29.71,-5,25,6/10,Medium,35.31,22.66,2.96,20.0,795.28,839.22,900.99,3.0646,-0.7865,0.63,34.17,792.56,-3.24,3.3,0.108,-2.15,-1.59,-2.57,-7.17,0.67,56.49,800.0,780.15,783.75,803.7,764.0,47.11,48.42,2.32,-2.01,0.19,11.45,7.76,1.99,-2.32,85.85,11,8,100,44.0,-0.06,44.0,-0.19,38.0,-0.3,41.0,-0.77,35.0,-1.43,NEGATIVE,38.37,NEGATIVE,Liquidity,"Trend, Momentum, Structure",-4.43,-1.03,732.91,758.97,800.0,MODERATE,143056218.0,NOT_AVAILABLE,NOT_AVAILABLE,,1554,1587
1555,KPEL,2026-08-31,244.6,Bearish,34.66,25.83,-4,30,6/10,Medium,31.04,11.77,4.81,57.5,266.38,292.69,333.47,-0.0264,0.1325,0.36,7.5,265.48,-7.86,4.63,0.054,-1.94,-4.73,0.35,-22.66,2.39,51.29,250.55,242.6,249.45,266.65,242.6,42.67,53.17,2.46,-2.21,0.37,21.88,9.41,2.18,-2.69,83.25,7,10,22,36.36,-0.83,18.18,-1.37,31.82,-1.18,45.45,-1.36,31.82,-2.61,NEGATIVE,31.88,NEGATIVE,Gap + Liquidity,"Trend, Momentum, Structure",-7.22,-1.68,226.95,240.48,265.48,HIGH,121809710.0,NOT_AVAILABLE,NOT_AVAILABLE,,1555,1668
1556,ZTECH,2026-08-31,480.05,Neutral-Range,34.62,26.29,-3,35,5/10,Medium,34.94,18.93,3.94,39.17,502.91,532.37,541.76,-0.5701,0.2894,0.21,5.0,504.97,-4.94,1.48,0.136,1.35,-2.72,-3.87,-11.38,1.55,82.35,484.05,471.0,473.65,500.05,470.0,47.47,47.75,2.75,-2.03,0.65,33.99,17.13,3.07,-2.5,81.04,7,6,49,44.9,-0.21,38.78,-1.06,32.65,-1.4,30.61,-1.55,28.57,-1.95,NEGATIVE,25.34,NEGATIVE,Gap + Delivery,"Trend, Momentum, Structure",-3.94,3.94,461.12,498.98,473.65,HIGH,12535976.0,NOT_AVAILABLE,NOT_AVAILABLE,,1556,1661
1557,ORBTEXP,2026-08-31,237.07,Neutral-Range,34.61,31.64,-2,40,2/10,Low,49.33,10.05,4.24,20.0,238.87,230.84,202.12,-0.9533,0.0737,0.17,13.33,250.8,-5.47,4.77,0.225,-2.69,0.98,2.75,-2.76,-4.77,,245.0,237.0,243.62,245.0,225.12,44.87,50.53,2.63,-2.12,0.32,27.11,18.03,2.43,-2.16,84.63,8,10,28,32.14,-0.24,25.0,-1.46,25.0,-2.45,32.14,-1.58,46.43,-0.25,NEGATIVE,18.88,NEGATIVE,No strong driver,"VWAP, Gap",-4.24,4.24,227.02,247.12,243.62,HIGH,5994473.0,NOT_AVAILABLE,NOT_AVAILABLE,,1557,1526
1558,NIFTY1,2026-08-31,267.32,Bearish,34.59,38.83,-7,15,7/10,High,42.41,5.09,1.9,52.5,269.2,268.19,268.83,-0.4531,-0.0519,0.4,25.83,269.44,-0.79,3.24,0.088,-0.32,-0.59,-1.18,-1.74,0.0,53.91,268.9,267.16,268.17,276.7,267.0,50.16,45.38,0.56,-0.57,0.13,8.92,3.98,2.32,-2.15,97.73,12,7,100,45.0,0.01,54.0,0.13,52.0,0.09,48.0,0.15,57.0,0.13,MIXED,50.96,MIXED,No strong driver,"Trend, Momentum, Structure",-2.86,-0.67,259.68,265.54,269.44,LOW,42611710.0,NOT_AVAILABLE,NOT_AVAILABLE,,1558,1268
1559,VILAS,2026-08-31,357.95,Bearish,34.58,29.57,-5,25,5/10,Medium,48.86,13.9,3.88,5.0,358.59,365.68,384.81,1.1418,-0.0991,1.16,74.17,359.07,-0.31,2.77,0.359,-0.83,1.82,0.86,-0.11,-1.91,80.37,365.5,358.1,360.95,373.9,345.0,43.8,52.51,3.19,-2.52,0.15,30.34,20.84,2.51,-3.18,85.24,6,10,53,43.4,-0.26,49.06,0.71,43.4,-0.36,35.85,-0.8,49.06,0.29,NEGATIVE,38.1,NEGATIVE,No strong driver,"Trend, Volume, Structure",-5.83,-1.36,337.09,353.08,365.5,HIGH,8263181.0,NOT_AVAILABLE,NOT_AVAILABLE,,1559,1590
1560,INFRABEES,2026-08-31,953.22,Bearish,34.57,40.11,-7,15,7/10,Medium,36.97,11.19,1.17,6.67,966.18,967.02,958.97,-2.1317,-0.3186,0.86,58.33,969.44,-1.67,1.35,0.137,-0.28,-1.33,-2.51,-1.94,0.5,55.75,962.84,951.27,955.87,976.86,951.27,51.18,44.47,0.76,-0.75,0.26,9.87,2.89,1.82,-2.23,85.16,8,7,18,33.33,-0.02,61.11,0.35,44.44,-0.16,55.56,0.39,66.67,0.94,NEGATIVE,50.92,MIXED,No strong driver,"Trend, Momentum, Structure",-1.76,-0.41,936.43,949.3,969.44,LOW,8156408.0,NOT_AVAILABLE,NOT_AVAILABLE,,1560,1203
1561,DBREALTY,2026-08-31,103.77,Bearish,34.56,25.94,-6,20,7/10,High,37.33,4.49,4.33,16.67,108.55,111.2,120.28,-0.2422,-0.0989,5.05,98.33,106.54,-2.6,4.07,0.243,-3.35,-1.81,-4.37,-8.19,-0.3,81.83,109.5,105.5,107.37,111.38,105.25,44.61,50.92,2.64,-2.34,0.29,16.05,9.34,2.32,-2.47,84.27,10,8,100,51.0,0.03,50.0,0.46,48.0,0.48,38.0,-0.64,36.0,0.06,MIXED,44.46,MIXED,Liquidity,"Trend, Momentum, Structure",-6.5,-1.52,97.03,102.2,109.5,HIGH,129752685.0,NOT_AVAILABLE,NOT_AVAILABLE,,1561,1666
1562,DEVX,2026-08-31,33.99,Neutral-Range,34.56,23.02,-3,35,4/10,Low,46.94,1.62,4.76,74.17,34.49,34.96,39.8,0.1218,-0.0947,1.67,85.0,34.66,-1.93,8.35,0.323,-5.37,-2.69,3.38,-0.99,2.73,76.77,36.14,34.51,35.92,36.14,33.75,38.46,55.06,2.18,-1.92,0.49,29.15,11.34,2.26,-2.1,91.09,5,10,40,45.0,-0.08,35.0,-0.91,30.0,-1.26,27.5,-1.23,25.0,-1.87,NEGATIVE,25.16,NEGATIVE,Gap,"Trend, Structure, VWAP",-4.76,4.76,32.37,35.61,35.92,HIGH,5068986.0,NOT_AVAILABLE,NOT_AVAILABLE,,1561,1712
1563,HITECH,2026-08-31,78.95,Bearish,34.53,26.84,-5,25,5/10,Medium,43.42,2.68,3.39,21.67,81.11,83.58,88.85,0.2564,-0.0896,1.1,73.33,80.29,-1.67,4.58,0.217,-3.78,-2.19,0.66,-7.65,0.1,62.64,82.73,78.12,82.05,82.97,77.7,45.26,50.26,2.25,-1.98,0.27,14.47,6.71,2.1,-2.59,80.51,9,7,100,40.0,-0.25,39.0,-0.34,38.0,-0.27,36.0,-0.47,34.0,-0.43,NEGATIVE,37.94,NEGATIVE,No strong driver,"Trend, Momentum, VWAP",-5.08,-1.19,74.94,78.01,82.73,HIGH,56822213.0,NOT_AVAILABLE,NOT_AVAILABLE,,1563,1649
1564,BDL,2026-08-31,1275.0,Bearish,34.5,30.76,-5,25,6/10,Medium,41.14,40.87,3.21,37.5,1328.38,1316.75,1350.78,-7.3078,-4.5425,0.56,23.33,1354.16,-5.85,2.86,0.218,-2.37,-6.8,-7.61,0.79,-0.22,30.84,1348.4,1301.0,1306.0,1393.7,1301.0,49.21,46.18,2.12,-2.08,0.1,10.26,6.05,2.14,-4.04,74.32,10,7,19,36.84,0.04,42.11,0.49,52.63,2.04,31.58,-3.69,15.79,-5.08,MIXED,37.87,NEGATIVE,Liquidity,"Trend, Momentum, Structure",-4.81,-1.12,1213.7,1260.7,1354.16,HIGH,2694422010.0,NOT_AVAILABLE,NOT_AVAILABLE,,1564,1551
1565,NTPCGREEN,2026-08-31,89.51,Bearish,34.46,33.02,-6,20,7/10,Medium,33.27,1.49,1.67,1.67,91.56,93.4,97.26,-0.0638,-0.0992,1.12,85.83,91.5,-2.18,1.71,0.086,-1.44,-2.11,-2.85,-1.31,-0.23,56.05,91.45,90.75,90.82,93.85,90.7,44.42,52.23,1.48,-1.35,0.16,10.27,5.58,2.16,-2.78,76.37,7,7,11,72.73,0.26,63.64,0.04,63.64,0.56,27.27,-1.22,54.55,-0.4,POSITIVE,44.18,MIXED,Liquidity,"Trend, Momentum, Structure",-2.5,-0.58,87.27,88.99,91.5,LOW,178160703.0,NOT_AVAILABLE,NOT_AVAILABLE,,1565,1486
1566,NUVOCO,2026-08-31,318.9,Bearish,34.42,33.61,-6,20,6/10,Medium,38.93,8.58,2.69,1.67,328.84,330.38,334.59,-1.124,0.0013,0.62,59.17,332.91,-4.21,2.03,0.047,-1.83,-0.53,-3.68,-9.04,-0.37,56.59,327.55,321.0,324.85,329.85,319.3,45.39,50.0,1.48,-1.35,0.14,10.13,7.37,2.04,-2.02,83.01,9,9,12,41.67,0.37,41.67,-0.02,33.33,-0.33,50.0,0.3,66.67,1.17,NEGATIVE,44.05,MIXED,No strong driver,"Trend, Momentum, Structure",-4.04,-0.94,306.02,315.9,332.91,MODERATE,80261877.0,NOT_AVAILABLE,NOT_AVAILABLE,,1566,1463
1567,DJML,2026-08-31,71.63,Bearish,34.39,31.5,-4,30,4/10,Low,25.07,8.02,11.2,96.67,93.03,101.18,99.12,-3.7103,0.213,0.27,5.83,92.11,-22.24,4.41,0.084,-0.78,-17.59,-33.33,-36.37,-0.28,23.06,76.08,67.57,72.19,115.25,67.57,47.5,47.89,2.27,-2.25,0.49,35.53,15.26,2.4,-2.76,86.37,8,13,100,48.0,-0.15,46.0,-0.95,49.0,-2.06,44.0,-2.05,52.0,-0.33,MIXED,31.11,NEGATIVE,No strong driver,"Trend, Momentum, Structure",-16.8,-3.92,59.6,68.82,92.11,VERY_HIGH,48132790.0,NOT_AVAILABLE,NOT_AVAILABLE,,1567,1529
1568,GGBL,2026-08-31,226.8,Neutral-Range,34.38,23.25,-1,45,4/10,Low,35.17,10.38,4.58,26.67,238.31,256.75,304.71,-0.4328,0.2946,0.97,56.67,235.86,-3.84,4.34,0.277,0.84,-5.87,-2.99,-12.5,2.49,68.97,225.55,217.05,224.9,244.9,211.0,40.09,55.76,3.04,-2.43,0.44,27.65,13.59,2.55,-2.38,85.08,5,9,100,32.0,-0.69,30.0,-2.02,23.0,-2.58,25.0,-3.02,25.0,-4.01,NEGATIVE,11.8,NEGATIVE,Structure + Gap + Delivery,"Trend, Momentum, VWAP",-4.58,4.58,216.42,237.18,224.9,HIGH,8473342.0,NOT_AVAILABLE,NOT_AVAILABLE,,1568,1708
1569,BORANA,2026-08-31,308.5,Bearish,34.33,32.12,-7,15,7/10,Medium,43.93,12.69,4.11,4.17,316.27,319.44,315.33,-0.9539,-0.0674,0.42,21.67,326.21,-5.43,3.23,0.133,-2.91,0.9,-3.92,-3.25,-0.77,64.24,322.0,309.85,317.75,322.0,301.55,43.56,52.15,2.16,-1.64,0.2,22.39,15.64,2.14,-2.33,90.94,5,8,8,50.0,0.22,50.0,0.82,50.0,2.55,50.0,-2.49,37.5,-0.5,MIXED,50.24,MIXED,No strong driver,"Trend, Momentum, Structure",-6.17,-1.44,289.46,304.06,326.21,HIGH,11103787.0,NOT_AVAILABLE,NOT_AVAILABLE,,1569,1509
1570,PIIND,2026-08-31,2370.0,Bearish,34.29,31.33,-6,20,7/10,Medium,27.66,59.49,2.51,21.67,2534.11,2631.41,2951.64,-13.6182,-2.9541,1.15,70.83,2523.13,-6.07,2.26,0.0,-2.07,-4.24,-4.13,-15.15,0.12,69.12,2493.7,2420.1,2420.1,2536.5,2420.1,46.32,49.34,1.19,-1.2,0.07,5.26,6.45,1.88,-2.1,83.75,5,11,15,73.33,0.39,73.33,0.96,46.67,0.47,33.33,-0.3,53.33,0.6,MIXED,43.68,MIXED,Liquidity,"Trend, Momentum, Volume",-3.77,-0.88,2280.76,2349.18,2523.13,MODERATE,780992050.0,NOT_AVAILABLE,NOT_AVAILABLE,,1570,1536
1571,HMAAGRO,2026-08-31,20.98,Bearish,34.25,23.77,-4,30,6/10,Medium,42.78,1.16,5.52,78.33,21.54,21.89,25.44,-0.1285,0.0057,1.22,68.33,22.15,-5.3,4.39,0.088,0.05,-1.41,-8.58,0.43,-1.05,53.11,21.22,20.72,20.97,22.4,20.72,41.97,52.5,1.68,-1.87,0.45,31.32,10.13,2.22,-3.31,92.6,7,8,100,39.0,-0.36,35.0,-0.7,33.0,-0.72,32.0,-1.04,30.0,-1.51,NEGATIVE,30.71,NEGATIVE,Volume + Delivery,"Trend, Momentum, Structure",-8.28,-1.93,19.24,20.57,22.15,VERY_HIGH,74341940.0,NOT_AVAILABLE,NOT_AVAILABLE,,1571,1704
1572,PGEL,2026-08-31,581.0,Bearish,34.24,37.72,-5,25,6/10,Medium,42.18,17.05,2.93,1.67,597.29,584.75,579.59,-4.3803,-0.2412,0.5,22.5,612.74,-5.18,2.42,0.132,-0.83,-2.68,-5.37,-5.99,-0.09,43.1,598.7,584.15,585.85,604.7,584.15,46.18,49.47,2.65,-2.29,0.16,18.03,8.55,2.21,-3.99,78.7,7,7,100,35.0,-0.44,38.0,-1.38,43.0,-1.67,49.0,-0.85,46.0,-0.43,NEGATIVE,37.12,NEGATIVE,Liquidity,"Trend, Momentum, Structure",-4.4,-1.03,555.42,575.03,612.74,MODERATE,1216771787.0,NOT_AVAILABLE,NOT_AVAILABLE,,1572,1311
1573,DHANUKA,2026-08-31,976.1,Bearish,34.21,29.24,-5,25,5/10,Medium,36.74,22.34,2.29,0.83,997.99,1020.32,1110.33,-1.4442,0.0164,0.45,31.67,1009.55,-3.31,0.95,0.065,0.0,-1.89,-2.1,-4.61,-0.42,64.29,999.0,972.2,976.1,999.0,972.2,46.45,49.08,1.8,-1.61,0.22,12.5,7.5,1.91,-1.83,88.06,8,7,25,36.0,-0.56,40.0,-0.32,48.0,-0.3,36.0,-1.54,28.0,-2.18,MIXED,37.04,NEGATIVE,No strong driver,"Trend, Momentum, Structure",-3.43,-0.8,942.6,968.28,1009.55,MODERATE,23075460.0,NOT_AVAILABLE,NOT_AVAILABLE,,1573,1598
1574,SHAKTIPUMP,2026-08-31,486.4,Bearish,34.19,30.52,-4,30,5/10,Medium,33.11,11.21,2.3,4.17,504.21,521.28,617.84,0.2189,-0.2602,0.74,61.67,503.37,-3.37,1.7,0.034,-1.45,-1.52,-3.34,-6.25,-0.29,48.62,499.0,490.3,493.55,506.8,486.85,44.74,50.92,2.68,-2.17,0.35,23.55,11.97,2.86,-3.8,75.07,7,8,38,39.47,-0.48,34.21,-0.02,36.84,-1.23,44.74,-2.02,34.21,-1.82,NEGATIVE,30.55,NEGATIVE,Liquidity,"Trend, Momentum, Structure",-3.46,-0.81,469.59,482.48,503.37,MODERATE,152061973.0,NOT_AVAILABLE,NOT_AVAILABLE,,1574,1559
1575,SOLARWORLD,2026-08-31,146.67,Neutral-Range,34.18,25.72,-2,40,4/10,Low,24.58,6.28,4.28,5.83,159.08,174.33,211.08,0.1712,0.1737,0.42,35.83,160.14,-8.41,2.88,0.029,-1.4,-2.3,-4.58,-20.56,0.69,56.17,150.0,146.51,148.75,156.08,146.5,35.71,58.82,2.61,-2.07,0.43,22.27,9.24,2.35,-2.16,83.93,4,8,51,31.37,-0.62,31.37,-2.22,33.33,-2.31,31.37,-4.48,33.33,-5.49,NEGATIVE,17.65,NEGATIVE,Momentum + MACD,"Trend, Structure, VWAP",-4.28,4.28,140.39,152.95,148.75,HIGH,66895012.0,NOT_AVAILABLE,NOT_AVAILABLE,,1575,1673
1576,TOP100CASE,2026-08-31,10.6,Bearish,34.15,37.84,-7,15,7/10,High,44.19,0.26,2.41,4.17,10.67,10.61,10.55,-0.0175,-0.0034,1.14,77.5,10.72,-1.08,1.69,0.235,-0.66,-0.56,-1.21,-1.76,0.66,86.0,10.7,10.62,10.67,10.92,10.53,48.85,42.1,0.61,-0.68,1.53,70.16,6.93,2.27,-1.97,98.68,9,7,100,42.0,-0.05,53.0,0.1,49.0,0.15,47.0,0.13,55.0,0.17,MIXED,49.72,MIXED,No strong driver,"Trend, Momentum, Structure",-3.62,-0.85,10.22,10.51,10.72,MODERATE,7754653.0,NOT_AVAILABLE,NOT_AVAILABLE,,1576,1305
1577,GICHSGFIN,2026-08-31,139.19,Bearish,34.13,26.82,-6,20,6/10,Medium,37.86,3.13,2.25,8.33,142.51,146.51,155.88,0.1745,-0.0173,0.43,16.67,143.94,-3.3,1.68,0.136,-1.3,1.48,-0.14,-6.02,-0.69,54.44,142.09,140.52,141.03,143.88,136.31,46.71,48.95,1.54,-1.52,0.25,13.82,5.92,1.61,-2.1,78.8,8,7,23,47.83,-0.21,52.17,-0.25,39.13,0.08,43.48,-0.25,17.39,-2.52,MIXED,43.23,MIXED,No strong driver,"Trend, Momentum, Structure",-3.37,-0.79,134.5,138.1,143.94,MODERATE,15765040.0,NOT_AVAILABLE,NOT_AVAILABLE,,1577,1650
1578,SIGNPOST,2026-08-31,254.75,Bearish,34.1,40.25,-7,15,7/10,Medium,33.18,9.96,3.91,1.67,268.4,276.17,263.12,-0.3971,-0.1413,0.74,60.0,268.23,-5.03,2.77,0.073,-2.08,-3.17,-4.78,-9.02,-0.44,69.57,264.5,257.3,260.15,268.0,255.2,42.73,52.99,2.86,-2.26,0.41,25.42,10.72,2.44,-2.59,89.26,7,12,19,26.32,-1.18,26.32,-1.23,52.63,-1.14,63.16,-0.35,68.42,3.08,MIXED,49.57,MIXED,No strong driver,"Trend, Momentum, Structure",-5.86,-1.37,239.82,251.27,268.23,HIGH,19816150.0,NOT_AVAILABLE,NOT_AVAILABLE,,1578,1196
1579,GPTINFRA,2026-08-31,110.66,Bearish,34.0,35.04,-7,15,7/10,Medium,36.31,3.34,3.02,0.83,114.62,116.93,116.63,-0.1478,-0.1038,0.74,62.5,114.54,-3.39,1.69,0.065,-1.12,-2.36,-3.82,-2.95,-0.55,64.35,114.05,111.6,111.91,115.49,111.6,46.71,48.55,2.43,-2.16,0.39,29.47,12.76,2.41,-2.9,75.32,13,7,11,63.64,0.07,63.64,1.08,54.55,0.85,45.45,-1.03,45.45,-2.2,MIXED,49.28,MIXED,No strong driver,"Trend, Momentum, Structure",-4.53,-1.06,105.65,109.49,114.54,HIGH,11196383.0,NOT_AVAILABLE,NOT_AVAILABLE,,1579,1408
1580,BALAJITELE,2026-08-31,91.9,Neutral-Range,33.96,28.26,-3,35,3/10,Low,51.84,3.88,4.22,23.33,91.95,90.59,93.39,0.0465,-0.2642,0.19,15.0,93.31,-1.51,2.41,0.388,-2.29,-3.97,-0.88,8.71,-0.83,49.98,95.0,93.3,94.05,98.45,93.0,44.34,50.92,2.85,-2.28,0.31,24.87,13.16,2.18,-2.5,83.68,10,9,29,41.38,-0.16,27.59,-0.68,31.03,-0.93,41.38,-3.29,13.79,-7.08,NEGATIVE,23.46,NEGATIVE,No strong driver,"Trend, Structure, VWAP",-4.22,4.22,88.02,95.78,94.05,HIGH,35487693.0,NOT_AVAILABLE,NOT_AVAILABLE,,1580,1619
1581,VALIANTORG,2026-08-31,290.65,Bearish,33.95,29.33,-5,25,5/10,Medium,47.08,14.5,4.99,33.33,297.79,290.27,284.82,-2.8217,-0.4409,0.86,67.5,311.55,-6.71,6.29,0.198,-2.27,-0.77,-5.72,3.8,-1.8,,304.9,295.0,297.4,314.95,290.0,40.39,55.0,2.35,-1.79,0.43,26.05,10.53,2.18,-2.24,90.57,5,8,100,34.0,-0.36,38.0,-0.46,35.0,-0.69,37.0,-0.29,34.0,-0.26,NEGATIVE,36.28,NEGATIVE,No strong driver,"Momentum, Structure, VWAP",-7.48,-1.75,268.9,285.57,311.55,HIGH,14384492.0,NOT_AVAILABLE,NOT_AVAILABLE,,1581,1594
1582,CELLO,2026-08-31,352.3,Bearish,33.93,26.97,-4,30,5/10,Medium,44.13,10.97,3.11,32.5,359.39,365.91,431.32,-1.636,0.1348,0.06,0.83,391.59,-10.03,2.52,0.147,0.43,-1.78,-4.68,1.95,0.2,47.78,353.7,348.3,350.8,366.7,348.3,41.79,54.07,1.56,-1.38,0.23,13.38,4.69,1.68,-2.16,87.15,6,9,100,34.0,-0.14,42.0,-0.38,34.0,-1.05,35.0,-1.29,36.0,-1.91,NEGATIVE,29.79,NEGATIVE,Liquidity,"Trend, Momentum, Structure",-4.67,-1.09,335.85,348.46,391.59,HIGH,898120942.0,NOT_AVAILABLE,NOT_AVAILABLE,,1582,1642
1583,KSOLVES,2026-08-31,268.3,Bearish,33.9,31.47,-8,10,8/10,Medium,38.68,8.0,2.98,4.17,274.42,280.18,306.36,-0.1382,-0.0466,0.96,68.33,274.47,-2.25,2.93,0.163,-0.39,-2.24,-2.12,-5.13,-1.24,55.78,274.5,265.05,269.35,278.0,265.05,42.5,52.89,1.88,-1.74,0.35,25.53,8.82,1.95,-3.17,88.11,5,9,19,47.37,-0.05,52.63,-0.61,52.63,-0.83,52.63,1.73,42.11,1.11,MIXED,55.44,MIXED,No strong driver,"Trend, Momentum, Structure",-4.47,-1.04,256.3,265.5,274.5,MODERATE,8047243.0,NOT_AVAILABLE,NOT_AVAILABLE,,1583,1531
1584,ASHAPURMIN,2026-08-31,564.45,Bearish,33.84,31.68,-5,25,6/10,Medium,33.16,24.01,4.25,24.17,614.18,643.17,631.99,-4.1623,0.2219,0.57,30.0,644.44,-12.41,3.08,0.014,-3.03,-3.64,-7.8,-21.37,-0.53,51.6,587.2,576.4,582.1,601.95,568.5,47.76,47.63,2.69,-2.41,0.37,21.97,10.92,2.28,-2.62,82.65,9,8,25,52.0,0.34,48.0,0.07,56.0,0.08,32.0,-2.54,36.0,-2.83,POSITIVE,35.96,NEGATIVE,Liquidity,"Trend, Momentum, Structure",-6.38,-1.49,528.43,556.05,644.44,HIGH,369904410.0,NOT_AVAILABLE,NOT_AVAILABLE,,1584,1521
1585,IGCL,2026-08-31,71.7,Neutral-Range,33.82,32.31,-3,35,3/10,Low,47.86,2.46,3.43,0.83,72.32,70.69,73.34,-0.2616,0.0057,0.74,50.0,72.4,-0.97,1.64,0.237,-0.19,0.15,0.45,-5.0,-1.07,40.22,72.11,71.5,71.84,73.0,70.0,41.47,54.18,2.19,-1.88,0.34,24.75,12.37,2.0,-1.99,91.56,7,8,100,39.0,-0.37,35.0,-0.98,38.0,-1.19,31.0,-2.83,33.0,-4.31,NEGATIVE,23.07,NEGATIVE,No strong driver,"Trend, VWAP, Gap",-3.43,3.43,69.24,74.16,71.84,HIGH,7523563.0,NOT_AVAILABLE,NOT_AVAILABLE,,1585,1504
1586,HONAUT,2026-08-31,35530.0,Bearish,33.8,38.34,-6,20,7/10,Medium,33.95,887.09,2.5,25.83,36961.34,36997.94,35205.34,-97.7405,-51.9508,3.86,97.5,36913.5,-3.75,5.25,0.132,-3.02,-3.03,-2.39,-7.88,0.31,53.11,36970.0,36515.0,36635.0,37190.0,36145.0,42.89,52.37,1.31,-1.07,0.2,9.61,4.74,1.56,-2.39,89.21,8,8,8,62.5,0.49,50.0,-0.2,37.5,-0.2,50.0,-0.63,62.5,0.19,NEGATIVE,42.3,NEGATIVE,Liquidity,"Trend, Momentum, Structure",-3.75,-0.87,34199.37,35219.52,36970.0,MODERATE,116379030.0,NOT_AVAILABLE,NOT_AVAILABLE,,1586,1287
1587,IZMO,2026-08-31,833.0,Bearish,33.68,31.74,-5,25,5/10,Medium,31.1,42.77,5.13,49.17,902.51,935.26,834.18,-6.4863,1.4109,0.5,13.33,932.64,-10.68,2.17,0.03,-1.82,-0.98,-9.09,-15.76,0.0,48.95,880.8,827.65,848.45,880.8,825.2,43.82,51.05,3.39,-2.42,0.4,34.34,21.97,2.63,-2.44,69.29,12,9,24,45.83,0.22,45.83,1.14,37.5,-0.73,41.67,-1.07,45.83,7.48,NEGATIVE,35.51,NEGATIVE,No strong driver,"Trend, Momentum, Structure",-7.7,-1.8,768.84,818.03,932.64,VERY_HIGH,87291099.0,NOT_AVAILABLE,NOT_AVAILABLE,,1587,1520
1588,BCLIND,2026-08-31,36.61,Bearish,33.59,38.27,-4,30,4/10,Low,50.1,1.32,3.6,1.67,36.75,36.1,35.38,-0.047,-0.042,0.67,53.33,37.12,-1.37,2.78,0.36,-0.35,-3.63,0.69,-3.38,0.71,58.15,37.13,36.55,36.74,39.1,36.52,40.39,54.61,2.3,-1.95,0.19,18.82,7.89,1.99,-3.94,83.05,6,9,30,36.67,0.15,50.0,-0.17,53.33,-0.37,43.33,-11.22,56.67,-9.94,MIXED,28.83,NEGATIVE,No strong driver,"Momentum, VWAP, MACD",-5.4,-1.26,34.63,36.15,37.13,HIGH,34742687.0,NOT_AVAILABLE,NOT_AVAILABLE,,1588,1293
1589,ASALCBR,2026-08-31,700.8,Bearish,33.59,28.59,-6,20,6/10,Medium,31.84,21.63,3.09,6.67,733.29,768.62,845.87,1.2571,-0.902,1.04,72.5,729.94,-3.99,2.94,0.061,-1.92,-3.38,-4.43,-9.91,-0.05,68.66,721.4,710.0,714.5,735.0,710.0,43.95,51.45,2.31,-1.77,0.21,16.84,9.08,1.93,-2.52,87.74,6,12,100,47.0,0.03,42.0,-0.37,41.0,-0.48,42.0,-0.11,47.0,1.33,NEGATIVE,41.69,NEGATIVE,No strong driver,"Trend, Momentum, Structure",-4.63,-1.08,668.36,693.23,729.94,HIGH,21867577.0,NOT_AVAILABLE,NOT_AVAILABLE,,1588,1612
1590,ACCELYA,2026-08-31,1127.9,Bearish,33.55,35.7,-6,20,6/10,Medium,43.66,19.63,1.74,3.33,1135.9,1135.48,1196.76,-1.4182,-0.2704,1.01,66.67,1137.45,-0.84,1.76,0.201,-0.55,-0.81,-0.56,-1.23,0.7,60.43,1144.0,1119.8,1134.1,1150.0,1119.8,45.0,50.39,1.37,-1.26,0.22,14.47,6.58,1.71,-2.17,83.75,7,6,100,48.0,-0.04,52.0,-0.02,48.0,-0.09,40.0,-0.97,43.0,-0.79,MIXED,41.56,NEGATIVE,No strong driver,"Trend, Momentum, VWAP",-2.61,-0.61,1098.46,1121.03,1144.0,LOW,5395148.0,NOT_AVAILABLE,NOT_AVAILABLE,,1590,1391
1591,GATEWAY,2026-08-31,53.79,Bearish,33.49,28.11,-4,30,5/10,Medium,40.41,1.46,2.72,5.0,54.93,56.38,58.65,-0.0409,0.0565,1.08,70.83,55.6,-3.26,3.88,0.132,0.34,-0.09,-2.47,-7.48,0.35,53.54,53.98,53.01,53.61,54.34,52.75,42.63,52.37,1.6,-1.39,0.23,11.32,6.18,1.86,-1.86,84.13,8,10,100,32.0,-0.31,33.0,-1.0,30.0,-1.12,37.0,-1.36,33.0,-2.3,NEGATIVE,28.53,NEGATIVE,Delivery,"Trend, Momentum, Structure",-4.08,-0.95,51.6,53.28,55.6,MODERATE,89033104.0,NOT_AVAILABLE,NOT_AVAILABLE,,1591,1622
1592,TINNARUBR,2026-08-31,997.1,Bearish,33.46,30.32,-5,25,5/10,Medium,40.72,45.27,4.54,10.83,1041.81,1013.16,886.28,-13.1897,1.0305,1.02,73.33,1071.29,-6.93,3.14,0.103,0.1,-2.97,-3.22,-9.91,-0.1,48.81,1015.8,995.1,996.1,1048.0,984.1,43.75,52.56,2.14,-1.72,0.51,31.82,7.1,1.86,-2.26,90.86,6,8,100,40.0,-0.23,37.0,-0.44,35.0,-0.67,40.0,-0.92,40.0,-0.68,NEGATIVE,34.89,NEGATIVE,No strong driver,"Trend, Momentum, Structure",-6.81,-1.59,929.2,981.26,1071.29,HIGH,54425548.0,NOT_AVAILABLE,NOT_AVAILABLE,,1592,1565
1593,SCILAL,2026-08-31,39.7,Bearish,33.45,28.3,-6,20,6/10,Medium,35.26,0.91,2.3,1.67,40.51,41.69,44.74,0.0565,-0.0218,1.13,83.33,40.69,-2.43,2.43,0.095,-1.68,-0.8,-1.22,-5.23,-0.54,65.82,40.69,40.0,40.38,40.78,39.26,43.56,51.51,2.04,-1.69,0.33,17.81,7.63,2.43,-2.42,80.23,7,7,15,40.0,0.28,33.33,0.59,40.0,0.24,40.0,-0.67,33.33,-0.38,MIXED,41.28,NEGATIVE,No strong driver,"Trend, Momentum, Structure",-3.45,-0.81,38.33,39.38,40.69,MODERATE,8097152.0,NOT_AVAILABLE,NOT_AVAILABLE,,1593,1618
1594,RAYMONDREL,2026-08-31,532.2,Bearish,33.43,31.65,-6,20,7/10,High,28.95,23.57,4.43,10.83,591.33,609.91,586.69,-3.9472,-1.3199,1.31,78.33,604.81,-12.01,5.56,0.024,-4.46,-10.28,-8.41,-20.54,-0.19,52.0,571.35,552.3,557.05,599.0,552.3,39.2,56.48,2.9,-2.26,0.2,19.93,11.3,2.09,-2.65,80.96,6,13,100,43.0,0.1,45.0,-0.06,44.0,-0.35,42.0,-0.62,45.0,-0.52,NEGATIVE,41.22,NEGATIVE,Liquidity,"Trend, Momentum, Volume",-6.64,-1.55,496.85,523.95,604.81,HIGH,203609380.0,NOT_AVAILABLE,NOT_AVAILABLE,,1594,1525
1595,RIIL,2026-08-31,752.45,Neutral-Range,33.43,29.98,-3,35,3/10,Low,47.53,19.19,2.55,12.5,756.3,763.28,785.15,2.4064,-0.9696,0.31,10.0,774.74,-2.88,2.27,0.276,-1.18,-2.9,0.72,0.75,-0.58,35.83,764.9,754.6,761.45,793.0,754.6,45.0,50.66,1.8,-1.6,0.17,7.76,6.58,2.15,-1.95,71.34,7,11,12,50.0,-0.16,41.67,-0.53,33.33,-0.14,33.33,-3.96,41.67,-3.03,NEGATIVE,21.93,NEGATIVE,No strong driver,"Trend, Structure, VWAP",-2.55,2.55,733.26,771.64,761.45,MODERATE,74469406.0,NOT_AVAILABLE,NOT_AVAILABLE,,1594,1578
1596,SIGNATURE,2026-08-31,769.9,Bearish,33.41,31.58,-6,20,7/10,High,40.09,21.49,2.79,4.17,793.28,800.02,881.14,-3.7489,-0.3787,1.44,85.83,798.93,-3.63,3.88,0.18,-1.2,-3.21,-4.37,-7.65,-0.38,8.77,786.2,776.25,779.25,806.7,770.0,49.93,45.82,1.61,-1.55,0.27,12.08,5.44,2.0,-1.84,84.27,15,9,100,43.0,-0.38,42.0,-0.19,42.0,-0.57,48.0,-0.76,48.0,-0.75,NEGATIVE,41.18,NEGATIVE,Liquidity,"Trend, Momentum, Volume",-4.19,-0.98,737.66,762.38,798.93,MODERATE,168209581.0,NOT_AVAILABLE,NOT_AVAILABLE,,1596,1528
1597,KOKUYOCMLN,2026-08-31,79.34,Bearish,33.41,22.87,-5,25,6/10,Medium,41.1,2.85,3.59,50.83,81.98,83.92,89.32,-0.1714,-0.0115,0.8,53.33,83.69,-5.2,2.49,0.033,-1.05,-3.64,-6.36,-7.67,1.02,39.67,81.9,80.02,80.18,84.9,78.9,44.21,51.18,1.91,-1.75,0.28,21.05,8.95,1.75,-1.73,90.16,8,8,11,54.55,0.65,45.45,0.17,36.36,0.38,36.36,-1.81,9.09,-5.06,MIXED,34.73,NEGATIVE,Gap,"Trend, Momentum, Structure",-5.38,-1.26,75.07,78.34,83.69,HIGH,5113074.0,NOT_AVAILABLE,NOT_AVAILABLE,,1596,1717
1598,HEROMOTOCO,2026-08-31,5450.0,Bearish,33.37,37.13,-5,25,6/10,Medium,44.71,118.07,2.17,15.83,5585.36,5395.86,5248.35,-57.0315,-8.3817,0.76,36.67,5712.54,-4.6,2.93,0.049,-2.68,-4.13,-5.13,-0.18,0.25,67.94,5654.0,5529.0,5600.0,5728.0,5511.5,49.21,46.45,1.32,-1.21,0.18,7.37,5.39,1.85,-1.67,73.04,8,6,11,45.45,-0.25,27.27,-1.17,45.45,-1.32,36.36,-0.93,54.55,0.16,MIXED,34.63,NEGATIVE,Liquidity,"Momentum, Structure, VWAP",-3.25,-0.76,5272.89,5408.67,5712.54,MODERATE,3640773919.0,NOT_AVAILABLE,NOT_AVAILABLE,,1598,1334
1599,LINCOLN,2026-08-31,606.75,Neutral-Range,33.34,29.11,-2,40,2/10,Low,49.02,18.33,3.02,4.17,609.31,610.25,597.33,0.1724,-0.7805,0.35,29.17,615.48,-1.42,2.98,0.464,-1.33,-0.9,-2.66,4.48,0.25,49.47,617.85,603.05,614.95,631.3,603.05,42.11,53.16,1.94,-1.43,0.21,13.95,7.37,1.76,-2.03,87.91,6,9,19,26.32,-0.8,21.05,-2.12,36.84,-1.89,21.05,-4.41,15.79,-2.64,NEGATIVE,15.26,NEGATIVE,No strong driver,"Trend, VWAP",-3.02,3.02,588.42,625.08,614.95,HIGH,53625517.0,NOT_AVAILABLE,NOT_AVAILABLE,,1599,1603
1600,BANSALWIRE,2026-08-31,316.65,Bearish,33.32,35.4,-6,20,6/10,Medium,46.03,10.12,3.2,0.83,320.34,319.28,313.06,-0.5812,-0.0925,0.32,21.67,324.0,-2.27,2.75,0.16,-0.42,-1.63,-2.19,-0.58,0.63,58.99,320.9,317.0,318.0,326.0,315.35,43.98,52.55,1.93,-1.6,0.31,21.72,11.31,2.08,-2.28,89.13,7,9,9,44.44,-0.33,44.44,-0.14,44.44,-0.79,44.44,-0.51,55.56,1.45,NEGATIVE,40.91,NEGATIVE,No strong driver,"Trend, Momentum, Structure",-4.79,-1.12,301.47,313.11,324.0,HIGH,42490686.0,NOT_AVAILABLE,NOT_AVAILABLE,,1600,1401
1601,ORIENTCEM,2026-08-31,129.55,Bearish,33.32,28.62,-7,15,7/10,High,40.63,2.9,2.24,0.83,132.68,134.69,156.23,-0.1153,-0.08,0.54,19.17,133.42,-2.9,1.56,0.055,-1.39,-0.19,-1.77,-7.14,0.0,55.36,132.1,130.81,131.37,135.1,128.8,45.26,50.0,1.8,-1.65,0.2,12.37,6.97,2.09,-2.18,82.47,7,7,100,49.0,0.11,50.0,0.08,48.0,0.46,42.0,-0.25,32.0,-1.52,MIXED,47.34,MIXED,No strong driver,"Trend, Momentum, Structure",-3.36,-0.78,125.2,128.53,133.42,MODERATE,29307494.0,NOT_AVAILABLE,NOT_AVAILABLE,,1600,1610
1602,PIGL,2026-08-31,100.16,Bearish,33.28,26.62,-6,20,7/10,Medium,38.18,5.02,5.01,8.33,104.71,106.92,117.08,-0.4979,-0.0315,0.45,20.0,107.52,-6.84,4.79,0.011,-1.94,-2.19,-4.26,-9.63,2.69,54.74,103.79,101.58,102.14,106.74,100.5,47.76,47.11,2.69,-2.39,0.48,41.05,26.71,2.73,-2.46,54.27,20,17,16,68.75,1.6,56.25,2.13,50.0,0.18,43.75,-1.93,37.5,-0.23,MIXED,40.81,NEGATIVE,Gap,"Trend, Momentum, Structure",-7.52,-1.75,92.63,98.4,107.52,VERY_HIGH,7860954.0,NOT_AVAILABLE,NOT_AVAILABLE,,1602,1655
1603,REPRO,2026-08-31,306.1,Bearish,33.25,22.01,-5,25,6/10,Medium,27.71,13.17,4.3,33.33,328.44,346.62,390.31,-1.8596,0.4232,1.2,75.83,343.63,-10.92,3.69,0.038,-0.6,-1.88,-5.86,-23.23,1.57,75.73,313.0,305.1,307.95,330.0,305.0,41.32,54.08,2.21,-1.84,0.36,24.08,10.66,2.16,-2.04,92.66,7,7,11,72.73,1.46,45.45,1.03,27.27,0.29,27.27,-0.24,36.36,1.48,MIXED,34.29,NEGATIVE,Gap,"Trend, Momentum, Volume",-6.45,-1.51,286.34,301.49,343.63,HIGH,9001766.0,NOT_AVAILABLE,NOT_AVAILABLE,,1603,1729
1604,INOXWIND,2026-08-31,70.37,Bearish,33.2,25.2,-5,25,6/10,Medium,31.68,2.12,3.01,2.5,74.41,78.69,99.1,-0.0949,-0.1009,0.99,62.5,74.69,-5.78,2.93,0.069,-1.98,-4.58,-9.93,-10.81,-0.13,41.14,72.48,71.27,71.79,74.78,71.27,45.13,50.39,2.47,-2.24,0.19,17.11,9.61,2.26,-3.58,79.45,7,8,32,50.0,0.56,43.75,0.55,31.25,0.28,34.38,-1.24,34.38,-2.58,MIXED,34.13,NEGATIVE,Liquidity,"Trend, Momentum, Structure",-4.51,-1.05,67.19,69.63,74.69,HIGH,939714158.0,NOT_AVAILABLE,NOT_AVAILABLE,,1604,1684
1605,QUICKHEAL,2026-08-31,137.0,Neutral-Range,33.19,25.1,-3,35,4/10,Low,28.15,5.3,3.87,4.17,145.37,155.33,197.74,-0.2722,0.0428,0.94,69.17,145.26,-5.69,4.83,0.092,-1.25,-2.42,-8.31,-14.0,2.29,,139.41,135.5,138.73,143.95,134.2,42.24,53.42,2.8,-2.22,0.31,19.08,9.74,2.03,-2.28,87.02,5,8,16,43.75,-0.91,37.5,-2.18,50.0,-2.99,25.0,-5.12,12.5,-6.64,MIXED,21.25,NEGATIVE,Gap,"Trend, Momentum, Structure",-3.87,3.87,131.7,142.3,138.73,HIGH,6586783.0,NOT_AVAILABLE,NOT_AVAILABLE,,1605,1687
1606,PAGEIND,2026-08-31,35800.0,Bearish,33.17,28.53,-5,25,6/10,Medium,36.01,861.48,2.41,9.17,36899.78,38099.85,38154.57,-23.4741,55.444,0.84,57.5,36745.26,-2.57,1.5,0.133,-0.51,0.67,-4.18,-10.95,-0.38,67.3,35985.0,35510.0,35985.0,36215.0,35100.0,46.71,48.95,1.16,-1.12,0.1,3.82,2.89,1.78,-1.86,83.32,8,7,10,20.0,-0.26,20.0,-1.25,20.0,-1.44,50.0,0.08,40.0,-1.81,NEGATIVE,34.06,NEGATIVE,Liquidity,"Trend, Momentum, Structure",-3.61,-0.84,34507.78,35498.48,36745.26,MODERATE,1257248346.0,NOT_AVAILABLE,NOT_AVAILABLE,,1606,1614
1607,ADSL,2026-08-31,105.19,Bearish,33.12,27.72,-6,20,6/10,Medium,29.22,3.25,3.09,3.33,110.64,114.65,128.71,-0.3352,-0.0571,0.83,66.67,111.96,-6.05,2.08,0.102,-0.96,-2.2,-5.29,-10.05,-0.2,53.65,108.79,105.7,106.21,111.0,103.55,40.79,54.61,2.79,-2.04,0.3,16.18,7.63,2.24,-2.55,83.09,8,8,12,66.67,1.11,66.67,2.04,50.0,0.35,33.33,-1.31,41.67,0.82,MIXED,40.33,NEGATIVE,No strong driver,"Trend, Momentum, Structure",-4.64,-1.08,100.31,104.05,111.96,HIGH,10349444.0,NOT_AVAILABLE,NOT_AVAILABLE,,1607,1627
1608,PNGJL,2026-08-31,583.9,Bearish,33.07,33.11,-7,15,8/10,High,37.1,19.95,3.42,32.5,610.32,607.8,598.96,-4.8721,-0.267,1.26,73.33,617.79,-5.48,3.46,0.05,-2.36,-4.8,-4.34,-11.27,0.0,63.47,601.7,583.3,598.0,623.4,582.75,44.89,51.7,1.9,-1.71,0.3,20.84,7.82,1.78,-2.77,84.45,8,7,100,46.0,0.15,48.0,-0.13,50.0,-0.18,44.0,-0.14,40.0,-1.14,MIXED,46.62,MIXED,Liquidity,"Trend, Momentum, Volume",-5.12,-1.2,553.98,576.92,617.79,HIGH,312852152.0,NOT_AVAILABLE,NOT_AVAILABLE,,1608,1483
1609,MAHLIFE,2026-08-31,365.65,Bearish,33.05,39.14,-7,15,7/10,Medium,36.75,10.0,2.73,8.33,376.58,372.36,364.26,-2.6125,-0.0668,0.87,60.0,380.2,-3.83,2.27,0.123,-0.52,-3.56,-5.43,-8.19,-0.15,60.16,371.8,367.0,367.55,386.65,367.0,45.53,49.47,1.55,-1.5,0.17,11.84,7.5,1.7,-1.89,84.96,9,10,14,42.86,0.12,50.0,0.44,28.57,-0.64,57.14,1.03,78.57,4.59,NEGATIVE,46.56,MIXED,No strong driver,"Trend, Momentum, Structure",-4.1,-0.96,350.65,362.15,380.2,MODERATE,48127074.0,NOT_AVAILABLE,NOT_AVAILABLE,,1609,1255
1610,VAIBHAVGBL,2026-08-31,219.1,Bearish,33.02,34.27,-6,20,6/10,Medium,33.98,7.48,3.41,0.83,230.39,236.51,234.04,-0.7893,0.1669,0.45,11.67,238.09,-7.98,1.35,0.026,-1.11,-0.18,-3.25,-17.54,-0.25,55.69,225.7,220.7,221.55,226.9,217.65,41.97,53.16,2.21,-1.85,0.22,13.42,7.37,2.14,-2.23,80.75,9,8,100,46.0,-0.05,48.0,-0.4,51.0,-0.51,40.0,-1.19,46.0,-0.51,MIXED,40.05,NEGATIVE,No strong driver,"Trend, Momentum, Structure",-5.12,-1.19,207.88,216.48,238.09,HIGH,98232088.0,NOT_AVAILABLE,NOT_AVAILABLE,,1610,1435
1611,UGROCAP,2026-08-31,87.06,Bearish,33.01,31.04,-4,30,5/10,Medium,33.02,2.91,3.34,30.83,90.39,93.65,115.81,-0.3621,0.0943,0.51,44.17,92.33,-5.71,2.33,0.104,0.11,-1.33,-6.13,-10.83,0.0,51.79,88.5,86.51,86.96,91.85,86.23,43.82,51.58,1.82,-1.8,0.37,19.61,6.84,2.0,-2.13,84.52,7,6,26,57.69,0.12,34.62,-0.96,42.31,-1.52,42.31,-2.84,53.85,-2.74,NEGATIVE,27.18,NEGATIVE,Delivery,"Trend, Momentum, Structure",-5.01,-1.17,82.7,86.04,92.33,HIGH,26578179.0,NOT_AVAILABLE,NOT_AVAILABLE,,1611,1544
1612,SAATVIKGL,2026-08-31,417.95,Bearish,32.87,30.25,-6,20,6/10,Medium,44.89,15.08,3.61,5.0,423.15,433.31,434.13,1.8313,-0.3029,0.3,10.83,417.22,0.18,1.7,0.509,-1.03,-0.87,3.8,-4.53,-1.34,57.67,428.4,418.6,422.3,430.0,409.0,43.33,51.25,2.22,-1.85,0.29,18.75,9.17,2.49,-2.63,82.67,6,11,29,37.93,-0.4,34.48,-0.93,44.83,-0.77,44.83,-0.92,55.17,0.24,NEGATIVE,39.62,NEGATIVE,No strong driver,"Trend, Momentum, Structure",-5.41,-1.26,395.34,412.67,428.4,HIGH,65326673.0,NOT_AVAILABLE,NOT_AVAILABLE,,1612,1569
1613,HEMIPROP,2026-08-31,128.72,Bearish,32.78,31.68,-7,15,7/10,Medium,36.68,2.93,2.28,4.17,132.19,134.69,137.27,-0.2628,-0.0066,0.58,37.5,133.62,-3.67,1.18,0.034,-0.97,-0.14,-4.13,-8.06,-0.37,52.7,131.47,129.26,129.98,133.88,128.5,44.47,51.05,2.12,-1.75,0.23,12.37,8.03,2.34,-1.94,73.57,7,8,15,20.0,-1.42,20.0,-1.83,40.0,0.02,46.67,0.1,60.0,0.66,MIXED,45.81,MIXED,No strong driver,"Trend, Momentum, Structure",-3.42,-0.8,124.32,127.69,133.62,MODERATE,42454107.0,NOT_AVAILABLE,NOT_AVAILABLE,,1613,1521
1614,SKFINDIA,2026-08-31,1553.9,Bearish,32.7,25.79,-5,25,6/10,Medium,47.84,47.56,3.06,47.5,1567.87,1571.32,1946.61,-2.3714,-2.1354,0.33,10.0,1598.52,-2.79,1.72,0.282,-1.11,-2.05,-5.98,3.15,0.0,61.5,1589.4,1565.0,1571.3,1612.2,1561.1,42.76,52.76,1.3,-1.26,0.21,11.45,4.34,1.92,-3.99,83.98,7,9,100,41.0,-0.16,43.0,-0.4,34.0,-1.25,42.0,-0.97,30.0,-3.78,NEGATIVE,32.72,NEGATIVE,Liquidity,"Trend, Momentum, Structure",-4.59,-1.07,1482.56,1537.25,1598.52,HIGH,225343797.0,NOT_AVAILABLE,NOT_AVAILABLE,,1614,1669
1615,ABREL,2026-08-31,1355.5,Bearish,32.67,33.86,-6,20,7/10,High,41.45,45.56,3.36,17.5,1397.34,1385.93,1454.22,-5.2595,-2.4794,0.85,66.67,1408.48,-3.76,3.19,0.04,-2.27,-5.2,-3.32,-5.35,0.27,61.53,1406.2,1380.0,1387.0,1486.0,1380.0,41.91,54.77,2.14,-1.84,0.13,9.13,6.02,2.02,-2.2,82.53,6,8,100,44.0,-0.22,45.0,-0.24,47.0,-0.18,40.0,-1.42,48.0,-2.92,MIXED,39.05,NEGATIVE,Liquidity,"Trend, Momentum, Structure",-5.04,-1.18,1287.17,1339.56,1408.48,HIGH,308724623.0,NOT_AVAILABLE,NOT_AVAILABLE,,1615,1450
1616,GANECOS,2026-08-31,1021.7,Bearish,32.64,28.08,-4,30,5/10,Medium,38.39,41.64,4.08,10.0,1070.03,1068.31,1042.19,-8.1498,0.2201,0.73,69.17,1078.75,-5.29,3.22,0.064,0.24,-4.35,-7.22,-11.66,-0.05,43.95,1035.4,1015.1,1019.3,1094.9,1015.1,45.66,49.74,2.07,-1.83,0.18,13.29,8.82,1.96,-2.34,90.05,8,8,100,39.0,-0.39,40.0,-1.12,35.0,-1.54,33.0,-1.63,27.0,-3.4,NEGATIVE,26.12,NEGATIVE,Liquidity,"Trend, Momentum, Structure",-6.11,-1.43,959.24,1007.13,1078.75,HIGH,103381428.0,NOT_AVAILABLE,NOT_AVAILABLE,,1616,1624
1617,SJVN,2026-08-31,64.71,Bearish,32.58,29.81,-7,15,7/10,Medium,22.59,0.99,1.53,3.33,66.53,68.53,74.72,-0.0664,-0.0114,1.38,91.67,66.73,-3.03,1.68,0.121,-0.26,-1.66,-2.78,-6.78,-0.43,59.04,65.46,64.75,64.88,66.79,64.75,43.95,51.58,2.08,-1.74,0.21,11.18,8.03,2.33,-2.49,72.31,6,7,15,60.0,0.2,66.67,1.89,40.0,-0.04,40.0,0.6,53.33,3.44,NEGATIVE,45.24,MIXED,No strong driver,"Trend, Momentum, Volume",-2.29,-0.53,63.23,64.36,66.73,LOW,92484603.0,NOT_AVAILABLE,NOT_AVAILABLE,,1617,1583
1618,PUNJABCHEM,2026-08-31,1118.5,Neutral-Range,32.58,22.19,-1,45,1/10,Low,49.82,45.04,4.03,26.67,1120.91,1108.03,1105.37,-1.7151,0.1667,0.5,43.33,1119.24,-0.07,3.03,0.362,-0.75,2.13,-0.78,-2.9,0.73,60.38,1164.2,1111.1,1126.9,1196.9,1081.1,45.39,50.13,2.25,-1.95,0.24,20.13,7.76,1.69,-1.99,93.47,6,10,9,22.22,-0.69,11.11,-2.79,33.33,-2.5,0.0,-5.61,0.0,-7.39,NEGATIVE,6.67,NEGATIVE,No strong driver,Delivery,-4.03,4.03,1073.46,1163.54,1126.9,HIGH,12255806.0,NOT_AVAILABLE,NOT_AVAILABLE,,1617,1726
1619,POONAWALLA,2026-08-31,463.8,Bearish,32.57,34.35,-6,20,7/10,High,42.18,13.82,2.98,6.67,479.98,467.52,443.61,-3.7983,-0.8239,0.84,53.33,486.42,-4.65,3.38,0.055,-3.18,-2.38,-6.76,-1.72,-0.82,50.02,486.25,475.0,479.05,493.3,470.55,46.71,48.95,1.78,-1.59,0.15,9.08,7.37,2.03,-2.05,79.76,9,8,100,48.0,-0.12,41.0,-0.5,38.0,-0.6,40.0,-0.28,46.0,1.2,NEGATIVE,38.78,NEGATIVE,Liquidity,"Trend, Momentum, Structure",-4.47,-1.04,443.07,458.96,486.42,MODERATE,620032355.0,NOT_AVAILABLE,NOT_AVAILABLE,,1619,1433
1620,NCLIND,2026-08-31,173.73,Bearish,32.56,29.28,-6,20,6/10,Medium,43.11,5.18,2.98,23.33,176.47,179.18,185.35,0.6385,-0.2395,0.75,58.33,174.96,-0.7,2.76,0.309,-1.44,0.2,0.99,-4.78,0.76,75.05,180.0,174.0,176.26,184.0,172.0,45.92,49.61,1.49,-1.4,0.19,9.47,7.89,2.03,-1.68,91.67,9,8,17,29.41,-0.64,23.53,-1.63,41.18,-0.88,41.18,-0.39,41.18,0.83,NEGATIVE,38.75,NEGATIVE,No strong driver,"Trend, Momentum, Structure",-4.47,-1.04,165.96,171.92,180.0,MODERATE,13253090.0,NOT_AVAILABLE,NOT_AVAILABLE,,1620,1597
1621,TANLA,2026-08-31,530.15,Bearish,32.44,25.74,-5,25,6/10,Medium,36.61,22.37,4.22,44.17,565.08,563.05,544.95,-7.5934,0.2112,0.64,38.33,580.44,-8.66,2.76,0.065,-2.59,-6.07,-7.56,-13.68,-0.23,50.67,546.45,532.05,544.25,585.0,522.1,41.97,53.68,2.07,-1.71,0.25,11.45,6.45,2.22,-2.23,71.95,9,7,25,28.0,-0.38,44.0,-0.76,44.0,-0.59,24.0,-1.12,16.0,-2.51,NEGATIVE,31.96,NEGATIVE,Liquidity,"Trend, Momentum, Structure",-6.33,-1.48,496.6,522.32,580.44,HIGH,363471803.0,NOT_AVAILABLE,NOT_AVAILABLE,,1621,1672
1622,GODAVARIB,2026-08-31,234.35,Bearish,32.4,29.14,-6,20,7/10,High,35.66,8.83,3.77,5.0,248.2,260.85,275.91,-0.6952,-0.1556,0.18,5.0,268.01,-12.56,3.41,0.033,-1.97,-2.7,-4.58,-10.09,-0.19,62.85,242.35,237.55,239.05,248.5,237.55,40.38,55.98,2.96,-2.18,0.3,24.57,14.1,2.32,-2.14,81.5,8,12,100,42.0,0.03,44.0,-0.37,38.0,-0.75,45.0,-0.69,55.0,-0.7,NEGATIVE,38.29,NEGATIVE,Liquidity,"Trend, Momentum, Structure",-5.65,-1.32,221.11,231.26,268.01,HIGH,161038129.0,NOT_AVAILABLE,NOT_AVAILABLE,,1622,1601
1623,HDFCNEXT50,2026-08-31,75.02,Bearish,32.36,40.25,-5,25,5/10,Medium,47.3,1.08,1.44,1.67,75.46,74.52,71.93,-0.1423,-0.0508,0.46,45.0,75.73,-0.94,1.53,0.212,-0.94,-0.33,-1.74,-0.37,-0.18,66.01,76.28,75.52,75.73,76.69,75.17,54.87,40.39,0.77,-1.17,0.23,17.89,6.71,1.94,-3.77,92.72,11,6,100,55.0,-0.85,55.0,-2.43,54.0,-4.16,51.0,-7.4,58.0,-8.2,MIXED,31.75,NEGATIVE,No strong driver,"Momentum, Structure, VWAP",-2.17,-0.51,73.39,74.64,76.28,LOW,25830197.0,NOT_AVAILABLE,NOT_AVAILABLE,,1623,1196
1624,KOTYARK,2026-08-31,33.34,Bearish,32.36,18.84,-5,25,5/10,Medium,26.15,3.24,9.7,60.83,39.11,88.6,296.65,3.2703,-0.3329,0.69,50.0,39.92,-16.49,3.56,0.024,-4.2,-6.14,-12.88,-4.44,-1.47,,35.6,33.85,34.8,36.99,33.81,43.39,51.19,3.3,-2.95,0.31,33.22,11.19,2.72,-6.04,81.16,8,8,33,36.36,0.23,39.39,2.53,39.39,5.88,33.33,-8.06,27.27,-13.42,MIXED,31.73,NEGATIVE,No strong driver,"Trend, Momentum, Structure",-14.56,-3.4,28.49,32.21,39.92,VERY_HIGH,11751790.0,NOT_AVAILABLE,NOT_AVAILABLE,,1623,1765
1625,RELINFRA,2026-08-31,59.39,Bearish,32.35,21.27,-7,15,7/10,Medium,35.5,2.42,4.08,1.67,64.87,73.13,143.09,-0.2789,-0.0107,0.46,35.0,69.22,-14.21,3.32,0.0,-2.0,-5.32,-9.71,-5.79,-1.57,,61.98,60.42,60.6,64.42,60.11,43.93,51.88,3.1,-2.79,0.02,22.69,18.79,2.36,-3.29,73.16,8,9,16,43.75,-0.15,68.75,1.81,56.25,3.33,25.0,-3.05,18.75,-6.64,POSITIVE,44.56,MIXED,No strong driver,"Trend, Momentum, Structure",-6.12,-1.43,55.76,58.54,69.22,HIGH,30084233.0,NOT_AVAILABLE,NOT_AVAILABLE,,1625,1741
1626,GRSE,2026-08-31,2565.5,Bearish,32.28,34.72,-4,30,5/10,Medium,43.52,63.1,2.46,2.5,2609.74,2624.37,2570.66,0.1727,-4.1577,0.77,59.17,2609.54,-1.69,2.64,0.4,-1.81,-1.18,-1.33,-0.67,-0.03,44.18,2650.0,2607.1,2612.9,2677.1,2577.0,44.47,51.18,2.88,-2.1,0.36,14.08,7.11,2.56,-2.31,73.33,7,7,44,40.91,-0.4,43.18,-1.17,40.91,-1.87,38.64,-2.57,36.36,-1.68,NEGATIVE,25.08,NEGATIVE,Liquidity,"Trend, Momentum, Structure",-3.69,-0.86,2470.86,2543.42,2650.0,MODERATE,1339730615.0,NOT_AVAILABLE,NOT_AVAILABLE,,1626,1423
1627,ATUL,2026-08-31,6392.0,Bearish,32.28,31.86,-6,20,7/10,Medium,39.28,156.75,2.45,7.5,6571.23,6576.1,6503.32,-38.1575,-3.0172,0.69,47.5,6706.74,-4.69,1.97,0.035,-1.04,-0.51,-4.9,-5.68,-0.66,62.72,6598.0,6437.5,6459.5,6602.0,6386.5,46.05,49.61,1.3,-1.21,0.13,7.24,3.95,1.58,-2.21,89.13,7,10,16,43.75,-0.36,43.75,-0.4,43.75,-0.25,31.25,-0.58,31.25,-1.85,NEGATIVE,37.93,NEGATIVE,Liquidity,"Trend, Momentum, Structure",-3.68,-0.86,6156.88,6337.14,6706.74,MODERATE,293156389.0,NOT_AVAILABLE,NOT_AVAILABLE,,1626,1515
1628,ITCHOTELS,2026-08-31,160.09,Bearish,32.26,30.19,-7,15,8/10,High,38.5,3.66,2.29,4.17,165.35,166.4,173.68,-0.3378,-0.2445,1.43,85.83,166.69,-3.96,2.75,0.097,-1.62,-2.73,-3.77,-3.1,0.0,60.65,164.95,161.95,162.73,167.79,161.95,44.17,52.61,1.68,-1.41,0.19,9.68,5.71,1.93,-2.05,78.08,6,7,78,42.31,-0.03,46.15,-0.31,37.18,-0.67,51.28,0.26,48.72,1.03,NEGATIVE,44.32,MIXED,Liquidity,"Trend, Momentum, Volume",-3.43,-0.8,154.6,158.81,166.69,MODERATE,249939106.0,NOT_AVAILABLE,NOT_AVAILABLE,,1628,1571
1629,BAJAJHFL,2026-08-31,84.02,Bearish,32.15,26.89,-5,25,6/10,Medium,42.45,1.19,1.42,2.5,84.97,85.56,90.79,0.0191,-0.0363,0.85,67.5,85.2,-1.38,1.27,0.074,-1.15,-0.04,0.02,-3.26,0.0,52.84,85.79,84.76,85.0,85.79,83.78,39.8,56.4,1.33,-1.15,0.1,9.0,6.4,1.94,-2.22,69.13,6,8,100,43.0,-0.09,31.0,-0.52,38.0,-0.72,35.0,-1.63,28.0,-2.4,NEGATIVE,31.15,NEGATIVE,Liquidity,"Trend, Momentum, Structure",-2.13,-0.5,82.23,83.6,85.79,LOW,214010488.0,NOT_AVAILABLE,NOT_AVAILABLE,,1629,1647
1630,OMAXAUTO,2026-08-31,185.55,Bearish,32.08,31.28,-7,15,7/10,Medium,39.38,10.44,5.63,71.67,196.25,203.1,169.58,-0.1396,-0.2075,0.89,66.67,196.83,-5.73,6.27,0.234,-1.68,-3.41,-4.96,-2.81,0.1,50.96,192.4,186.0,188.72,198.99,183.22,45.66,49.74,2.86,-2.21,0.53,36.18,17.76,2.54,-2.42,76.2,7,9,13,69.23,0.77,53.85,0.7,53.85,-1.56,46.15,0.01,38.46,-1.14,MIXED,43.8,MIXED,No strong driver,"Trend, Momentum, Structure",-8.44,-1.97,169.89,181.9,196.83,VERY_HIGH,17281822.0,NOT_AVAILABLE,NOT_AVAILABLE,,1630,1538
1631,IFBIND,2026-08-31,1331.4,Bearish,32.02,31.48,-6,20,6/10,Medium,42.75,40.12,3.01,0.83,1368.35,1337.08,1310.75,-10.474,-1.2514,0.41,30.83,1407.01,-5.37,2.23,0.066,-0.4,-5.38,-3.94,-1.67,-0.43,44.18,1358.3,1328.3,1336.8,1419.9,1328.3,46.18,49.08,2.28,-1.95,0.27,17.76,6.97,1.88,-2.68,85.31,6,8,26,50.0,-0.39,53.85,-0.5,46.15,-0.9,38.46,-0.95,34.62,-1.52,MIXED,37.21,NEGATIVE,No strong driver,"Trend, Momentum, Structure",-4.52,-1.05,1271.21,1317.36,1407.01,HIGH,81312585.0,NOT_AVAILABLE,NOT_AVAILABLE,,1631,1530
1632,FISCHER,2026-08-31,35.21,Bearish,32.02,25.48,-6,20,7/10,High,38.25,1.64,4.65,36.67,37.16,37.54,107.41,-0.3634,-0.0095,0.3,5.83,37.76,-6.76,2.82,0.063,-0.65,-3.45,-5.53,-8.95,1.55,51.82,36.5,34.89,35.44,38.39,34.89,43.2,51.7,2.56,-3.14,0.12,35.71,13.61,2.18,-5.3,88.54,7,11,86,33.72,-0.82,44.19,-1.21,44.19,-1.66,44.19,-0.52,38.37,-1.31,NEGATIVE,37.21,NEGATIVE,Gap,"Trend, Momentum, Structure",-6.98,-1.63,32.75,34.64,37.76,HIGH,44697838.0,NOT_AVAILABLE,NOT_AVAILABLE,,1631,1677
1633,RAIN,2026-08-31,195.35,Bearish,31.99,33.24,-5,25,6/10,Medium,40.86,9.14,4.68,29.17,206.38,203.67,170.81,-2.1931,0.1005,0.52,20.83,215.26,-9.25,3.21,0.038,-1.99,-8.58,-5.13,-14.89,-0.66,51.54,200.4,194.5,199.31,218.33,193.1,46.18,48.82,2.09,-1.87,0.22,11.58,6.58,2.03,-2.42,77.57,8,7,12,33.33,-0.96,33.33,-2.34,33.33,-2.37,50.0,-1.0,58.33,-0.55,NEGATIVE,30.69,NEGATIVE,Liquidity,"Trend, Momentum, Structure",-7.02,-1.64,181.64,192.15,215.26,HIGH,1280019852.0,NOT_AVAILABLE,NOT_AVAILABLE,,1633,1476
1634,GROWWRAIL,2026-08-31,28.21,Bearish,31.98,30.09,-7,15,7/10,High,31.28,0.44,1.55,5.0,28.83,29.19,31.17,-0.0719,-0.0148,2.28,94.17,28.99,-2.69,1.65,0.064,-1.09,-1.67,-2.89,-5.27,0.04,88.85,28.7,28.37,28.52,29.08,28.37,42.93,52.53,1.12,-1.02,0.51,22.98,5.3,1.82,-2.02,92.53,9,6,83,46.99,-0.01,45.78,0.0,40.96,-0.15,43.37,-0.1,53.01,0.95,NEGATIVE,43.52,MIXED,No strong driver,"Trend, Momentum, Structure",-2.32,-0.54,27.55,28.06,28.99,LOW,20933029.0,NOT_AVAILABLE,NOT_AVAILABLE,,1634,1575
1635,TOP10ADD,2026-08-31,87.6,Bearish,31.89,31.79,-6,20,6/10,Medium,45.63,1.05,1.2,3.33,88.07,88.0,90.43,-0.0946,-0.0122,2.05,89.17,88.55,-1.07,2.37,0.416,-0.54,-0.22,-0.87,-2.19,0.31,75.99,88.35,87.91,88.08,88.51,87.55,46.92,49.11,0.67,-0.67,0.31,10.93,1.79,1.62,-2.2,84.17,7,8,100,51.0,0.0,35.0,-0.07,38.0,-0.15,32.0,-0.52,37.0,-0.66,NEGATIVE,36.82,NEGATIVE,No strong driver,"Trend, Momentum, Structure",-1.8,-0.42,86.02,87.23,88.55,LOW,12188985.0,NOT_AVAILABLE,NOT_AVAILABLE,,1635,1518
1636,IONEXCHANG,2026-08-31,363.85,Bearish,31.81,21.94,-5,25,6/10,Medium,35.62,11.1,3.05,1.67,380.34,390.65,396.48,0.0131,-0.1827,0.34,16.67,381.98,-4.75,2.33,0.016,-2.05,-1.69,-2.83,-15.37,-0.08,50.17,379.15,371.0,371.45,379.15,364.8,44.34,51.05,1.98,-1.76,0.24,16.84,7.63,1.81,-2.46,84.06,9,9,30,23.33,-0.88,30.0,-0.44,36.67,-0.54,23.33,-0.92,20.0,-2.38,NEGATIVE,30.16,NEGATIVE,Liquidity,"Trend, Momentum, Structure",-4.58,-1.07,347.19,359.96,381.98,HIGH,137730638.0,NOT_AVAILABLE,NOT_AVAILABLE,,1636,1732
1637,PLASTIBLEN,2026-08-31,185.48,Bearish,31.77,31.22,-7,15,7/10,High,42.68,6.85,3.69,23.33,190.8,187.38,176.1,-1.148,-0.1505,0.4,32.5,196.59,-5.65,3.46,0.051,-2.15,-3.65,-3.3,-2.69,0.13,55.24,191.69,188.08,189.56,196.7,187.66,45.26,50.39,1.85,-1.68,0.5,28.16,8.29,2.15,-2.18,90.27,8,8,25,48.0,-0.17,36.0,0.21,36.0,0.04,44.0,-0.06,44.0,1.49,MIXED,42.92,NEGATIVE,No strong driver,"Trend, Momentum, Structure",-5.54,-1.29,175.2,183.08,196.59,HIGH,11134557.0,NOT_AVAILABLE,NOT_AVAILABLE,,1637,1539
1638,OLECTRA,2026-08-31,1276.7,Bearish,31.76,35.51,-5,25,6/10,Medium,38.33,41.72,3.27,19.17,1326.81,1338.14,1283.72,-2.9787,-1.7444,1.07,76.67,1340.19,-4.74,3.95,0.037,-2.71,-1.61,-3.29,-5.02,0.0,46.56,1335.7,1303.7,1312.3,1369.6,1279.5,42.76,52.37,2.19,-1.71,0.17,9.34,6.32,2.23,-2.87,74.14,7,9,9,33.33,-1.9,33.33,-1.33,22.22,-1.51,55.56,-1.54,66.67,-1.29,NEGATIVE,30.02,NEGATIVE,Liquidity,"Trend, Momentum, Structure",-4.9,-1.14,1214.13,1262.1,1340.19,HIGH,552712720.0,NOT_AVAILABLE,NOT_AVAILABLE,,1638,1398
1639,MADRASFERT,2026-08-31,65.29,Bearish,31.75,22.58,-6,20,6/10,Medium,43.45,2.12,3.25,21.67,66.72,67.09,70.76,0.1862,-0.1994,0.61,48.33,68.57,-4.78,3.6,0.251,-3.17,-0.56,0.4,-2.2,0.0,66.06,69.02,67.01,67.43,72.1,65.55,46.84,48.42,1.95,-1.87,0.25,15.13,7.89,1.77,-1.85,80.61,8,10,11,54.55,0.49,45.45,-0.08,36.36,0.33,27.27,-0.54,27.27,-3.14,MIXED,36.43,NEGATIVE,No strong driver,"Trend, Momentum, Structure",-4.87,-1.14,62.11,64.55,69.02,HIGH,8383506.0,NOT_AVAILABLE,NOT_AVAILABLE,,1639,1720
1640,HTMEDIA,2026-08-31,26.35,Bearish,31.7,30.85,-4,30,4/10,Low,49.76,1.24,4.7,33.33,26.6,25.62,23.78,-0.1143,-0.0427,0.18,7.5,27.95,-5.73,3.32,0.23,-1.61,-3.23,2.25,5.95,0.07,55.7,27.7,26.29,26.78,28.0,26.29,45.26,49.08,2.08,-1.84,0.26,20.92,13.03,1.96,-2.0,92.94,7,10,16,37.5,-0.28,50.0,-0.1,37.5,-1.35,43.75,-4.39,37.5,-3.71,NEGATIVE,23.44,NEGATIVE,No strong driver,"Momentum, VWAP, MACD",-7.05,-1.64,24.49,25.92,27.95,HIGH,10997193.0,NOT_AVAILABLE,NOT_AVAILABLE,,1640,1548
1641,RELIABLE,2026-08-31,137.84,Bearish,31.69,28.85,-6,20,6/10,Medium,42.54,6.78,4.92,41.67,140.92,141.92,135.36,-0.1518,-0.0908,0.77,57.5,140.25,-1.72,6.08,0.328,-1.37,-3.06,-0.65,-5.83,-0.21,30.29,143.0,137.86,139.75,143.0,135.0,47.17,46.86,2.76,-2.39,0.87,43.87,19.03,3.26,-3.1,75.81,12,8,32,43.75,-0.34,50.0,-0.57,50.0,-0.97,43.75,-1.92,21.88,-5.26,MIXED,36.25,NEGATIVE,No strong driver,"Trend, Momentum, Structure",-7.38,-1.72,127.67,135.47,143.0,HIGH,8860379.0,NOT_AVAILABLE,NOT_AVAILABLE,,1641,1606
1642,DELHIVERY,2026-08-31,456.2,Neutral-Range,31.66,30.34,-3,35,4/10,Low,45.36,11.92,2.61,7.5,461.31,466.82,449.69,1.1857,-0.1085,0.74,40.0,467.85,-2.49,3.35,0.359,-2.98,2.57,0.04,-2.94,0.37,70.96,471.05,460.0,470.2,471.05,439.1,48.29,47.37,1.53,-1.5,0.14,10.92,5.26,1.65,-2.08,84.82,8,11,24,41.67,-0.13,37.5,-0.98,41.67,-1.14,20.83,-3.88,16.67,-4.27,NEGATIVE,16.88,NEGATIVE,Liquidity,"Trend, Structure, VWAP",-2.61,2.61,444.28,468.12,470.2,MODERATE,1444823646.0,NOT_AVAILABLE,NOT_AVAILABLE,,1642,1564
1643,MBEL,2026-08-31,267.25,Bearish,31.66,25.57,-5,25,5/10,Medium,35.27,10.85,4.06,11.67,278.66,290.01,320.72,0.3037,-0.2099,0.48,31.67,273.57,-2.31,3.15,0.163,-1.51,-2.0,-5.67,-9.31,0.74,48.52,276.55,270.0,271.35,280.0,269.65,43.27,52.0,2.46,-2.24,0.33,19.27,9.09,2.07,-2.71,84.45,5,8,75,37.33,-0.24,37.33,-0.71,32.0,-1.09,38.67,-1.41,52.0,1.22,NEGATIVE,29.73,NEGATIVE,No strong driver,"Trend, Momentum, Structure",-6.09,-1.42,250.98,263.45,276.55,HIGH,80349277.0,NOT_AVAILABLE,NOT_AVAILABLE,,1642,1675
1644,ORIENTTECH,2026-08-31,239.0,Bearish,31.64,26.3,-7,15,7/10,High,34.44,8.73,3.65,6.67,249.87,256.55,288.48,-0.8815,-0.1165,0.84,77.5,251.85,-5.1,2.76,0.03,-2.37,-2.17,-6.22,-8.6,0.0,54.36,255.65,244.0,244.8,255.65,241.5,42.69,54.0,2.99,-2.32,0.34,25.54,11.5,2.31,-3.1,82.64,8,9,100,46.0,0.16,43.0,-0.03,46.0,-0.13,41.0,-0.6,38.0,-0.49,MIXED,42.53,NEGATIVE,No strong driver,"Trend, Momentum, Structure",-5.48,-1.28,225.91,235.95,255.65,HIGH,39597030.0,NOT_AVAILABLE,NOT_AVAILABLE,,1644,1660
1645,SENCO,2026-08-31,348.6,Bearish,31.63,29.75,-5,25,6/10,Medium,43.4,15.26,4.38,62.5,361.5,360.95,355.9,-0.6151,-0.425,0.35,25.83,364.13,-4.26,2.65,0.252,-1.76,-6.23,2.06,-10.18,-0.17,40.93,363.7,352.5,354.85,377.75,347.0,46.18,49.21,2.24,-2.05,0.36,20.39,8.29,2.36,-3.07,79.61,8,9,24,25.0,-0.66,29.17,-1.18,33.33,-1.36,41.67,-1.54,41.67,-0.29,NEGATIVE,29.65,NEGATIVE,Liquidity,"Trend, Momentum, Structure",-6.57,-1.53,325.71,343.26,364.13,HIGH,595439668.0,NOT_AVAILABLE,NOT_AVAILABLE,,1645,1585
1646,IPL,2026-08-31,136.86,Bearish,31.46,27.51,-6,20,6/10,Medium,31.83,3.29,2.41,2.5,141.7,147.66,159.76,0.2313,-0.0741,0.73,64.17,141.56,-3.32,1.85,0.046,-1.54,-2.2,-2.97,-7.88,-0.15,56.75,140.05,138.1,139.0,142.25,137.02,42.11,53.55,2.11,-1.77,0.23,12.37,6.58,2.1,-2.19,82.92,7,9,29,48.28,-0.16,58.62,0.03,44.83,-0.01,31.03,-1.48,37.93,-1.2,NEGATIVE,35.59,NEGATIVE,No strong driver,"Trend, Momentum, Structure",-3.61,-0.84,131.92,135.71,141.56,MODERATE,14788155.0,NOT_AVAILABLE,NOT_AVAILABLE,,1646,1630
1647,STALLION,2026-08-31,211.0,Bearish,31.44,29.87,-5,25,6/10,Medium,37.69,12.57,5.96,50.83,229.12,221.56,189.08,-4.5684,0.0825,0.35,16.67,249.83,-15.54,5.62,0.049,-1.19,-6.28,-12.41,-20.51,-1.29,,219.5,210.3,213.55,234.9,210.3,47.67,49.14,4.06,-3.47,-0.21,26.78,27.27,2.51,-3.49,66.16,7,8,11,45.45,-0.79,36.36,-0.71,27.27,0.04,36.36,-2.08,54.55,-0.31,MIXED,29.11,NEGATIVE,Liquidity,"Trend, Momentum, Structure",-8.94,-2.09,192.14,206.6,249.83,VERY_HIGH,207369737.0,NOT_AVAILABLE,NOT_AVAILABLE,,1647,1580
1648,SCI,2026-08-31,289.6,Bearish,31.42,30.62,-4,30,5/10,Medium,47.86,9.26,3.2,6.67,291.94,292.36,272.48,-0.0896,-0.237,0.71,55.0,298.59,-3.01,3.49,0.153,-3.16,0.4,1.12,-1.04,-0.02,44.44,303.7,294.2,299.05,303.7,286.75,45.92,49.47,2.48,-2.01,0.31,12.89,8.68,2.39,-2.34,72.08,6,8,34,35.29,-0.74,38.24,-1.26,35.29,-1.32,26.47,-2.18,41.18,-0.52,NEGATIVE,22.62,NEGATIVE,Liquidity,"Trend, Momentum, Structure",-4.8,-1.12,275.71,286.36,303.7,HIGH,960417860.0,NOT_AVAILABLE,NOT_AVAILABLE,,1648,1556
1649,ORIANA,2026-08-31,1238.0,Bearish,31.35,16.92,-6,20,6/10,Medium,37.08,67.71,5.47,70.83,1316.6,1426.11,1739.87,6.2099,-2.9649,0.74,32.5,1307.25,-5.3,6.09,0.188,-4.7,-3.97,-0.64,-16.03,0.0,68.3,1323.95,1297.9,1299.1,1379.9,1199.9,42.4,53.0,3.9,-2.67,0.86,37.1,11.58,2.99,-2.73,72.57,8,11,17,41.18,0.61,47.06,0.78,41.18,2.58,11.76,-2.14,11.76,-4.15,MIXED,35.29,NEGATIVE,No strong driver,"Trend, Momentum, Structure",-8.2,-1.91,1136.43,1214.3,1323.95,VERY_HIGH,94660935.0,NOT_AVAILABLE,NOT_AVAILABLE,,1649,1777
1650,MIDWESTLTD,2026-08-31,1096.8,Bearish,31.29,27.24,-6,20,6/10,Medium,31.2,39.95,3.64,20.0,1152.24,1200.75,1255.47,-0.8687,-1.0463,0.49,25.0,1139.03,-3.71,3.89,0.144,-0.89,-4.84,-1.19,-9.72,-0.14,49.3,1127.0,1101.0,1106.6,1170.0,1101.0,41.63,52.94,2.76,-2.11,0.43,24.43,7.24,2.24,-2.42,82.84,7,6,44,29.55,-0.42,38.64,-0.83,43.18,-1.26,36.36,-0.67,47.73,0.03,NEGATIVE,35.12,NEGATIVE,No strong driver,"Trend, Momentum, Structure",-5.46,-1.27,1036.88,1082.82,1139.03,HIGH,23154500.0,NOT_AVAILABLE,NOT_AVAILABLE,,1650,1637
1651,SHREERAMA,2026-08-31,41.57,Bearish,31.23,21.91,-5,25,6/10,Medium,46.28,2.09,5.03,29.17,42.59,42.48,46.34,-0.0535,-0.1824,0.37,18.33,42.64,-2.5,6.18,0.345,-3.08,-8.25,-10.18,3.0,2.24,67.23,44.29,42.76,42.89,46.5,42.72,45.53,48.82,2.67,-2.19,0.56,37.89,19.74,2.59,-2.19,67.27,10,12,22,27.27,-0.06,22.73,0.3,22.73,0.56,18.18,-0.76,18.18,-3.46,MIXED,28.52,NEGATIVE,Gap,"Trend, Momentum, Structure",-7.54,-1.76,38.44,40.84,44.29,VERY_HIGH,6412602.0,NOT_AVAILABLE,NOT_AVAILABLE,,1651,1733
1652,MMTC,2026-08-31,62.35,Bearish,31.17,32.45,-5,25,6/10,Medium,42.44,1.71,2.75,5.83,63.78,64.3,64.29,-0.0973,-0.0926,0.27,25.0,65.45,-4.73,1.28,0.133,-1.14,-3.5,-2.29,-2.04,-0.27,41.56,63.79,63.0,63.07,65.53,63.0,42.5,52.63,2.59,-1.98,0.19,16.05,9.61,2.11,-3.07,78.43,8,10,36,36.11,-0.44,50.0,-0.23,41.67,-0.13,36.11,-3.34,30.56,-4.82,NEGATIVE,28.34,NEGATIVE,Liquidity,"Trend, Momentum, Structure",-4.12,-0.96,59.78,61.75,65.45,MODERATE,226133895.0,NOT_AVAILABLE,NOT_AVAILABLE,,1652,1501
1653,SCHAND,2026-08-31,137.76,Neutral-Range,31.15,20.46,-2,40,4/10,Low,43.16,4.17,3.03,18.33,139.06,143.82,157.48,0.3195,0.1281,0.73,42.5,138.65,-0.64,2.88,0.268,-0.15,1.25,-0.07,-4.8,0.0,58.66,138.99,135.01,137.97,139.75,134.48,44.61,50.66,1.7,-1.62,0.28,15.66,6.97,1.92,-1.79,92.68,8,7,15,40.0,-0.49,20.0,-1.66,26.67,-3.11,13.33,-4.03,13.33,-4.14,NEGATIVE,9.0,NEGATIVE,Momentum + MACD,"Trend, VWAP, RSI",-3.03,3.03,133.59,141.93,137.97,HIGH,5624861.0,NOT_AVAILABLE,NOT_AVAILABLE,,1653,1749
1654,BERGEPAINT,2026-08-31,497.75,Neutral-Range,31.08,27.25,-3,35,5/10,Medium,37.96,14.38,2.89,8.33,518.28,516.35,506.32,-5.839,0.2088,0.51,39.17,537.85,-7.46,3.84,0.147,0.69,-3.44,-9.39,-5.47,-0.27,50.07,501.85,493.0,494.35,525.45,493.0,46.97,48.42,1.22,-1.27,-0.02,5.0,8.16,1.77,-2.07,85.23,8,9,19,47.37,-0.22,42.11,-0.44,36.84,-0.98,15.79,-3.57,5.26,-6.15,NEGATIVE,15.22,NEGATIVE,Delivery + Liquidity,"Trend, Momentum, Structure",-2.89,2.89,483.37,512.13,494.35,MODERATE,276194460.0,NOT_AVAILABLE,NOT_AVAILABLE,,1654,1636
1655,GROWWPOWER,2026-08-31,11.19,Bearish,31.07,31.39,-7,15,7/10,Medium,31.86,0.23,2.02,2.5,11.42,11.6,11.19,-0.0038,-0.0074,2.18,94.17,11.41,-1.89,2.47,0.137,-1.24,-1.67,-2.86,-3.7,0.88,82.98,11.42,11.3,11.33,11.52,11.09,45.62,43.8,0.99,-0.91,0.85,36.5,4.01,2.12,-2.39,96.98,7,6,8,25.0,-0.2,50.0,0.07,50.0,-0.13,37.5,-1.05,25.0,0.17,MIXED,40.91,NEGATIVE,No strong driver,"Trend, Momentum, Structure",-3.03,-0.71,10.85,11.11,11.42,MODERATE,28221692.0,NOT_AVAILABLE,NOT_AVAILABLE,,1655,1535
1656,AMRUTANJAN,2026-08-31,509.35,Bearish,31.04,28.4,-4,30,4/10,Low,45.92,17.84,3.5,67.5,515.95,524.3,571.89,1.5102,-0.8228,0.41,24.17,516.73,-1.43,3.4,0.396,-0.95,-2.44,3.56,-2.27,0.47,56.17,522.2,511.2,514.25,539.7,506.55,43.16,52.37,1.47,-1.24,0.07,6.84,6.84,2.06,-1.79,92.12,7,8,8,50.0,0.05,50.0,0.15,50.0,-0.71,25.0,-4.22,50.0,-1.88,MIXED,21.53,NEGATIVE,No strong driver,"Trend, Structure, VWAP",-5.25,-1.23,482.59,503.1,522.2,HIGH,92026789.0,NOT_AVAILABLE,NOT_AVAILABLE,,1656,1615
1657,EPACKPEB,2026-08-31,221.7,Bearish,31.01,27.53,-5,25,6/10,Medium,39.53,11.28,5.09,4.17,235.08,237.15,222.13,-0.808,-0.3262,0.19,3.33,250.93,-11.65,3.21,0.063,-1.75,-3.38,0.07,-9.12,0.86,44.08,233.95,218.8,225.65,237.0,218.8,43.88,50.63,3.4,-2.67,0.38,25.74,11.39,2.51,-2.88,82.19,5,7,100,39.0,-0.49,41.0,-0.98,39.0,-1.03,33.0,-2.05,30.0,-2.33,NEGATIVE,27.88,NEGATIVE,Liquidity,"Trend, Momentum, Structure",-7.63,-1.78,204.78,217.75,250.93,VERY_HIGH,392178640.0,NOT_AVAILABLE,NOT_AVAILABLE,,1657,1628
1658,PNBGILTS,2026-08-31,76.96,Bearish,31.0,24.68,-6,20,6/10,Medium,34.31,2.51,3.26,8.33,80.12,82.17,82.96,0.0085,-0.0797,1.49,89.17,80.06,-3.88,5.4,0.223,-2.22,-2.11,-4.21,-7.84,-0.15,48.83,79.9,77.85,78.71,80.8,76.8,44.61,50.92,2.12,-1.75,0.25,11.71,5.0,2.01,-2.35,69.52,7,7,100,45.0,-0.21,42.0,-0.5,40.0,-0.64,34.0,-1.01,35.0,-0.91,NEGATIVE,34.3,NEGATIVE,No strong driver,"Trend, Momentum, Volume",-4.89,-1.14,73.19,76.08,80.06,HIGH,20306520.0,NOT_AVAILABLE,NOT_AVAILABLE,,1658,1694
1659,BOROSCI,2026-08-31,122.91,Bearish,30.84,31.86,-5,25,5/10,Medium,24.61,4.68,3.81,16.67,132.79,140.45,135.5,-0.2202,0.0474,0.51,45.83,137.0,-10.28,2.96,0.02,-1.23,-2.68,-7.37,-19.89,0.0,53.8,126.69,122.41,124.44,130.4,122.41,42.03,54.47,2.22,-1.72,0.27,17.86,8.76,1.94,-2.06,87.52,10,7,15,46.67,-0.28,40.0,-0.6,46.67,-0.16,26.67,-3.16,46.67,-2.79,MIXED,27.39,NEGATIVE,No strong driver,"Trend, Momentum, Structure",-5.71,-1.33,115.89,121.27,137.0,HIGH,11305013.0,NOT_AVAILABLE,NOT_AVAILABLE,,1659,1515
1660,CRIZAC,2026-08-31,165.46,Bearish,30.82,24.99,-7,15,7/10,High,29.17,6.18,3.73,19.17,178.16,187.6,221.65,-0.2565,-0.4815,1.32,81.67,179.54,-7.84,5.75,0.014,-4.3,-4.58,-6.09,-15.53,0.35,56.58,178.08,171.8,172.9,180.0,171.8,42.03,53.56,2.17,-2.03,0.4,21.69,8.14,2.04,-2.25,89.54,5,9,73,42.47,-0.23,46.58,0.03,42.47,-0.29,41.1,-0.72,34.25,-0.97,NEGATIVE,40.21,NEGATIVE,No strong driver,"Trend, Momentum, Volume",-5.6,-1.31,156.2,163.3,179.54,HIGH,44005489.0,NOT_AVAILABLE,NOT_AVAILABLE,,1660,1689
1661,CEMPRO,2026-08-31,1225.6,Bearish,30.77,26.79,-7,15,8/10,High,38.78,53.64,4.38,22.5,1290.93,1287.35,1024.8,-0.856,-2.0761,1.19,77.5,1274.01,-3.8,5.43,0.338,-3.35,-2.84,-7.28,-10.1,0.54,68.8,1285.0,1252.9,1268.1,1296.0,1241.1,47.37,47.37,2.69,-2.24,0.04,14.17,12.55,2.19,-2.6,80.54,9,7,100,43.0,-0.2,46.0,0.16,37.0,0.05,38.0,-0.35,34.0,-0.19,MIXED,40.05,NEGATIVE,Liquidity,"Trend, Momentum, Volume",-6.56,-1.53,1145.14,1206.83,1285.0,HIGH,505906524.0,NOT_AVAILABLE,NOT_AVAILABLE,,1661,1651
1662,WEBELSOLAR,2026-08-31,76.47,Neutral-Range,30.74,18.39,-3,35,4/10,Low,26.68,3.45,4.51,39.17,84.65,91.84,238.67,-0.536,0.0641,0.79,60.83,85.29,-10.35,4.16,0.032,-1.76,-5.44,-7.64,-21.63,0.21,49.76,78.49,76.95,77.84,83.99,76.8,45.79,49.61,3.5,-2.87,0.37,33.68,17.5,2.81,-3.85,78.03,8,8,20,40.0,0.84,25.0,-0.66,35.0,-0.54,20.0,-6.49,5.0,-8.96,NEGATIVE,14.25,NEGATIVE,Liquidity,"Trend, Momentum, Structure",-4.51,4.51,73.02,79.92,77.84,HIGH,201116734.0,NOT_AVAILABLE,NOT_AVAILABLE,,1662,1770
1663,UYFINCORP,2026-08-31,19.52,Bearish,30.72,23.93,-4,30,4/10,Low,50.52,1.12,5.75,77.5,19.78,18.42,16.26,-0.2337,-0.0245,0.18,10.0,20.18,-3.29,6.75,0.221,-1.71,-2.84,-8.74,-1.21,0.7,,20.24,19.7,19.86,20.9,19.6,46.41,49.49,2.08,-2.09,0.76,45.38,15.4,2.35,-2.14,94.18,7,6,10,40.0,-0.39,40.0,-0.95,40.0,-0.29,30.0,-4.43,0.0,-10.73,NEGATIVE,20.62,NEGATIVE,No strong driver,"Momentum, Structure, VWAP",-8.63,-2.01,17.84,19.13,20.24,VERY_HIGH,9516700.0,NOT_AVAILABLE,NOT_AVAILABLE,,1663,1702
1664,YATRA,2026-08-31,106.42,Bearish,30.69,27.28,-4,30,5/10,Medium,41.91,4.84,4.55,40.0,111.54,110.45,117.45,-0.8875,-0.295,0.31,5.0,114.82,-7.32,3.14,0.252,-3.1,-7.71,-6.61,-1.12,-0.75,41.37,111.75,105.49,109.82,118.53,105.49,45.21,50.4,2.29,-2.03,0.42,23.94,9.84,2.02,-2.06,87.8,7,7,21,52.38,-0.11,28.57,-0.7,28.57,-1.19,23.81,-2.01,42.86,0.12,NEGATIVE,20.53,NEGATIVE,Liquidity,"Trend, Momentum, VWAP",-6.83,-1.59,99.15,104.72,114.82,HIGH,295574172.0,NOT_AVAILABLE,NOT_AVAILABLE,,1664,1635
1665,SNOWMAN,2026-08-31,37.3,Bearish,30.68,26.02,-4,30,4/10,Low,46.07,1.25,3.36,7.5,37.75,37.83,40.53,-0.1507,0.0174,0.43,17.5,39.57,-5.75,2.95,0.109,-0.96,-0.77,-3.44,-3.12,0.72,61.96,38.2,36.55,37.66,38.5,36.55,41.45,53.68,2.26,-1.76,0.26,16.45,8.42,2.05,-2.29,85.59,7,8,12,16.67,-0.47,8.33,-1.8,25.0,-0.96,25.0,-2.04,58.33,-0.27,NEGATIVE,20.5,NEGATIVE,No strong driver,"Trend, Structure, VWAP",-5.03,-1.17,35.42,36.86,39.57,HIGH,12468285.0,NOT_AVAILABLE,NOT_AVAILABLE,,1665,1665
1666,KALAMANDIR,2026-08-31,85.84,Bearish,30.63,26.34,-6,20,6/10,Medium,40.39,2.32,2.7,2.5,87.58,92.2,111.34,0.5156,-0.0984,0.45,15.83,87.11,-1.45,2.45,0.179,-1.44,-2.86,-0.37,-4.65,0.69,51.57,87.5,86.45,87.09,92.0,86.1,41.7,53.52,2.19,-1.9,0.28,16.07,7.3,1.77,-2.43,87.27,12,10,13,30.77,0.16,46.15,-0.8,38.46,-1.22,30.77,-0.28,38.46,-1.4,NEGATIVE,33.23,NEGATIVE,No strong driver,"Trend, Momentum, Structure",-4.05,-0.95,82.36,85.03,87.5,MODERATE,33680596.0,NOT_AVAILABLE,NOT_AVAILABLE,,1666,1659
1667,HLEGLAS,2026-08-31,314.6,Neutral-Range,30.62,19.35,-3,35,5/10,Medium,34.57,16.65,5.29,59.17,342.72,365.59,376.02,-1.9665,1.3182,0.16,13.33,372.72,-15.59,1.76,0.061,0.41,0.32,0.0,-25.6,0.0,55.54,316.0,312.2,313.3,324.0,310.2,41.32,54.08,2.29,-1.82,0.29,16.05,7.5,2.11,-2.5,85.4,8,9,37,43.24,-0.31,32.43,-1.32,35.14,-2.48,18.92,-4.78,13.51,-6.59,NEGATIVE,13.92,NEGATIVE,Delivery + Liquidity,"Trend, Momentum, Structure",-5.29,5.29,297.95,331.25,313.3,VERY_HIGH,165490813.0,NOT_AVAILABLE,NOT_AVAILABLE,,1667,1764
1668,CERA,2026-08-31,5730.5,Bearish,30.56,29.32,-4,30,4/10,Low,39.66,160.55,2.8,16.67,5863.64,5953.72,5780.87,-13.9904,6.77,0.66,60.83,5921.99,-3.23,2.89,0.156,1.34,-1.08,-0.98,-8.76,0.59,48.69,5709.5,5600.0,5654.5,5938.5,5600.0,42.37,53.29,1.51,-1.26,0.2,11.05,3.82,1.62,-1.69,88.2,8,8,21,28.57,-0.3,28.57,-1.06,28.57,-1.53,28.57,-2.18,23.81,-3.4,NEGATIVE,20.16,NEGATIVE,No strong driver,"Trend, Momentum, VWAP",-4.2,-0.98,5489.67,5674.31,5921.99,MODERATE,68705126.0,NOT_AVAILABLE,NOT_AVAILABLE,,1668,1595
1669,BOMDYEING,2026-08-31,114.25,Bearish,30.55,20.41,-4,30,5/10,Medium,44.03,3.58,3.13,20.0,115.74,119.27,126.54,0.5748,-0.0064,0.6,37.5,116.72,-2.12,4.21,0.31,-3.51,3.35,0.32,-6.29,-0.04,44.54,119.75,115.15,118.4,121.9,109.21,46.18,49.34,2.17,-2.02,0.16,9.21,9.21,2.18,-2.09,75.21,10,8,12,58.33,0.12,25.0,-0.01,16.67,-0.12,25.0,-2.24,25.0,-5.33,NEGATIVE,20.14,NEGATIVE,Liquidity,"Trend, Momentum, Structure",-4.7,-1.1,108.88,113.0,119.75,HIGH,132763879.0,NOT_AVAILABLE,NOT_AVAILABLE,,1669,1751
1670,KKCL,2026-08-31,503.8,Bearish,30.5,29.37,-6,20,6/10,Medium,45.9,15.84,3.14,39.17,512.67,504.42,492.96,-2.9268,-0.121,0.24,7.5,528.7,-4.71,3.16,0.15,-0.64,-3.65,-3.3,-1.21,1.0,51.5,508.3,492.5,507.05,527.2,492.5,42.5,52.76,1.66,-1.38,0.11,11.45,6.58,1.6,-1.97,86.66,9,8,12,25.0,-0.19,50.0,-0.45,41.67,-1.0,33.33,-1.1,33.33,-1.86,NEGATIVE,32.85,NEGATIVE,No strong driver,"Trend, Momentum, Structure",-4.72,-1.1,480.03,498.25,528.7,HIGH,38881366.0,NOT_AVAILABLE,NOT_AVAILABLE,,1670,1593
1671,DAMCAPITAL,2026-08-31,145.26,Bearish,30.5,25.51,-5,25,5/10,Medium,41.36,4.59,3.16,5.0,148.7,150.98,170.66,0.1033,-0.1117,0.47,27.5,148.7,-2.31,1.92,0.183,-0.69,-0.48,-0.77,-5.5,0.53,48.68,149.12,146.0,146.27,155.24,144.49,43.19,53.76,2.37,-2.28,0.2,13.62,8.69,2.17,-2.8,77.68,5,9,100,37.0,-0.17,35.0,-0.75,36.0,-1.3,37.0,-2.23,38.0,-3.02,NEGATIVE,26.43,NEGATIVE,No strong driver,"Trend, Momentum, Structure",-4.74,-1.11,138.38,143.65,149.12,HIGH,43671215.0,NOT_AVAILABLE,NOT_AVAILABLE,,1670,1676
1672,MOVALUE,2026-08-31,112.31,Bearish,30.48,34.8,-7,15,7/10,Medium,37.96,1.47,1.31,1.67,113.79,114.41,113.96,-0.1504,-0.0475,1.11,80.0,114.19,-1.65,1.27,0.089,-0.68,-0.67,-1.9,-2.54,-0.29,78.38,113.56,112.92,113.08,114.85,111.75,53.55,41.71,0.91,-0.97,0.41,23.29,8.82,2.02,-2.16,96.95,7,7,10,50.0,-0.39,40.0,-0.18,30.0,-0.47,50.0,-0.47,60.0,0.67,NEGATIVE,39.24,NEGATIVE,No strong driver,"Trend, Momentum, Structure",-1.96,-0.46,110.11,111.8,114.19,LOW,7315848.0,NOT_AVAILABLE,NOT_AVAILABLE,,1672,1417
1673,NETWORK18,2026-08-31,27.23,Bearish,30.38,22.54,-6,20,7/10,High,34.87,1.09,4.0,50.83,29.34,30.11,35.55,-0.0689,-0.1542,3.66,96.67,29.43,-7.47,5.87,0.047,-5.45,-10.25,-5.94,-7.32,-0.35,65.03,29.42,28.46,28.8,31.68,28.46,41.84,53.16,2.31,-1.96,0.24,13.55,7.37,1.97,-2.4,79.55,7,9,100,40.0,0.04,46.0,-0.05,44.0,-0.58,33.0,-1.78,33.0,-1.65,NEGATIVE,32.51,NEGATIVE,Liquidity,"Trend, Momentum, Structure",-6.0,-1.4,25.6,26.85,29.43,HIGH,192532470.0,NOT_AVAILABLE,NOT_AVAILABLE,,1673,1721
1674,SOUTHWEST,2026-08-31,204.92,Bearish,30.36,32.75,-7,15,7/10,High,37.29,10.0,4.88,12.5,217.98,225.41,212.76,-1.519,-0.0134,0.24,10.0,219.07,-6.46,2.7,0.061,-1.98,-6.0,-9.44,-14.77,-0.17,65.43,210.0,206.47,209.06,220.45,202.1,44.47,50.92,2.89,-2.28,0.68,38.16,11.84,2.32,-2.38,90.6,7,8,20,60.0,0.32,50.0,-0.38,55.0,-1.8,55.0,-1.85,45.0,-1.41,MIXED,38.9,NEGATIVE,No strong driver,"Trend, Momentum, Structure",-7.32,-1.71,189.92,201.42,219.07,HIGH,59660221.0,NOT_AVAILABLE,NOT_AVAILABLE,,1674,1496
1675,DPABHUSHAN,2026-08-31,1475.1,Neutral-Range,30.33,26.93,-2,40,4/10,Low,56.02,67.8,4.6,32.5,1448.31,1329.63,1239.32,-8.4662,-1.8146,0.32,19.17,1469.36,0.39,1.69,0.592,-0.53,-3.8,5.08,3.87,-0.88,60.0,1548.9,1475.4,1483.0,1568.3,1450.0,45.79,49.74,2.31,-1.79,0.45,26.45,8.82,2.17,-2.21,87.36,6,9,9,33.33,-0.8,11.11,-1.61,22.22,-1.27,11.11,-3.73,11.11,-4.52,NEGATIVE,6.67,NEGATIVE,Trend + RSI,"Momentum, Structure, MACD",-4.6,4.6,1407.3,1542.9,1483.0,HIGH,49094931.0,NOT_AVAILABLE,NOT_AVAILABLE,,1675,1646
1676,SWANCORP,2026-08-31,293.3,Bearish,30.29,26.62,-6,20,7/10,High,32.62,7.0,2.39,12.5,303.94,310.16,351.14,-0.7412,-0.3663,0.89,65.83,305.23,-3.91,3.07,0.119,-1.63,-3.17,-3.9,-5.45,0.0,60.03,305.3,296.5,298.15,307.05,295.65,39.06,55.86,1.75,-1.48,0.03,7.42,8.98,2.24,-1.9,79.85,4,6,46,50.0,0.32,54.35,0.33,36.96,-0.99,43.48,-1.73,30.43,-1.81,NEGATIVE,32.27,NEGATIVE,Liquidity,"Trend, Momentum, Structure",-3.58,-0.84,282.8,290.85,305.3,MODERATE,260421507.0,NOT_AVAILABLE,NOT_AVAILABLE,,1676,1655
1677,EXPLEOSOL,2026-08-31,857.05,Bearish,30.23,24.49,-5,25,6/10,Medium,50.32,32.93,3.84,17.5,861.34,845.13,874.37,-1.2009,-1.9271,0.03,1.67,916.76,-6.51,2.83,0.387,-2.14,-2.83,-7.15,6.45,0.0,72.05,897.0,872.0,875.75,916.9,866.0,41.58,54.08,1.76,-1.43,0.22,10.79,8.29,2.24,-1.68,83.67,7,8,18,55.56,-0.23,38.89,-0.24,44.44,-1.16,22.22,-2.01,0.0,-4.07,NEGATIVE,25.65,NEGATIVE,Liquidity,"Trend, Momentum, Structure",-5.76,-1.34,807.66,845.53,916.76,HIGH,323297468.0,NOT_AVAILABLE,NOT_AVAILABLE,,1677,1695
1678,JAGRAN,2026-08-31,61.08,Bearish,30.21,28.57,-8,10,8/10,Medium,33.92,0.96,1.58,0.83,62.13,63.2,66.23,-0.051,-0.0153,1.47,88.33,62.32,-1.99,1.47,0.055,-0.36,-1.39,-1.36,-2.86,0.7,65.62,62.02,61.2,61.3,62.58,61.2,45.13,49.87,1.31,-1.29,0.33,14.08,5.0,1.8,-2.4,86.31,7,7,16,43.75,0.18,37.5,0.5,37.5,0.66,43.75,-0.3,56.25,0.9,MIXED,44.88,MIXED,No strong driver,"Trend, Momentum, Volume",-2.36,-0.55,59.64,60.74,62.32,LOW,11911926.0,NOT_AVAILABLE,NOT_AVAILABLE,,1678,1613
1679,MHRIL,2026-08-31,209.65,Bearish,30.21,26.45,-7,15,7/10,High,32.11,6.33,3.02,9.17,219.71,224.73,257.06,-1.3417,-0.1689,1.09,74.17,222.02,-5.57,1.88,0.02,-0.82,-5.16,-6.78,-4.25,-0.04,69.98,215.8,209.9,211.39,225.65,209.22,42.24,53.03,1.47,-1.3,0.2,10.26,5.26,1.96,-1.8,88.22,8,13,26,30.77,-0.41,46.15,-0.2,42.31,0.02,34.62,-0.89,53.85,0.84,MIXED,38.45,NEGATIVE,No strong driver,"Trend, Momentum, Structure",-4.53,-1.06,200.16,207.44,222.02,HIGH,26141730.0,NOT_AVAILABLE,NOT_AVAILABLE,,1678,1658
1680,GOCOLORS,2026-08-31,327.85,Bearish,30.2,23.51,-4,30,4/10,Low,45.81,14.32,4.37,4.17,335.82,336.92,397.98,0.2507,-0.8968,0.36,29.17,335.53,-2.29,3.07,0.215,-2.32,-7.2,-4.71,1.25,0.4,52.46,341.55,334.0,335.65,363.0,330.1,40.53,55.0,1.78,-1.6,0.16,12.76,9.47,1.97,-1.89,89.35,6,10,100,35.0,-0.45,35.0,-1.4,37.0,-1.95,32.0,-3.14,37.0,-2.3,NEGATIVE,19.15,NEGATIVE,No strong driver,"Trend, Structure, VWAP",-6.55,-1.53,306.36,322.84,341.55,HIGH,76717292.0,NOT_AVAILABLE,NOT_AVAILABLE,,1680,1707
1681,INDOTHAI,2026-08-31,43.88,Neutral-Range,30.12,19.46,-3,35,5/10,Medium,5.19,6.6,15.04,100.0,84.41,142.28,300.49,1.281,0.5542,0.08,12.5,53.17,-17.47,0.0,0.0,-4.98,-22.58,-40.08,-74.3,-4.98,99.37,46.18,46.18,46.18,56.68,46.18,46.84,48.29,2.56,-2.44,0.2,34.34,21.58,2.66,-3.42,78.44,21,22,10,40.0,-0.12,30.0,-1.69,20.0,-3.54,30.0,-4.19,50.0,0.42,NEGATIVE,12.5,NEGATIVE,Momentum + MACD,"Trend, Structure, VWAP",-15.04,15.04,37.28,50.48,46.18,VERY_HIGH,86339950.0,NOT_AVAILABLE,NOT_AVAILABLE,,1681,1763
1682,JYOTISTRUC,2026-08-31,10.01,Bearish,30.11,25.12,-7,15,7/10,Medium,30.73,0.38,3.8,5.0,10.68,11.14,12.21,-0.071,-0.005,1.03,75.83,11.13,-10.1,2.47,0.028,-1.28,-6.19,-6.01,-13.71,0.39,63.5,10.36,10.06,10.14,11.07,10.06,42.76,52.11,3.16,-2.55,0.39,29.08,15.53,2.53,-2.85,72.4,8,11,19,52.63,0.51,42.11,-0.77,42.11,-0.58,42.11,-1.0,36.84,-3.78,NEGATIVE,38.16,NEGATIVE,No strong driver,"Trend, Momentum, Structure",-5.7,-1.33,9.44,9.88,11.13,HIGH,55193497.0,NOT_AVAILABLE,NOT_AVAILABLE,,1682,1685
1683,APTUS,2026-08-31,248.85,Bearish,30.07,25.86,-5,25,6/10,Medium,36.23,7.25,2.91,7.5,258.58,264.55,269.22,0.5135,-0.4075,0.78,52.5,256.11,-2.84,3.85,0.111,-2.85,-2.16,-2.49,-5.6,-0.45,55.19,257.2,253.55,256.15,261.8,250.75,44.08,51.05,1.67,-1.43,0.25,12.37,6.32,1.8,-1.83,79.37,8,7,15,46.67,-0.38,26.67,-1.39,26.67,-1.51,33.33,-1.19,40.0,-2.42,NEGATIVE,25.2,NEGATIVE,Liquidity,"Trend, Momentum, Structure",-4.37,-1.02,237.97,246.31,257.2,MODERATE,307887435.0,NOT_AVAILABLE,NOT_AVAILABLE,,1683,1667
1684,AHLUCONT,2026-08-31,619.2,Bearish,30.06,21.86,-5,25,5/10,Medium,20.79,28.93,4.67,89.17,717.75,772.34,829.89,-13.0894,1.105,0.69,46.67,685.17,-9.63,5.14,0.018,-3.42,-4.68,-22.0,-25.72,0.77,59.7,647.75,630.05,641.1,690.0,620.0,46.84,48.82,1.87,-1.77,0.27,17.24,9.08,1.99,-2.2,86.06,9,9,24,45.83,-0.59,41.67,-0.08,33.33,-1.18,29.17,-1.75,37.5,-2.26,NEGATIVE,25.16,NEGATIVE,No strong driver,"Trend, Momentum, Structure",-7.01,-1.64,575.8,609.07,685.17,HIGH,74373650.0,NOT_AVAILABLE,NOT_AVAILABLE,,1684,1734
1685,PATANJALI,2026-08-31,345.0,Bearish,30.02,24.46,-5,25,6/10,Medium,34.33,7.86,2.28,10.83,352.41,371.15,544.62,0.9512,-0.2618,0.71,40.83,353.16,-2.31,1.51,0.122,-0.99,-1.43,-2.51,-5.22,-0.27,62.5,349.8,345.35,348.45,352.6,345.25,47.37,47.76,1.29,-1.48,0.01,8.29,5.92,1.84,-3.38,85.22,9,7,29,41.38,-0.33,31.03,-0.65,31.03,-1.29,34.48,-1.93,24.14,-2.33,NEGATIVE,25.05,NEGATIVE,Liquidity,"Trend, Momentum, Structure",-3.42,-0.8,333.21,342.25,353.16,MODERATE,1079189600.0,NOT_AVAILABLE,NOT_AVAILABLE,,1685,1697
1686,LOWVOLIETF,2026-08-31,22.17,Bearish,30.01,36.22,-8,10,8/10,High,41.43,0.42,1.92,20.83,22.38,22.24,22.29,-0.0557,-0.0015,1.52,84.17,22.55,-1.68,2.61,0.188,-0.4,-0.36,-1.51,-2.81,-1.08,73.27,22.57,22.09,22.26,22.59,22.09,48.05,44.73,0.57,-0.83,1.36,64.36,5.63,2.37,-4.87,98.82,7,10,93,45.16,0.0,51.61,-1.05,50.54,-1.04,56.99,-1.04,50.54,-1.04,MIXED,44.32,MIXED,No strong driver,"Trend, Momentum, Structure",-2.87,-0.67,21.53,22.02,22.57,LOW,47523647.0,NOT_AVAILABLE,NOT_AVAILABLE,,1686,1372
1687,CASTROLIND,2026-08-31,184.49,Bearish,30.01,30.51,-6,20,7/10,High,41.07,2.32,1.26,47.5,186.81,186.2,187.79,-0.5486,-0.0532,0.65,31.67,190.02,-2.91,1.11,0.036,-0.4,-1.27,-1.63,-0.73,0.36,70.76,186.95,185.06,185.24,188.0,184.9,44.34,50.92,1.57,-1.26,0.21,8.03,4.21,1.72,-2.1,76.75,9,6,29,48.28,-0.06,27.59,-1.07,31.03,-1.12,34.48,-0.5,37.93,-0.76,NEGATIVE,31.45,NEGATIVE,Liquidity,"Trend, Momentum, Structure",-1.89,-0.44,181.01,183.68,190.02,LOW,635274461.0,NOT_AVAILABLE,NOT_AVAILABLE,,1686,1560
1688,ORISSAMINE,2026-08-31,4314.4,Bearish,29.92,27.14,-4,30,5/10,Medium,45.55,175.99,4.08,52.5,4470.06,4278.7,4326.48,-58.6672,-13.3627,0.18,7.5,4774.96,-9.65,3.48,0.209,-3.31,-4.37,-11.43,5.07,-0.16,44.73,4617.0,4428.0,4462.2,4671.0,4428.0,42.11,53.42,2.31,-1.76,0.3,15.92,5.92,1.95,-2.18,81.39,7,9,30,40.0,-0.58,46.67,-1.23,36.67,-1.78,30.0,-3.69,30.0,-3.95,NEGATIVE,18.33,NEGATIVE,Liquidity,"Trend, Momentum, Structure",-6.12,-1.43,4050.42,4252.8,4774.96,HIGH,262688195.0,NOT_AVAILABLE,NOT_AVAILABLE,,1688,1639
1689,IDEAFORGE,2026-08-31,795.25,Bearish,29.92,26.95,-4,30,5/10,Medium,42.21,36.92,4.64,13.33,821.97,827.44,685.0,-2.2242,0.2263,0.46,33.33,818.78,-2.87,4.0,0.144,-1.54,-0.15,0.02,-10.35,0.96,47.49,827.9,796.2,807.65,827.9,776.8,41.45,53.82,2.56,-1.93,0.3,16.71,7.11,2.25,-3.12,81.13,6,9,21,19.05,-0.51,28.57,-2.15,23.81,-2.96,42.86,-4.08,28.57,-4.48,NEGATIVE,18.33,NEGATIVE,Liquidity,"Trend, Momentum, Structure",-6.96,-1.62,739.88,782.33,827.9,HIGH,398186025.0,NOT_AVAILABLE,NOT_AVAILABLE,,1688,1645
1690,CGRAPHICS,2026-08-31,144.6,Bearish,29.91,27.53,-5,25,5/10,Medium,49.22,6.79,4.7,39.17,146.39,144.45,158.12,-0.0681,-0.5469,0.75,53.33,148.33,-2.51,1.58,0.321,-0.89,-8.19,0.42,0.66,-0.62,76.32,148.1,143.55,145.9,166.0,143.55,43.0,52.5,2.99,-2.46,0.13,27.0,23.17,2.67,-2.66,78.45,6,11,18,38.89,-0.53,38.89,-1.17,38.89,-1.67,27.78,-1.73,38.89,-2.15,NEGATIVE,24.73,NEGATIVE,No strong driver,"Trend, Momentum, VWAP",-7.05,-1.64,134.41,142.22,148.33,HIGH,6016182.0,NOT_AVAILABLE,NOT_AVAILABLE,,1690,1628
1691,INDNIPPON,2026-08-31,1050.6,Bearish,29.87,30.95,-6,20,6/10,Medium,36.09,40.88,3.89,42.5,1100.83,1078.81,928.79,-10.8808,0.5429,0.5,31.67,1125.8,-6.68,3.16,0.1,-1.04,-2.04,-7.72,-10.45,-0.24,54.95,1072.9,1056.1,1061.6,1107.9,1055.3,46.58,48.82,2.04,-1.7,0.41,24.74,5.66,1.61,-2.27,89.9,8,6,18,55.56,-0.11,44.44,-0.04,38.89,-1.18,38.89,-1.61,44.44,-0.69,NEGATIVE,31.06,NEGATIVE,No strong driver,"Trend, Momentum, Structure",-5.84,-1.36,989.28,1036.29,1125.8,HIGH,31980419.0,NOT_AVAILABLE,NOT_AVAILABLE,,1691,1546
1692,MAYURUNIQ,2026-08-31,749.85,Neutral-Range,29.82,23.62,-3,35,3/10,Low,45.53,31.98,4.26,43.33,761.64,765.48,667.43,1.5345,-0.3356,0.42,21.67,764.12,-1.87,2.99,0.29,-2.22,-2.62,2.41,-4.35,0.27,63.97,774.5,745.1,766.9,778.35,728.05,44.47,51.18,1.8,-1.42,0.24,12.11,5.79,1.82,-1.89,84.23,5,8,17,35.29,-0.2,47.06,-0.57,17.65,-1.92,17.65,-2.01,29.41,-2.42,NEGATIVE,11.64,NEGATIVE,No strong driver,"Trend, VWAP, Delivery",-4.26,4.26,717.87,781.83,766.9,HIGH,91820791.0,NOT_AVAILABLE,NOT_AVAILABLE,,1692,1706
1693,SFL,2026-08-31,641.75,Neutral-Range,29.8,23.21,-3,35,5/10,Medium,32.37,24.74,3.85,33.33,676.91,693.75,653.36,-3.5611,1.091,0.43,24.17,704.82,-8.95,3.33,0.068,0.75,-2.19,-4.94,-18.84,-0.31,53.35,641.75,627.9,637.0,671.35,627.9,43.29,52.24,1.5,-1.36,0.26,11.05,5.92,2.1,-2.1,86.1,6,8,15,40.0,-0.1,33.33,-0.98,26.67,-1.14,13.33,-3.22,6.67,-5.44,NEGATIVE,11.56,NEGATIVE,Delivery + Liquidity,"Trend, Momentum, Structure",-3.85,3.85,617.01,666.49,637.0,HIGH,222503094.0,NOT_AVAILABLE,NOT_AVAILABLE,,1693,1710
1694,MASON,2026-08-31,117.65,Bearish,29.76,20.13,-5,25,5/10,Medium,45.33,5.59,4.75,15.83,120.11,122.67,138.23,0.0525,-0.1539,0.08,3.33,119.77,-1.77,2.62,0.358,-0.59,0.13,-2.77,-3.96,-1.14,55.56,121.0,118.0,118.35,124.9,113.0,40.27,53.87,3.89,-2.78,0.16,30.93,28.0,3.2,-3.04,74.53,4,7,100,41.0,0.01,36.0,-0.39,30.0,-1.08,30.0,-1.84,28.0,-3.93,NEGATIVE,24.32,NEGATIVE,No strong driver,"Trend, Structure, VWAP",-7.13,-1.66,109.26,115.69,121.0,HIGH,7030760.0,NOT_AVAILABLE,NOT_AVAILABLE,,1694,1754
1695,IFBAGRO,2026-08-31,899.2,Bearish,29.72,29.69,-8,10,8/10,Medium,32.01,39.16,4.35,34.17,971.28,969.9,964.92,-12.7905,-2.2018,1.01,76.67,979.08,-8.16,2.9,0.056,-2.24,-8.31,-13.38,-8.62,-3.24,77.01,950.5,915.0,919.8,1018.8,915.0,44.34,51.32,2.54,-1.97,0.4,28.42,11.84,2.27,-2.55,89.4,7,11,10,30.0,-0.98,60.0,0.61,60.0,-0.14,40.0,-1.49,40.0,-3.18,MIXED,43.48,MIXED,No strong driver,"Trend, Momentum, Structure",-6.53,-1.52,840.47,885.5,979.08,HIGH,5626744.0,NOT_AVAILABLE,NOT_AVAILABLE,,1695,1588
1696,CORALFINAC,2026-08-31,33.01,Bearish,29.61,25.46,-6,20,6/10,Medium,46.55,1.9,5.75,46.67,33.55,33.22,34.91,-0.1008,-0.0522,0.12,3.33,33.69,-2.03,2.8,0.198,-0.75,-1.37,-3.7,-1.17,0.27,52.42,34.16,33.16,33.26,36.4,33.01,40.92,53.82,2.59,-1.93,0.65,39.61,15.79,2.44,-2.19,89.95,8,9,32,40.62,-0.29,43.75,0.01,40.62,-0.48,31.25,-1.98,25.0,-1.95,NEGATIVE,30.31,NEGATIVE,No strong driver,"Trend, Momentum, Structure",-8.63,-2.01,30.16,32.35,34.16,VERY_HIGH,5775855.0,NOT_AVAILABLE,NOT_AVAILABLE,,1696,1678
1697,AARTISURF,2026-08-31,520.6,Bearish,29.59,22.91,-4,30,4/10,Low,49.06,35.16,6.75,97.5,538.74,486.68,438.84,-13.5988,-1.297,0.19,5.83,567.05,-8.19,7.18,0.168,-3.86,-4.36,-16.79,8.23,-0.28,,545.0,522.0,541.5,588.9,521.55,41.97,53.55,2.1,-1.63,0.37,22.24,12.76,2.51,-2.14,87.92,5,9,25,40.0,-0.45,36.0,-1.27,32.0,-2.21,32.0,-2.89,32.0,-4.06,NEGATIVE,17.4,NEGATIVE,No strong driver,"Momentum, Structure, VWAP",-10.13,-2.36,467.86,508.29,567.05,VERY_HIGH,56213566.0,NOT_AVAILABLE,NOT_AVAILABLE,,1697,1716
1698,MAZDOCK,2026-08-31,2480.0,Bearish,29.54,31.42,-4,30,5/10,Medium,45.53,62.79,2.53,26.67,2530.65,2489.31,2527.59,-7.7166,-7.8572,0.62,28.33,2554.8,-2.93,3.09,0.387,-2.94,-2.36,-3.49,3.77,0.0,40.27,2596.0,2543.0,2555.0,2656.8,2520.0,46.45,49.21,2.31,-2.0,0.2,12.5,6.32,2.21,-3.88,75.32,7,6,11,27.27,-0.86,27.27,-5.21,27.27,-6.56,36.36,-1.83,36.36,-0.14,NEGATIVE,17.27,NEGATIVE,Liquidity,"Trend, Momentum, Structure",-3.8,-0.89,2385.82,2458.02,2596.0,MODERATE,2492698223.0,NOT_AVAILABLE,NOT_AVAILABLE,,1698,1534
1699,NDTV,2026-08-31,72.2,Bearish,29.54,25.35,-7,15,7/10,High,30.54,2.01,2.79,15.83,75.34,77.11,86.16,-0.1714,-0.1015,1.12,79.17,75.45,-4.31,3.5,0.08,-2.13,-3.91,-5.42,-6.71,0.57,70.51,74.76,73.06,73.77,76.49,73.06,38.95,56.58,2.16,-1.67,0.2,18.16,10.39,1.97,-2.64,86.4,8,9,31,51.61,0.37,61.29,1.2,41.94,-0.4,35.48,-0.99,32.26,-3.86,NEGATIVE,36.54,NEGATIVE,No strong driver,"Trend, Momentum, Structure",-4.18,-0.98,69.18,71.5,75.45,MODERATE,6270413.0,NOT_AVAILABLE,NOT_AVAILABLE,,1698,1679
1700,BIRLANU,2026-08-31,1440.5,Bearish,29.53,26.65,-6,20,6/10,Medium,44.75,66.0,4.58,36.67,1490.9,1449.11,1515.76,-22.1164,-0.8806,0.18,3.33,1563.2,-7.85,3.11,0.269,-0.12,-4.15,-7.17,7.4,-0.16,57.42,1467.2,1430.0,1442.3,1577.5,1430.0,39.33,57.02,1.92,-1.4,0.15,10.11,7.3,1.69,-1.62,86.68,5,10,100,43.0,-0.23,45.0,-0.33,36.0,-0.64,39.0,-2.15,31.0,-2.88,NEGATIVE,30.09,NEGATIVE,No strong driver,"Trend, Momentum, VWAP",-6.87,-1.6,1341.5,1417.4,1563.2,HIGH,70523564.0,NOT_AVAILABLE,NOT_AVAILABLE,,1700,1654
1701,ROHLTD,2026-08-31,296.35,Bearish,29.35,25.32,-7,15,7/10,Medium,34.96,9.52,3.21,8.33,307.32,314.96,345.72,-0.4964,-0.3218,0.84,59.17,310.18,-4.46,2.98,0.038,-1.98,-3.12,-3.69,-5.56,0.21,74.88,303.7,300.0,302.35,315.0,300.0,44.61,50.79,2.02,-1.7,0.19,16.97,9.74,1.78,-1.95,89.62,8,8,8,37.5,0.09,37.5,-1.48,37.5,-1.1,37.5,-0.21,50.0,-1.23,NEGATIVE,36.01,NEGATIVE,No strong driver,"Trend, Momentum, Structure",-4.82,-1.12,282.08,293.02,310.18,HIGH,8145135.0,NOT_AVAILABLE,NOT_AVAILABLE,,1701,1680
1702,VIKRAMSOLR,2026-08-31,168.7,Bearish,29.24,20.32,-4,30,5/10,Medium,44.13,6.76,4.01,26.67,172.56,180.11,215.49,0.9061,-0.2757,0.19,1.67,176.33,-4.32,2.61,0.425,-2.32,-1.93,-7.86,-5.12,-0.43,45.76,174.49,171.1,172.71,176.3,169.31,40.46,54.58,2.24,-2.11,0.34,20.99,8.78,2.19,-2.69,80.09,4,9,54,40.74,-0.39,40.74,-0.9,31.48,-2.39,29.63,-2.83,24.07,-4.93,NEGATIVE,16.39,NEGATIVE,Liquidity,"Trend, Momentum, Structure",-6.01,-1.4,158.56,166.33,176.33,HIGH,1252704419.0,NOT_AVAILABLE,NOT_AVAILABLE,,1702,1752
1703,JKLAKSHMI,2026-08-31,530.9,Bearish,29.2,26.04,-5,25,6/10,Medium,29.2,12.02,2.26,4.17,552.93,568.55,649.83,-1.36,-0.7485,0.55,46.67,563.67,-5.81,2.73,0.038,-1.84,-4.33,-4.73,-6.64,-0.34,54.62,544.4,539.0,540.85,561.0,539.0,44.87,50.53,1.47,-1.32,0.22,10.13,5.0,1.82,-1.95,89.52,8,9,24,16.67,-1.19,25.0,-2.29,33.33,-3.06,45.83,-3.24,25.0,-2.98,NEGATIVE,22.71,NEGATIVE,Liquidity,"Trend, Momentum, Structure",-3.4,-0.79,512.87,526.69,563.67,MODERATE,178715166.0,NOT_AVAILABLE,NOT_AVAILABLE,,1703,1664
1704,CENTRUM,2026-08-31,22.97,Bearish,29.15,16.76,-6,20,6/10,Medium,41.47,1.0,4.35,11.67,23.77,23.88,25.67,-0.2037,0.0167,0.33,25.0,24.84,-7.54,2.13,0.037,-0.35,-1.37,-5.47,-4.65,-0.52,58.52,23.31,23.0,23.05,23.9,22.91,39.61,54.61,2.94,-2.05,0.33,23.55,11.45,2.15,-2.11,92.11,10,8,17,47.06,1.11,35.29,0.79,23.53,0.42,23.53,-1.04,23.53,-4.24,MIXED,28.99,NEGATIVE,No strong driver,"Trend, Momentum, Structure",-6.53,-1.52,21.47,22.62,24.84,HIGH,9970624.0,NOT_AVAILABLE,NOT_AVAILABLE,,1704,1778
1705,SWELECTES,2026-08-31,588.5,Bearish,29.12,24.89,-5,25,5/10,Medium,38.33,22.77,3.87,16.67,615.43,623.38,634.6,-5.4521,0.2935,0.45,27.5,634.87,-7.3,3.14,0.057,-0.24,-0.93,-6.54,-4.07,-0.32,48.95,606.9,581.8,589.9,615.9,581.8,44.34,50.79,2.85,-2.37,0.37,25.53,12.89,2.47,-2.49,80.28,8,9,28,50.0,-0.69,35.71,-2.48,35.71,-3.06,42.86,-5.25,32.14,-6.81,NEGATIVE,22.5,NEGATIVE,No strong driver,"Trend, Momentum, Structure",-5.8,-1.35,554.34,580.53,634.87,HIGH,22709428.0,NOT_AVAILABLE,NOT_AVAILABLE,,1705,1692
1706,OSWALPUMPS,2026-08-31,292.3,Bearish,29.1,22.75,-4,30,5/10,Medium,32.1,10.42,3.57,1.67,309.47,339.31,417.12,2.3202,-0.0882,0.44,15.0,306.58,-4.66,2.52,0.061,-1.1,-1.5,-3.85,-11.76,-0.19,47.93,298.35,293.8,295.55,303.4,293.8,41.56,54.22,2.38,-2.2,0.35,20.45,7.47,2.05,-2.54,82.54,6,7,90,37.78,-0.48,34.44,-1.52,31.11,-2.65,28.89,-4.34,28.89,-5.21,NEGATIVE,16.0,NEGATIVE,Liquidity,"Trend, Momentum, Structure",-5.35,-1.25,276.67,288.65,306.58,HIGH,194226762.0,NOT_AVAILABLE,NOT_AVAILABLE,,1706,1719
1707,ELIN,2026-08-31,100.13,Bearish,28.99,21.27,-5,25,5/10,Medium,48.57,4.34,4.33,8.33,100.6,102.69,124.77,0.4076,-0.1387,0.51,33.33,100.99,-0.85,4.46,0.481,-4.53,0.44,-2.1,-3.3,-1.03,61.37,106.75,100.55,104.88,106.75,97.5,43.29,51.84,2.42,-2.06,0.23,19.08,11.05,1.91,-2.3,85.25,6,7,100,34.0,-0.39,40.0,-0.94,40.0,-1.12,29.0,-3.14,30.0,-4.25,NEGATIVE,22.11,NEGATIVE,No strong driver,"Trend, Structure, VWAP",-6.5,-1.52,93.62,98.61,106.75,HIGH,29698984.0,NOT_AVAILABLE,NOT_AVAILABLE,,1707,1741
1708,GRINDWELL,2026-08-31,2023.0,Bearish,28.92,29.76,-7,15,7/10,Medium,44.34,61.78,3.05,7.5,2068.68,2049.41,1848.46,-9.2848,-0.1372,0.7,55.83,2086.41,-3.04,2.56,0.153,-1.69,-1.47,-6.49,-3.1,0.0,56.63,2063.7,2024.4,2057.7,2075.1,1992.0,46.32,49.34,1.57,-1.44,0.06,4.08,5.92,1.93,-1.95,88.06,8,12,18,38.89,-0.73,27.78,-1.43,38.89,-0.87,38.89,-0.99,44.44,-0.57,NEGATIVE,34.78,NEGATIVE,No strong driver,"Trend, Momentum, Structure",-4.58,-1.07,1930.33,2001.38,2086.41,HIGH,57408665.0,NOT_AVAILABLE,NOT_AVAILABLE,,1708,1584
1709,SANOFI,2026-08-31,3124.0,Bearish,28.91,25.27,-7,15,7/10,Medium,32.97,65.01,2.08,36.67,3254.7,3303.93,3725.29,-12.9529,-3.2261,3.26,97.5,3254.01,-4.0,2.94,0.075,-1.81,-4.6,-2.3,-7.62,0.0,61.9,3199.0,3160.1,3181.6,3372.0,3160.1,42.37,53.03,1.1,-1.05,0.16,8.95,3.42,1.64,-3.03,83.72,8,9,9,44.44,-0.53,22.22,-1.11,33.33,-1.5,44.44,-0.37,33.33,0.17,NEGATIVE,34.74,NEGATIVE,No strong driver,"Trend, Momentum, Structure",-3.12,-0.73,3026.49,3101.25,3254.01,MODERATE,65394024.0,NOT_AVAILABLE,NOT_AVAILABLE,,1709,1682
1710,GRMOVER,2026-08-31,86.47,Bearish,28.9,25.26,-4,30,5/10,Medium,39.31,3.31,3.83,30.0,89.07,96.75,164.7,0.1223,-0.062,0.86,40.83,89.73,-3.63,3.92,0.164,0.1,-4.18,-2.05,-8.86,0.82,29.3,88.65,86.0,86.38,92.29,86.0,46.32,49.21,2.15,-2.05,0.28,18.68,6.32,1.88,-3.26,89.94,6,9,12,50.0,-1.64,41.67,-3.27,25.0,-4.06,33.33,-4.38,50.0,-0.86,NEGATIVE,15.42,NEGATIVE,Liquidity,"Trend, Momentum, Structure",-5.74,-1.34,81.5,85.31,89.73,HIGH,120296497.0,NOT_AVAILABLE,NOT_AVAILABLE,,1710,1683
1711,ABINFRA,2026-08-31,11.44,Neutral-Range,28.9,18.6,-3,35,4/10,Low,49.93,0.88,7.68,65.0,11.61,11.41,27.42,-0.0623,-0.0563,0.02,0.83,12.68,-9.76,4.15,0.353,-3.21,-11.59,0.7,13.72,-0.59,,11.92,11.0,11.82,13.26,11.0,45.19,47.96,2.98,-2.58,0.53,38.05,16.76,3.02,-3.98,73.27,9,8,10,0.0,-2.38,10.0,-3.48,10.0,-6.02,30.0,-2.24,20.0,-3.03,NEGATIVE,9.0,NEGATIVE,Liquidity,"Trend, Momentum, VWAP",-7.68,7.68,10.56,12.32,11.82,VERY_HIGH,134399816.0,NOT_AVAILABLE,NOT_AVAILABLE,,1710,1769
1712,GANESHHOU,2026-08-31,776.95,Bearish,28.73,28.18,-7,15,7/10,High,43.51,30.3,3.9,24.17,804.12,790.29,759.46,-3.0169,-2.3698,2.22,92.5,808.77,-3.93,4.08,0.24,-3.32,-3.86,-7.29,-0.15,0.05,66.13,812.15,791.05,803.6,845.0,791.05,40.56,53.82,1.88,-1.45,0.07,13.25,9.64,2.25,-1.7,84.67,5,7,100,40.0,0.09,45.0,-0.12,38.0,-0.41,35.0,-1.17,38.0,-1.51,NEGATIVE,34.23,NEGATIVE,No strong driver,"Trend, Momentum, Structure",-5.85,-1.36,731.5,766.35,812.15,HIGH,32009181.0,NOT_AVAILABLE,NOT_AVAILABLE,,1712,1621
1713,ASAL,2026-08-31,476.05,Bearish,28.73,26.73,-8,10,8/10,High,34.83,15.58,3.27,2.5,497.14,503.07,498.68,-1.8426,-0.6427,1.4,86.67,499.85,-4.76,4.49,0.044,-2.49,-3.59,-5.91,-6.26,-0.14,60.65,493.3,486.0,488.2,507.85,485.7,41.18,54.47,2.52,-1.8,0.26,17.24,8.42,2.02,-2.19,85.61,7,8,100,41.0,-0.06,42.0,-0.34,42.0,0.07,35.0,-0.39,29.0,-1.39,MIXED,40.67,NEGATIVE,No strong driver,"Trend, Momentum, Volume",-4.91,-1.15,452.67,470.6,499.85,HIGH,10337536.0,NOT_AVAILABLE,NOT_AVAILABLE,,1712,1653
1714,RSWM,2026-08-31,198.41,Neutral-Range,28.71,20.16,-3,35,3/10,Low,45.61,8.11,4.09,20.83,201.87,200.48,177.57,-0.7797,0.2757,0.25,13.33,213.78,-7.19,2.07,0.158,1.23,1.39,2.0,-11.72,0.0,,198.67,195.0,196.0,209.0,194.45,42.89,52.37,2.2,-1.74,0.21,18.16,9.34,1.79,-2.06,86.35,7,9,26,38.46,-0.35,26.92,-0.86,26.92,-1.54,11.54,-4.81,3.85,-6.3,NEGATIVE,8.46,NEGATIVE,No strong driver,"Trend, Structure, VWAP",-4.09,4.09,190.3,206.52,196.0,HIGH,12567522.0,NOT_AVAILABLE,NOT_AVAILABLE,,1714,1753
1715,MOBIKWIK,2026-08-31,189.71,Bearish,28.7,22.32,-5,25,6/10,Medium,37.04,6.07,3.2,0.83,198.34,201.29,215.91,-1.0631,-0.0615,0.51,45.0,203.09,-6.59,1.76,0.026,-1.36,-2.83,-6.47,-11.67,-0.06,36.42,195.46,191.0,192.33,199.0,190.1,39.95,56.81,2.69,-2.2,0.2,13.16,10.62,2.42,-2.45,82.3,4,9,14,35.71,-0.35,35.71,-0.58,35.71,-1.97,35.71,-2.71,21.43,-3.98,NEGATIVE,21.28,NEGATIVE,Liquidity,"Trend, Momentum, Structure",-4.8,-1.12,180.6,187.58,203.09,HIGH,220426587.0,NOT_AVAILABLE,NOT_AVAILABLE,,1715,1723
1716,RPOWER,2026-08-31,22.09,Bearish,28.69,20.77,-5,25,6/10,Medium,36.74,0.68,3.1,4.17,23.0,23.96,28.66,-0.0,-0.0249,0.57,30.0,23.27,-5.08,2.36,0.153,-1.6,-4.33,-2.77,-7.46,0.0,41.96,22.88,22.39,22.45,23.8,22.39,43.82,50.66,2.9,-2.36,0.25,23.42,13.68,2.42,-3.07,76.04,14,8,16,50.0,0.15,43.75,0.96,50.0,-0.63,25.0,-4.7,6.25,-8.09,MIXED,21.25,NEGATIVE,Liquidity,"Trend, Momentum, Structure",-4.64,-1.08,21.06,21.85,23.27,HIGH,467120295.0,NOT_AVAILABLE,NOT_AVAILABLE,,1716,1747
1717,MSUMI,2026-08-31,36.79,Bearish,28.65,24.47,-6,20,7/10,Medium,31.43,1.03,2.8,15.83,38.93,39.55,41.85,-0.3198,-0.0113,0.75,40.0,39.4,-6.63,2.97,0.044,-2.52,-2.54,-8.78,-11.31,-0.11,58.99,37.98,37.53,37.74,38.7,36.54,43.82,51.18,1.45,-1.35,0.19,11.58,5.39,1.73,-3.14,85.84,7,9,17,47.06,0.12,47.06,-0.32,47.06,-0.91,29.41,-2.64,23.53,-3.52,MIXED,27.56,NEGATIVE,Liquidity,"Trend, Momentum, Structure",-4.21,-0.98,35.24,36.43,39.4,MODERATE,451218821.0,NOT_AVAILABLE,NOT_AVAILABLE,,1717,1696
1718,ADANIGREEN,2026-08-31,1214.9,Bearish,28.63,29.31,-5,25,6/10,Medium,29.17,39.82,3.28,21.67,1330.39,1373.4,1245.77,-2.0472,-5.8683,1.71,91.67,1326.64,-8.42,7.32,0.0,-7.33,-7.12,-8.49,-12.91,-0.24,63.19,1321.0,1303.2,1311.0,1346.8,1294.8,45.13,50.53,2.17,-1.8,0.35,15.0,6.32,2.44,-2.59,77.64,8,8,100,44.0,0.0,34.0,-0.97,35.0,-1.64,36.0,-3.05,37.0,-4.01,NEGATIVE,21.09,NEGATIVE,Liquidity,"Trend, Momentum, Structure",-4.92,-1.15,1155.17,1200.96,1326.64,HIGH,1910936891.0,NOT_AVAILABLE,NOT_AVAILABLE,,1718,1596
1719,JBMA,2026-08-31,624.1,Bearish,28.62,22.22,-4,30,5/10,Medium,40.94,17.19,2.75,13.33,644.75,653.06,655.72,1.0471,-1.5449,0.37,48.33,666.14,-6.31,3.11,0.141,-2.72,-5.65,0.44,-5.81,-0.25,46.95,650.7,640.1,641.55,670.35,640.1,42.76,52.89,2.21,-1.89,0.2,16.05,6.97,1.98,-3.24,73.6,9,11,14,42.86,-0.18,28.57,-1.11,28.57,-1.84,21.43,-2.63,21.43,-3.48,NEGATIVE,14.62,NEGATIVE,Liquidity,"Trend, Momentum, Structure",-4.13,-0.96,598.32,618.08,666.14,MODERATE,582905293.0,NOT_AVAILABLE,NOT_AVAILABLE,,1719,1725
1720,CHEVIOT,2026-08-31,1134.3,Bearish,28.61,26.24,-6,20,6/10,Medium,45.35,30.21,2.66,29.17,1151.54,1143.32,1117.45,-4.299,-0.6028,0.07,2.5,1205.48,-5.9,0.96,0.191,-0.64,-2.74,-2.34,0.35,0.0,72.28,1146.0,1135.0,1141.6,1179.0,1134.0,45.66,49.61,1.35,-1.22,0.25,16.84,6.45,1.77,-2.08,86.36,6,7,29,31.03,-0.58,34.48,-0.76,34.48,-0.94,20.69,-0.77,20.69,-2.07,NEGATIVE,27.47,NEGATIVE,No strong driver,"Trend, Momentum, Structure",-4.0,-0.93,1088.98,1123.73,1205.48,MODERATE,8774998.0,NOT_AVAILABLE,NOT_AVAILABLE,,1720,1662
1721,BRIGHOTEL,2026-08-31,58.77,Bearish,28.52,25.29,-7,15,7/10,High,38.95,1.66,2.82,8.33,59.99,60.99,65.27,-0.0021,-0.0459,0.58,35.0,60.03,-2.09,2.43,0.139,-1.33,-0.78,-3.77,-3.72,-0.02,71.46,60.0,59.0,59.56,62.92,58.75,38.35,55.91,1.23,-1.06,0.23,16.49,5.38,1.78,-1.65,91.44,5,9,96,34.38,-0.22,37.5,-0.44,36.46,-0.69,40.62,-1.4,35.42,-1.64,NEGATIVE,33.62,NEGATIVE,No strong driver,"Trend, Momentum, Structure",-4.23,-0.99,56.28,58.19,60.03,MODERATE,8750662.0,NOT_AVAILABLE,NOT_AVAILABLE,,1721,1681
1722,TSFINV,2026-08-31,401.2,Bearish,28.45,24.93,-7,15,7/10,High,34.02,11.9,2.97,0.83,420.01,426.82,449.5,-1.6745,-0.0497,0.78,53.33,428.22,-6.31,2.14,0.038,-1.47,-2.86,-4.57,-11.69,-0.15,64.0,409.95,403.0,407.2,421.0,399.15,38.77,55.51,2.09,-1.78,0.13,14.98,8.37,1.97,-2.05,83.94,9,5,50,38.0,-0.21,48.0,-0.11,44.0,-0.87,36.0,-1.52,30.0,-2.21,NEGATIVE,33.44,NEGATIVE,No strong driver,"Trend, Momentum, Structure",-4.45,-1.04,383.35,397.03,428.22,MODERATE,25659870.0,NOT_AVAILABLE,NOT_AVAILABLE,,1722,1691
1723,IRCTC,2026-08-31,481.25,Bearish,28.38,22.93,-6,20,7/10,High,37.13,8.3,1.73,14.17,493.33,502.41,563.8,-1.4066,-0.0309,0.69,40.0,500.85,-3.91,0.91,0.005,-0.91,-0.39,-3.74,-6.28,-0.22,61.45,489.0,484.7,485.65,492.5,481.0,47.5,47.63,1.21,-1.27,0.15,6.32,3.68,1.86,-2.13,75.16,9,7,28,39.29,-0.22,46.43,-0.31,21.43,-0.99,39.29,-1.37,28.57,-1.76,NEGATIVE,26.81,NEGATIVE,Liquidity,"Trend, Momentum, Structure",-2.59,-0.6,468.8,478.34,500.85,LOW,433405322.0,NOT_AVAILABLE,NOT_AVAILABLE,,1723,1714
1724,GEMAROMA,2026-08-31,168.26,Bearish,28.37,21.59,-7,15,7/10,High,40.05,7.5,4.46,32.5,175.08,177.68,188.08,-0.4827,-0.0422,0.41,31.67,174.39,-3.52,2.37,0.141,-0.29,-3.12,-0.83,-14.24,-0.59,53.88,174.49,168.0,168.75,177.0,167.41,38.93,56.11,2.68,-2.2,0.15,17.94,11.07,2.21,-2.56,81.11,5,9,46,36.96,-0.42,41.3,-0.38,39.13,-1.36,41.3,-1.13,34.78,1.53,NEGATIVE,33.19,NEGATIVE,No strong driver,"Trend, Momentum, Structure",-6.69,-1.56,157.0,165.63,174.49,HIGH,16666338.0,NOT_AVAILABLE,NOT_AVAILABLE,,1724,1738
1725,BLUEDART,2026-08-31,4924.0,Bearish,28.33,29.82,-7,15,7/10,High,39.72,108.13,2.2,4.17,5044.68,5031.4,5271.32,-25.7908,-2.9858,0.59,40.0,5171.88,-4.79,2.18,0.025,-1.31,-2.56,-3.92,-9.27,0.05,59.96,5032.5,4975.0,4989.5,5125.5,4969.0,44.74,50.79,1.36,-1.25,0.17,10.79,5.66,1.75,-2.06,87.24,7,10,21,38.1,-0.16,33.33,-0.49,23.81,-0.72,47.62,-1.01,38.1,-2.15,NEGATIVE,33.08,NEGATIVE,No strong driver,"Trend, Momentum, Structure",-3.29,-0.77,4761.81,4886.16,5171.88,MODERATE,79307653.0,NOT_AVAILABLE,NOT_AVAILABLE,,1725,1582
1726,SASKEN,2026-08-31,1899.5,Neutral-Range,28.33,21.41,-3,35,3/10,Low,48.06,85.92,4.52,8.33,1910.33,1926.7,1701.16,-0.1159,1.1603,0.59,48.33,1937.68,-1.97,2.52,0.255,-0.08,-1.38,-1.04,-0.15,-1.67,49.0,1932.0,1861.4,1901.0,1977.0,1832.0,43.55,51.97,2.49,-1.85,0.24,19.87,11.05,1.99,-2.02,86.94,8,9,17,29.41,-0.77,35.29,-2.11,17.65,-4.1,17.65,-5.91,17.65,-5.13,NEGATIVE,7.36,NEGATIVE,No strong driver,"Trend, VWAP, Gap",-4.52,4.52,1813.58,1985.42,1901.0,HIGH,38341855.0,NOT_AVAILABLE,NOT_AVAILABLE,,1725,1740
1727,GALAPREC,2026-08-31,1025.4,Bearish,28.24,26.86,-4,30,4/10,Low,44.34,53.3,5.2,75.0,1055.79,1055.36,928.62,0.8095,-1.2245,0.55,33.33,1047.33,-2.09,3.32,0.288,-0.85,-6.26,0.73,-5.97,0.0,39.21,1049.9,1019.1,1034.2,1105.6,1012.0,43.96,52.67,2.7,-2.04,0.29,22.18,12.28,2.27,-2.38,87.85,5,8,17,35.29,0.07,17.65,-2.41,17.65,-4.31,35.29,-1.49,47.06,-2.21,NEGATIVE,13.53,NEGATIVE,No strong driver,"Trend, Momentum, VWAP",-7.8,-1.82,945.45,1006.74,1049.9,VERY_HIGH,58140270.0,NOT_AVAILABLE,NOT_AVAILABLE,,1727,1648
1728,BAJFINANCE,2026-08-31,1057.0,Bearish,28.21,30.89,-7,15,8/10,High,43.37,22.87,2.16,3.33,1082.38,1053.56,1303.16,-6.7627,-1.2135,1.28,81.67,1097.74,-3.71,1.94,0.044,-2.12,-1.86,-2.97,-8.33,-0.97,71.37,1081.5,1065.7,1079.9,1107.0,1065.7,48.42,46.71,1.29,-1.46,-0.06,8.29,7.5,1.94,-3.56,67.45,13,8,100,52.0,0.16,55.0,0.09,47.0,0.05,35.0,-2.79,36.0,-3.01,MIXED,32.74,NEGATIVE,Liquidity,"Trend, Momentum, Volume",-3.25,-0.76,1022.7,1049.0,1097.74,MODERATE,6018223731.0,NOT_AVAILABLE,NOT_AVAILABLE,,1728,1547
1729,OMINFRAL,2026-08-31,82.22,Bearish,28.18,21.06,-6,20,6/10,Medium,37.58,3.03,3.69,1.67,85.12,86.68,92.86,-0.3515,0.017,0.3,10.0,86.05,-4.46,3.1,0.097,-0.95,-1.28,-5.35,-10.24,0.47,55.7,84.8,81.6,83.01,86.4,81.06,44.34,51.05,2.51,-2.07,0.46,33.82,17.63,2.31,-2.27,74.83,10,7,22,27.27,-0.95,27.27,-2.14,27.27,-1.92,31.82,-0.44,31.82,-0.38,NEGATIVE,26.24,NEGATIVE,No strong driver,"Trend, Momentum, Structure",-5.53,-1.29,77.68,81.16,86.05,HIGH,6485194.0,NOT_AVAILABLE,NOT_AVAILABLE,,1729,1745
1730,SATIA,2026-08-31,56.88,Bearish,28.08,27.05,-7,15,7/10,Medium,38.98,2.14,3.76,20.0,58.94,59.21,63.78,-0.3899,-0.0127,1.57,85.83,59.34,-4.15,2.6,0.057,-1.52,-1.78,-3.98,-8.99,-0.45,72.85,58.8,57.0,57.76,60.69,57.0,42.37,52.76,1.68,-1.53,0.14,10.66,7.89,1.84,-1.98,85.82,8,8,19,47.37,0.12,57.89,0.22,42.11,-1.05,42.11,-1.98,57.89,1.46,NEGATIVE,32.36,NEGATIVE,No strong driver,"Trend, Momentum, Structure",-5.65,-1.32,53.67,56.13,59.34,HIGH,5443424.0,NOT_AVAILABLE,NOT_AVAILABLE,,1730,1641
1731,CARYSIL,2026-08-31,1128.5,Neutral-Range,28.08,22.47,-3,35,5/10,Medium,43.15,41.74,3.7,1.67,1156.4,1148.96,1020.05,-7.8221,1.1128,0.5,31.67,1188.3,-5.03,4.39,0.188,1.41,-1.82,-2.36,-5.03,0.44,53.28,1130.0,1108.1,1112.8,1166.0,1108.1,43.68,51.97,2.39,-1.78,0.24,14.87,8.42,1.98,-2.12,87.61,7,9,15,33.33,-0.18,20.0,-2.38,20.0,-3.0,13.33,-3.64,13.33,-6.04,NEGATIVE,6.67,NEGATIVE,Delivery + Liquidity,"Trend, Momentum, Structure",-3.7,3.7,1086.76,1170.24,1112.8,HIGH,135912302.0,NOT_AVAILABLE,NOT_AVAILABLE,,1730,1722
1732,TTKPRESTIG,2026-08-31,583.8,Bearish,28.07,26.97,-7,15,7/10,High,40.47,18.74,3.21,1.67,603.93,604.06,587.24,-0.3925,-0.6258,0.96,83.33,606.23,-3.7,2.27,0.054,-1.67,-0.7,-1.4,-9.39,0.05,61.88,610.95,592.0,593.7,614.7,581.5,45.66,49.74,1.33,-1.27,0.11,8.29,5.66,1.63,-1.77,85.87,7,10,100,46.0,0.03,47.0,-0.31,43.0,-0.69,30.0,-1.36,31.0,-1.72,NEGATIVE,32.35,NEGATIVE,No strong driver,"Trend, Momentum, Structure",-4.81,-1.12,555.69,577.24,610.95,HIGH,46350135.0,NOT_AVAILABLE,NOT_AVAILABLE,,1732,1642
1733,PVSL,2026-08-31,105.02,Bearish,27.88,20.04,-4,30,5/10,Medium,44.8,5.17,4.92,54.17,108.68,105.86,108.39,-1.6865,0.0732,0.41,22.5,114.99,-8.67,6.01,0.208,2.85,-4.66,-9.39,-2.02,-1.58,62.56,109.0,100.5,102.11,113.93,100.5,43.56,52.15,1.94,-1.85,0.14,21.3,16.38,2.02,-2.04,92.74,10,11,10,40.0,-0.27,30.0,-1.37,30.0,-2.5,20.0,-2.56,0.0,-6.33,NEGATIVE,12.5,NEGATIVE,Delivery,"Trend, Momentum, VWAP",-7.38,-1.72,97.27,103.21,114.99,HIGH,7962889.0,NOT_AVAILABLE,NOT_AVAILABLE,,1733,1755
1734,FMCGIETF,2026-08-31,50.1,Bearish,27.83,24.12,-6,20,6/10,Medium,29.06,0.95,1.9,36.67,51.5,52.17,55.33,-0.1689,-0.0096,1.06,71.67,51.75,-3.19,1.57,0.08,-0.48,-1.76,-3.62,-5.53,0.81,56.56,50.8,50.21,50.34,51.68,49.72,46.61,48.92,0.64,-0.91,0.38,18.47,2.16,1.89,-8.13,97.06,10,7,21,47.62,-0.05,23.81,-0.74,28.57,-1.02,33.33,-1.84,38.1,-2.33,NEGATIVE,25.22,NEGATIVE,No strong driver,"Trend, Momentum, Structure",-2.85,-0.67,48.67,49.77,51.75,LOW,77979325.0,NOT_AVAILABLE,NOT_AVAILABLE,,1734,1700
1735,HGINFRA,2026-08-31,490.05,Bearish,27.83,23.84,-5,25,6/10,Medium,26.44,13.14,2.68,20.0,517.37,537.65,637.88,-2.2891,-0.162,0.19,14.17,520.09,-5.78,1.73,0.023,-1.3,-3.28,-4.75,-10.39,-0.25,57.0,504.15,495.1,496.5,515.35,495.1,42.24,53.16,1.94,-1.65,0.42,16.97,5.66,2.49,-2.29,80.41,6,13,25,36.0,-0.66,28.0,-1.75,32.0,-2.66,36.0,-3.59,24.0,-2.89,NEGATIVE,18.8,NEGATIVE,Liquidity,"Trend, Momentum, Structure",-4.02,-0.94,470.34,485.45,520.09,MODERATE,163317993.0,NOT_AVAILABLE,NOT_AVAILABLE,,1734,1703
1736,UBL,2026-08-31,1308.5,Bearish,27.8,19.47,-6,20,7/10,High,30.87,29.11,2.22,14.17,1360.1,1372.47,1492.2,-6.5348,-1.2842,0.69,48.33,1373.83,-4.76,2.51,0.045,-1.92,-2.84,-4.34,-9.03,0.0,63.59,1345.2,1330.0,1334.1,1386.8,1328.0,45.13,50.39,1.1,-1.02,0.17,5.79,3.82,1.62,-1.77,84.52,9,8,23,39.13,-0.25,21.74,-0.78,21.74,-1.08,30.43,-0.95,13.04,-2.24,NEGATIVE,25.14,NEGATIVE,Liquidity,"Trend, Momentum, Structure",-3.34,-0.78,1264.84,1298.31,1373.83,MODERATE,120858886.0,NOT_AVAILABLE,NOT_AVAILABLE,,1736,1762
1737,MAHLOG,2026-08-31,391.45,Bearish,27.77,30.36,-7,15,7/10,Medium,40.95,11.61,2.97,1.67,400.63,395.26,374.91,-2.6852,-0.0169,0.75,59.17,405.17,-3.39,2.11,0.139,-0.33,-2.89,-3.33,-5.97,-0.7,52.6,395.5,388.5,392.75,411.35,388.5,44.74,50.66,1.77,-1.53,0.13,10.66,7.89,1.79,-1.97,85.33,13,9,13,23.08,-0.55,30.77,-0.72,30.77,-1.54,46.15,-1.07,38.46,0.54,NEGATIVE,31.48,NEGATIVE,No strong driver,"Trend, Momentum, Structure",-4.45,-1.04,374.03,387.39,405.17,MODERATE,69080738.0,NOT_AVAILABLE,NOT_AVAILABLE,,1737,1563
1738,RESPONIND,2026-08-31,149.05,Bearish,27.64,22.01,-7,15,7/10,High,30.06,6.98,4.68,8.33,160.96,170.2,178.76,-0.2443,-0.1194,0.36,40.0,159.18,-6.37,3.26,0.002,-2.93,-3.63,-6.26,-13.99,0.29,58.34,158.06,152.4,153.55,159.9,149.0,44.61,50.92,1.88,-1.79,0.26,16.18,8.16,2.26,-2.17,88.9,9,11,29,51.72,-0.1,58.62,0.11,37.93,-0.9,41.38,-2.01,41.38,-3.07,NEGATIVE,31.12,NEGATIVE,No strong driver,"Trend, Momentum, Structure",-7.02,-1.64,138.58,146.61,159.18,HIGH,21908509.0,NOT_AVAILABLE,NOT_AVAILABLE,,1738,1729
1739,DEEDEV,2026-08-31,590.3,Bearish,27.58,26.74,-6,20,7/10,High,36.98,32.14,5.45,28.33,636.68,635.87,483.58,-3.6695,-2.0468,2.02,93.33,633.59,-6.83,4.7,0.101,-2.61,-6.97,-9.26,-14.74,-0.19,59.07,645.0,604.05,606.15,668.85,604.05,44.44,52.15,2.86,-2.14,0.24,22.58,14.34,2.29,-2.63,86.38,7,10,100,44.0,-0.2,43.0,-0.79,40.0,-1.81,38.0,-2.64,35.0,-2.81,NEGATIVE,24.5,NEGATIVE,Liquidity,"Trend, Momentum, Structure",-8.17,-1.91,542.09,579.05,645.0,VERY_HIGH,137082641.0,NOT_AVAILABLE,NOT_AVAILABLE,,1739,1652
1740,DRREDDY,2026-08-31,1154.4,Bearish,27.5,23.98,-6,20,7/10,Medium,37.8,22.04,1.91,2.5,1182.92,1210.35,1294.66,1.103,-1.8897,1.16,76.67,1184.44,-2.54,2.01,0.0,-2.0,-2.99,-3.15,-2.17,0.0,63.15,1186.6,1172.5,1178.0,1197.2,1168.6,47.76,47.76,1.01,-1.21,-0.05,5.0,5.79,1.79,-3.99,77.57,10,8,10,40.0,-0.75,40.0,-0.71,30.0,-0.98,30.0,-1.95,40.0,-1.41,NEGATIVE,24.28,NEGATIVE,Liquidity,"Trend, Momentum, Volume",-2.86,-0.67,1121.33,1146.68,1186.6,LOW,2038373596.0,NOT_AVAILABLE,NOT_AVAILABLE,,1740,1701
1741,NIBE,2026-08-31,1371.6,Bearish,27.44,24.17,-6,20,7/10,Medium,40.74,59.82,4.36,5.0,1431.32,1448.19,1327.31,-3.2956,-2.004,0.41,19.17,1450.85,-5.46,3.53,0.055,-2.59,-4.62,-4.68,0.53,0.11,55.83,1426.3,1402.0,1408.1,1497.0,1378.1,42.93,53.79,3.01,-2.37,0.56,33.33,9.6,2.4,-3.27,76.37,6,8,17,52.94,0.39,41.18,-1.03,41.18,-1.87,29.41,-2.03,23.53,-1.89,NEGATIVE,24.11,NEGATIVE,Liquidity,"Trend, Momentum, Structure",-6.54,-1.53,1281.87,1350.66,1450.85,HIGH,115967699.0,NOT_AVAILABLE,NOT_AVAILABLE,,1741,1699
1742,JITFINFRA,2026-08-31,311.35,Bearish,27.4,18.63,-8,10,8/10,High,41.59,15.56,5.0,60.83,323.27,326.17,328.98,-0.5838,-0.1311,0.53,40.0,322.37,-3.42,3.4,0.2,-2.12,-1.58,1.68,-9.82,-2.39,55.77,325.5,317.0,318.1,329.5,305.55,41.32,53.82,2.98,-2.28,0.66,35.92,16.05,2.99,-2.75,76.94,8,9,100,44.0,0.34,45.0,0.64,35.0,-0.02,38.0,-0.9,29.0,-2.51,NEGATIVE,36.87,NEGATIVE,No strong driver,"Trend, Momentum, Structure",-7.5,-1.75,288.01,305.9,325.5,HIGH,8317585.0,NOT_AVAILABLE,NOT_AVAILABLE,,1742,1768
1743,KNRCON,2026-08-31,121.19,Bearish,27.37,21.25,-6,20,7/10,Medium,38.16,4.88,4.02,42.5,127.19,128.15,142.26,-1.2111,-0.0576,1.57,88.33,131.43,-7.79,3.93,0.013,-2.7,-4.69,-9.96,-4.22,0.5,62.33,125.67,121.32,124.55,134.44,121.32,40.26,55.13,1.99,-1.6,0.25,10.39,6.58,2.25,-2.54,81.51,7,9,10,30.0,-0.05,30.0,0.7,50.0,0.04,30.0,-4.81,30.0,-4.96,MIXED,23.92,NEGATIVE,Liquidity,"Trend, Momentum, Structure",-6.04,-1.41,113.87,119.48,131.43,HIGH,262963396.0,NOT_AVAILABLE,NOT_AVAILABLE,,1743,1744
1744,STANLEY,2026-08-31,136.57,Neutral-Range,27.34,14.57,-3,35,5/10,Medium,37.22,4.77,3.49,8.33,141.08,146.24,177.57,0.0218,0.1204,0.42,23.33,140.34,-2.69,2.15,0.129,-0.6,0.4,-0.06,-12.39,0.0,71.22,139.19,137.22,137.39,140.79,134.2,41.01,55.22,1.91,-1.76,0.38,23.38,8.81,1.88,-1.88,87.5,8,7,11,45.45,-0.29,27.27,-1.55,9.09,-2.47,18.18,-4.42,0.0,-9.51,NEGATIVE,4.54,NEGATIVE,Momentum + MACD,"Trend, Structure, VWAP",-3.49,3.49,131.8,141.34,137.39,HIGH,17245167.0,NOT_AVAILABLE,NOT_AVAILABLE,,1744,1791
1745,HGS,2026-08-31,400.55,Bearish,27.32,21.85,-7,15,7/10,High,37.15,10.85,2.71,8.33,408.42,413.52,431.43,-0.5387,0.1108,0.98,88.33,412.87,-2.98,2.96,0.101,-0.5,-0.37,-3.03,-6.97,-1.48,63.74,406.9,398.6,402.55,413.0,397.2,41.71,53.42,1.42,-1.3,0.13,8.82,6.97,1.62,-1.7,85.6,8,10,21,47.62,-0.03,28.57,-0.17,28.57,-1.24,38.1,-0.79,23.81,-2.79,NEGATIVE,30.21,NEGATIVE,No strong driver,"Trend, Momentum, Structure",-4.06,-0.95,384.27,396.75,412.87,MODERATE,7837591.0,NOT_AVAILABLE,NOT_AVAILABLE,,1745,1735
1746,GREENPANEL,2026-08-31,156.58,Bearish,27.24,23.0,-5,25,5/10,Medium,28.01,6.21,3.96,20.83,169.49,181.15,208.62,-0.8432,0.2216,0.45,21.67,169.68,-7.72,2.77,0.031,-2.78,-0.97,-7.67,-20.4,-0.43,63.1,164.13,158.41,161.06,164.13,155.01,43.68,51.58,1.77,-1.68,0.15,13.95,9.08,1.63,-1.95,89.52,7,10,38,21.05,-0.98,26.32,-2.13,34.21,-2.38,28.95,-2.73,39.47,-3.62,NEGATIVE,17.11,NEGATIVE,No strong driver,"Trend, Momentum, Structure",-5.95,-1.39,147.27,154.41,169.68,HIGH,50804672.0,NOT_AVAILABLE,NOT_AVAILABLE,,1746,1713
1747,VGINFOTECH,2026-08-31,145.65,Bearish,27.03,28.04,-7,15,7/10,Medium,42.65,4.95,3.4,1.67,149.65,149.27,148.89,-0.7583,-0.0886,0.8,60.0,150.64,-3.31,2.56,0.151,-1.92,-2.48,-4.05,-4.8,0.2,74.07,149.0,146.25,148.5,152.0,145.65,47.2,47.52,2.13,-2.11,0.25,29.81,17.7,2.14,-2.31,86.17,6,6,13,46.15,-0.17,15.38,-1.33,30.77,-0.63,30.77,-1.16,53.85,-0.19,NEGATIVE,29.38,NEGATIVE,No strong driver,"Trend, Momentum, Structure",-5.1,-1.19,138.23,143.92,150.64,HIGH,5114325.0,NOT_AVAILABLE,NOT_AVAILABLE,,1747,1626
1748,PGHH,2026-08-31,7979.5,Bearish,26.93,22.07,-6,20,6/10,Medium,22.23,128.1,1.61,3.33,8298.99,8636.71,10194.53,-13.6533,-2.8787,1.87,87.5,8313.78,-4.02,2.19,0.012,-1.39,-1.82,-4.61,-7.74,0.43,50.64,8165.0,8076.5,8092.0,8208.5,8066.0,41.97,53.55,0.88,-0.87,0.2,6.58,2.11,1.56,-1.7,88.75,8,7,16,56.25,-0.34,50.0,0.02,43.75,-1.46,25.0,-2.64,18.75,-2.9,NEGATIVE,22.66,NEGATIVE,No strong driver,"Trend, Momentum, Structure",-2.41,-0.56,7787.35,7934.67,8313.78,LOW,90863802.0,NOT_AVAILABLE,NOT_AVAILABLE,,1748,1728
1749,ZODIAC,2026-08-31,243.65,Bearish,26.72,21.82,-7,15,7/10,Medium,42.18,14.05,5.77,50.83,250.59,258.72,291.78,-0.1812,-0.1723,0.44,21.67,255.71,-4.72,4.04,0.13,-1.46,-2.21,-4.92,-4.94,-4.55,48.21,251.9,243.35,247.25,263.95,242.1,42.24,53.03,2.82,-2.01,0.56,38.68,22.5,2.8,-2.36,66.01,18,8,9,11.11,-1.25,33.33,-1.47,55.56,0.61,22.22,-4.04,44.44,-3.08,POSITIVE,28.5,NEGATIVE,No strong driver,"Trend, Momentum, Structure",-8.65,-2.02,222.58,238.73,255.71,VERY_HIGH,5630367.0,NOT_AVAILABLE,NOT_AVAILABLE,,1749,1736
1750,RUPA,2026-08-31,147.65,Bearish,26.68,21.54,-6,20,6/10,Medium,35.63,4.37,2.96,11.67,153.7,156.85,160.9,-0.4473,0.0327,0.64,53.33,155.96,-5.33,1.97,0.095,-1.23,-2.75,-0.97,-9.77,-0.39,52.62,151.08,145.36,149.49,154.79,145.36,43.82,51.71,1.65,-1.51,0.18,8.68,5.26,1.86,-1.95,78.13,6,9,32,37.5,-0.32,28.12,-1.26,34.38,-1.18,25.0,-2.28,25.0,-1.3,NEGATIVE,21.94,NEGATIVE,No strong driver,"Trend, Momentum, Structure",-4.44,-1.04,141.09,146.12,155.96,MODERATE,17473139.0,NOT_AVAILABLE,NOT_AVAILABLE,,1750,1739
1751,RAINBOW,2026-08-31,1414.7,Bearish,26.61,27.38,-6,20,7/10,Medium,36.97,39.44,2.79,37.5,1463.88,1455.6,1373.64,-7.781,-0.6834,0.91,62.5,1498.09,-5.57,2.22,0.026,-1.95,-3.11,-4.32,-8.47,-0.75,58.33,1457.8,1430.6,1442.8,1471.0,1409.4,46.32,49.34,1.55,-1.33,0.16,12.76,6.97,1.54,-2.11,91.56,8,8,11,63.64,0.26,36.36,-0.69,36.36,-1.95,27.27,-1.93,27.27,-3.1,NEGATIVE,21.75,NEGATIVE,Liquidity,"Trend, Momentum, Structure",-4.18,-0.98,1355.54,1400.9,1498.09,MODERATE,148079809.0,NOT_AVAILABLE,NOT_AVAILABLE,,1751,1633
1752,LAXMIDENTL,2026-08-31,195.5,Bearish,26.6,20.78,-5,25,5/10,Medium,38.02,6.35,3.25,1.67,202.29,209.48,235.99,-0.0451,0.127,1.04,75.0,203.0,-3.69,2.8,0.104,-2.14,0.26,-2.56,-10.37,-0.02,48.7,202.0,194.89,199.78,202.0,192.44,40.0,56.83,2.46,-2.09,0.25,19.51,10.49,2.17,-2.82,89.08,5,10,100,39.0,-0.15,44.0,-0.52,28.0,-1.56,30.0,-3.5,30.0,-4.33,NEGATIVE,15.3,NEGATIVE,No strong driver,"Trend, Momentum, Structure",-4.87,-1.14,185.97,193.28,203.0,HIGH,26654117.0,NOT_AVAILABLE,NOT_AVAILABLE,,1752,1746
1753,RAILTEL,2026-08-31,275.9,Bearish,26.57,22.31,-5,25,6/10,Medium,37.72,6.63,2.4,5.0,283.85,292.46,315.0,-0.0059,-0.192,0.26,11.67,286.05,-3.55,1.42,0.061,-1.08,-2.18,-1.45,-5.59,-0.25,36.83,282.6,278.1,278.9,287.5,278.1,45.53,50.0,2.44,-2.06,0.31,13.68,6.71,2.27,-2.44,70.3,7,9,26,26.92,-1.0,30.77,-1.92,34.62,-1.78,23.08,-3.23,26.92,-3.15,NEGATIVE,15.2,NEGATIVE,Liquidity,"Trend, Momentum, Structure",-3.6,-0.84,265.96,273.58,286.05,MODERATE,317657461.0,NOT_AVAILABLE,NOT_AVAILABLE,,1753,1724
1754,EVEREADY,2026-08-31,329.8,Bearish,26.5,25.76,-7,15,7/10,High,33.88,11.11,3.37,15.83,347.7,348.18,340.66,-2.4557,-0.6069,0.72,53.33,350.91,-6.02,4.72,0.041,-2.17,-5.91,-6.55,-7.27,-0.56,53.74,345.1,335.6,337.1,353.45,333.7,43.55,51.84,1.77,-1.49,0.16,9.21,6.58,1.8,-1.75,88.33,7,9,23,47.83,0.34,43.48,-1.17,39.13,-1.38,34.78,-1.87,26.09,-3.03,NEGATIVE,27.87,NEGATIVE,No strong driver,"Trend, Momentum, Structure",-5.05,-1.18,313.13,325.91,350.91,HIGH,35551168.0,NOT_AVAILABLE,NOT_AVAILABLE,,1754,1670
1755,SICALLOG,2026-08-31,101.03,Bearish,26.46,13.9,-4,30,4/10,Low,46.73,6.75,6.68,100.0,105.12,98.87,90.13,-1.7095,-0.0566,0.74,56.67,106.51,-5.15,5.3,0.222,-3.49,-4.37,-8.11,-5.5,-1.13,,104.71,95.2,104.68,113.39,95.2,43.97,50.65,3.05,-2.54,0.34,36.32,30.62,3.48,-3.03,73.91,14,12,13,30.77,-0.53,30.77,-1.83,23.08,-3.26,15.38,-5.35,0.0,-7.69,NEGATIVE,8.46,NEGATIVE,No strong driver,"Momentum, VWAP, MACD",-10.02,-2.34,90.91,98.67,106.51,VERY_HIGH,5414511.0,NOT_AVAILABLE,NOT_AVAILABLE,,1755,1793
1756,TIGERLOGS,2026-08-31,28.26,Bearish,26.39,16.53,-5,25,6/10,Medium,44.96,1.6,5.65,41.67,28.95,30.34,34.32,0.3817,-0.1475,0.19,16.67,28.05,0.73,5.33,0.435,-4.04,-4.2,4.36,2.99,-2.72,58.7,30.39,29.0,29.45,32.45,28.38,40.24,53.66,2.83,-2.46,0.49,35.37,16.67,2.29,-2.1,90.8,5,7,32,43.75,-0.26,31.25,-1.74,28.12,-2.8,28.12,-3.7,15.62,-6.65,NEGATIVE,14.68,NEGATIVE,VWAP,"Trend, Momentum, Structure",-8.47,-1.98,25.87,27.7,30.39,VERY_HIGH,9900192.0,NOT_AVAILABLE,NOT_AVAILABLE,,1756,1780
1757,BAJAJELEC,2026-08-31,324.8,Bearish,26.34,19.99,-5,25,6/10,Medium,37.08,11.79,3.63,44.17,343.61,342.66,394.56,-4.2408,-0.4647,0.12,4.17,372.56,-12.82,2.66,0.014,-2.39,-5.76,-9.13,-3.81,-0.74,47.96,337.9,329.65,332.75,356.2,329.65,44.74,50.66,1.28,-1.42,0.25,11.32,4.87,1.87,-2.09,88.75,9,8,11,45.45,-0.09,45.45,-0.14,27.27,-0.69,9.09,-2.61,9.09,-3.53,NEGATIVE,14.53,NEGATIVE,Liquidity,"Trend, Momentum, Structure",-5.44,-1.27,307.12,320.67,372.56,HIGH,365832341.0,NOT_AVAILABLE,NOT_AVAILABLE,,1757,1756
1758,FIRSTCRY,2026-08-31,182.41,Bearish,26.34,19.72,-4,30,5/10,Medium,18.67,6.33,3.47,25.0,199.02,208.26,249.21,-2.0934,-0.092,3.92,93.33,198.12,-7.93,6.43,0.066,-1.66,-5.86,-12.48,-15.0,0.28,43.53,189.5,184.97,185.48,198.5,184.97,39.69,56.87,2.23,-1.92,0.23,13.55,9.35,2.15,-2.06,88.04,5,12,8,25.0,-1.5,12.5,-3.18,12.5,-4.61,25.0,-5.44,37.5,-5.95,NEGATIVE,8.12,NEGATIVE,Liquidity,"Trend, Momentum, Structure",-5.2,-1.21,172.92,180.19,198.12,HIGH,237997821.0,NOT_AVAILABLE,NOT_AVAILABLE,,1757,1760
1759,NAVKARCORP,2026-08-31,96.03,Bearish,25.9,25.05,-8,10,8/10,Medium,36.69,2.63,2.74,1.67,98.82,100.76,101.86,-0.0106,-0.0346,1.29,80.0,99.01,-3.01,2.76,0.129,-0.88,-1.42,-2.89,-7.0,0.0,58.15,97.8,96.5,96.88,99.0,96.0,44.47,50.79,2.68,-2.12,0.33,15.92,7.11,2.08,-2.11,86.09,9,8,8,62.5,-1.01,62.5,-1.1,50.0,-0.8,25.0,-1.37,50.0,2.83,MIXED,32.57,NEGATIVE,No strong driver,"Trend, Momentum, Volume",-4.11,-0.96,92.08,95.11,99.01,MODERATE,23613461.0,NOT_AVAILABLE,NOT_AVAILABLE,,1759,1688
1760,SIYSIL,2026-08-31,563.55,Bearish,25.82,24.46,-5,25,5/10,Medium,33.11,20.3,3.6,24.17,602.23,611.21,608.69,-7.5518,0.3026,0.51,28.33,616.67,-8.61,2.78,0.096,-0.7,-4.23,-10.92,-10.45,0.0,48.43,569.95,561.1,567.55,608.35,561.1,42.76,52.76,2.14,-1.68,0.24,12.5,6.58,2.15,-2.49,83.21,8,7,31,25.81,-1.32,16.13,-2.59,19.35,-3.02,32.26,-2.64,29.03,-3.26,NEGATIVE,13.06,NEGATIVE,No strong driver,"Trend, Momentum, Structure",-5.4,-1.26,533.1,556.44,616.67,HIGH,39274303.0,NOT_AVAILABLE,NOT_AVAILABLE,,1760,1697
1761,BSOFT,2026-08-31,291.25,Bearish,25.78,19.79,-7,15,8/10,High,41.97,10.61,3.64,28.33,301.65,306.01,347.06,-2.4088,-0.0044,1.17,77.5,308.63,-5.63,4.42,0.091,-3.21,-2.59,-6.29,-9.41,-0.63,59.86,303.95,289.9,300.9,309.6,287.25,46.05,49.47,1.69,-1.66,0.18,12.63,8.03,1.72,-2.16,79.72,13,9,100,42.0,0.06,38.0,-0.65,37.0,-0.89,30.0,-2.27,28.0,-2.8,NEGATIVE,25.81,NEGATIVE,Liquidity,"Trend, Momentum, Volume",-5.47,-1.28,275.33,287.54,308.63,HIGH,353103945.0,NOT_AVAILABLE,NOT_AVAILABLE,,1761,1758
1762,PATELENG,2026-08-31,28.03,Bearish,25.78,16.35,-6,20,6/10,Medium,43.59,0.87,3.12,2.5,28.57,28.96,30.28,0.061,-0.034,0.56,25.0,28.86,-2.87,1.59,0.116,-1.09,-0.88,-1.58,-2.84,-0.67,53.1,29.24,28.3,28.34,29.55,27.93,42.76,52.76,2.24,-1.9,0.31,15.92,8.55,2.39,-2.7,77.74,7,9,30,46.67,0.14,33.33,-0.17,30.0,-0.59,20.0,-2.69,13.33,-3.1,NEGATIVE,19.38,NEGATIVE,No strong driver,"Trend, Momentum, Structure",-4.68,-1.09,26.72,27.72,29.24,HIGH,93895314.0,NOT_AVAILABLE,NOT_AVAILABLE,,1761,1782
1763,TNPL,2026-08-31,140.88,Bearish,25.62,20.62,-5,25,5/10,Medium,41.21,4.11,2.92,29.17,143.65,145.52,146.53,-0.4004,0.158,0.29,9.17,145.57,-3.22,1.2,0.195,-0.24,-0.85,0.0,-9.04,0.03,49.19,141.79,139.65,141.22,143.2,139.11,43.42,52.11,1.65,-1.49,0.13,8.29,7.11,1.78,-1.88,81.19,8,10,12,33.33,-0.28,25.0,-0.96,25.0,-1.53,25.0,-4.66,25.0,-8.21,NEGATIVE,12.5,NEGATIVE,No strong driver,"Trend, Momentum, Structure",-4.38,-1.02,134.71,139.44,145.57,MODERATE,29184167.0,NOT_AVAILABLE,NOT_AVAILABLE,,1763,1748
1764,PNCINFRA,2026-08-31,188.15,Bearish,25.58,14.39,-4,30,5/10,Medium,23.45,7.49,3.98,61.67,211.82,220.57,230.59,-2.4785,-0.2363,0.84,60.83,218.62,-13.94,4.02,0.015,-3.62,-7.92,-12.56,-24.0,-0.47,43.56,200.0,194.01,195.22,209.9,194.01,43.29,52.11,1.83,-1.63,0.29,13.95,7.24,2.53,-2.3,78.98,8,13,16,25.0,-0.28,25.0,-1.76,25.0,-2.93,6.25,-6.04,6.25,-6.08,NEGATIVE,5.94,NEGATIVE,Liquidity,"Trend, Momentum, Structure",-5.97,-1.39,176.91,185.53,218.62,HIGH,167446690.0,NOT_AVAILABLE,NOT_AVAILABLE,,1764,1792
1765,TATAINVEST,2026-08-31,642.2,Bearish,25.29,15.27,-4,30,5/10,Medium,38.92,14.17,2.21,4.17,654.4,662.91,1298.02,-2.3254,0.4731,0.61,55.83,677.77,-5.25,2.61,0.09,0.54,-0.58,-1.89,-5.09,0.04,41.06,656.4,637.6,638.75,656.4,637.0,45.0,50.53,2.04,-1.76,0.16,14.74,6.58,2.23,-4.92,76.57,8,10,40,22.5,-0.39,27.5,-1.41,17.5,-1.81,7.5,-2.85,5.0,-3.93,NEGATIVE,5.11,NEGATIVE,Liquidity,"Trend, Momentum, Structure",-3.31,-0.77,620.95,637.24,677.77,MODERATE,261179286.0,NOT_AVAILABLE,NOT_AVAILABLE,,1765,1786
1766,KRYSTAL,2026-08-31,626.75,Bearish,25.26,21.95,-5,25,5/10,Medium,50.61,20.89,3.33,55.0,629.71,614.81,597.28,-0.1285,-1.7357,0.13,10.0,655.32,-4.36,3.85,0.285,-2.99,-2.13,1.02,4.08,0.3,54.73,652.0,639.0,646.05,670.35,620.0,41.95,53.43,2.18,-1.68,0.41,26.48,9.41,2.0,-2.24,88.77,7,9,22,40.91,-0.26,54.55,-0.02,36.36,-1.51,9.09,-3.35,18.18,-3.41,NEGATIVE,11.47,NEGATIVE,No strong driver,"Momentum, Structure, VWAP",-5.0,-1.17,595.41,619.44,655.32,HIGH,45917778.0,NOT_AVAILABLE,NOT_AVAILABLE,,1766,1731
1767,JNKINDIA,2026-08-31,433.75,Bearish,25.13,22.09,-6,20,7/10,High,44.65,21.69,5.0,3.33,446.8,445.45,379.18,0.9513,-1.2793,0.28,20.83,437.33,-0.82,5.36,0.545,-3.11,-3.61,-8.94,5.57,-1.02,55.63,450.1,437.1,447.65,466.7,437.1,41.4,55.09,2.81,-2.15,0.48,27.38,12.52,2.61,-2.31,87.17,9,13,100,33.0,-0.64,28.0,-1.33,25.0,-1.9,27.0,-2.02,34.0,-1.52,NEGATIVE,17.52,NEGATIVE,Liquidity,"Trend, Momentum, Structure",-7.5,-1.75,401.21,426.16,450.1,VERY_HIGH,132634138.0,NOT_AVAILABLE,NOT_AVAILABLE,,1767,1727
1768,XCHANGING,2026-08-31,60.94,Bearish,25.08,21.27,-6,20,6/10,Medium,35.35,1.72,2.82,1.67,62.93,63.96,69.27,-0.3157,0.0596,0.5,17.5,64.9,-6.1,2.39,0.079,-0.72,-0.29,-1.26,-9.92,-0.15,53.98,61.83,60.91,61.38,62.29,60.7,41.84,53.03,1.91,-1.55,0.31,15.26,6.45,1.89,-2.19,82.05,8,7,24,20.83,-0.8,25.0,-1.91,25.0,-1.98,33.33,-2.53,29.17,-3.22,NEGATIVE,17.38,NEGATIVE,No strong driver,"Trend, Momentum, Structure",-4.23,-0.99,58.36,60.34,64.9,MODERATE,5530156.0,NOT_AVAILABLE,NOT_AVAILABLE,,1768,1741
1769,SERVOTECH,2026-08-31,79.79,Bearish,25.03,17.83,-5,25,5/10,Medium,28.68,2.41,3.02,0.83,83.67,88.31,93.02,0.2628,-0.0511,0.73,48.33,83.42,-4.35,1.72,0.025,-1.46,-3.0,-3.34,-6.95,0.0,61.57,81.69,80.48,80.97,83.95,80.48,40.92,54.34,2.76,-1.99,0.57,33.55,10.39,2.51,-3.53,83.14,6,9,31,32.26,-0.49,32.26,-1.42,22.58,-2.99,22.58,-5.72,25.81,-7.21,NEGATIVE,10.81,NEGATIVE,No strong driver,"Trend, Momentum, Structure",-4.53,-1.06,76.17,78.95,83.42,HIGH,28512865.0,NOT_AVAILABLE,NOT_AVAILABLE,,1769,1772
1770,SUYOG,2026-08-31,740.75,Bearish,24.99,21.79,-6,20,6/10,Medium,32.61,34.96,4.72,27.5,787.19,806.48,785.32,-5.8147,0.8561,0.65,40.0,795.96,-6.94,2.78,0.093,-0.61,-0.75,-8.98,-14.43,0.0,63.15,771.0,735.1,745.3,777.65,735.1,42.2,54.14,2.38,-2.02,0.31,27.55,13.87,1.92,-2.09,83.3,8,8,19,36.84,-0.29,31.58,-1.95,36.84,-1.92,26.32,-8.79,21.05,-12.36,NEGATIVE,17.11,NEGATIVE,No strong driver,"Trend, Momentum, Structure",-7.08,-1.65,688.31,728.51,795.96,HIGH,22158594.0,NOT_AVAILABLE,NOT_AVAILABLE,,1770,1737
1771,MUTHOOTMF,2026-08-31,203.84,Bearish,24.91,23.03,-6,20,7/10,Medium,37.59,9.08,4.46,28.33,214.77,216.38,194.86,-0.7136,-0.0921,0.57,50.83,214.99,-5.19,3.41,0.043,-2.22,-3.54,-2.06,-13.5,0.31,58.26,210.4,204.1,208.46,221.0,204.0,43.69,52.39,1.86,-1.57,0.27,17.42,6.68,1.93,-2.64,86.69,7,10,16,31.25,0.15,43.75,-1.23,37.5,-2.65,25.0,-4.47,31.25,-2.71,NEGATIVE,16.88,NEGATIVE,Liquidity,"Trend, Momentum, Structure",-6.68,-1.56,190.22,200.66,214.99,HIGH,148534321.0,NOT_AVAILABLE,NOT_AVAILABLE,,1771,1711
1772,HESTERBIO,2026-08-31,2258.9,Bearish,24.8,23.7,-7,15,7/10,Medium,38.31,83.32,3.69,1.67,2377.65,2310.64,1966.53,-26.2075,-2.1102,0.42,46.67,2425.02,-6.85,1.62,0.012,-1.89,-4.47,-6.56,-7.51,-0.42,62.26,2347.9,2291.2,2302.3,2449.0,2270.2,42.37,53.16,2.03,-1.48,0.26,16.45,6.71,1.8,-1.84,92.62,7,18,10,50.0,0.01,40.0,-0.45,30.0,-1.87,50.0,-3.25,10.0,-5.19,NEGATIVE,23.0,NEGATIVE,No strong driver,"Trend, Momentum, Structure",-5.53,-1.29,2133.92,2229.74,2425.02,HIGH,11092158.0,NOT_AVAILABLE,NOT_AVAILABLE,,1772,1705
1773,APS,2026-08-31,250.4,Bearish,24.73,15.59,-6,20,6/10,Medium,44.24,12.12,4.84,65.83,256.22,272.8,326.12,2.7072,-0.6224,0.53,15.83,250.85,-0.18,2.7,0.427,-3.36,-8.46,5.43,-5.86,-1.58,68.75,264.0,254.05,259.1,279.0,245.5,42.74,52.42,3.35,-2.6,0.42,29.89,19.16,3.26,-3.08,77.7,6,10,100,30.0,-0.57,24.0,-1.28,26.0,-1.56,20.0,-2.12,30.0,-1.55,NEGATIVE,16.38,NEGATIVE,No strong driver,"Trend, Momentum, Structure",-7.26,-1.69,232.22,246.16,264.0,HIGH,5640934.0,NOT_AVAILABLE,NOT_AVAILABLE,,1773,1784
1774,CHAVDA,2026-08-31,129.55,Bearish,24.5,22.83,-6,20,6/10,Medium,48.42,4.2,3.24,12.5,133.16,122.12,110.84,-1.5421,-0.5856,0.27,11.67,137.94,-6.08,4.98,0.073,-6.56,-5.47,-4.07,0.93,-2.63,69.23,139.05,137.8,138.65,143.2,137.0,43.67,51.08,2.72,-2.1,0.37,31.13,16.44,2.46,-2.5,79.75,8,10,14,42.86,-1.06,50.0,-1.82,35.71,-2.16,21.43,-2.66,21.43,-4.7,NEGATIVE,15.72,NEGATIVE,No strong driver,"Momentum, Structure, VWAP",-4.86,-1.13,123.25,128.08,139.05,HIGH,13090202.0,NOT_AVAILABLE,NOT_AVAILABLE,,1774,1718
1775,NFL,2026-08-31,70.37,Bearish,24.38,19.79,-5,25,5/10,Medium,40.98,1.34,1.9,13.33,71.38,72.4,77.89,0.0478,-0.0597,0.43,19.17,71.9,-2.13,1.36,0.069,-1.01,-0.59,-1.64,-2.05,-0.03,43.34,71.8,71.0,71.09,75.38,70.37,45.79,49.34,1.99,-1.8,0.21,10.66,6.97,2.03,-2.37,71.74,6,7,11,27.27,-0.24,27.27,-0.94,9.09,-2.39,27.27,-2.31,36.36,-0.77,NEGATIVE,8.93,NEGATIVE,No strong driver,"Trend, Momentum, Structure",-2.85,-0.66,68.37,69.9,71.9,LOW,68332177.0,NOT_AVAILABLE,NOT_AVAILABLE,,1775,1758
1776,MAXIND,2026-08-31,150.79,Bearish,23.98,10.34,-4,30,5/10,Medium,39.51,6.38,4.23,0.83,156.1,160.04,168.12,-0.5477,0.2443,0.36,23.33,156.56,-3.68,3.05,0.112,0.26,-2.32,0.31,-13.66,0.74,62.85,154.79,149.2,150.4,157.4,148.65,42.11,52.89,2.36,-1.8,0.35,26.97,12.11,2.13,-2.24,91.69,6,8,11,18.18,-1.64,18.18,-3.82,0.0,-5.09,18.18,-6.39,9.09,-8.0,NEGATIVE,1.36,NEGATIVE,Delivery,"Trend, Momentum, Structure",-6.34,-1.48,141.22,148.56,156.56,HIGH,15275028.0,NOT_AVAILABLE,NOT_AVAILABLE,,1776,1800
1777,BFINVEST,2026-08-31,441.35,Bearish,23.58,17.19,-5,25,5/10,Medium,39.52,14.5,3.28,15.0,453.82,453.43,439.91,-2.2999,0.1055,0.52,42.5,463.28,-4.73,3.2,0.129,-0.33,-1.67,-4.94,-8.62,-0.63,44.88,450.0,441.0,442.8,454.9,440.0,44.08,51.05,2.0,-1.69,0.19,8.95,5.92,1.84,-2.17,80.49,8,8,9,77.78,0.83,44.44,-1.51,33.33,-2.13,0.0,-7.02,0.0,-9.01,NEGATIVE,6.67,NEGATIVE,No strong driver,"Trend, Momentum, Structure",-4.93,-1.15,419.61,436.28,463.28,HIGH,17274592.0,NOT_AVAILABLE,NOT_AVAILABLE,,1777,1776
1778,JKTYRE,2026-08-31,378.85,Bearish,23.5,13.46,-4,30,5/10,Medium,42.33,8.62,2.28,1.67,385.06,391.94,409.74,-0.0513,0.131,0.62,42.5,391.07,-3.12,2.59,0.142,-0.37,-0.98,-0.82,-7.67,-0.99,47.17,382.55,377.6,380.25,386.85,377.0,46.97,48.55,1.83,-1.61,0.28,13.29,6.71,2.17,-2.49,76.81,9,6,9,33.33,-0.67,22.22,-2.76,11.11,-4.54,0.0,-6.75,11.11,-7.38,NEGATIVE,0.0,NEGATIVE,Liquidity,"Trend, Momentum, Structure",-3.41,-0.8,365.91,375.83,391.07,MODERATE,290077451.0,NOT_AVAILABLE,NOT_AVAILABLE,,1778,1794
1779,SAKSOFT,2026-08-31,155.35,Bearish,23.38,20.45,-6,20,6/10,Medium,38.39,6.05,3.9,3.33,163.56,163.55,164.6,-0.9912,-0.1697,0.7,66.67,166.32,-6.6,3.29,0.017,-3.29,-4.18,-5.82,-12.02,-0.27,49.9,162.84,157.86,160.64,165.79,156.5,40.92,54.61,2.46,-1.95,0.37,23.29,8.16,1.94,-2.64,84.25,7,9,14,42.86,0.82,42.86,-0.09,35.71,-0.96,14.29,-6.04,14.29,-5.99,NEGATIVE,12.5,NEGATIVE,No strong driver,"Trend, Momentum, Structure",-5.84,-1.36,146.27,153.23,166.32,HIGH,66246869.0,NOT_AVAILABLE,NOT_AVAILABLE,,1779,1750
1780,PAKKA,2026-08-31,76.19,Bearish,23.38,18.76,-6,20,6/10,Medium,46.09,4.27,5.6,78.33,79.08,78.7,97.53,-0.6031,-0.3271,0.23,1.67,89.37,-14.75,4.13,0.202,-2.79,-6.23,-14.66,6.89,0.73,58.8,79.69,77.07,78.38,84.75,77.07,40.39,55.0,2.75,-2.17,0.35,18.68,9.34,2.1,-2.27,86.81,6,8,18,44.44,-0.94,27.78,-1.74,27.78,-2.28,22.22,-4.98,16.67,-9.92,NEGATIVE,12.5,NEGATIVE,No strong driver,"Trend, Momentum, Structure",-8.41,-1.96,69.79,74.7,89.37,VERY_HIGH,27810195.0,NOT_AVAILABLE,NOT_AVAILABLE,,1779,1766
1781,LIBERTSHOE,2026-08-31,242.05,Bearish,23.38,10.98,-6,20,6/10,Medium,41.19,8.0,3.3,0.83,248.28,252.65,268.25,0.1416,-0.0987,0.2,11.67,249.31,-2.91,1.27,0.169,-0.94,-0.72,-2.42,-7.58,-0.49,78.78,247.95,243.05,244.35,250.95,241.35,42.5,52.76,2.47,-1.92,0.42,26.05,9.47,2.12,-2.37,90.01,6,8,13,30.77,0.11,30.77,-0.02,7.69,-0.73,15.38,-1.91,7.69,-3.77,NEGATIVE,12.51,NEGATIVE,No strong driver,"Trend, Momentum, Structure",-4.96,-1.16,230.06,239.25,249.31,HIGH,7597609.0,NOT_AVAILABLE,NOT_AVAILABLE,,1779,1799
1782,SULA,2026-08-31,147.2,Bearish,23.18,12.72,-5,25,5/10,Medium,41.71,4.22,2.86,34.17,149.85,153.2,181.1,-0.2431,0.1668,0.64,34.17,155.38,-5.26,2.98,0.119,-0.26,1.85,-1.29,-10.96,-0.39,40.71,149.02,146.54,147.58,149.8,143.5,40.26,54.87,1.51,-1.35,0.25,10.79,5.26,1.96,-2.53,83.74,7,13,17,29.41,-0.24,17.65,-0.72,23.53,-1.32,0.0,-3.11,0.0,-3.53,NEGATIVE,5.52,NEGATIVE,No strong driver,"Trend, Momentum, Structure",-4.3,-1.0,140.87,145.72,155.38,MODERATE,61338229.0,NOT_AVAILABLE,NOT_AVAILABLE,,1782,1795
1783,HIKAL,2026-08-31,201.41,Bearish,22.9,17.95,-6,20,6/10,Medium,36.28,7.99,3.96,18.33,212.86,214.36,219.77,-1.6172,-0.0917,0.82,66.67,219.22,-8.12,5.13,0.143,-1.38,-4.99,-5.36,-12.39,0.08,44.89,206.89,202.23,204.23,219.85,202.23,43.82,51.45,1.92,-1.69,0.12,9.74,8.29,1.8,-2.14,81.4,7,8,13,46.15,-0.46,23.08,-1.84,15.38,-4.2,30.77,-5.99,38.46,-4.12,NEGATIVE,11.15,NEGATIVE,No strong driver,"Trend, Momentum, Structure",-5.95,-1.39,189.43,198.62,219.22,HIGH,85584527.0,NOT_AVAILABLE,NOT_AVAILABLE,,1783,1771
1784,VASCONEQ,2026-08-31,30.38,Bearish,22.71,16.67,-7,15,7/10,High,39.49,1.17,3.84,13.33,31.51,32.49,38.03,-0.0524,-0.0201,0.71,54.17,32.15,-5.51,3.78,0.114,-1.94,-2.78,-2.41,-8.66,0.0,54.18,31.25,30.81,30.98,32.51,30.66,43.42,51.45,2.67,-2.31,0.25,16.18,9.47,2.23,-2.64,81.79,9,9,27,44.44,-0.22,44.44,-1.26,33.33,-1.99,29.63,-5.52,18.52,-8.75,NEGATIVE,17.04,NEGATIVE,No strong driver,"Trend, Momentum, Structure",-5.75,-1.34,28.63,29.97,32.15,HIGH,14436712.0,NOT_AVAILABLE,NOT_AVAILABLE,,1784,1779
1785,HINDWAREAP,2026-08-31,186.98,Bearish,22.5,14.66,-6,20,6/10,Medium,26.25,7.66,4.1,10.83,201.68,214.26,236.11,-0.3543,-0.1605,0.51,50.0,201.73,-7.31,2.96,0.038,-2.42,-4.96,-5.39,-15.86,-0.58,61.35,195.59,191.25,191.61,203.41,190.0,41.97,53.55,2.31,-2.01,0.07,12.76,10.53,1.97,-2.37,88.67,8,11,21,38.1,-0.25,33.33,-1.79,23.81,-2.85,19.05,-3.46,33.33,-3.73,NEGATIVE,10.0,NEGATIVE,No strong driver,"Trend, Momentum, Structure",-6.15,-1.43,175.49,184.3,201.73,HIGH,41700485.0,NOT_AVAILABLE,NOT_AVAILABLE,,1785,1789
1786,BAJAJINDEF,2026-08-31,220.61,Bearish,22.47,15.04,-7,15,7/10,High,43.27,9.39,4.25,19.17,224.97,233.79,268.93,1.4214,-0.4009,0.71,50.83,223.81,-1.43,5.25,0.219,-3.45,2.1,2.46,-6.04,-1.48,64.62,229.5,225.33,228.49,249.0,215.0,43.52,53.11,2.82,-2.29,0.48,36.53,12.69,2.13,-2.79,85.2,8,9,100,39.0,-0.41,36.0,-1.03,33.0,-2.02,28.0,-3.56,24.0,-4.21,NEGATIVE,16.35,NEGATIVE,No strong driver,"Trend, Momentum, Structure",-6.38,-1.49,206.53,217.32,229.5,HIGH,6788842.0,NOT_AVAILABLE,NOT_AVAILABLE,,1786,1787
1787,ALICON,2026-08-31,665.4,Bearish,22.24,17.49,-7,15,7/10,Medium,39.41,30.3,4.55,63.33,705.71,691.79,721.82,-10.7852,-1.3483,0.45,15.83,736.44,-9.65,4.34,0.059,-2.87,-8.41,-8.36,-5.31,0.14,66.84,695.9,678.15,685.05,751.5,676.55,42.5,53.16,2.05,-1.65,0.18,13.42,7.11,1.92,-2.11,85.43,6,8,9,22.22,-0.36,11.11,-2.34,22.22,-2.7,33.33,-1.99,11.11,-2.5,NEGATIVE,15.68,NEGATIVE,No strong driver,"Trend, Momentum, Structure",-6.83,-1.59,619.95,654.79,736.44,HIGH,49349214.0,NOT_AVAILABLE,NOT_AVAILABLE,,1787,1774
1788,ROSSARI,2026-08-31,485.15,Bearish,22.15,18.71,-8,10,8/10,Medium,38.05,14.54,3.0,5.0,502.04,507.92,531.61,-0.8375,-0.7875,1.23,74.17,508.19,-4.53,4.46,0.046,-2.6,-2.84,-2.22,-4.55,0.0,57.24,499.55,496.55,498.1,519.7,495.05,43.03,52.5,1.5,-1.33,0.27,13.82,5.53,1.82,-2.01,89.18,8,9,19,31.58,-0.34,31.58,-0.5,10.53,-1.87,42.11,-1.02,36.84,-0.7,NEGATIVE,21.86,NEGATIVE,No strong driver,"Trend, Momentum, Volume",-4.49,-1.05,463.34,480.06,508.19,MODERATE,42119782.0,NOT_AVAILABLE,NOT_AVAILABLE,,1788,1767
1789,INDOFARM,2026-08-31,136.65,Bearish,22.15,11.02,-6,20,6/10,Medium,36.59,5.6,4.1,0.83,144.02,146.71,157.11,-0.8132,0.0866,0.59,50.0,148.15,-7.76,2.15,0.024,-1.58,-2.22,-5.17,-15.44,-0.01,61.59,140.79,138.0,138.85,145.47,137.67,42.24,54.18,2.76,-2.35,0.32,22.67,11.69,2.03,-2.12,70.94,9,9,10,40.0,0.14,30.0,0.33,20.0,-1.29,20.0,-4.26,10.0,-7.37,NEGATIVE,9.0,NEGATIVE,No strong driver,"Trend, Momentum, Structure",-6.15,-1.44,128.25,134.69,148.15,HIGH,20980752.0,NOT_AVAILABLE,NOT_AVAILABLE,,1788,1797
1790,FORTIS,2026-08-31,906.9,Bearish,21.84,23.22,-6,20,7/10,Medium,43.01,21.69,2.39,20.83,922.61,934.15,914.13,0.9273,-0.7104,1.4,85.83,922.47,-1.69,2.79,0.279,-2.14,-1.21,-0.2,-3.52,0.24,68.22,941.9,916.05,926.75,941.9,901.4,48.03,47.11,1.58,-1.29,0.17,7.89,5.53,1.56,-2.04,82.69,7,9,8,25.0,-0.52,25.0,-1.27,12.5,-2.01,25.0,-3.59,37.5,-0.49,NEGATIVE,8.12,NEGATIVE,Liquidity,"Trend, Momentum, Volume",-3.59,-0.84,874.36,899.31,941.9,MODERATE,1444131424.0,NOT_AVAILABLE,NOT_AVAILABLE,,1790,1709
1791,HPL,2026-08-31,303.1,Bearish,21.8,17.79,-7,15,7/10,Medium,32.02,8.81,2.91,9.17,318.78,332.12,361.9,-0.5354,-0.1849,0.74,46.67,323.46,-6.29,3.21,0.058,-1.85,-3.58,-2.96,-9.78,0.23,56.6,311.95,304.8,308.8,319.85,304.8,41.84,53.55,2.82,-2.03,0.41,21.84,8.68,2.19,-2.71,79.3,7,8,18,66.67,0.05,44.44,-0.65,33.33,-2.52,22.22,-5.04,22.22,-5.16,NEGATIVE,14.44,NEGATIVE,No strong driver,"Trend, Momentum, Structure",-4.36,-1.02,289.88,300.02,323.46,MODERATE,32190493.0,NOT_AVAILABLE,NOT_AVAILABLE,,1791,1773
1792,DIGITIDE,2026-08-31,97.3,Bearish,21.62,17.27,-7,15,7/10,High,45.72,4.48,4.6,4.17,99.56,98.34,112.14,-0.1476,-0.1756,0.47,43.33,100.9,-3.57,2.7,0.229,-2.17,-1.66,0.84,-2.85,-1.03,56.11,103.95,98.5,99.46,104.15,96.5,40.32,55.56,2.78,-2.42,0.16,16.83,10.79,1.9,-2.3,86.87,6,8,100,37.0,-0.63,31.0,-2.02,28.0,-2.84,26.0,-4.43,13.0,-7.03,NEGATIVE,13.9,NEGATIVE,No strong driver,"Trend, Momentum, Structure",-6.91,-1.61,90.58,95.73,103.95,HIGH,36933526.0,NOT_AVAILABLE,NOT_AVAILABLE,,1792,1775
1793,AGARIND,2026-08-31,458.2,Bearish,21.53,19.52,-7,15,7/10,Medium,31.41,16.96,3.7,1.67,487.01,494.84,568.73,-4.082,-0.1806,0.91,76.67,499.54,-8.28,3.54,0.057,-1.53,-5.68,-8.29,-11.02,-0.28,53.04,470.0,463.85,465.3,494.05,463.85,41.97,53.55,2.21,-1.82,0.15,14.34,10.13,2.02,-2.0,81.45,8,9,15,33.33,-0.71,20.0,-2.34,13.33,-3.38,40.0,-4.38,53.33,-4.09,NEGATIVE,13.67,NEGATIVE,No strong driver,"Trend, Momentum, Structure",-5.55,-1.3,432.75,452.26,499.54,HIGH,17617231.0,NOT_AVAILABLE,NOT_AVAILABLE,,1793,1761
1794,MUFTI,2026-08-31,74.41,Bearish,21.45,16.49,-7,15,7/10,Medium,33.95,2.82,3.8,21.67,78.83,81.52,90.94,-0.2133,-0.0924,0.7,52.5,80.5,-7.56,2.57,0.029,-1.99,-2.6,-3.63,-10.01,0.0,57.79,76.93,75.28,75.92,79.17,75.0,39.53,56.54,2.22,-1.85,0.28,17.44,7.41,1.9,-2.41,84.41,7,8,19,26.32,-1.1,31.58,-0.88,26.32,-1.87,21.05,-2.67,36.84,-3.9,NEGATIVE,13.42,NEGATIVE,No strong driver,"Trend, Momentum, Structure",-5.69,-1.33,70.17,73.42,80.5,HIGH,10608242.0,NOT_AVAILABLE,NOT_AVAILABLE,,1794,1781
1795,PROTEAN,2026-08-31,520.85,Bearish,21.02,10.99,-6,20,7/10,Medium,31.46,16.62,3.19,6.67,559.73,574.52,647.01,-1.6429,-1.723,1.04,76.67,563.49,-7.57,3.52,0.009,-3.5,-6.14,-5.04,-17.44,-0.19,61.23,554.0,537.65,539.75,572.9,537.65,39.8,56.93,2.06,-1.83,0.12,9.32,6.55,2.43,-3.32,80.21,7,8,13,30.77,-0.67,15.38,-2.12,15.38,-3.46,15.38,-6.69,7.69,-8.41,NEGATIVE,5.77,NEGATIVE,Liquidity,"Trend, Momentum, Structure",-4.79,-1.12,495.92,515.03,563.49,HIGH,145368282.0,NOT_AVAILABLE,NOT_AVAILABLE,,1795,1798
1796,BUTTERFLY,2026-08-31,629.0,Bearish,20.81,14.64,-6,20,6/10,Medium,33.03,20.49,3.26,4.17,659.74,676.8,670.41,-2.5677,0.5539,0.59,66.67,662.0,-4.99,2.12,0.036,-0.66,-2.15,-4.1,-14.6,0.0,60.8,655.45,625.05,633.15,655.45,625.0,43.68,51.84,1.7,-1.55,0.13,14.34,8.16,1.77,-1.9,91.84,6,7,31,32.26,-0.45,35.48,-1.28,16.13,-2.22,12.9,-4.39,0.0,-5.92,NEGATIVE,5.16,NEGATIVE,No strong driver,"Trend, Momentum, Structure",-4.89,-1.14,598.27,621.83,662.0,HIGH,15285152.0,NOT_AVAILABLE,NOT_AVAILABLE,,1796,1790
1797,HONDAPOWER,2026-08-31,2018.0,Bearish,20.72,14.95,-7,15,7/10,Medium,30.98,46.99,2.33,7.5,2082.91,2115.98,2237.69,-5.1058,-2.4744,0.67,38.33,2097.47,-3.79,2.76,0.042,-1.97,-2.66,-5.62,-3.72,-0.06,58.05,2081.7,2050.0,2058.6,2118.0,2050.0,46.45,49.21,1.59,-1.53,0.28,16.97,6.45,2.0,-2.52,86.89,10,7,15,40.0,-0.65,26.67,-1.6,33.33,-1.16,13.33,-4.08,13.33,-4.29,NEGATIVE,11.33,NEGATIVE,No strong driver,"Trend, Momentum, Structure",-3.49,-0.81,1947.52,2001.55,2097.47,MODERATE,8109964.0,NOT_AVAILABLE,NOT_AVAILABLE,,1797,1788
1798,DBCORP,2026-08-31,199.2,Bearish,20.04,15.29,-7,15,7/10,Medium,31.12,4.77,2.39,5.0,206.58,207.29,220.62,-1.1754,-0.207,0.79,62.5,208.56,-4.49,2.52,0.06,-1.66,-3.68,-6.1,-5.38,-0.14,69.2,206.0,201.92,202.57,209.53,201.92,46.84,48.68,1.83,-1.76,0.19,17.37,11.58,1.83,-1.87,88.36,9,7,17,35.29,-1.27,29.41,-1.03,23.53,-2.06,17.65,-4.03,23.53,-6.37,NEGATIVE,9.41,NEGATIVE,No strong driver,"Trend, Momentum, Structure",-3.59,-0.84,192.05,197.53,208.56,MODERATE,17108129.0,NOT_AVAILABLE,NOT_AVAILABLE,,1798,1785
1799,MEDICO,2026-08-31,42.35,Bearish,19.7,12.3,-6,20,6/10,Medium,44.64,2.21,5.23,27.5,43.43,43.22,44.15,-0.4016,0.0513,0.52,41.67,46.51,-8.94,2.57,0.135,-0.14,0.76,-4.34,-14.72,0.42,86.3,43.62,42.0,42.41,43.7,41.46,43.95,50.92,2.33,-2.04,0.26,28.16,16.18,2.13,-2.29,93.09,8,10,10,30.0,-2.5,20.0,-4.02,10.0,-3.88,10.0,-5.23,10.0,-8.92,NEGATIVE,2.0,NEGATIVE,No strong driver,"Trend, Momentum, Structure",-7.84,-1.83,39.03,41.58,46.51,VERY_HIGH,19607239.0,NOT_AVAILABLE,NOT_AVAILABLE,,1799,1796
1800,ONEPOINT,2026-08-31,54.78,Bearish,19.48,16.26,-6,20,6/10,Medium,38.82,1.81,3.3,5.83,56.29,56.55,54.53,-0.324,0.001,0.3,10.83,58.19,-5.86,2.44,0.103,-0.45,-1.32,-4.25,-3.73,0.29,51.92,55.79,54.55,55.03,57.49,54.55,44.21,50.92,2.47,-1.9,0.33,25.26,12.11,2.1,-2.33,84.94,7,8,11,27.27,-0.76,0.0,-1.73,9.09,-2.2,9.09,-3.53,27.27,-1.97,NEGATIVE,1.36,NEGATIVE,No strong driver,"Trend, Momentum, Structure",-4.95,-1.16,52.07,54.15,58.19,HIGH,73736796.0,NOT_AVAILABLE,NOT_AVAILABLE,,1800,1783
