SYMBOL,DATA_DATE,BIAS,HISTORICAL_SCORE,HISTORICAL_QUALITY,SIMILAR_SETUPS,HIST_3D_WIN_PCT,HIST_3D_AVG_PCT,HIST_5D_WIN_PCT,HIST_5D_AVG_PCT,HIST_10D_WIN_PCT,HIST_10D_AVG_PCT,HIST_15D_WIN_PCT,HIST_15D_AVG_PCT
AAREYDRUGS,2026-08-28,Bullish,92.5,STRONG,14,71.43,3.71,78.57,4.27,85.71,8.52,85.71,11.46
MONOLITH,2026-08-28,Bullish,88.85,STRONG,26,73.08,2.38,73.08,3.08,80.77,6.5,88.46,13.02
SHREEJISPG,2026-08-28,Bullish,93.9,STRONG,41,78.05,2.93,80.49,4.29,87.8,7.27,85.37,9.67
SUNLITE,2026-08-28,Bullish,86.28,STRONG,43,60.47,7.77,74.42,12.4,72.09,23.52,72.09,27.26
SBISILVER,2026-08-28,Bullish,88.2,STRONG,100,68.0,1.88,75.0,3.38,77.0,6.5,76.0,9.81
ABSLAMC,2026-08-28,Bullish,81.15,STRONG,100,56.0,0.76,69.0,1.64,72.0,2.56,77.0,3.5
MARATHON,2026-08-28,Bullish,87.5,STRONG,8,87.5,6.11,87.5,11.86,62.5,8.56,75.0,9.31
IRISDOREME,2026-08-28,Bullish,100.0,STRONG,11,81.82,2.64,100.0,4.23,100.0,10.28,100.0,16.53
ATALREAL,2026-08-28,Bullish,93.33,STRONG,12,66.67,1.55,83.33,2.71,83.33,5.03,83.33,4.84
QPOWER,2026-08-28,Bullish,80.42,STRONG,84,54.76,1.84,65.48,3.97,64.29,6.64,58.33,8.59
BLSE,2026-08-28,Bullish,80.13,STRONG,76,63.16,1.18,61.84,1.77,67.11,3.81,75.0,5.56
LIQUIDCASE,2026-08-28,Bullish,86.08,STRONG,12,100.0,0.05,100.0,0.09,100.0,0.18,100.0,0.27
AEROENTER,2026-08-28,Bullish,66.22,POSITIVE,37,45.95,1.71,45.95,2.02,43.24,3.52,45.95,1.76
KIRIINDUS,2026-08-28,Bullish,91.88,STRONG,8,75.0,1.17,75.0,3.0,87.5,20.58,75.0,25.15
PETRONET,2026-08-28,Bullish,91.0,STRONG,10,90.0,2.3,80.0,2.65,80.0,3.94,90.0,6.44
HAPPYFORGE,2026-08-28,Bullish,84.35,STRONG,100,60.0,1.1,64.0,1.78,77.0,3.96,77.0,5.41
NSLNISP,2026-08-28,Bullish,84.0,STRONG,10,50.0,0.93,60.0,3.88,80.0,4.15,60.0,2.61
HYUNDAI,2026-08-28,Bullish,77.49,STRONG,39,58.97,1.34,56.41,1.0,74.36,3.18,76.92,3.48
EMUDHRA,2026-08-28,Bullish,75.66,STRONG,100,49.0,0.85,54.0,1.31,64.0,3.53,65.0,5.66
NH,2026-08-28,Bullish,75.64,STRONG,8,50.0,0.14,75.0,0.97,62.5,2.16,62.5,4.65
BEL,2026-08-28,Bullish,81.73,STRONG,100,68.0,1.17,68.0,1.64,71.0,2.88,68.0,3.83
GLENMARK,2026-08-28,Bullish,80.42,STRONG,100,64.0,1.29,63.0,1.89,67.0,3.09,66.0,4.55
GCSL,2026-08-28,Bullish,80.09,STRONG,52,53.85,1.31,63.46,2.14,65.38,3.92,63.46,5.18
ADOR,2026-08-28,Bullish,86.44,STRONG,66,65.15,1.65,69.7,2.52,77.27,4.13,78.79,5.37
PRECWIRE,2026-08-28,Bullish,73.47,STRONG,12,58.33,1.33,66.67,1.94,66.67,1.01,58.33,4.6
STAR,2026-08-28,Bullish,73.33,STRONG,100,61.0,1.31,64.0,1.19,59.0,2.63,56.0,4.18
GROWWSLVR,2026-08-28,Bullish,86.1,STRONG,100,64.0,1.99,69.0,1.74,77.0,3.56,79.0,6.27
MCX,2026-08-28,Bullish,92.5,STRONG,14,71.43,2.03,78.57,3.4,85.71,7.08,85.71,10.19
ELECTCAST,2026-08-28,Bullish,79.55,STRONG,11,54.55,2.96,54.55,2.84,72.73,7.22,81.82,11.04
AUROPHARMA,2026-08-28,Bullish,85.91,STRONG,11,72.73,1.89,72.73,3.67,72.73,3.89,90.91,4.7
WELCORP,2026-08-28,Bullish,92.27,STRONG,11,81.82,3.25,81.82,4.24,81.82,4.98,90.91,7.74
EMKAY,2026-08-28,Bullish,72.8,STRONG,100,45.0,0.58,49.0,2.8,59.0,6.19,59.0,6.5
HCC,2026-08-28,Bullish,85.56,STRONG,9,77.78,2.52,66.67,4.13,77.78,7.11,44.44,4.91
TBZ,2026-08-28,Bullish,79.1,STRONG,100,51.0,2.06,61.0,3.78,65.0,7.69,66.0,11.55
VIESL,2026-08-28,Bullish,66.15,POSITIVE,61,50.82,0.88,54.1,1.74,44.26,2.44,54.1,3.74
GRWRHITECH,2026-08-28,Bullish,78.4,STRONG,100,56.0,1.88,61.0,3.47,63.0,5.94,68.0,8.52
TMB,2026-08-28,Bullish,91.0,STRONG,10,90.0,4.93,80.0,3.96,80.0,5.43,80.0,4.28
FINCABLES,2026-08-28,Bullish,84.58,STRONG,12,66.67,2.45,66.67,3.21,75.0,3.06,66.67,1.69
OFSS,2026-08-28,Bullish,71.61,STRONG,100,48.0,1.16,53.0,1.95,54.0,2.84,59.0,4.14
AVALON,2026-08-28,Bullish,84.32,STRONG,22,63.64,1.99,68.18,3.99,72.73,3.73,68.18,7.77
STLTECH,2026-08-28,Bullish,84.0,STRONG,100,63.0,2.94,69.0,5.26,71.0,10.41,72.0,16.78
PHARMABEES,2026-08-28,Bullish,63.92,POSITIVE,10,60.0,0.14,50.0,0.27,70.0,1.46,50.0,1.08
SBC,2026-08-28,Bullish,76.75,STRONG,100,59.0,0.55,65.0,0.96,76.0,2.14,79.0,3.17
CYIENTDLM,2026-08-28,Bullish,76.36,STRONG,55,43.64,0.57,50.91,0.91,67.27,4.4,69.09,6.27
ATLANTAELE,2026-08-28,Bullish,82.5,STRONG,14,64.29,4.29,64.29,5.1,71.43,8.54,71.43,9.23
MARINE,2026-08-28,Bullish,75.83,STRONG,12,58.33,3.17,50.0,4.42,66.67,5.35,75.0,14.26
UNIPARTS,2026-08-28,Bullish,69.08,POSITIVE,100,54.0,0.71,57.0,0.87,63.0,2.15,70.0,3.26
LALPATHLAB,2026-08-28,Bullish,94.5,STRONG,10,70.0,-0.0,80.0,2.63,90.0,4.63,100.0,7.59
SAFEENTP,2026-08-28,Bullish,75.0,STRONG,84,42.86,1.49,52.38,2.74,61.9,3.99,50.0,5.02
DIACABS,2026-08-28,Bullish,74.9,STRONG,100,50.0,0.16,57.0,2.22,57.0,4.93,56.0,5.02
POWERMECH,2026-08-28,Bullish,68.38,POSITIVE,100,52.0,0.9,52.0,1.13,58.0,2.59,59.0,3.17
SOLARINDS,2026-08-28,Bullish,81.2,STRONG,100,55.0,0.85,58.0,1.3,74.0,4.4,72.0,7.17
ZUARI,2026-08-28,Bullish,74.67,STRONG,15,66.67,2.19,53.33,3.86,60.0,8.4,60.0,9.65
GOLDCASE,2026-08-28,Bullish,74.64,STRONG,100,59.0,0.96,64.0,1.19,68.0,2.17,68.0,3.17
ONDOOR,2026-08-28,Bullish,74.62,STRONG,53,49.06,2.27,60.38,3.48,52.83,5.1,50.94,4.16
ATHERENERG,2026-08-28,Bullish,80.94,STRONG,80,57.5,1.48,65.0,1.95,66.25,3.91,76.25,7.05
FEDFINA,2026-08-28,Bullish,87.32,STRONG,10,60.0,1.24,80.0,1.56,80.0,2.52,60.0,2.83
PPLPHARMA,2026-08-28,Bullish,80.83,STRONG,100,68.0,1.38,65.0,1.75,68.0,3.07,68.0,4.67
NCC,2026-08-28,Bullish,86.58,STRONG,19,68.42,1.12,73.68,2.08,73.68,4.47,57.89,1.76
LAURUSLABS,2026-08-28,Bullish,73.56,STRONG,15,60.0,0.65,73.33,1.52,66.67,0.87,66.67,2.31
ARHAM,2026-08-28,Bullish,73.58,STRONG,47,61.7,0.67,61.7,0.9,63.83,2.76,59.57,1.68
VINDHYATEL,2026-08-28,Bullish,80.0,STRONG,91,53.85,1.07,58.24,2.11,70.33,4.8,68.13,5.35
JGCHEM,2026-08-28,Bullish,73.5,STRONG,100,48.0,1.68,52.0,2.19,58.0,4.75,59.0,6.53
AMBER,2026-08-28,Bullish,73.36,STRONG,100,55.0,1.05,56.0,1.87,60.0,2.57,58.0,3.81
AONELIQUID,2026-08-28,Bullish,86.12,STRONG,13,100.0,0.04,100.0,0.09,100.0,0.19,100.0,0.28
GROWWLIQID,2026-08-28,Bullish,86.08,STRONG,100,100.0,0.04,100.0,0.09,100.0,0.18,100.0,0.27
SILVERBEES,2026-08-28,Bullish,79.62,STRONG,13,69.23,1.71,53.85,1.65,84.62,2.39,84.62,4.2
SEAMECLTD,2026-08-28,Bullish,73.12,STRONG,100,56.0,0.92,58.0,1.83,58.0,2.55,60.0,3.93
VOLERCAR,2026-08-28,Bullish,66.25,POSITIVE,84,52.38,3.53,42.86,5.63,46.43,10.34,54.76,15.25
STLNETWORK,2026-08-28,Bullish,66.11,POSITIVE,9,55.56,4.65,44.44,10.3,44.44,9.39,44.44,6.62
SYNCOMF,2026-08-28,Bullish,66.11,POSITIVE,9,44.44,0.63,44.44,-0.42,44.44,6.38,44.44,4.74
OLIL,2026-08-28,Bullish,78.75,STRONG,100,49.0,2.1,55.0,3.15,70.0,7.01,71.0,9.34
RMDRIP,2026-08-28,Bullish,78.64,STRONG,10,50.0,0.61,70.0,1.27,70.0,2.39,70.0,4.18
TATSILV,2026-08-28,Bullish,71.98,STRONG,100,56.0,0.75,62.0,1.49,60.0,2.08,63.0,3.25
EIMCOELECO,2026-08-28,Bullish,78.05,STRONG,100,49.0,1.61,60.0,2.66,63.0,5.5,63.0,7.05
ITBEES,2026-08-28,Bullish,64.78,POSITIVE,100,57.0,0.39,52.0,0.61,66.0,1.51,66.0,1.93
VEDL,2026-08-28,Bullish,71.11,STRONG,100,57.0,0.7,56.0,1.28,61.0,2.51,59.0,3.0
GEOJITFSL,2026-08-28,Bullish,70.79,STRONG,89,50.56,1.3,51.69,1.87,50.56,3.27,59.55,4.83
PERSISTENT,2026-08-28,Bullish,64.1,POSITIVE,100,52.0,-0.04,55.0,0.07,67.0,1.53,66.0,1.13
CRISIL,2026-08-28,Bullish,57.67,POSITIVE,100,54.0,-0.0,48.0,0.03,53.0,1.8,55.0,1.88
INDOBORAX,2026-08-28,Bullish,76.92,STRONG,100,53.0,1.48,60.0,1.82,60.0,3.16,59.0,4.34
MACPOWER,2026-08-28,Bullish,57.55,POSITIVE,100,45.0,0.5,46.0,1.25,47.0,1.25,46.0,0.61
SILKFLEX,2026-08-28,Bullish,76.73,STRONG,26,50.0,4.28,42.31,4.37,76.92,14.65,100.0,30.32
NRL,2026-08-28,Bullish,83.12,STRONG,88,60.23,1.44,70.45,3.09,67.05,4.71,70.45,7.25
PTCIL,2026-08-28,Bullish,70.0,STRONG,8,75.0,4.79,37.5,8.06,62.5,17.58,50.0,16.28
MANINFRA,2026-08-28,Bullish,70.0,STRONG,8,50.0,2.89,50.0,2.49,50.0,3.56,62.5,5.27
TEXRAIL,2026-08-28,Bullish,63.49,POSITIVE,100,62.0,0.91,60.0,0.7,55.0,1.36,58.0,2.92
TECHNOE,2026-08-28,Bullish,76.3,STRONG,100,57.0,2.2,57.0,2.55,61.0,4.34,66.0,5.92
SCI,2026-08-28,Bullish,76.3,STRONG,100,65.0,2.28,58.0,2.89,60.0,4.39,61.0,5.29
AKUMS,2026-08-28,Bullish,63.31,POSITIVE,65,50.77,0.37,56.92,0.87,55.38,1.38,69.23,3.23
KRN,2026-08-28,Bullish,63.17,POSITIVE,43,60.47,2.08,41.86,1.89,46.51,2.42,39.53,0.45
TECHM,2026-08-28,Bullish,63.1,POSITIVE,100,66.0,0.51,62.0,0.88,56.0,0.82,59.0,1.26
UNIVCABLES,2026-08-28,Bullish,69.54,POSITIVE,100,50.0,1.33,53.0,1.91,49.0,2.8,46.0,0.1
GLOBUSSPR,2026-08-28,Bullish,82.25,STRONG,20,40.0,0.76,55.0,2.17,80.0,5.3,85.0,6.57
WOCKPHARMA,2026-08-28,Bullish,69.3,POSITIVE,100,52.0,1.49,45.0,1.92,53.0,5.64,55.0,8.5
CDSL,2026-08-28,Bullish,81.67,STRONG,12,50.0,0.79,75.0,3.91,58.33,5.67,75.0,5.26
PARADEEP,2026-08-28,Bullish,68.71,POSITIVE,100,47.0,0.15,57.0,0.93,56.0,2.61,60.0,4.04
SAILIFE,2026-08-28,Bullish,75.05,STRONG,9,33.33,-0.68,66.67,-0.07,88.89,1.47,66.67,0.72
SINDHUTRAD,2026-08-28,Bullish,74.9,STRONG,100,49.0,0.79,56.0,2.28,58.0,4.18,60.0,4.37
NITINSPIN,2026-08-28,Bullish,74.67,STRONG,15,26.67,0.26,46.67,1.37,66.67,4.88,60.0,4.51
EBGNG,2026-08-28,Bullish,61.77,POSITIVE,34,44.12,1.16,38.24,2.23,38.24,4.06,52.94,4.26
MIDCAP,2026-08-28,Bullish,87.22,STRONG,10,80.0,0.97,70.0,1.18,100.0,2.0,80.0,1.58
CUPID,2026-08-28,Neutral-Range,100.0,STRONG,8,87.5,4.6,87.5,8.43,100.0,16.8,100.0,15.97
PDMJEPAPER,2026-08-28,Bullish,74.06,STRONG,100,48.0,1.08,49.0,1.71,65.0,3.08,72.0,6.95
LIQUID1,2026-08-28,Bullish,86.32,STRONG,8,100.0,0.07,100.0,0.12,100.0,0.21,100.0,0.32
LIQUIDBETF,2026-08-28,Bullish,86.28,STRONG,37,100.0,0.06,100.0,0.11,100.0,0.21,100.0,0.31
LIQUIDADD,2026-08-28,Bullish,86.16,STRONG,43,100.0,0.05,100.0,0.1,100.0,0.19,100.0,0.29
LIQUIDPLUS,2026-08-28,Bullish,86.16,STRONG,27,100.0,0.06,100.0,0.1,100.0,0.19,100.0,0.29
SBILIQETF,2026-08-28,Bullish,86.16,STRONG,100,100.0,0.06,100.0,0.1,100.0,0.19,100.0,0.29
LIQUIDSHRI,2026-08-28,Bullish,86.12,STRONG,11,100.0,0.05,100.0,0.1,100.0,0.18,100.0,0.28
CASHIETF,2026-08-28,Bullish,86.08,STRONG,11,100.0,0.05,100.0,0.09,100.0,0.18,100.0,0.27
MAHASTEEL,2026-08-28,Bullish,72.69,STRONG,13,46.15,0.62,53.85,2.63,53.85,6.16,61.54,8.88
BRIGADE,2026-08-28,Bullish,85.36,STRONG,10,50.0,0.02,80.0,1.32,80.0,2.27,80.0,2.08
METAL,2026-08-28,Bullish,78.86,STRONG,13,53.85,0.08,84.62,0.77,76.92,1.06,84.62,2.43
PROZONER,2026-08-28,Bullish,65.62,POSITIVE,8,37.5,-1.53,25.0,2.58,62.5,12.2,50.0,8.18
COCHINSHIP,2026-08-28,Bullish,78.4,STRONG,100,51.0,1.05,56.0,1.69,68.0,3.59,62.0,4.16
DCI,2026-08-28,Bullish,78.04,STRONG,74,51.35,2.0,55.41,3.47,67.57,4.15,58.11,6.74
IFCI,2026-08-28,Bullish,65.11,POSITIVE,93,40.86,1.0,39.78,1.92,46.24,4.18,50.54,5.05
YASHO,2026-08-28,Neutral-Range,97.22,STRONG,9,77.78,2.58,77.78,7.27,100.0,17.81,100.0,27.99
SILVERIETF,2026-08-28,Bullish,71.19,STRONG,100,52.0,0.73,56.0,1.22,61.0,2.59,66.0,4.19
GOLDIETF,2026-08-28,Bullish,71.13,STRONG,100,64.0,0.94,61.0,0.95,66.0,1.97,65.0,2.71
RRKABEL,2026-08-28,Bullish,71.13,STRONG,100,54.0,0.85,57.0,1.57,62.0,2.05,56.0,1.97
BALUFORGE,2026-08-28,Bullish,84.0,STRONG,10,80.0,2.9,80.0,10.83,60.0,15.88,80.0,19.78
CPPLUS,2026-08-28,Bullish,77.43,STRONG,33,63.64,2.31,66.67,3.0,54.55,6.32,60.61,8.64
CGPOWER,2026-08-28,Bullish,70.9,STRONG,100,53.0,1.12,56.0,1.55,62.0,2.1,62.0,2.67
TEJASNET,2026-08-28,Bullish,51.59,MIXED,100,38.0,-0.21,40.0,0.68,45.0,1.03,43.0,3.44
PENIND,2026-08-28,Bullish,70.8,STRONG,100,57.0,1.37,59.0,1.12,61.0,2.33,62.0,3.31
KALYANKJIL,2026-08-28,Bullish,77.11,STRONG,100,64.0,1.52,62.0,1.52,67.0,2.72,60.0,2.61
BAFNAPH,2026-08-28,Bullish,70.7,STRONG,100,57.0,2.23,54.0,2.55,48.0,2.57,53.0,4.26
SHYAMMETL,2026-08-28,Bullish,57.72,POSITIVE,100,48.0,0.03,45.0,0.22,55.0,1.71,57.0,2.98
MANAKALUCO,2026-08-28,Neutral-Range,89.45,STRONG,9,77.78,2.63,88.89,4.31,66.67,2.98,66.67,4.62
UNICHEMLAB,2026-08-28,Bullish,63.73,POSITIVE,94,41.49,0.16,46.81,1.1,54.26,2.24,58.51,3.4
GOKULAGRO,2026-08-28,Bullish,76.56,STRONG,16,62.5,1.14,62.5,2.22,56.25,4.82,50.0,-0.03
MARKSANS,2026-08-28,Bullish,70.11,STRONG,28,53.57,0.85,50.0,0.45,60.71,3.64,64.29,4.59
ACCENTMIC,2026-08-28,Bullish,76.37,STRONG,11,63.64,2.1,54.55,1.08,63.64,4.46,72.73,3.59
SUBEXLTD,2026-08-28,Bullish,76.28,STRONG,25,56.0,1.28,56.0,0.73,64.0,4.09,84.0,7.57
SGMART,2026-08-28,Neutral-Range,88.92,STRONG,37,62.16,2.32,75.68,2.93,78.38,5.24,81.08,9.34
GOLDETF,2026-08-28,Bullish,69.3,POSITIVE,100,63.0,0.81,60.0,0.9,66.0,1.65,66.0,2.14
CARRARO,2026-08-28,Bullish,56.44,MIXED,87,48.28,0.66,48.28,0.79,51.72,0.82,57.47,1.66
WINDLAS,2026-08-28,Bullish,62.74,POSITIVE,13,46.15,0.25,38.46,-2.62,76.92,4.46,53.85,1.96
SHILPAMED,2026-08-28,Bullish,68.97,POSITIVE,100,52.0,0.95,52.0,1.53,59.0,2.25,58.0,3.04
PCCL,2026-08-28,Bullish,68.94,POSITIVE,46,63.04,0.18,65.22,0.43,69.57,1.26,65.22,3.14
GRAVITA,2026-08-28,Bullish,68.95,POSITIVE,100,40.0,0.75,49.0,2.1,48.0,3.25,50.0,6.05
TITAN,2026-08-28,Bullish,68.92,POSITIVE,35,71.43,0.51,77.14,0.33,65.71,0.65,51.43,0.67
GLAXO,2026-08-28,Bullish,62.26,POSITIVE,100,51.0,0.62,51.0,0.61,59.0,1.58,58.0,2.14
TNIDETF,2026-08-28,Bullish,68.46,POSITIVE,9,77.78,0.74,55.56,0.7,66.67,1.97,66.67,2.26
JINDWORLD,2026-08-28,Neutral-Range,87.5,STRONG,10,50.0,1.7,60.0,7.82,90.0,12.89,80.0,12.65
DIFFNKG,2026-08-28,Bullish,61.78,POSITIVE,100,49.0,0.6,51.0,0.74,51.0,2.03,54.0,2.23
DCBBANK,2026-08-28,Bullish,80.94,STRONG,16,62.5,1.17,62.5,3.1,68.75,2.37,68.75,1.83
KANORICHEM,2026-08-28,Bullish,74.48,STRONG,86,54.65,1.52,53.49,2.24,59.3,4.3,63.95,6.14
JINDALSTEL,2026-08-28,Bullish,61.59,POSITIVE,8,50.0,-0.84,50.0,-0.19,75.0,0.9,37.5,0.05
RUBICON,2026-08-28,Bullish,74.46,STRONG,55,58.18,1.23,54.55,1.43,58.18,3.75,74.55,5.73
ECLERX,2026-08-28,Bullish,61.59,POSITIVE,100,50.0,1.32,46.0,1.46,43.0,2.4,57.0,3.91
ACMESOLAR,2026-08-28,Bullish,67.77,POSITIVE,100,58.0,0.54,58.0,1.24,53.0,2.24,60.0,3.48
SUVEN,2026-08-28,Bullish,74.12,STRONG,17,47.06,-0.25,47.06,0.96,64.71,7.69,64.71,12.98
IRIS,2026-08-28,Bullish,61.2,POSITIVE,100,50.0,1.27,47.0,1.07,45.0,2.43,50.0,4.04
BIRLACABLE,2026-08-28,Bullish,67.59,POSITIVE,58,44.83,1.53,44.83,3.1,48.28,3.91,51.72,4.41
DIVISLAB,2026-08-28,Bullish,54.72,MIXED,13,46.15,0.3,46.15,0.21,53.85,0.97,53.85,1.32
ELGIEQUIP,2026-08-28,Bullish,48.04,MIXED,100,48.0,0.03,51.0,-0.14,49.0,-0.35,48.0,-1.44
NETWEB,2026-08-28,Bullish,67.32,POSITIVE,100,61.0,1.42,61.0,1.97,55.0,0.96,51.0,1.98
DYCL,2026-08-28,Bullish,54.13,MIXED,99,45.45,-0.39,50.51,-0.17,54.55,0.76,59.6,-1.53
HFCL,2026-08-28,Bullish,66.95,POSITIVE,100,53.0,0.8,49.0,1.04,56.0,2.76,67.0,6.22
HDFCLIQUID,2026-08-28,Neutral-Range,86.16,STRONG,11,100.0,0.05,100.0,0.1,100.0,0.19,100.0,0.28
DANISH,2026-08-28,Bullish,53.99,MIXED,98,42.86,0.2,47.96,0.28,40.82,1.7,50.0,1.77
LIQGRWBEES,2026-08-28,Neutral-Range,86.08,STRONG,100,100.0,0.05,100.0,0.09,100.0,0.18,100.0,0.27
BEML,2026-08-28,Bullish,60.27,POSITIVE,9,77.78,1.71,44.44,0.96,44.44,2.58,66.67,6.44
MANOMAY,2026-08-28,Bullish,66.58,POSITIVE,76,59.21,1.35,56.58,1.04,55.26,2.07,51.32,2.65
NATIONALUM,2026-08-28,Neutral-Range,92.27,STRONG,11,81.82,3.59,90.91,5.41,72.73,3.74,72.73,5.88
WELENT,2026-08-28,Neutral-Range,85.69,STRONG,15,80.0,1.34,80.0,2.08,66.67,2.76,60.0,2.88
ITETF,2026-08-28,Bullish,59.9,POSITIVE,100,60.0,0.51,56.0,0.51,58.0,0.74,60.0,1.11
GODREJAGRO,2026-08-28,Neutral-Range,85.56,STRONG,9,66.67,2.5,77.78,4.2,66.67,2.6,55.56,1.77
TATAGOLD,2026-08-28,Bullish,72.68,STRONG,100,61.0,0.88,62.0,0.86,70.0,2.01,70.0,2.81
INGERRAND,2026-08-28,Bullish,53.39,MIXED,100,48.0,0.12,57.0,0.24,48.0,0.17,42.0,-0.17
IOLCP,2026-08-28,Bullish,66.27,POSITIVE,51,54.9,0.87,52.94,1.66,56.86,1.55,60.78,3.08
LGBBROSLTD,2026-08-28,Bullish,66.25,POSITIVE,100,58.0,0.9,56.0,1.28,59.0,1.47,58.0,1.5
MANAKSTEEL,2026-08-28,Bullish,53.33,MIXED,87,34.48,0.19,40.23,0.05,44.83,2.09,37.93,1.59
ADANIPOWER,2026-08-28,Bullish,65.58,POSITIVE,100,44.0,0.74,48.0,1.13,58.0,2.24,59.0,3.89
GROWWGOLD,2026-08-28,Bullish,65.41,POSITIVE,100,49.0,0.32,53.0,0.69,66.0,1.5,73.0,2.43
PRUDENT,2026-08-28,Bullish,78.21,STRONG,100,53.0,1.1,64.0,1.44,67.0,2.9,71.0,4.31
A2ZINFRA,2026-08-28,Bullish,58.82,POSITIVE,100,51.0,0.75,47.0,0.89,47.0,1.84,49.0,4.13
SILVER360,2026-08-28,Bullish,71.57,STRONG,71,56.34,1.6,56.34,1.43,57.75,2.73,66.2,4.09
AETHER,2026-08-28,Bullish,58.63,POSITIVE,100,54.0,0.97,50.0,0.95,51.0,1.12,62.0,2.37
RPEL,2026-08-28,Bullish,77.9,STRONG,62,51.61,0.88,56.45,1.47,66.13,4.07,67.74,6.0
BPCL,2026-08-28,Bullish,58.52,POSITIVE,100,57.0,-0.23,63.0,0.18,57.0,0.2,66.0,1.25
IT,2026-08-28,Bullish,64.95,POSITIVE,100,55.0,0.38,56.0,0.64,65.0,1.26,64.0,1.57
BANKNIFTY1,2026-08-28,Bullish,64.95,POSITIVE,100,65.0,0.41,65.0,0.56,60.0,0.99,59.0,0.32
RATNAMANI,2026-08-28,Bullish,77.79,STRONG,12,66.67,0.52,58.33,1.06,75.0,2.97,58.33,3.99
ACUTAAS,2026-08-28,Bullish,71.29,STRONG,46,67.39,0.68,65.22,0.48,60.87,2.56,69.57,5.05
CALSOFT,2026-08-28,Bullish,58.41,POSITIVE,95,47.37,1.0,41.05,2.08,45.26,1.22,36.84,0.78
DCMNVL,2026-08-28,Bullish,58.36,POSITIVE,53,47.17,1.38,45.28,1.14,43.4,1.94,52.83,3.17
MOSILVER,2026-08-28,Bullish,71.13,STRONG,31,48.39,1.29,54.84,1.84,48.39,3.18,61.29,6.88
APLAPOLLO,2026-08-28,Bullish,51.72,MIXED,97,47.42,-0.01,46.39,-0.09,57.73,0.16,54.64,-0.13
KIRLOSENG,2026-08-28,Bullish,64.48,POSITIVE,100,55.0,0.74,55.0,0.97,53.0,1.95,64.0,4.39
BLISSGVS,2026-08-28,Bullish,57.76,POSITIVE,100,36.0,-0.03,42.0,-0.12,58.0,2.06,57.0,2.25
REMSONSIND,2026-08-28,Bullish,51.33,MIXED,100,41.0,-0.22,43.0,0.58,44.0,0.89,44.0,1.4
MUTHOOTFIN,2026-08-28,Bullish,70.29,STRONG,100,63.0,0.67,60.0,1.08,59.0,2.33,71.0,3.55
AURUM,2026-08-28,Bullish,57.41,POSITIVE,100,47.0,0.36,50.0,0.75,53.0,0.84,57.0,3.22
GANDHAR,2026-08-28,Neutral-Range,82.89,STRONG,57,56.14,2.01,63.16,3.45,73.68,5.24,70.18,9.27
ARFIN,2026-08-28,Bullish,70.04,STRONG,76,51.32,0.29,52.63,1.06,52.63,3.49,59.21,5.57
HDFCSILVER,2026-08-28,Bullish,57.09,POSITIVE,100,49.0,0.46,49.0,-0.03,54.0,1.54,56.0,2.81
BLUSPRING,2026-08-28,Bullish,76.36,STRONG,55,63.64,3.21,50.91,3.46,67.27,5.84,74.55,9.1
SOTL,2026-08-28,Bullish,76.37,STRONG,11,63.64,2.33,63.64,3.15,54.55,2.16,36.36,3.09
OBSCP,2026-08-28,Neutral-Range,89.14,STRONG,64,68.75,2.86,71.88,5.13,82.81,10.42,93.75,16.38
ASIANHOTNR,2026-08-28,Bullish,57.0,POSITIVE,100,46.0,0.37,44.0,1.05,40.0,2.1,47.0,3.87
SOLARA,2026-08-28,Bullish,63.36,POSITIVE,13,53.85,0.62,69.23,2.52,53.85,-1.2,53.85,1.68
WHEELS,2026-08-28,Bullish,50.52,MIXED,100,42.0,-0.16,43.0,-0.05,49.0,0.88,55.0,2.77
SOMANYCERA,2026-08-28,Bullish,50.46,MIXED,77,48.05,-0.13,46.75,-0.21,44.16,1.12,55.84,2.63
JUSTDIAL,2026-08-28,Bullish,50.23,MIXED,77,46.75,0.37,45.45,0.12,46.75,0.62,48.05,2.45
IITL,2026-08-28,Bullish,75.95,STRONG,100,52.0,0.55,61.0,1.49,56.0,4.74,60.0,5.85
NAVNETEDUL,2026-08-28,Bullish,75.7,STRONG,88,54.55,1.39,67.05,1.74,63.64,2.0,65.91,1.92
ITIETF,2026-08-28,Bullish,62.76,POSITIVE,100,56.0,0.36,56.0,0.61,60.0,1.18,63.0,1.46
MAHSEAMLES,2026-08-28,Bullish,56.21,MIXED,49,61.22,1.26,48.98,0.71,46.94,1.2,44.9,2.69
MAYURUNIQ,2026-08-28,Bullish,69.06,POSITIVE,10,50.0,1.31,70.0,1.95,40.0,1.94,70.0,5.61
ELIN,2026-08-28,Bullish,56.06,MIXED,100,47.0,0.54,45.0,0.53,53.0,1.16,47.0,1.05
NUVAMA,2026-08-28,Bullish,49.52,MIXED,11,63.64,0.61,72.73,1.27,27.27,-1.39,63.64,3.38
BAJAJ-AUTO,2026-08-28,Bullish,55.76,MIXED,9,33.33,-0.46,44.44,0.39,55.56,1.05,44.44,0.72
HINDZINC,2026-08-28,Bullish,55.51,MIXED,100,50.0,0.04,51.0,0.52,50.0,0.77,42.0,-0.08
CRAFTSMAN,2026-08-28,Bullish,49.06,MIXED,100,41.0,-0.33,42.0,-0.43,52.0,0.72,50.0,0.9
GHCLTEXTIL,2026-08-28,Bullish,42.62,NEGATIVE,100,43.0,-0.53,46.0,-0.56,48.0,-0.76,57.0,0.55
SONACOMS,2026-08-28,Bullish,68.13,POSITIVE,99,56.57,0.46,56.57,1.27,60.61,1.76,66.67,2.72
CGCL,2026-08-28,Bullish,48.7,MIXED,69,49.28,-0.24,46.38,-0.03,50.72,-0.04,47.83,0.42
MPHASIS,2026-08-28,Bullish,55.04,MIXED,100,49.0,-0.23,49.0,-0.33,59.0,0.89,67.0,2.28
MOSCHIP,2026-08-28,Bullish,54.72,MIXED,100,41.0,0.33,40.0,0.33,48.0,1.9,47.0,2.94
ASAHIINDIA,2026-08-28,Bullish,67.52,POSITIVE,14,57.14,0.85,64.29,1.37,50.0,1.76,71.43,3.03
MTARTECH,2026-08-28,Bullish,73.85,STRONG,100,49.0,1.8,49.0,1.99,62.0,6.24,64.0,9.5
INDSWFTLAB,2026-08-28,Bullish,73.85,STRONG,100,55.0,0.96,57.0,2.0,54.0,3.43,56.0,6.06
SAIL,2026-08-28,Bullish,54.51,MIXED,100,53.0,-0.17,53.0,-0.14,56.0,0.48,53.0,1.55
CARTRADE,2026-08-28,Bullish,73.75,STRONG,28,46.43,0.83,46.43,2.74,64.29,3.66,78.57,9.11
KRISHIVAL,2026-08-28,Bullish,54.45,MIXED,100,46.0,-0.19,44.0,-0.1,59.0,0.95,54.0,1.21
STYLEBAAZA,2026-08-28,Bullish,48.03,MIXED,60,50.0,-0.12,51.67,-0.34,53.33,-0.59,36.67,-2.51
NMDC,2026-08-28,Bullish,60.7,POSITIVE,100,57.0,0.83,60.0,0.95,54.0,0.5,55.0,1.4
ADANIPORTS,2026-08-28,Bullish,66.96,POSITIVE,100,47.0,0.65,55.0,1.15,53.0,2.39,55.0,3.18
VINYAS,2026-08-28,Bullish,60.51,POSITIVE,100,50.0,1.1,53.0,0.97,48.0,1.57,42.0,1.4
JSWSTEEL,2026-08-28,Bullish,60.49,POSITIVE,19,52.63,-0.28,52.63,-0.42,68.42,1.2,63.16,1.44
SJS,2026-08-28,Neutral-Range,79.72,STRONG,13,76.92,1.35,76.92,1.56,76.92,1.16,69.23,1.58
BALAJITELE,2026-08-28,Bullish,66.82,POSITIVE,11,54.55,5.99,54.55,6.11,36.36,4.65,63.64,7.03
HERITGFOOD,2026-08-28,Neutral-Range,79.55,STRONG,11,72.73,1.36,54.55,1.54,72.73,4.51,63.64,5.57
TCS,2026-08-28,Bullish,60.2,POSITIVE,100,58.0,0.69,59.0,0.67,53.0,0.83,51.0,0.49
QUESS,2026-08-28,Bullish,60.13,POSITIVE,83,51.81,0.64,51.81,0.91,55.42,0.99,62.65,1.4
ZYDUSLIFE,2026-08-28,Bullish,47.1,MIXED,100,51.0,-0.1,47.0,-0.13,47.0,-0.07,55.0,0.74
INFY,2026-08-28,Bullish,53.22,MIXED,100,50.0,-0.01,55.0,0.16,51.0,0.12,49.0,0.05
IGPL,2026-08-28,Bullish,53.24,MIXED,100,52.0,0.51,50.0,0.53,50.0,0.28,47.0,0.35
LICI,2026-08-28,Bullish,59.65,POSITIVE,100,52.0,0.39,48.0,0.46,55.0,1.69,56.0,3.36
KABRAEXTRU,2026-08-28,Bullish,72.47,STRONG,85,54.12,1.81,54.12,2.35,52.94,4.12,57.65,7.49
MAHSCOOTER,2026-08-28,Bullish,65.95,POSITIVE,100,47.0,0.38,47.0,0.56,62.0,2.64,71.0,4.31
SPORTKING,2026-08-28,Neutral-Range,78.75,STRONG,100,58.0,1.19,64.0,2.04,61.0,3.15,73.0,5.63
PRAJIND,2026-08-28,Bullish,72.3,STRONG,11,54.55,1.65,54.55,1.37,54.55,3.41,63.64,3.97
VENUSPIPES,2026-08-28,Bullish,65.73,POSITIVE,100,45.0,0.28,49.0,0.82,58.0,2.5,56.0,3.38
TORNTPHARM,2026-08-28,Bullish,52.85,MIXED,100,48.0,-0.09,46.0,0.11,53.0,0.69,54.0,1.22
METROPOLIS,2026-08-28,Bullish,39.86,NEGATIVE,100,49.0,-0.66,40.0,-0.9,50.0,-0.76,51.0,-1.06
GSMFOILS,2026-08-28,Bullish,71.97,STRONG,9,55.56,1.05,55.56,3.36,55.56,1.16,55.56,4.81
BALAMINES,2026-08-28,Bullish,58.9,POSITIVE,100,48.0,0.8,53.0,1.24,45.0,1.16,42.0,1.36
SIS,2026-08-28,Bullish,52.31,MIXED,80,48.75,0.03,52.5,0.28,50.0,0.08,46.25,-0.27
PAYTM,2026-08-28,Bullish,71.57,STRONG,22,36.36,-0.7,63.64,0.85,54.55,2.95,63.64,4.98
BALMLAWRIE,2026-08-28,Bullish,58.7,POSITIVE,100,57.0,0.4,52.0,0.66,54.0,0.99,50.0,0.35
MENONBE,2026-08-28,Bullish,65.02,POSITIVE,96,56.25,0.91,50.0,0.99,54.17,2.4,60.42,5.08
REDINGTON,2026-08-28,Bullish,52.04,MIXED,100,47.0,-0.06,47.0,0.43,45.0,0.78,50.0,1.73
360ONE,2026-08-28,Bullish,71.2,STRONG,21,61.9,1.03,57.14,1.7,57.14,2.35,76.19,4.16
FMGOETZE,2026-08-28,Bullish,45.49,MIXED,74,47.3,-0.35,44.59,0.0,44.59,-0.18,41.89,-0.24
DOLATALGO,2026-08-28,Neutral-Range,90.42,STRONG,12,83.33,1.9,91.67,4.66,66.67,3.67,58.33,2.56
ENGINERSIN,2026-08-28,Bullish,45.39,MIXED,89,50.56,0.23,49.44,-0.14,39.33,-0.03,50.56,0.7
YUKEN,2026-08-28,Bullish,51.75,MIXED,49,44.9,0.09,42.86,1.27,32.65,1.31,36.73,0.65
LUMAXIND,2026-08-28,Bullish,64.4,POSITIVE,23,56.52,-0.02,52.17,0.32,60.87,2.14,60.87,4.69
DURLAX,2026-08-28,Neutral-Range,77.24,STRONG,29,44.83,0.08,55.17,1.31,65.52,3.87,86.21,9.64
GILT5YBEES,2026-08-28,Bullish,70.69,STRONG,20,65.0,0.12,70.0,0.15,85.0,0.21,70.0,0.3
DELHIVERY,2026-08-28,Bullish,51.4,MIXED,100,45.0,0.25,44.0,0.2,48.0,0.85,44.0,1.43
COSMOFIRST,2026-08-28,Bullish,64.16,POSITIVE,100,53.0,1.1,58.0,1.44,58.0,0.7,51.0,-0.91
KCP,2026-08-28,Neutral-Range,77.0,STRONG,25,48.0,0.23,56.0,1.89,64.0,4.74,60.0,4.0
FORTIS,2026-08-28,Bullish,64.12,POSITIVE,100,56.0,0.51,50.0,0.65,66.0,1.48,64.0,1.68
GOLDBEES,2026-08-28,Bullish,57.62,POSITIVE,10,60.0,0.27,50.0,0.23,60.0,0.8,60.0,1.0
POLYPLEX,2026-08-28,Bullish,57.63,POSITIVE,100,43.0,0.28,46.0,0.48,51.0,1.69,54.0,1.95
APOLLOTYRE,2026-08-28,Bullish,57.5,POSITIVE,100,58.0,0.51,56.0,0.64,50.0,0.71,63.0,1.77
MOCAPITAL,2026-08-28,Bullish,51.01,MIXED,52,42.31,0.01,51.92,0.39,44.23,0.2,40.38,0.15
APS,2026-08-28,Bullish,63.83,POSITIVE,100,47.0,0.76,51.0,1.7,42.0,2.37,47.0,4.39
KAPSTON,2026-08-28,Bullish,50.91,MIXED,100,48.0,0.11,51.0,-0.48,54.0,0.27,60.0,-0.59
DPEL,2026-08-28,Bullish,50.82,MIXED,64,39.06,0.25,35.94,1.16,37.5,1.37,43.75,3.68
SILVER,2026-08-28,Bullish,63.63,POSITIVE,100,58.0,0.63,54.0,0.8,55.0,1.82,68.0,3.36
MID150CASE,2026-08-28,Bullish,50.76,MIXED,100,51.0,-0.05,55.0,-0.02,49.0,-0.14,53.0,-0.13
SGIL,2026-08-28,Bullish,50.66,MIXED,100,51.0,0.37,47.0,0.2,47.0,0.49,54.0,1.25
SHREDIGCEM,2026-08-28,Bullish,44.23,MIXED,100,45.0,-0.29,37.0,-0.4,48.0,0.27,52.0,0.8
ESILVER,2026-08-28,Bullish,57.0,POSITIVE,100,50.0,0.33,53.0,-0.07,59.0,0.77,62.0,1.74
BANKINDIA,2026-08-28,Bullish,69.75,POSITIVE,100,58.0,0.77,55.0,0.91,66.0,2.19,62.0,2.79
KTKBANK,2026-08-28,Bullish,50.39,MIXED,100,35.0,-0.65,51.0,-0.35,46.0,0.71,60.0,1.66
RAMRAT,2026-08-28,Bullish,50.28,MIXED,10,80.0,0.54,50.0,1.26,50.0,-1.19,50.0,0.74
ZIMLAB,2026-08-28,Bullish,69.52,POSITIVE,94,51.06,0.99,56.38,1.45,57.45,2.22,56.38,2.16
BSE,2026-08-28,Bullish,69.52,POSITIVE,100,47.0,0.61,51.0,1.45,53.0,3.08,58.0,4.93
METALIETF,2026-08-28,Bullish,56.62,MIXED,100,49.0,0.03,51.0,0.27,59.0,0.51,70.0,1.29
LODHA,2026-08-28,Bullish,56.53,MIXED,100,56.0,0.46,62.0,0.37,49.0,0.3,52.0,1.06
PLATIND,2026-08-28,Bullish,50.11,MIXED,100,49.0,0.14,42.0,-0.28,47.0,1.27,44.0,2.47
HDFCGOLD,2026-08-28,Bullish,69.31,POSITIVE,100,63.0,0.77,61.0,0.87,64.0,1.77,67.0,2.57
HEALTHIETF,2026-08-28,Bullish,49.8,MIXED,12,58.33,-0.17,41.67,-0.47,58.33,0.42,50.0,0.16
TTKHLTCARE,2026-08-28,Bullish,49.78,MIXED,76,39.47,-0.26,43.42,-0.01,52.63,0.3,53.95,0.46
ASKAUTOLTD,2026-08-28,Bullish,69.02,POSITIVE,100,56.0,-0.05,57.0,0.79,65.0,2.04,57.0,2.37
EGOLD,2026-08-28,Bullish,56.16,MIXED,14,57.14,1.66,50.0,0.71,50.0,0.83,42.86,1.16
SILVERCASE,2026-08-28,Bullish,49.71,MIXED,62,50.0,0.63,53.23,0.81,41.94,-0.46,38.71,-2.79
INDGN,2026-08-28,Bullish,43.24,MIXED,12,66.67,0.37,50.0,-0.73,58.33,-1.69,50.0,-1.9
GROWWNET,2026-08-28,Neutral-Range,75.29,STRONG,19,73.68,0.83,57.89,1.16,78.95,1.94,73.68,2.95
RKFORGE,2026-08-28,Bullish,55.87,MIXED,93,55.91,0.87,56.99,0.81,47.31,0.28,47.31,0.49
ISGEC,2026-08-28,Bullish,62.18,POSITIVE,100,55.0,0.94,60.0,1.31,50.0,0.86,62.0,2.84
TIRUPATIFL,2026-08-28,Bullish,68.6,POSITIVE,100,40.0,0.27,43.0,1.37,53.0,4.52,54.0,5.47
INNOVACAP,2026-08-28,Bullish,62.15,POSITIVE,100,48.0,0.01,51.0,0.46,54.0,2.14,60.0,3.31
SMALLCAP,2026-08-28,Bullish,62.11,POSITIVE,100,59.0,0.27,60.0,0.27,65.0,0.57,68.0,1.31
MOREPENLAB,2026-08-28,Bullish,55.49,MIXED,80,41.25,0.45,47.5,0.34,45.0,1.69,56.25,4.36
PARAS,2026-08-28,Bullish,67.86,POSITIVE,100,52.0,0.26,49.0,0.89,57.0,3.05,49.0,1.91
SATKARTAR,2026-08-28,Bullish,67.63,POSITIVE,100,51.0,0.16,54.0,1.07,55.0,2.55,66.0,4.77
NAVA,2026-08-28,Neutral-Range,80.45,STRONG,77,62.34,1.21,59.74,1.93,70.13,4.45,68.83,6.34
INOXINDIA,2026-08-28,Bullish,54.59,MIXED,84,41.67,0.07,44.05,0.59,44.05,1.6,53.57,3.03
ESAFSFB,2026-08-28,Bullish,54.49,MIXED,61,44.26,-0.43,45.9,0.22,50.82,1.19,67.21,3.34
NAZARA,2026-08-28,Bullish,60.89,POSITIVE,100,44.0,0.17,43.0,0.49,56.0,2.32,67.0,4.14
SAKHTISUG,2026-08-28,Bullish,54.39,MIXED,100,45.0,0.15,41.0,0.7,48.0,1.36,48.0,1.21
COFORGE,2026-08-28,Bullish,47.79,MIXED,100,46.0,-0.31,48.0,-0.41,53.0,-0.23,52.0,0.58
ENIL,2026-08-28,Bullish,60.64,POSITIVE,19,52.63,0.4,52.63,1.07,57.89,0.67,47.37,1.25
MIDSMALL,2026-08-28,Bullish,47.73,MIXED,68,54.41,0.11,55.88,0.09,42.65,-0.53,50.0,0.45
IPCALAB,2026-08-28,Bullish,60.37,POSITIVE,13,46.15,-0.85,61.54,-0.3,69.23,0.2,61.54,-1.27
ARMANFIN,2026-08-28,Bullish,47.51,MIXED,100,44.0,-0.23,41.0,-0.06,48.0,0.4,50.0,-0.21
FILATEX,2026-08-28,Neutral-Range,73.19,STRONG,100,49.0,0.7,53.0,1.52,64.0,2.79,63.0,3.25
VIVIANA,2026-08-28,Neutral-Range,79.45,STRONG,100,59.0,2.38,59.0,4.69,68.0,10.15,74.0,17.41
IKIO,2026-08-28,Bullish,47.32,MIXED,25,44.0,-0.23,40.0,0.12,32.0,1.66,40.0,1.9
MODISONLTD,2026-08-28,Bullish,66.42,POSITIVE,100,45.0,0.56,45.0,1.93,49.0,2.7,49.0,2.3
RAYMOND,2026-08-28,Bullish,59.8,POSITIVE,100,47.0,0.42,51.0,0.7,57.0,1.05,58.0,-1.62
BOSCHLTD,2026-08-28,Bullish,65.88,POSITIVE,11,18.18,-1.02,27.27,-0.26,90.91,2.64,27.27,-1.25
MEDANTA,2026-08-28,Bullish,59.34,POSITIVE,100,48.0,-0.13,51.0,0.25,63.0,0.86,57.0,0.45
CAMS,2026-08-28,Neutral-Range,85.05,STRONG,100,65.0,0.95,73.0,2.27,70.0,3.52,74.0,3.89
OPTIEMUS,2026-08-28,Bullish,65.78,POSITIVE,100,46.0,0.47,50.0,1.25,48.0,2.87,46.0,3.2
SENORES,2026-08-28,Neutral-Range,78.56,STRONG,100,63.0,1.28,68.0,1.81,60.0,2.88,64.0,3.94
INFOBEAN,2026-08-28,Bullish,46.43,MIXED,100,40.0,-0.32,39.0,-0.04,42.0,0.81,52.0,3.22
STOVEKRAFT,2026-08-28,Bullish,65.61,POSITIVE,100,51.0,0.84,49.0,1.28,54.0,2.36,48.0,2.58
DIXON,2026-08-28,Bullish,65.52,POSITIVE,100,57.0,0.11,60.0,0.58,60.0,1.55,63.0,2.63
BHAGYANGR,2026-08-28,Bullish,52.65,MIXED,100,36.0,-0.2,43.0,0.16,44.0,1.64,43.0,1.62
NAVINFLUOR,2026-08-28,Bullish,59.05,POSITIVE,100,51.0,-0.06,54.0,0.18,57.0,1.12,60.0,1.5
HITECH,2026-08-28,Bullish,65.44,POSITIVE,100,50.0,0.62,48.0,1.06,52.0,2.8,52.0,2.6
NYKAA,2026-08-28,Neutral-Range,71.84,STRONG,19,42.11,1.13,36.84,1.37,68.42,4.06,84.21,4.74
HCLTECH,2026-08-28,Bullish,58.95,POSITIVE,100,56.0,0.1,64.0,0.22,57.0,0.18,63.0,0.73
MMP,2026-08-28,Bullish,65.33,POSITIVE,81,45.68,0.43,46.91,0.54,58.02,2.86,54.32,3.83
LTTS,2026-08-28,Bullish,58.83,POSITIVE,100,54.0,0.41,57.0,0.45,56.0,0.62,53.0,-0.02
APCOTEXIND,2026-08-28,Bullish,45.89,MIXED,100,51.0,0.31,47.0,0.54,40.0,-0.43,41.0,-0.03
JSWINFRA,2026-08-28,Bullish,45.87,MIXED,100,46.0,0.08,47.0,-0.02,46.0,-0.4,46.0,-1.09
QGOLDHALF,2026-08-28,Bullish,64.97,POSITIVE,11,54.55,0.61,54.55,0.32,63.64,1.83,54.55,1.23
INDOTECH,2026-08-28,Neutral-Range,71.4,STRONG,100,48.0,0.58,56.0,1.55,60.0,2.4,64.0,3.98
CCL,2026-08-28,Bullish,58.42,POSITIVE,100,53.0,0.53,55.0,0.62,51.0,0.96,57.0,2.67
MID150BEES,2026-08-28,Bullish,51.98,MIXED,100,48.0,0.03,50.0,-0.11,56.0,0.08,55.0,0.01
NEULANDLAB,2026-08-28,Neutral-Range,77.7,STRONG,100,66.0,1.55,59.0,2.43,63.0,3.77,65.0,5.04
MUFIN,2026-08-28,Bullish,51.68,MIXED,100,49.0,0.61,46.0,0.89,46.0,0.23,52.0,0.11
ARVINDFASN,2026-08-28,Bullish,64.55,POSITIVE,100,52.0,0.34,53.0,1.03,56.0,1.82,42.0,1.32
AARTIIND,2026-08-28,Bullish,51.58,MIXED,100,53.0,0.27,52.0,0.25,54.0,-0.38,53.0,0.38
CONCOR,2026-08-28,Bullish,51.54,MIXED,100,48.0,0.08,46.0,0.13,52.0,0.43,46.0,-0.18
MANGLMCEM,2026-08-28,Bullish,51.48,MIXED,100,54.0,0.34,53.0,0.58,43.0,0.14,47.0,-0.4
CAPLIPOINT,2026-08-28,Neutral-Range,83.55,STRONG,20,70.0,1.22,70.0,1.29,75.0,3.16,75.0,4.47
ORBTEXP,2026-08-28,Neutral-Range,70.69,STRONG,23,65.22,1.83,56.52,0.91,65.22,2.36,52.17,-0.26
TRIVENI,2026-08-28,Neutral-Range,77.06,STRONG,100,49.0,0.42,56.0,1.26,70.0,3.23,67.0,3.39
WABAG,2026-08-28,Bullish,64.18,POSITIVE,100,47.0,0.32,48.0,0.68,54.0,2.69,54.0,2.97
RISHABH,2026-08-28,Bullish,57.74,POSITIVE,17,52.94,1.06,52.94,2.15,41.18,0.3,52.94,1.45
CUB,2026-08-28,Bullish,64.15,POSITIVE,9,55.56,-0.46,66.67,-0.61,66.67,1.23,66.67,2.89
LICMFGOLD,2026-08-28,Neutral-Range,70.38,STRONG,100,59.0,0.49,65.0,0.67,69.0,1.45,69.0,2.28
DALMIASUG,2026-08-28,Bullish,57.48,POSITIVE,89,48.31,0.02,46.07,0.32,55.06,1.45,53.93,2.59
JAGSNPHARM,2026-08-28,Bullish,57.46,POSITIVE,100,51.0,-0.14,53.0,-0.68,57.0,1.67,61.0,1.54
ETERNAL,2026-08-28,Neutral-Range,83.12,STRONG,25,52.0,0.19,68.0,1.46,84.0,2.27,76.0,3.04
MAZDOCK,2026-08-28,Neutral-Range,70.0,STRONG,8,62.5,1.95,50.0,2.77,50.0,2.57,37.5,-0.37
ADANIENT,2026-08-28,Bullish,44.19,MIXED,100,39.0,-0.44,40.0,-0.17,45.0,0.03,50.0,-0.01
SSEGL,2026-08-28,Bullish,50.62,MIXED,100,44.0,0.15,45.0,0.35,49.0,0.33,44.0,-0.29
AEROFLEX,2026-08-28,Bullish,37.44,NEGATIVE,8,37.5,-2.25,50.0,-1.92,50.0,-1.22,50.0,-5.79
NAUKRI,2026-08-28,Bullish,50.25,MIXED,100,48.0,0.16,55.0,-0.51,56.0,-0.39,54.0,0.1
PRSMJOHNSN,2026-08-28,Bullish,56.65,MIXED,100,57.0,0.31,57.0,0.66,50.0,0.39,48.0,0.68
AXISCADES,2026-08-28,Neutral-Range,69.51,POSITIVE,100,52.0,0.54,59.0,1.3,58.0,2.09,44.0,1.68
QMSMEDI,2026-08-28,Neutral-Range,69.42,POSITIVE,43,53.49,0.72,48.84,0.35,67.44,3.08,67.44,6.35
HDFCPVTBAN,2026-08-28,Bullish,56.52,MIXED,100,56.0,0.24,56.0,0.3,56.0,0.28,63.0,-0.31
NESCO,2026-08-28,Bullish,50.08,MIXED,100,44.0,0.01,42.0,0.19,50.0,0.53,48.0,0.58
SILVERAG,2026-08-28,Bullish,50.0,INSUFFICIENT,7,57.14,0.61,57.14,1.72,57.14,4.72,100.0,12.26
DOLPHIN,2026-08-28,Neutral-Range,88.55,STRONG,100,85.0,1.72,81.0,2.45,72.0,6.07,66.0,7.11
MAHICKRA,2026-08-28,Bullish,43.41,MIXED,9,22.22,-3.55,33.33,-1.26,33.33,2.53,55.56,4.0
TATVA,2026-08-28,Neutral-Range,88.36,STRONG,10,70.0,1.92,80.0,1.96,80.0,2.38,70.0,0.98
APOLLOPIPE,2026-08-28,Neutral-Range,69.05,POSITIVE,83,37.35,0.47,48.19,1.26,56.63,3.08,65.06,5.44
RANASUG,2026-08-28,Bullish,56.21,MIXED,37,54.05,0.79,56.76,0.65,48.65,0.43,37.84,-0.04
ORICONENT,2026-08-28,Neutral-Range,75.48,STRONG,100,55.0,1.18,62.0,1.94,58.0,2.68,56.0,2.64
SPARC,2026-08-28,Bullish,43.33,MIXED,100,47.0,0.75,39.0,0.16,44.0,-0.34,37.0,-2.03
CANHLIFE,2026-08-28,Neutral-Range,68.89,POSITIVE,30,46.67,0.03,53.33,0.49,73.33,1.9,70.0,3.15
SKIPPER,2026-08-28,Neutral-Range,75.25,STRONG,100,54.0,1.03,57.0,1.84,58.0,3.34,59.0,3.49
SILGO,2026-08-28,Bullish,49.47,MIXED,100,50.0,0.71,45.0,0.39,48.0,0.09,51.0,1.65
CONFIPET,2026-08-28,Bullish,49.35,MIXED,100,37.0,-0.13,43.0,-0.37,50.0,0.82,52.0,3.56
FCL,2026-08-28,Bullish,49.27,MIXED,100,40.0,-0.05,44.0,0.42,41.0,0.71,43.0,1.0
PVP,2026-08-28,Bullish,36.27,NEGATIVE,100,46.0,1.28,40.0,0.52,33.0,-1.59,39.0,-1.73
SANGAMIND,2026-08-28,Bullish,42.56,NEGATIVE,100,36.0,-0.9,39.0,-0.87,49.0,0.06,52.0,-0.77
MSPL,2026-08-28,Bullish,29.67,NEGATIVE,100,38.0,-0.12,38.0,-0.84,39.0,-2.23,40.0,-1.53
GPPL,2026-08-28,Bullish,61.78,POSITIVE,100,51.0,0.47,50.0,0.57,56.0,1.85,57.0,2.63
KAYNES,2026-08-28,Bullish,61.74,POSITIVE,20,40.0,-0.01,50.0,0.19,60.0,1.87,50.0,1.04
SILVER1,2026-08-28,Bullish,55.22,MIXED,100,65.0,0.42,55.0,0.38,51.0,0.4,55.0,0.31
HDFCSML250,2026-08-28,Bullish,48.73,MIXED,100,47.0,-0.22,52.0,-0.31,51.0,-0.27,52.0,-0.3
INTLCONV,2026-08-28,Bullish,35.81,NEGATIVE,100,44.0,-0.24,43.0,-0.07,32.0,-1.29,30.0,-1.05
MANINDS,2026-08-28,Bullish,42.19,NEGATIVE,100,50.0,0.17,41.0,-0.82,48.0,-0.17,50.0,0.79
RADICO,2026-08-28,Neutral-Range,87.17,STRONG,17,88.24,1.99,88.24,1.91,76.47,1.72,82.35,3.03
MANCREDIT,2026-08-28,Bullish,35.74,NEGATIVE,86,40.7,-0.06,37.21,-0.22,32.56,-0.7,43.02,-0.84
JMFINANCIL,2026-08-28,Bullish,61.42,POSITIVE,100,54.0,0.61,55.0,0.37,59.0,1.26,59.0,1.71
JTLIND,2026-08-28,Bullish,42.11,NEGATIVE,46,50.0,0.74,41.3,-0.12,43.48,-0.52,32.61,-2.27
MONIFTY500,2026-08-28,Bullish,54.92,MIXED,17,58.82,0.04,58.82,0.27,52.94,-0.07,47.06,-0.25
DCXINDIA,2026-08-28,Bullish,61.35,POSITIVE,100,48.0,0.29,44.0,0.77,53.0,2.33,52.0,2.97
CEIGALL,2026-08-28,Bullish,54.86,MIXED,76,55.26,0.57,52.63,0.8,46.05,0.53,35.53,-0.36
SHERA,2026-08-28,Bullish,35.51,NEGATIVE,53,37.74,-0.52,33.96,-0.97,39.62,-0.34,45.28,2.74
ANTHEM,2026-08-28,Neutral-Range,67.63,POSITIVE,57,66.67,1.24,63.16,1.3,56.14,1.42,54.39,1.55
VADILALIND,2026-08-28,Bullish,54.74,MIXED,100,49.0,0.1,51.0,0.52,51.0,0.49,52.0,1.43
THELEELA,2026-08-28,Bullish,48.16,MIXED,33,42.42,-0.21,33.33,-0.49,60.61,0.56,39.39,-0.33
SML100CASE,2026-08-28,Neutral-Range,67.42,POSITIVE,29,51.72,0.14,51.72,0.38,79.31,1.26,82.76,2.4
STYL,2026-08-28,Neutral-Range,67.27,POSITIVE,33,54.55,1.89,54.55,1.04,66.67,1.42,78.79,5.03
JINDALSAW,2026-08-28,Bullish,47.97,MIXED,100,44.0,-0.17,45.0,0.2,50.0,-0.27,69.0,0.16
DHARMAJ,2026-08-28,Neutral-Range,73.58,STRONG,100,50.0,0.57,52.0,1.53,62.0,3.14,57.0,3.13
AGI,2026-08-28,Bullish,34.91,NEGATIVE,82,40.24,0.41,35.37,-0.11,36.59,-1.21,41.46,-1.77
CSLFINANCE,2026-08-28,Bullish,34.9,NEGATIVE,100,33.0,-0.68,38.0,-0.73,36.0,-0.77,43.0,-0.1
SALSTEEL,2026-08-28,Bullish,54.16,MIXED,100,50.0,0.55,50.0,0.75,46.0,0.64,42.0,-0.31
COMSYN,2026-08-28,Neutral-Range,73.32,STRONG,95,54.74,1.34,54.74,1.77,54.74,3.4,58.95,6.14
TECH,2026-08-28,Bullish,53.98,MIXED,21,42.86,-0.01,42.86,-0.25,66.67,0.41,57.14,0.35
PRIMESECU,2026-08-28,Bullish,60.38,POSITIVE,10,50.0,-0.55,60.0,-0.3,50.0,2.02,60.0,1.65
GANESHCP,2026-08-28,Bullish,40.89,NEGATIVE,64,35.94,-0.87,37.5,-0.49,42.19,-0.01,37.5,-0.41
CYIENT,2026-08-28,Bullish,47.28,MIXED,100,52.0,0.45,45.0,0.25,43.0,0.12,42.0,0.67
AONEGOLD,2026-08-28,Bullish,60.09,POSITIVE,20,45.0,1.42,45.0,1.19,50.0,1.77,50.0,2.18
INDIAGLYCO,2026-08-28,Bullish,59.96,POSITIVE,100,48.0,0.27,46.0,0.55,58.0,1.59,55.0,3.74
GENCON,2026-08-28,Neutral-Range,72.8,STRONG,100,46.0,0.32,46.0,1.68,62.0,5.75,62.0,5.3
PANACHE,2026-08-28,Neutral-Range,72.76,STRONG,100,50.0,1.27,53.0,1.82,59.0,2.82,55.0,4.79
ESCONET,2026-08-28,Bullish,53.45,MIXED,100,48.0,0.45,47.0,0.45,44.0,1.2,36.0,2.25
UNIMECH,2026-08-28,Neutral-Range,66.02,POSITIVE,44,52.27,0.35,54.55,0.64,56.82,2.37,65.91,4.33
HATSUN,2026-08-28,Bullish,40.16,NEGATIVE,26,53.85,-0.6,42.31,-0.93,46.15,-0.52,26.92,-1.04
VISHNU,2026-08-28,Bullish,40.15,NEGATIVE,100,49.0,-0.25,55.0,-0.3,38.0,-1.55,33.0,-2.33
YATHARTH,2026-08-28,Bullish,52.98,MIXED,100,52.0,0.71,50.0,0.41,48.0,0.51,55.0,1.0
SUNCLAY,2026-08-28,Bullish,46.43,MIXED,100,52.0,-0.11,47.0,0.4,38.0,0.02,37.0,-0.07
FOSECOIND,2026-08-28,Bullish,46.25,MIXED,74,44.59,-0.1,44.59,-0.03,44.59,0.04,44.59,0.75
AGARWALEYE,2026-08-28,Bullish,52.67,MIXED,73,49.32,0.22,54.79,0.12,50.68,0.07,45.21,-0.44
SUPREMEPWR,2026-08-28,Neutral-Range,65.51,POSITIVE,59,50.85,0.2,38.98,-0.17,54.24,4.64,62.71,8.84
FIVESTAR,2026-08-28,Bullish,39.76,NEGATIVE,100,53.0,-0.13,51.0,-0.4,45.0,-1.81,38.0,-3.47
ROSSELLIND,2026-08-28,Bullish,46.21,MIXED,8,62.5,0.37,50.0,0.15,25.0,1.09,50.0,1.03
NEWGEN,2026-08-28,Bullish,39.74,NEGATIVE,100,46.0,-0.44,44.0,-1.33,54.0,-1.06,58.0,-1.32
KPRMILL,2026-08-28,Bullish,52.54,MIXED,100,50.0,0.23,48.0,0.32,46.0,0.84,41.0,-0.83
MEIL,2026-08-28,Bullish,52.5,MIXED,76,40.79,-0.06,42.11,0.69,40.79,1.43,43.42,1.1
RAJRATAN,2026-08-28,Neutral-Range,97.44,STRONG,16,93.75,2.32,87.5,2.07,93.75,2.68,81.25,3.89
AMANTA,2026-08-28,Neutral-Range,71.64,STRONG,37,48.65,0.4,45.95,1.66,62.16,3.04,62.16,5.6
PITTIENG,2026-08-28,Bullish,58.61,POSITIVE,100,48.0,0.19,46.0,0.35,57.0,1.54,57.0,2.84
SDBL,2026-08-28,Bullish,58.6,POSITIVE,11,36.36,-0.69,36.36,-1.38,63.64,3.53,54.55,0.12
MOMENTUM50,2026-08-28,Bullish,45.51,MIXED,60,50.0,0.01,46.67,-0.09,46.67,-0.45,53.33,0.05
LICHSGFIN,2026-08-28,Bullish,45.47,MIXED,100,46.0,-0.02,47.0,-0.22,46.0,-0.3,41.0,-0.33
BAJAJHLDNG,2026-08-28,Neutral-Range,77.58,STRONG,10,60.0,2.97,60.0,3.18,70.0,1.09,20.0,-1.07
ANANDRATHI,2026-08-28,Bullish,26.11,NEGATIVE,9,33.33,-4.99,55.56,-10.2,33.33,-21.82,33.33,-20.78
KNAGRI,2026-08-28,Bullish,38.96,NEGATIVE,100,41.0,-0.03,42.0,-0.26,34.0,-0.4,30.0,0.14
SAMBHV,2026-08-28,Bullish,51.79,MIXED,47,46.81,-0.42,51.06,0.25,55.32,-0.36,38.3,-1.88
V2RETAIL,2026-08-28,Neutral-Range,77.2,STRONG,8,62.5,1.29,75.0,1.45,62.5,2.07,50.0,3.88
JAYNECOIND,2026-08-28,Bullish,57.85,POSITIVE,100,48.0,0.66,46.0,0.79,49.0,1.61,45.0,2.71
VOLTAMP,2026-08-28,Bullish,51.38,MIXED,100,46.0,-0.16,42.0,-0.25,52.0,1.12,72.0,4.73
ICIL,2026-08-28,Bullish,38.45,NEGATIVE,100,40.0,0.02,31.0,-0.73,40.0,0.38,40.0,-0.43
ZUARIIND,2026-08-28,Neutral-Range,63.89,POSITIVE,100,51.0,1.21,54.0,1.67,49.0,1.54,51.0,1.85
FINEORG,2026-08-28,Bullish,38.12,NEGATIVE,100,44.0,-0.25,38.0,-0.5,38.0,-0.37,39.0,-1.13
MIDCAPETF,2026-08-28,Bullish,50.8,MIXED,100,54.0,0.22,52.0,-0.06,52.0,-0.09,59.0,0.06
SKYGOLD,2026-08-28,Neutral-Range,82.95,STRONG,100,58.0,2.52,65.0,4.26,72.0,8.44,74.0,11.81
TEAMLEASE,2026-08-28,Bullish,50.7,MIXED,100,49.0,-0.05,48.0,-0.11,54.0,0.11,48.0,-0.13
ANURAS,2026-08-28,Bullish,37.83,NEGATIVE,100,47.0,-0.28,41.0,-0.35,36.0,-0.68,40.0,-0.09
PHOENIXLTD,2026-08-28,Neutral-Range,63.38,POSITIVE,100,46.0,-0.37,61.0,0.39,61.0,1.03,61.0,2.13
ATL,2026-08-28,Bullish,31.24,NEGATIVE,100,43.0,0.03,38.0,-0.8,34.0,-1.44,34.0,-0.9
CONTROLPR,2026-08-28,Bullish,50.42,MIXED,100,49.0,0.25,48.0,0.32,46.0,0.31,46.0,0.23
ELDEHSG,2026-08-28,Bullish,56.69,MIXED,100,48.0,0.72,47.0,0.94,48.0,1.17,48.0,1.67
SAGILITY,2026-08-28,Bullish,37.38,NEGATIVE,72,41.67,-0.3,38.89,-0.25,38.89,-0.96,41.67,-1.12
IDBI,2026-08-28,Bullish,43.76,MIXED,100,45.0,0.28,45.0,0.05,35.0,0.14,46.0,1.8
PILANIINVS,2026-08-28,Neutral-Range,82.25,STRONG,20,60.0,1.8,80.0,4.08,55.0,3.55,55.0,0.69
DOLLEX,2026-08-28,Bullish,37.24,NEGATIVE,100,41.0,-0.23,38.0,-0.4,38.0,-0.69,42.0,-1.13
GESHIP,2026-08-28,Neutral-Range,62.9,POSITIVE,100,53.0,0.8,55.0,0.78,55.0,1.57,53.0,1.37
NRBBEARING,2026-08-28,Neutral-Range,62.84,POSITIVE,100,48.0,0.57,51.0,1.42,49.0,1.79,51.0,1.21
PVTBANIETF,2026-08-28,Bullish,49.88,MIXED,100,60.0,0.39,63.0,0.53,57.0,-2.31,58.0,-2.4
KOPRAN,2026-08-28,Bullish,36.98,NEGATIVE,77,28.57,-0.55,35.06,-0.78,45.45,-0.77,45.45,0.55
PCJEWELLER,2026-08-28,Bullish,56.2,MIXED,100,39.0,1.06,38.0,1.55,38.0,2.1,33.0,1.01
VENKEYS,2026-08-28,Bullish,56.17,MIXED,100,54.0,0.2,59.0,0.39,48.0,0.54,47.0,0.24
HDFCMOMENT,2026-08-28,Bullish,49.66,MIXED,66,62.12,0.2,53.03,0.12,43.94,0.06,63.64,1.17
RBZJEWEL,2026-08-28,Bullish,56.03,MIXED,73,42.47,0.12,53.42,0.54,53.42,0.37,49.32,0.45
UCAL,2026-08-28,Bullish,49.49,MIXED,61,57.38,0.4,55.74,0.9,40.98,-0.74,40.98,-2.47
SBCL,2026-08-28,Bullish,55.89,MIXED,100,47.0,0.0,46.0,0.53,49.0,1.38,46.0,1.41
SMARTWORKS,2026-08-28,Bullish,55.78,MIXED,44,38.64,-0.83,45.45,-0.09,61.36,0.94,65.91,2.37
GICL,2026-08-28,Bullish,49.31,MIXED,100,42.0,0.05,39.0,0.47,46.0,0.67,41.0,2.24
ARVSMART,2026-08-28,Neutral-Range,68.58,POSITIVE,100,49.0,0.57,52.0,0.66,62.0,2.76,71.0,3.63
HOMEFIRST,2026-08-28,Bullish,49.27,MIXED,100,57.0,0.12,53.0,0.41,48.0,-0.68,43.0,-0.38
ASIANENE,2026-08-28,Bullish,49.24,MIXED,100,49.0,0.08,44.0,-0.75,52.0,0.91,48.0,0.55
AIMTRON,2026-08-28,Neutral-Range,81.2,STRONG,100,53.0,0.94,64.0,1.89,68.0,4.77,74.0,6.78
MANORG,2026-08-28,Bullish,29.52,NEGATIVE,14,28.57,-2.18,21.43,-0.63,35.71,-0.74,42.86,0.93
IDEA,2026-08-28,Bullish,55.21,MIXED,100,54.0,0.59,55.0,0.57,44.0,0.82,50.0,0.98
AVADHSUGAR,2026-08-28,Bullish,55.19,MIXED,85,43.53,-0.22,48.24,-0.33,50.59,1.73,60.0,3.53
UDS,2026-08-28,Bullish,42.19,NEGATIVE,95,44.21,-0.62,49.47,-0.81,44.21,-0.59,56.84,1.52
SASKEN,2026-08-28,Neutral-Range,80.5,STRONG,10,60.0,1.81,60.0,3.91,70.0,3.52,60.0,2.68
HUBTOWN,2026-08-28,Neutral-Range,80.5,STRONG,10,70.0,0.66,70.0,3.04,60.0,7.57,60.0,5.71
NILKAMAL,2026-08-28,Bullish,41.83,NEGATIVE,33,45.45,-0.45,36.36,-0.1,33.33,0.71,39.39,2.16
JUBLCPL,2026-08-28,Neutral-Range,80.13,STRONG,38,52.63,1.7,63.16,2.84,65.79,2.85,60.53,5.75
MANORAMA,2026-08-28,Bullish,41.51,NEGATIVE,100,45.0,-0.22,45.0,-0.42,44.0,-0.74,38.0,-1.51
NAHARINDUS,2026-08-28,Bullish,54.27,MIXED,13,53.85,0.87,53.85,0.87,38.46,0.87,23.08,1.41
KARURVYSYA,2026-08-28,Bullish,54.19,MIXED,15,40.0,-0.6,33.33,-0.19,60.0,1.82,73.33,3.69
MOGOLD,2026-08-28,Bullish,47.73,MIXED,39,51.28,0.31,46.15,0.02,38.46,0.76,46.15,0.04
AJANTPHARM,2026-08-28,Neutral-Range,73.39,STRONG,8,62.5,0.36,50.0,0.84,75.0,2.82,75.0,3.75
CHALET,2026-08-28,Bullish,47.64,MIXED,100,46.0,-0.04,52.0,0.06,48.0,-0.65,36.0,-0.98
PIXTRANS,2026-08-28,Neutral-Range,66.92,POSITIVE,13,61.54,0.59,46.15,0.8,53.85,3.43,53.85,4.03
SJLOGISTIC,2026-08-28,Bullish,54.01,MIXED,100,46.0,0.42,48.0,0.21,47.0,1.23,53.0,2.55
IFGLEXPOR,2026-08-28,Neutral-Range,79.54,STRONG,22,63.64,1.39,68.18,3.09,59.09,8.24,54.55,8.34
MOM30IETF,2026-08-28,Bullish,34.47,NEGATIVE,100,45.0,-0.35,43.0,-0.57,34.0,-1.3,45.0,-1.37
IIFL,2026-08-28,Neutral-Range,66.56,POSITIVE,100,59.0,0.78,61.0,1.01,63.0,1.03,65.0,1.48
TI,2026-08-28,Neutral-Range,60.1,POSITIVE,100,46.0,0.58,47.0,1.29,51.0,1.41,41.0,0.91
MOM100,2026-08-28,Neutral-Range,60.0,POSITIVE,100,55.0,0.1,62.0,0.29,58.0,0.46,61.0,0.24
DEEPAKNTR,2026-08-28,Bullish,47.08,MIXED,100,48.0,0.14,46.0,-0.07,46.0,0.04,40.0,-0.3
PDSL,2026-08-28,Bullish,46.73,MIXED,66,43.94,0.02,40.91,0.22,48.48,-0.11,53.03,-0.11
VGUARD,2026-08-28,Neutral-Range,59.57,POSITIVE,100,54.0,0.06,55.0,0.17,60.0,0.91,57.0,1.17
GLOBAL,2026-08-28,Bullish,53.05,MIXED,100,44.0,0.37,45.0,0.83,46.0,0.72,42.0,-0.4
OBEROIRLTY,2026-08-28,Neutral-Range,59.37,POSITIVE,100,51.0,0.34,53.0,0.28,58.0,1.1,52.0,0.92
RAMCOSYS,2026-08-28,Neutral-Range,65.76,POSITIVE,100,53.0,0.3,56.0,0.89,56.0,2.0,63.0,1.65
MMFL,2026-08-28,Bullish,40.0,NEGATIVE,100,51.0,0.04,49.0,-0.38,43.0,-1.42,45.0,-2.73
PGIL,2026-08-28,Neutral-Range,78.4,STRONG,100,62.0,1.47,64.0,2.07,60.0,3.25,65.0,4.89
DODLA,2026-08-28,Neutral-Range,78.4,STRONG,100,52.0,1.21,59.0,1.85,65.0,3.31,65.0,3.74
ZEEL,2026-08-28,Neutral-Range,71.97,STRONG,8,37.5,0.35,62.5,2.11,50.0,2.29,25.0,-2.62
FLUOROCHEM,2026-08-28,Bullish,33.38,NEGATIVE,100,45.0,-0.58,43.0,-0.89,35.0,-1.34,41.0,-0.95
INDUSTOWER,2026-08-28,Neutral-Range,65.51,POSITIVE,72,51.39,0.66,59.72,0.66,56.94,1.76,65.28,3.12
GENUSPOWER,2026-08-28,Bullish,26.88,NEGATIVE,10,40.0,-1.22,60.0,-0.62,20.0,-3.41,30.0,-4.26
VILAS,2026-08-28,Bullish,46.14,MIXED,100,37.0,-0.52,40.0,0.03,38.0,0.93,38.0,0.4
CARERATING,2026-08-28,Neutral-Range,65.13,POSITIVE,100,48.0,0.6,54.0,0.6,61.0,1.87,48.0,2.35
BHEL,2026-08-28,Bullish,32.96,NEGATIVE,100,44.0,-0.34,38.0,-0.95,34.0,-0.86,49.0,-0.67
PONNIERODE,2026-08-28,Bullish,45.79,MIXED,100,41.0,-0.03,45.0,-0.1,40.0,0.36,51.0,1.14
TIRUMALCHM,2026-08-28,Neutral-Range,65.1,POSITIVE,100,47.0,0.5,54.0,0.85,64.0,1.35,57.0,1.7
APOLLOHOSP,2026-08-28,Neutral-Range,58.63,POSITIVE,100,56.0,-0.09,59.0,0.18,58.0,0.49,57.0,0.36
ESABINDIA,2026-08-28,Bullish,45.71,MIXED,100,44.0,-0.54,47.0,-0.32,46.0,-0.14,39.0,-1.1
KSL,2026-08-28,Bullish,45.56,MIXED,100,41.0,-0.09,44.0,0.43,36.0,0.21,31.0,-1.04
TATACHEM,2026-08-28,Bullish,51.97,MIXED,100,58.0,0.39,52.0,0.07,47.0,0.51,50.0,0.47
WHIRLPOOL,2026-08-28,Bullish,51.92,MIXED,100,46.0,0.18,47.0,0.32,49.0,0.51,50.0,0.93
MIDCAPIETF,2026-08-28,Bullish,51.89,MIXED,100,56.0,0.02,53.0,-0.12,54.0,-0.02,57.0,-2.05
MINDACORP,2026-08-28,Neutral-Range,77.57,STRONG,100,69.0,1.36,64.0,1.63,67.0,2.55,67.0,3.12
BIL,2026-08-28,Neutral-Range,77.18,STRONG,97,53.61,1.04,60.82,1.57,61.86,3.24,60.82,3.47
VINCOFE,2026-08-28,Bullish,32.18,NEGATIVE,42,38.1,-0.63,40.48,-1.03,40.48,-1.76,28.57,-2.16
EXICOM,2026-08-28,Bullish,25.72,NEGATIVE,50,40.0,-1.16,38.0,-1.94,38.0,-2.03,40.0,-1.49
RITCO,2026-08-28,Neutral-Range,64.14,POSITIVE,100,46.0,-0.08,49.0,0.87,53.0,2.49,62.0,3.06
DYNAMATECH,2026-08-28,Bullish,44.85,MIXED,15,46.67,0.43,53.33,0.8,33.33,-0.92,40.0,-1.16
HDFCNIFIT,2026-08-28,Bullish,44.83,MIXED,100,62.0,-0.36,53.0,-0.55,52.0,-1.18,52.0,-1.17
3MINDIA,2026-08-28,Neutral-Range,83.38,STRONG,8,62.5,0.74,75.0,1.64,75.0,2.33,50.0,0.02
HIRECT,2026-08-28,Neutral-Range,76.77,STRONG,31,64.52,2.23,61.29,2.26,58.06,5.35,67.74,4.34
BANARISUG,2026-08-28,Bullish,51.02,MIXED,90,41.11,-0.09,43.33,0.22,46.67,0.91,50.0,1.3
KSCL,2026-08-28,Bullish,44.56,MIXED,100,48.0,0.01,48.0,-0.15,48.0,-0.86,51.0,-0.0
PATELRMART,2026-08-28,Neutral-Range,57.41,POSITIVE,29,51.72,1.05,55.17,0.45,51.72,0.8,62.07,0.95
CAPACITE,2026-08-28,Neutral-Range,83.12,STRONG,8,75.0,2.53,62.5,2.28,75.0,4.82,50.0,4.22
SUNDRMFAST,2026-08-28,Neutral-Range,70.22,STRONG,72,54.17,0.65,58.33,1.32,55.56,2.52,62.5,3.58
GHCL,2026-08-28,Bullish,44.52,MIXED,100,50.0,0.31,43.0,-0.27,45.0,-0.05,46.0,-0.01
UNOMINDA,2026-08-28,Bullish,44.3,MIXED,8,37.5,-0.72,37.5,-0.26,50.0,-0.07,37.5,-1.13
TASTYBITE,2026-08-28,Neutral-Range,57.14,POSITIVE,63,52.38,0.36,49.21,0.34,57.14,0.89,60.32,2.31
ZAGGLE,2026-08-28,Neutral-Range,57.11,POSITIVE,100,56.0,0.49,52.0,0.98,45.0,1.06,45.0,1.4
MONTECARLO,2026-08-28,Bullish,44.12,MIXED,18,66.67,0.47,61.11,-0.26,38.89,-1.21,33.33,-0.48
NIITLTD,2026-08-28,Bullish,24.75,NEGATIVE,66,37.88,-0.88,28.79,-1.56,34.85,-1.57,40.91,-1.3
SUPREMEIND,2026-08-28,Bullish,24.72,NEGATIVE,9,22.22,-1.21,44.44,-0.32,11.11,-2.11,55.56,-0.45
PRINCEPIPE,2026-08-28,Neutral-Range,56.74,MIXED,51,52.94,0.62,45.1,0.8,60.78,0.37,47.06,-0.52
BOMDYEING,2026-08-28,Bullish,37.45,NEGATIVE,100,46.0,-0.51,42.0,-0.76,41.0,-0.89,51.0,0.66
CONCORDBIO,2026-08-28,Neutral-Range,63.13,POSITIVE,99,54.55,0.71,58.59,0.55,59.6,1.14,57.58,2.66
VRLLOG,2026-08-28,Bullish,31.01,NEGATIVE,100,42.0,-0.37,41.0,-0.92,34.0,-1.64,34.0,-1.66
CRAMC,2026-08-28,Neutral-Range,63.09,POSITIVE,8,62.5,1.4,75.0,1.36,62.5,-1.37,62.5,-1.24
WELSPUNLIV,2026-08-28,Bullish,43.8,MIXED,90,41.11,0.0,40.0,-0.48,47.78,0.0,51.11,1.49
CLSEL,2026-08-28,Neutral-Range,75.92,STRONG,16,50.0,1.49,56.25,2.39,62.5,2.45,62.5,5.93
UNIONBANK,2026-08-28,Neutral-Range,63.03,POSITIVE,100,54.0,0.11,54.0,0.25,59.0,1.87,68.0,3.15
SUNTECK,2026-08-28,Neutral-Range,75.82,STRONG,12,58.33,0.51,75.0,1.65,66.67,1.16,50.0,-0.48
KRSNAA,2026-08-28,Bullish,37.26,NEGATIVE,100,37.0,-0.59,36.0,-0.91,46.0,-0.7,36.0,-2.25
ALPHA,2026-08-28,Bullish,37.21,NEGATIVE,85,47.06,-0.05,38.82,-0.28,38.82,-0.96,56.47,0.46
GVT&D,2026-08-28,Neutral-Range,56.45,MIXED,100,50.0,0.12,53.0,0.68,50.0,0.67,46.0,0.03
LOTUSDEV,2026-08-28,Bullish,50.0,INSUFFICIENT,6,33.33,-1.78,33.33,-1.24,16.67,-3.84,33.33,-4.62
NITCO,2026-08-28,Neutral-Range,75.6,STRONG,100,56.0,2.03,53.0,3.34,63.0,5.16,68.0,7.83
CANFINHOME,2026-08-28,Bullish,49.89,MIXED,72,44.44,-0.09,44.44,0.01,48.61,0.57,50.0,0.6
DLF,2026-08-28,Bullish,36.95,NEGATIVE,100,39.0,-0.33,42.0,-0.84,39.0,-0.76,38.0,-0.14
SHANKARA,2026-08-28,Neutral-Range,56.03,MIXED,100,46.0,-0.14,50.0,0.11,55.0,0.96,55.0,0.77
CIPLA,2026-08-28,Neutral-Range,68.86,POSITIVE,9,44.44,0.37,66.67,0.95,55.56,1.82,55.56,0.66
SGFIN,2026-08-28,Neutral-Range,81.67,STRONG,51,60.78,1.08,66.67,2.16,66.67,3.48,70.59,3.62
DRREDDY,2026-08-28,Neutral-Range,94.5,STRONG,10,70.0,2.94,80.0,3.22,90.0,3.81,70.0,2.0
MAHABANK,2026-08-28,Bullish,49.4,MIXED,100,45.0,-0.16,44.0,-0.01,48.0,0.56,50.0,1.27
AXISBANK,2026-08-28,Bullish,30.01,NEGATIVE,11,63.64,0.19,36.36,-0.6,36.36,-2.01,45.45,-1.48
KINGFA,2026-08-28,Neutral-Range,68.52,POSITIVE,100,52.0,1.22,52.0,1.58,56.0,2.35,54.0,3.06
NPST,2026-08-28,Bullish,36.29,NEGATIVE,61,54.1,-0.43,50.82,-0.04,36.07,-2.24,40.98,-2.14
PFOCUS,2026-08-28,Neutral-Range,55.53,MIXED,8,75.0,2.91,62.5,0.97,50.0,-0.68,87.5,5.66
EVINDIA,2026-08-28,Bullish,49.0,MIXED,17,52.94,0.0,41.18,0.11,47.06,0.67,70.59,1.46
ARE&M,2026-08-28,Neutral-Range,74.63,STRONG,8,62.5,3.75,62.5,3.6,62.5,0.37,37.5,-1.77
TVSSRICHAK,2026-08-28,Bullish,48.78,MIXED,100,44.0,0.05,45.0,-0.17,53.0,0.04,48.0,0.3
MOTISONS,2026-08-28,Bullish,35.83,NEGATIVE,100,41.0,-0.15,44.0,0.05,41.0,-2.28,38.0,-3.02
SIMPLEXINF,2026-08-28,Bullish,22.93,NEGATIVE,9,22.22,-2.75,22.22,-4.09,44.44,0.24,33.33,3.37
OMAXE,2026-08-28,Bullish,35.76,NEGATIVE,53,41.51,-0.9,37.74,-1.52,43.4,-0.39,49.06,0.72
GKENERGY,2026-08-28,Bullish,35.65,NEGATIVE,75,45.33,-0.4,44.0,-0.27,34.67,-1.45,32.0,-2.99
NILASPACES,2026-08-28,Neutral-Range,67.74,POSITIVE,100,48.0,1.08,52.0,2.29,54.0,1.62,58.0,3.79
PRABHA,2026-08-28,Bullish,48.44,MIXED,100,45.0,-0.21,41.0,-0.19,47.0,0.85,45.0,0.96
SONAMLTD,2026-08-28,Bullish,22.58,NEGATIVE,66,56.06,1.24,43.94,-1.06,34.85,-6.02,42.42,-5.44
DDEVPLSTIK,2026-08-28,Neutral-Range,73.89,STRONG,18,50.0,2.2,50.0,3.92,61.11,4.02,83.33,6.66
ADFFOODS,2026-08-28,Neutral-Range,61.02,POSITIVE,100,40.0,0.13,45.0,0.82,53.0,2.11,44.0,2.45
KPIGREEN,2026-08-28,Neutral-Range,73.89,STRONG,9,44.44,2.72,55.56,5.9,55.56,1.68,55.56,0.27
SPAL,2026-08-28,Bullish,16.02,NEGATIVE,10,10.0,-2.83,20.0,-3.15,30.0,-0.97,20.0,-1.49
KIRLOSBROS,2026-08-28,Neutral-Range,60.83,POSITIVE,100,52.0,0.69,51.0,0.64,50.0,1.98,54.0,1.68
EQUAL50ADD,2026-08-28,Neutral-Range,73.67,STRONG,13,69.23,0.65,76.92,0.9,69.23,0.98,61.54,1.32
HEG,2026-08-28,Bullish,28.6,NEGATIVE,50,54.0,-2.64,48.0,-4.01,48.0,-6.94,40.0,-13.84
BLKASHYAP,2026-08-28,Bullish,28.57,NEGATIVE,15,60.0,1.84,40.0,0.23,26.67,-2.67,26.67,-1.6
TEXINFRA,2026-08-28,Bullish,41.37,NEGATIVE,100,43.0,-0.23,39.0,-0.54,40.0,0.22,39.0,0.68
GENESYS,2026-08-28,Neutral-Range,60.64,POSITIVE,100,43.0,0.23,45.0,0.4,47.0,2.96,45.0,3.97
JYOTICNC,2026-08-28,Bullish,47.75,MIXED,72,48.61,-0.04,48.61,-0.33,50.0,-0.11,54.17,-0.35
UFLEX,2026-08-28,Bullish,47.7,MIXED,9,33.33,0.64,33.33,0.41,44.44,0.96,88.89,3.12
ANDHRAPAP,2026-08-28,Bullish,41.22,NEGATIVE,100,45.0,-0.33,40.0,-0.59,50.0,-0.73,49.0,-2.29
SUNDARMFIN,2026-08-28,Neutral-Range,60.4,POSITIVE,100,53.0,0.57,59.0,0.74,57.0,0.46,56.0,1.86
KOTAKBANK,2026-08-28,Bullish,41.1,NEGATIVE,100,42.0,-0.71,39.0,-0.79,51.0,-0.56,63.0,0.13
JAYSREETEA,2026-08-28,Neutral-Range,60.25,POSITIVE,100,52.0,0.91,57.0,0.71,58.0,0.54,62.0,1.06
KROSS,2026-08-28,Neutral-Range,53.77,MIXED,80,46.25,0.22,48.75,0.5,47.5,0.77,50.0,-0.41
LUMAXTECH,2026-08-28,Bullish,47.32,MIXED,100,45.0,0.02,43.0,0.48,41.0,0.25,34.0,-1.43
POLYMED,2026-08-28,Neutral-Range,60.14,POSITIVE,100,51.0,0.62,47.0,1.15,55.0,1.21,55.0,2.92
WSTCSTPAPR,2026-08-28,Neutral-Range,60.11,POSITIVE,71,46.48,0.22,52.11,0.53,60.56,0.89,60.56,1.49
MASTEK,2026-08-28,Bullish,27.92,NEGATIVE,100,33.0,-0.94,24.0,-1.3,36.0,-0.72,52.0,-0.62
RADHIKAJWE,2026-08-28,Neutral-Range,66.5,POSITIVE,10,40.0,1.21,40.0,0.02,50.0,7.82,60.0,8.32
COALINDIA,2026-08-28,Neutral-Range,59.99,POSITIVE,57,56.14,0.5,61.4,0.63,57.89,0.18,43.86,0.08
INDOSTAR,2026-08-28,Bullish,34.22,NEGATIVE,100,43.0,-0.55,43.0,-1.1,43.0,-1.62,45.0,-1.25
ABB,2026-08-28,Neutral-Range,85.56,STRONG,9,100.0,3.22,66.67,2.65,77.78,2.82,77.78,4.97
BIKAJI,2026-08-28,Bullish,46.94,MIXED,100,48.0,0.21,42.0,0.32,44.0,0.14,45.0,0.66
INFLUX,2026-08-28,Bullish,34.04,NEGATIVE,21,33.33,-2.11,38.1,-1.2,33.33,-0.29,47.62,0.56
MAFANG,2026-08-28,Neutral-Range,59.64,POSITIVE,100,61.0,0.59,59.0,0.85,53.0,0.51,56.0,1.4
TIIL,2026-08-28,Bullish,46.76,MIXED,100,40.0,-0.48,45.0,-0.62,51.0,0.16,44.0,0.73
DHAMPURSUG,2026-08-28,Bullish,40.27,NEGATIVE,94,41.49,-0.43,36.17,-0.8,42.55,0.23,38.3,0.26
PANAMAPET,2026-08-28,Neutral-Range,91.66,STRONG,21,66.67,0.92,76.19,2.14,85.71,4.88,76.19,4.03
ASTRAL,2026-08-28,Bullish,46.66,MIXED,100,47.0,0.01,49.0,-0.05,45.0,-0.26,51.0,0.29
SHIVALIK,2026-08-28,Bullish,33.79,NEGATIVE,100,34.0,-0.54,35.0,-0.29,34.0,-1.05,29.0,-1.98
E2E,2026-08-28,Neutral-Range,53.03,MIXED,100,41.0,0.38,40.0,0.64,37.0,2.13,49.0,4.56
MPSLTD,2026-08-28,Neutral-Range,85.0,STRONG,21,85.71,2.68,71.43,2.58,71.43,3.8,85.71,8.17
DCW,2026-08-28,Bullish,33.53,NEGATIVE,100,52.0,-0.14,45.0,-0.32,34.0,-1.96,47.0,-1.7
TARIL,2026-08-28,Neutral-Range,59.12,POSITIVE,100,46.0,-0.24,52.0,-0.04,60.0,1.27,52.0,0.54
MUKANDLTD,2026-08-28,Neutral-Range,71.96,STRONG,19,47.37,0.81,57.89,1.74,57.89,2.37,36.84,0.86
CHEMBONDCH,2026-08-28,Neutral-Range,59.07,POSITIVE,51,56.86,2.59,54.9,2.25,41.18,0.36,47.06,3.38
PVTBANKADD,2026-08-28,Neutral-Range,52.52,MIXED,100,51.0,0.15,54.0,0.21,50.0,0.07,47.0,-0.48
PUNJABCHEM,2026-08-28,Neutral-Range,52.52,MIXED,100,39.0,-0.36,49.0,0.24,51.0,0.39,38.0,-0.4
TATACAP,2026-08-28,Bullish,39.52,NEGATIVE,19,26.32,-0.32,42.11,-0.34,42.11,-0.9,42.11,-1.33
KDDL,2026-08-28,Neutral-Range,58.77,POSITIVE,100,51.0,0.16,52.0,-0.0,55.0,1.58,54.0,2.26
EVIETF,2026-08-28,Neutral-Range,58.61,POSITIVE,88,54.55,0.24,55.68,0.34,57.95,0.62,55.68,0.94
SHAHALLOYS,2026-08-28,Bullish,20.0,NEGATIVE,70,45.71,-0.38,34.29,-1.99,37.14,-3.08,40.0,-2.3
DICIND,2026-08-28,Bullish,39.08,NEGATIVE,98,43.88,0.07,36.73,0.15,33.67,-0.29,43.88,0.97
GLAND,2026-08-28,Neutral-Range,51.85,MIXED,100,49.0,0.61,43.0,0.62,48.0,0.63,51.0,1.36
JPOLYINVST,2026-08-28,Neutral-Range,51.87,MIXED,100,43.0,0.54,42.0,0.7,43.0,1.08,45.0,0.88
GOKUL,2026-08-28,Neutral-Range,51.73,MIXED,100,41.0,-0.19,38.0,0.46,45.0,1.46,55.0,2.07
SETFGOLD,2026-08-28,Bullish,25.77,NEGATIVE,13,30.77,-0.28,23.08,-0.83,30.77,-1.19,7.69,-2.96
TATATECH,2026-08-28,Bullish,45.03,MIXED,36,55.56,-0.5,44.44,-0.62,44.44,0.35,58.33,1.22
NSIL,2026-08-28,Neutral-Range,57.78,POSITIVE,100,49.0,0.34,47.0,0.43,51.0,1.69,55.0,3.37
SICALLOG,2026-08-28,Neutral-Range,57.69,POSITIVE,100,45.0,0.07,43.0,0.78,52.0,1.58,48.0,0.1
SCPL,2026-08-28,Neutral-Range,70.49,STRONG,97,51.55,1.15,59.79,1.51,56.7,2.17,61.86,2.23
RGL,2026-08-28,Neutral-Range,51.13,MIXED,94,44.68,-0.46,44.68,0.13,42.55,1.27,46.81,0.93
KELLTONTEC,2026-08-28,Bullish,31.76,NEGATIVE,100,45.0,-0.41,38.0,-0.98,46.0,-2.18,46.0,-5.54
SANGINITA,2026-08-28,Neutral-Range,70.35,STRONG,100,36.0,0.68,47.0,2.0,54.0,3.49,48.0,1.74
RNFI,2026-08-28,Neutral-Range,57.44,POSITIVE,100,50.0,0.18,48.0,0.46,44.0,2.1,51.0,3.44
20MICRONS,2026-08-28,Bullish,38.08,NEGATIVE,87,39.08,-0.62,41.38,-0.73,37.93,-0.44,44.83,0.45
CAMPUS,2026-08-28,Bullish,44.46,MIXED,22,54.55,0.86,50.0,-0.27,40.91,-0.32,54.55,0.55
SBIN,2026-08-28,Neutral-Range,70.13,STRONG,100,58.0,0.17,64.0,0.77,67.0,1.55,62.0,2.05
SCODATUBES,2026-08-28,Neutral-Range,70.0,STRONG,44,50.0,1.21,47.73,1.68,52.27,4.42,54.55,4.44
SBFC,2026-08-28,Bullish,31.41,NEGATIVE,100,42.0,-0.39,37.0,-0.77,34.0,-1.34,37.0,-1.07
BAJAJINDEF,2026-08-28,Neutral-Range,57.0,POSITIVE,100,48.0,0.42,41.0,0.03,47.0,2.77,44.0,5.46
BLUESTARCO,2026-08-28,Neutral-Range,76.23,STRONG,93,52.69,0.81,55.91,1.75,64.52,3.02,68.82,3.72
MEDICAMEQ,2026-08-28,Bullish,18.33,NEGATIVE,9,33.33,-0.61,33.33,-2.44,33.33,-3.05,33.33,1.31
RATNAVEER,2026-08-28,Bullish,43.89,MIXED,95,43.16,0.01,46.32,-0.2,40.0,-0.13,44.21,0.28
ABINFRA,2026-08-28,Neutral-Range,75.95,STRONG,100,49.0,0.44,55.0,1.78,62.0,3.81,66.0,5.93
DREDGECORP,2026-08-28,Neutral-Range,69.41,POSITIVE,100,51.0,0.77,48.0,1.54,55.0,3.05,56.0,5.52
ONGC,2026-08-28,Neutral-Range,88.67,STRONG,15,60.0,0.61,73.33,1.28,80.0,4.21,86.67,4.14
MVKAGRO,2026-08-28,Neutral-Range,56.49,MIXED,79,49.37,0.44,43.04,0.93,43.04,1.91,35.44,-0.42
GROWWEV,2026-08-28,Neutral-Range,50.03,MIXED,100,46.0,-0.09,47.0,-0.01,50.0,0.28,46.0,0.28
BSE500IETF,2026-08-28,Bullish,43.6,MIXED,25,36.0,-0.38,40.0,-0.21,48.0,-0.34,48.0,-0.32
ALKYLAMINE,2026-08-28,Bullish,37.13,NEGATIVE,100,40.0,-0.21,45.0,-0.42,34.0,-0.96,39.0,-0.57
MOSMALL250,2026-08-28,Neutral-Range,56.29,MIXED,100,49.0,-0.12,54.0,-0.18,61.0,0.44,50.0,0.02
INDIGO,2026-08-28,Neutral-Range,75.55,STRONG,100,63.0,0.61,64.0,1.15,73.0,2.0,69.0,2.87
BANCOINDIA,2026-08-28,Neutral-Range,75.52,STRONG,25,52.0,0.61,60.0,1.24,68.0,2.69,60.0,1.36
KSB,2026-08-28,Neutral-Range,75.39,STRONG,11,54.55,1.34,72.73,1.9,54.55,2.06,18.18,0.64
AFCONS,2026-08-28,Bullish,36.76,NEGATIVE,100,48.0,-0.03,46.0,-0.39,38.0,-1.52,38.0,-1.85
LEMONTREE,2026-08-28,Neutral-Range,62.47,POSITIVE,58,53.45,0.77,62.07,1.22,55.17,0.39,56.9,1.38
TCPLPACK,2026-08-28,Neutral-Range,81.67,STRONG,9,77.78,0.24,44.44,4.69,88.89,18.43,77.78,14.9
KAYA,2026-08-28,Neutral-Range,81.67,STRONG,9,55.56,2.36,66.67,4.03,66.67,3.0,66.67,3.95
SHANTIGEAR,2026-08-28,Neutral-Range,55.73,MIXED,100,43.0,-0.17,49.0,0.09,58.0,0.73,56.0,1.48
OSELDEVICE,2026-08-28,Neutral-Range,62.13,POSITIVE,31,41.94,-0.52,51.61,0.36,51.61,2.39,54.84,4.51
DEN,2026-08-28,Bullish,29.98,NEGATIVE,100,39.0,-0.79,38.0,-0.73,36.0,-2.0,51.0,-0.75
EDELWEISS,2026-08-28,Bullish,36.36,NEGATIVE,10,50.0,0.44,50.0,1.11,30.0,-2.77,10.0,-3.62
JAIBALAJI,2026-08-28,Neutral-Range,49.09,MIXED,100,53.0,0.37,46.0,0.34,41.0,0.57,44.0,2.56
URBANCO,2026-08-28,Bullish,42.64,NEGATIVE,17,52.94,0.59,52.94,0.22,47.06,-2.06,35.29,-5.31
ARIES,2026-08-28,Neutral-Range,55.43,MIXED,100,53.0,0.6,55.0,0.61,50.0,0.31,56.0,-0.1
VARROC,2026-08-28,Neutral-Range,55.42,MIXED,100,43.0,0.18,40.0,0.46,58.0,1.07,44.0,1.15
HINDOILEXP,2026-08-28,Bullish,42.52,NEGATIVE,100,44.0,-0.0,47.0,-0.13,45.0,-1.04,48.0,-0.96
BBTC,2026-08-28,Bullish,42.46,NEGATIVE,100,44.0,0.07,46.0,0.09,36.0,-0.4,35.0,-0.79
BASF,2026-08-28,Neutral-Range,80.94,STRONG,16,68.75,1.04,56.25,2.59,75.0,7.02,56.25,1.47
TEGA,2026-08-28,Neutral-Range,74.33,STRONG,100,55.0,0.71,56.0,1.07,63.0,3.35,76.0,5.98
FEDERALBNK,2026-08-28,Bearish,100.0,STRONG,9,77.78,3.34,88.89,4.86,100.0,6.28,100.0,8.37
KPITTECH,2026-08-28,Bullish,35.71,NEGATIVE,100,47.0,-0.41,41.0,-1.0,44.0,-1.26,47.0,-0.44
SAATVIKGL,2026-08-28,Neutral-Range,61.4,POSITIVE,12,66.67,2.06,58.33,1.03,50.0,1.09,50.0,1.61
TTML,2026-08-28,Bullish,35.5,NEGATIVE,100,38.0,0.29,34.0,0.61,28.0,-0.91,40.0,-0.36
GULFPETRO,2026-08-28,Neutral-Range,60.97,POSITIVE,65,44.62,0.89,43.08,1.15,53.85,1.86,47.69,1.65
BORANA,2026-08-28,Neutral-Range,54.54,MIXED,11,27.27,-0.5,45.45,0.49,45.45,1.44,45.45,0.24
DECCANCE,2026-08-28,Neutral-Range,54.52,MIXED,11,45.45,-0.12,45.45,-0.65,54.55,1.78,54.55,1.81
DENTALKART,2026-08-28,Neutral-Range,67.2,POSITIVE,20,55.0,3.51,60.0,3.31,40.0,0.99,45.0,2.01
OIL,2026-08-28,Bullish,28.53,NEGATIVE,100,49.0,-0.56,51.0,-1.78,40.0,-2.8,34.0,-3.7
BSLGOLDETF,2026-08-28,Bullish,34.81,NEGATIVE,12,58.33,-0.17,25.0,-1.26,41.67,0.38,25.0,0.39
WALCHANNAG,2026-08-28,Neutral-Range,79.8,STRONG,100,61.0,2.11,62.0,3.03,66.0,5.96,57.0,6.08
CUMMINSIND,2026-08-28,Neutral-Range,79.77,STRONG,100,61.0,1.11,66.0,1.51,69.0,2.87,73.0,4.35
POONAWALLA,2026-08-28,Neutral-Range,66.85,POSITIVE,16,43.75,0.54,43.75,2.27,50.0,2.49,43.75,2.32
ROSSTECH,2026-08-28,Bullish,34.65,NEGATIVE,8,25.0,1.67,25.0,0.32,50.0,-1.97,37.5,-0.94
WAAREEINDO,2026-08-28,Neutral-Range,79.66,STRONG,29,51.72,1.47,62.07,3.36,65.52,7.89,75.86,6.26
SETFNN50,2026-08-28,Neutral-Range,73.14,STRONG,100,59.0,0.31,70.0,0.66,72.0,1.45,71.0,1.15
UNIHEALTH,2026-08-28,Neutral-Range,47.41,MIXED,100,44.0,-0.02,44.0,-0.01,43.0,0.5,40.0,0.12
SHREEPUSHK,2026-08-28,Neutral-Range,47.36,MIXED,9,44.44,-0.15,44.44,-0.02,55.56,-0.64,44.44,-3.02
TDPOWERSYS,2026-08-28,Neutral-Range,79.45,STRONG,100,59.0,1.54,66.0,2.78,61.0,3.07,69.0,4.71
LTGILTBEES,2026-08-28,Neutral-Range,66.46,POSITIVE,100,68.0,0.14,69.0,0.18,73.0,0.26,78.0,0.44
HARSHA,2026-08-28,Bullish,34.32,NEGATIVE,100,37.0,-0.68,37.0,-0.81,39.0,-1.01,39.0,-0.57
GMDCLTD,2026-08-28,Neutral-Range,85.69,STRONG,29,68.97,2.32,65.52,3.31,79.31,6.96,79.31,4.11
SURAKSHA,2026-08-28,Bullish,34.25,NEGATIVE,28,50.0,-0.31,39.29,-0.87,35.71,-0.88,57.14,0.61
MAXHEALTH,2026-08-28,Neutral-Range,53.54,MIXED,79,41.77,0.15,39.24,0.19,53.16,1.36,60.76,2.8
KMEW,2026-08-28,Bullish,21.25,NEGATIVE,48,47.92,-2.08,41.67,-3.28,33.33,-6.94,35.42,-9.21
EMBDL,2026-08-28,Neutral-Range,53.34,MIXED,100,48.0,1.26,47.0,1.01,47.0,0.35,45.0,-0.59
DVL,2026-08-28,Neutral-Range,66.11,POSITIVE,9,44.44,0.87,44.44,2.85,44.44,11.42,33.33,8.88
WELINV,2026-08-28,Neutral-Range,59.63,POSITIVE,100,48.0,0.8,55.0,1.5,46.0,0.82,55.0,2.28
EIDPARRY,2026-08-28,Bullish,40.34,NEGATIVE,13,46.15,0.58,30.77,0.0,53.85,-1.07,69.23,0.02
NELCO,2026-08-28,Neutral-Range,46.78,MIXED,100,38.0,-0.57,39.0,-0.41,47.0,0.83,50.0,0.9
NUCLEUS,2026-08-28,Bullish,27.46,NEGATIVE,100,38.0,-0.89,36.0,-1.69,30.0,-0.97,36.0,-1.05
FIRSTCRY,2026-08-28,Bearish,91.66,STRONG,21,71.43,3.47,85.71,3.97,76.19,3.04,66.67,2.64
BHAGERIA,2026-08-28,Bullish,33.81,NEGATIVE,73,34.25,-0.25,38.36,-0.49,32.88,-1.04,27.4,-2.25
PRAKASH,2026-08-28,Neutral-Range,58.93,POSITIVE,100,47.0,0.26,51.0,0.46,52.0,1.51,40.0,0.3
MAXESTATES,2026-08-28,Neutral-Range,45.95,MIXED,100,44.0,0.3,45.0,-0.24,44.0,0.19,50.0,1.66
ENTERO,2026-08-28,Bullish,20.2,NEGATIVE,50,46.0,-1.2,40.0,-1.87,32.0,-3.36,36.0,-3.16
MBAPL,2026-08-28,Neutral-Range,78.05,STRONG,100,58.0,1.83,64.0,2.25,59.0,3.29,57.0,3.73
EPIGRAL,2026-08-28,Bullish,32.97,NEGATIVE,8,25.0,-0.2,37.5,-0.25,37.5,-1.82,25.0,-2.97
DIVGIITTS,2026-08-28,Neutral-Range,71.51,STRONG,100,56.0,0.65,55.0,1.09,62.0,2.8,60.0,4.2
DBOL,2026-08-28,Bullish,32.92,NEGATIVE,95,45.26,-0.33,38.95,-0.68,35.79,-1.38,42.11,-0.99
AURIONPRO,2026-08-28,Neutral-Range,52.13,MIXED,100,45.0,0.38,48.0,0.55,47.0,0.42,49.0,1.1
CEMPRO,2026-08-28,Neutral-Range,51.99,MIXED,100,41.0,-0.11,43.0,0.39,46.0,1.07,43.0,2.8
MAGADSUGAR,2026-08-28,Neutral-Range,51.85,MIXED,100,48.0,0.46,49.0,0.58,46.0,0.32,50.0,-0.78
PRECAM,2026-08-28,Neutral-Range,84.0,STRONG,10,70.0,2.78,60.0,3.33,80.0,5.41,90.0,7.18
VIDHIING,2026-08-28,Bullish,13.21,NEGATIVE,100,20.0,-1.27,22.0,-2.15,25.0,-2.41,25.0,-2.77
MOMIDMTM,2026-08-28,Bullish,38.86,NEGATIVE,62,50.0,-0.04,41.94,-0.14,37.1,-0.81,43.55,-0.97
REDTAPE,2026-08-28,Neutral-Range,58.09,POSITIVE,100,44.0,0.08,46.0,0.32,53.0,1.79,57.0,3.58
MOTILALOFS,2026-08-28,Bullish,38.74,NEGATIVE,100,51.0,-0.98,53.0,-1.34,49.0,-1.65,45.0,-1.75
TNPETRO,2026-08-28,Neutral-Range,58.02,POSITIVE,100,53.0,0.83,49.0,0.67,53.0,1.16,47.0,0.99
PREMIERENE,2026-08-28,Neutral-Range,64.37,POSITIVE,100,52.0,0.45,61.0,0.93,54.0,1.35,59.0,2.18
AHCL,2026-08-28,Bullish,25.8,NEGATIVE,75,38.67,-3.67,44.0,-5.88,44.0,-11.89,38.67,-14.99
MAWANASUG,2026-08-28,Bullish,32.19,NEGATIVE,99,41.41,-0.62,39.39,-1.26,36.36,-1.07,34.34,-0.77
TOP100CASE,2026-08-28,Neutral-Range,57.86,POSITIVE,100,57.0,0.2,60.0,0.33,54.0,0.41,54.0,-0.02
KAJARIACER,2026-08-28,Bullish,38.54,NEGATIVE,100,45.0,-0.13,41.0,-0.21,41.0,-1.08,35.0,-1.53
NIACL,2026-08-28,Bullish,32.02,NEGATIVE,100,44.0,-0.59,35.0,-1.2,39.0,-1.02,42.0,-0.48
USHAMART,2026-08-28,Neutral-Range,64.17,POSITIVE,100,57.0,0.92,57.0,1.35,54.0,1.23,54.0,1.76
SCHNEIDER,2026-08-28,Neutral-Range,83.33,STRONG,21,66.67,0.88,57.14,1.34,80.95,4.37,76.19,3.19
SAHANA,2026-08-28,Bullish,38.27,NEGATIVE,8,25.0,-0.82,37.5,-0.23,25.0,0.58,37.5,4.68
SHRIPISTON,2026-08-28,Neutral-Range,51.1,MIXED,20,55.0,0.2,60.0,0.21,50.0,-0.81,50.0,0.19
RBLBANK,2026-08-28,Neutral-Range,83.12,STRONG,8,87.5,3.19,62.5,2.81,75.0,3.2,75.0,4.67
GIPCL,2026-08-28,Bullish,25.18,NEGATIVE,63,47.62,0.35,39.68,-0.12,25.4,-3.03,33.33,-3.29
TIINDIA,2026-08-28,Neutral-Range,76.57,STRONG,18,55.56,0.58,61.11,1.38,77.78,1.86,61.11,2.62
SPLPETRO,2026-08-28,Neutral-Range,63.71,POSITIVE,100,56.0,0.35,54.0,0.6,63.0,1.34,61.0,1.71
ORCHPHARMA,2026-08-28,Neutral-Range,70.0,STRONG,8,37.5,1.38,50.0,1.37,50.0,6.35,50.0,9.18
ALEMBICLTD,2026-08-28,Neutral-Range,44.17,MIXED,100,45.0,0.08,45.0,-0.06,42.0,-0.26,39.0,-0.41
TFCILTD,2026-08-28,Bullish,37.7,NEGATIVE,100,55.0,-1.28,62.0,-1.78,60.0,-4.18,63.0,-4.23
KEC,2026-08-28,Neutral-Range,82.6,STRONG,25,80.0,2.33,64.0,2.31,72.0,3.01,80.0,5.34
HINDCOPPER,2026-08-28,Neutral-Range,76.18,STRONG,17,70.59,1.02,70.59,2.03,47.06,3.32,58.82,5.0
LUPIN,2026-08-28,Neutral-Range,76.14,STRONG,100,68.0,0.92,63.0,1.52,71.0,2.04,66.0,2.99
GUJALKALI,2026-08-28,Neutral-Range,43.98,MIXED,100,46.0,0.24,46.0,0.06,44.0,-0.69,43.0,-1.47
GANESHBE,2026-08-28,Neutral-Range,50.36,MIXED,62,45.16,-0.08,41.94,0.18,41.94,1.32,46.77,0.67
WAAREERTL,2026-08-28,Neutral-Range,63.21,POSITIVE,30,53.33,1.45,56.67,0.88,50.0,1.84,50.0,2.57
POKARNA,2026-08-28,Bearish,88.85,STRONG,13,61.54,3.54,61.54,5.15,92.31,7.69,84.62,7.19
SWARAJ,2026-08-28,Neutral-Range,69.54,POSITIVE,77,48.05,1.91,48.05,3.26,50.65,4.32,54.55,5.86
GNFC,2026-08-28,Neutral-Range,50.06,MIXED,78,41.03,-0.08,46.15,0.23,51.28,0.01,50.0,0.86
SPIC,2026-08-28,Neutral-Range,50.07,MIXED,100,44.0,0.06,44.0,0.1,49.0,0.53,50.0,0.54
SPECIALITY,2026-08-28,Neutral-Range,69.21,POSITIVE,56,48.21,1.02,53.57,1.27,55.36,2.75,58.93,3.26
KRBL,2026-08-28,Bullish,24.21,NEGATIVE,12,58.33,-1.22,33.33,-2.06,33.33,-1.47,8.33,-3.16
LTFOODS,2026-08-28,Neutral-Range,43.45,MIXED,100,47.0,0.24,43.0,0.03,40.0,-0.18,37.0,-0.27
NAHARPOLY,2026-08-28,Neutral-Range,56.25,MIXED,100,41.0,-0.28,46.0,0.06,53.0,1.59,57.0,4.54
ABBOTINDIA,2026-08-28,Bearish,94.72,STRONG,13,69.23,0.49,76.92,1.61,100.0,2.84,92.31,1.71
EMIL,2026-08-28,Neutral-Range,62.48,POSITIVE,66,43.94,0.82,50.0,1.68,37.88,2.5,36.36,3.41
SANDHAR,2026-08-28,Neutral-Range,56.0,MIXED,100,37.0,-0.62,45.0,0.26,51.0,1.59,49.0,1.28
CAMLINFINE,2026-08-28,Neutral-Range,75.25,STRONG,20,50.0,-0.21,55.0,1.7,60.0,3.33,40.0,-0.02
RAJOOENG,2026-08-28,Bearish,94.5,STRONG,10,70.0,3.0,80.0,4.96,90.0,4.46,70.0,1.66
GMMPFAUDLR,2026-08-28,Neutral-Range,49.44,MIXED,100,43.0,0.03,49.0,0.18,51.0,-0.32,38.0,-1.05
KAMDHENU,2026-08-28,Bullish,23.7,NEGATIVE,100,46.0,-0.8,47.0,-2.46,35.0,-2.9,42.0,-1.99
KEI,2026-08-28,Neutral-Range,49.35,MIXED,100,50.0,-0.38,48.0,-0.63,57.0,0.03,54.0,-0.39
RATEGAIN,2026-08-28,Neutral-Range,75.05,STRONG,15,66.67,1.16,66.67,1.83,60.0,2.1,60.0,1.43
HAL,2026-08-28,Neutral-Range,75.02,STRONG,100,63.0,0.82,60.0,1.33,58.0,3.35,60.0,3.88
PNB,2026-08-28,Neutral-Range,62.12,POSITIVE,91,53.85,0.58,61.54,0.83,52.75,0.95,59.34,1.7
OAL,2026-08-28,Bullish,23.53,NEGATIVE,56,32.14,-1.34,25.0,-2.57,44.64,-1.39,41.07,-1.3
ROLEXRINGS,2026-08-28,Bullish,23.52,NEGATIVE,9,66.67,1.8,33.33,0.16,22.22,-2.89,55.56,-0.67
ZENTEC,2026-08-28,Neutral-Range,74.91,STRONG,40,47.5,0.33,60.0,1.44,67.5,2.38,75.0,3.45
MIDSELIETF,2026-08-28,Neutral-Range,68.46,POSITIVE,42,59.52,0.31,64.29,0.48,71.43,1.01,76.19,1.64
MOL,2026-08-28,Neutral-Range,49.17,MIXED,100,44.0,-0.18,42.0,0.11,45.0,0.82,46.0,0.81
WONDERLA,2026-08-28,Bullish,16.88,NEGATIVE,8,25.0,-1.05,37.5,-2.17,25.0,-3.36,37.5,-0.73
THOMASCOOK,2026-08-28,Neutral-Range,49.01,MIXED,100,38.0,-0.36,38.0,-0.17,49.0,1.06,53.0,1.37
METROBRAND,2026-08-28,Neutral-Range,61.8,POSITIVE,100,54.0,0.32,59.0,0.67,57.0,0.88,58.0,1.14
KILITCH,2026-08-28,Bearish,87.5,STRONG,8,75.0,5.49,87.5,6.27,62.5,4.44,50.0,3.43
BAHETI,2026-08-28,Bullish,29.61,NEGATIVE,100,42.0,-0.8,36.0,-1.22,35.0,-1.34,39.0,-0.05
GRASIM,2026-08-28,Neutral-Range,48.86,MIXED,100,42.0,-0.28,46.0,-0.26,52.0,0.15,41.0,-0.24
APARINDS,2026-08-28,Bullish,16.66,NEGATIVE,10,10.0,-2.11,40.0,-0.35,10.0,-3.61,40.0,-1.55
WANBURY,2026-08-28,Neutral-Range,61.55,POSITIVE,100,45.0,0.5,42.0,1.0,51.0,2.5,58.0,3.52
SUPRIYA,2026-08-28,Neutral-Range,74.38,STRONG,40,47.5,0.69,45.0,1.05,67.5,4.12,60.0,5.46
POWERINDIA,2026-08-28,Neutral-Range,80.77,STRONG,26,57.69,1.36,61.54,2.35,69.23,3.38,69.23,7.16
SIGIND,2026-08-28,Neutral-Range,42.11,NEGATIVE,19,26.32,-0.4,36.84,1.31,36.84,-0.98,31.58,-0.53
IMAGICAA,2026-08-28,Bullish,29.22,NEGATIVE,16,18.75,-2.58,37.5,-2.44,31.25,-0.02,62.5,4.42
CHEMPLASTS,2026-08-28,Neutral-Range,42.05,NEGATIVE,100,44.0,-0.39,44.0,-0.64,51.0,-0.91,40.0,-2.57
HEIDELBERG,2026-08-28,Bullish,35.52,NEGATIVE,100,45.0,-0.22,44.0,-0.21,28.0,-0.96,24.0,-1.2
AGARWALTUF,2026-08-28,Bearish,93.33,STRONG,9,88.89,3.25,77.78,7.75,88.89,7.85,88.89,8.39
SUPRAJIT,2026-08-28,Neutral-Range,67.62,POSITIVE,22,50.0,0.79,54.55,1.57,54.55,2.04,63.64,1.45
AEGISVOPAK,2026-08-28,Neutral-Range,48.3,MIXED,100,48.0,-0.24,50.0,-0.04,44.0,0.14,39.0,-1.59
ARIHANTCAP,2026-08-28,Bullish,28.84,NEGATIVE,100,44.0,-0.65,38.0,-1.2,38.0,-1.99,45.0,-1.61
AYMSYNTEX,2026-08-28,Neutral-Range,54.54,MIXED,11,72.73,2.16,63.64,1.14,45.45,-0.8,45.45,2.33
ORIENTHOT,2026-08-28,Neutral-Range,47.99,MIXED,100,47.0,0.21,48.0,-0.05,49.0,-0.19,56.0,0.31
VALIANTLAB,2026-08-28,Neutral-Range,47.96,MIXED,19,57.89,1.23,47.37,1.44,42.11,-1.03,42.11,0.33
INDORAMA,2026-08-28,Bullish,28.62,NEGATIVE,85,38.82,-0.29,37.65,-1.1,40.0,-2.29,44.71,-1.68
BFSI,2026-08-28,Neutral-Range,67.17,POSITIVE,33,60.61,0.05,60.61,0.3,69.7,1.34,72.73,1.91
MASTERTR,2026-08-28,Neutral-Range,47.78,MIXED,100,40.0,-0.15,43.0,-0.28,47.0,0.6,48.0,1.94
HDFCNEXT50,2026-08-28,Neutral-Range,67.01,POSITIVE,100,55.0,0.22,61.0,0.55,66.0,1.34,67.0,1.36
SHREERAMA,2026-08-28,Bullish,34.77,NEGATIVE,100,36.0,-0.9,38.0,-1.45,41.0,-0.52,37.0,0.02
STEELCAS,2026-08-28,Neutral-Range,60.42,POSITIVE,100,51.0,0.35,54.0,0.68,56.0,1.05,56.0,2.11
GARFIBRES,2026-08-28,Bullish,34.72,NEGATIVE,8,37.5,-0.49,37.5,-0.61,25.0,0.07,75.0,2.54
HEROMOTOCO,2026-08-28,Neutral-Range,53.97,MIXED,62,56.45,0.37,48.39,0.41,53.23,0.44,56.45,0.97
HNDFDS,2026-08-28,Neutral-Range,41.1,NEGATIVE,100,43.0,-0.38,44.0,-0.75,46.0,-0.6,42.0,-0.39
POCL,2026-08-28,Neutral-Range,60.36,POSITIVE,100,55.0,1.83,47.0,2.04,41.0,1.6,42.0,0.94
ACE,2026-08-28,Neutral-Range,53.83,MIXED,81,43.21,-0.1,49.38,-0.16,51.85,1.01,45.68,1.75
DCMSRIND,2026-08-28,Neutral-Range,60.23,POSITIVE,100,50.0,-0.12,48.0,0.47,57.0,1.65,57.0,1.8
MSTCLTD,2026-08-28,Bullish,21.6,NEGATIVE,45,31.11,-1.01,35.56,-0.83,24.44,-2.77,15.56,-4.34
BAJAJHIND,2026-08-28,Neutral-Range,40.84,NEGATIVE,59,38.98,-0.3,38.98,-0.8,40.68,0.29,40.68,0.02
SMCGLOBAL,2026-08-28,Neutral-Range,66.47,POSITIVE,30,56.67,0.38,66.67,0.95,70.0,-0.04,60.0,2.04
BALRAMCHIN,2026-08-28,Neutral-Range,72.72,STRONG,25,48.0,0.23,60.0,0.69,72.0,2.19,80.0,3.28
JARO,2026-08-28,Bullish,27.71,NEGATIVE,76,43.42,-0.4,46.05,-0.4,30.26,-3.1,22.37,-4.46
INDIANB,2026-08-28,Neutral-Range,59.81,POSITIVE,100,54.0,0.27,58.0,0.47,57.0,0.67,61.0,0.37
THANGAMAYL,2026-08-28,Neutral-Range,66.22,POSITIVE,100,47.0,0.67,50.0,1.12,52.0,2.76,54.0,3.6
ALPHAETF,2026-08-28,Bullish,33.89,NEGATIVE,100,42.0,-0.27,36.0,-0.48,35.0,-1.01,34.0,-1.32
NBCC,2026-08-28,Bearish,85.31,STRONG,16,75.0,2.74,68.75,2.35,75.0,4.81,68.75,5.37
MANYAVAR,2026-08-28,Neutral-Range,46.65,MIXED,100,48.0,0.1,51.0,0.15,40.0,-0.2,38.0,-1.34
HTMEDIA,2026-08-28,Neutral-Range,72.31,STRONG,92,53.26,0.28,51.09,1.53,65.22,2.62,66.3,1.28
APTUS,2026-08-28,Neutral-Range,53.0,MIXED,8,50.0,-0.05,50.0,-0.09,50.0,0.84,37.5,-0.5
LINCOLN,2026-08-28,Bullish,33.61,NEGATIVE,100,33.0,-0.79,32.0,-0.6,35.0,-0.61,39.0,-0.29
RACLGEAR,2026-08-28,Bullish,27.18,NEGATIVE,67,35.82,-0.22,37.31,-0.36,25.37,-2.08,25.37,-3.6
RAJSREESUG,2026-08-28,Neutral-Range,40.03,NEGATIVE,100,37.0,-0.56,34.0,-0.56,35.0,0.78,40.0,-0.0
AUTOIND,2026-08-28,Neutral-Range,59.23,POSITIVE,13,53.85,0.45,46.15,1.29,46.15,1.69,61.54,1.61
HDFCAMC,2026-08-28,Neutral-Range,65.63,POSITIVE,100,52.0,0.5,59.0,1.09,54.0,1.68,62.0,0.43
ALIVUS,2026-08-28,Neutral-Range,65.53,POSITIVE,38,50.0,0.18,50.0,0.4,60.53,2.56,50.0,2.86
SHAKTIPUMP,2026-08-28,Neutral-Range,65.5,POSITIVE,100,52.0,0.72,53.0,1.04,53.0,2.31,57.0,3.6
INOXGREEN,2026-08-28,Neutral-Range,65.48,POSITIVE,100,51.0,0.48,50.0,0.61,54.0,2.91,60.0,5.2
EXPLEOSOL,2026-08-28,Neutral-Range,39.66,NEGATIVE,100,40.0,-0.26,38.0,-0.52,44.0,-0.49,50.0,-0.14
NIFTYIETF,2026-08-28,Neutral-Range,78.19,STRONG,8,50.0,0.09,87.5,0.55,75.0,1.03,62.5,0.61
GROWWPOWER,2026-08-28,Neutral-Range,58.87,POSITIVE,62,58.06,0.9,50.0,0.85,46.77,1.65,43.55,1.65
UGARSUGAR,2026-08-28,Bullish,33.06,NEGATIVE,82,45.12,-0.12,36.59,-0.88,39.02,-1.22,31.71,-2.08
KIRLPNU,2026-08-28,Neutral-Range,78.07,STRONG,13,76.92,2.11,76.92,2.06,46.15,3.09,46.15,5.64
M&M,2026-08-28,Neutral-Range,71.57,STRONG,15,40.0,-0.84,53.33,-0.19,73.33,3.25,86.67,6.42
WENDT,2026-08-28,Neutral-Range,39.39,NEGATIVE,99,44.44,-0.53,37.37,-0.76,45.45,-0.39,43.43,-1.33
UFBL,2026-08-28,Neutral-Range,71.5,STRONG,70,47.14,2.2,48.57,3.89,55.71,10.88,67.14,17.1
CLEAN,2026-08-28,Bullish,19.79,NEGATIVE,11,63.64,0.78,45.45,-0.02,18.18,-4.35,9.09,-5.94
BLUEJET,2026-08-28,Bearish,84.0,STRONG,10,60.0,0.56,70.0,1.54,70.0,4.52,50.0,1.01
CHENNPETRO,2026-08-28,Neutral-Range,77.5,STRONG,28,53.57,1.43,60.71,2.74,60.71,3.21,85.71,7.36
CHOLAFIN,2026-08-28,Neutral-Range,77.49,STRONG,19,47.37,-0.01,57.89,0.91,68.42,3.66,63.16,0.68
TEMBO,2026-08-28,Neutral-Range,58.21,POSITIVE,100,47.0,0.55,51.0,1.37,56.0,0.07,50.0,-2.55
NTPC,2026-08-28,Bearish,96.75,STRONG,9,88.89,1.12,100.0,2.1,88.89,1.81,88.89,1.81
KFINTECH,2026-08-28,Neutral-Range,58.05,POSITIVE,100,54.0,-0.1,47.0,0.43,52.0,1.67,51.0,1.93
TRITURBINE,2026-08-28,Neutral-Range,77.17,STRONG,15,60.0,1.63,66.67,2.47,60.0,1.99,46.67,1.97
HDFCLIFE,2026-08-28,Neutral-Range,44.98,MIXED,27,37.04,-0.09,37.04,-0.23,48.15,0.27,44.44,0.43
BFINVEST,2026-08-28,Bearish,96.25,STRONG,20,75.0,2.67,80.0,4.33,95.0,5.12,85.0,3.24
EIHOTEL,2026-08-28,Bearish,96.25,STRONG,12,75.0,0.11,83.33,3.03,91.67,6.87,75.0,5.98
KCPSUGIND,2026-08-28,Neutral-Range,57.62,POSITIVE,53,50.94,0.61,50.94,0.57,50.94,1.17,41.51,0.08
MHLXMIRU,2026-08-28,Neutral-Range,64.05,POSITIVE,100,42.0,1.66,44.0,3.15,39.0,3.35,37.0,2.6
DEEPINDS,2026-08-28,Bullish,25.47,NEGATIVE,11,36.36,-1.91,36.36,-3.34,45.45,-1.2,54.55,1.25
EBBETF0433,2026-08-28,Neutral-Range,70.32,STRONG,25,72.0,0.06,64.0,0.14,88.0,0.39,92.0,0.58
SURYODAY,2026-08-28,Neutral-Range,69.96,POSITIVE,100,52.0,0.53,55.0,1.16,61.0,2.43,62.0,3.78
TIMETECHNO,2026-08-28,Neutral-Range,76.3,STRONG,100,58.0,1.26,61.0,2.3,57.0,4.05,57.0,4.95
BRIGHOTEL,2026-08-28,Neutral-Range,69.89,POSITIVE,29,55.17,0.66,55.17,0.84,68.97,2.02,55.17,2.26
INDIANHUME,2026-08-28,Neutral-Range,56.95,MIXED,100,52.0,0.85,54.0,0.68,51.0,0.62,54.0,1.56
GRANULES,2026-08-28,Neutral-Range,50.49,MIXED,29,55.17,0.73,68.97,0.95,34.48,-1.13,27.59,-2.18
KANPRPLA,2026-08-28,Bullish,18.34,NEGATIVE,100,33.0,-1.34,32.0,-2.28,34.0,-2.66,27.0,-2.84
RENUKA,2026-08-28,Neutral-Range,37.58,NEGATIVE,100,50.0,0.1,47.0,-0.19,35.0,-1.34,37.0,-1.08
AVTNPL,2026-08-28,Neutral-Range,43.92,MIXED,100,42.0,-0.12,43.0,-0.07,41.0,-0.05,42.0,1.02
ISFT,2026-08-28,Neutral-Range,43.91,MIXED,100,28.0,-0.78,35.0,-0.51,42.0,1.0,42.0,0.47
KMSUGAR,2026-08-28,Bullish,18.16,NEGATIVE,79,29.11,-1.2,25.32,-1.89,26.58,-1.86,22.78,-3.56
VMART,2026-08-28,Neutral-Range,50.13,MIXED,100,49.0,-0.51,48.0,-0.47,59.0,-0.11,63.0,1.18
AARTIDRUGS,2026-08-28,Neutral-Range,37.25,NEGATIVE,100,45.0,-0.4,48.0,-0.7,39.0,-1.35,33.0,-2.26
JKIPL,2026-08-28,Neutral-Range,50.0,INSUFFICIENT,6,33.33,0.09,66.67,2.9,50.0,6.38,83.33,7.68
TATAPOWER,2026-08-28,Bearish,82.06,STRONG,8,62.5,0.82,75.0,2.35,75.0,1.29,62.5,2.27
KHAICHEM,2026-08-28,Neutral-Range,43.42,MIXED,100,39.0,-0.93,38.0,-0.67,44.0,0.6,41.0,1.09
STYLAMIND,2026-08-28,Neutral-Range,69.11,POSITIVE,16,50.0,-0.18,62.5,0.75,62.5,1.84,62.5,2.94
MAKEINDIA,2026-08-28,Neutral-Range,69.08,POSITIVE,100,58.0,0.3,65.0,0.59,71.0,1.03,72.0,1.09
INDIACEM,2026-08-28,Neutral-Range,75.5,STRONG,83,53.01,0.73,59.04,1.7,66.27,2.46,65.06,3.06
TVSSCS,2026-08-28,Bullish,30.5,NEGATIVE,100,46.0,-0.35,41.0,-0.61,29.0,-1.64,37.0,-0.9
LMW,2026-08-28,Neutral-Range,56.08,MIXED,52,48.08,-0.07,44.23,0.55,44.23,1.98,48.08,2.59
JUNIORBEES,2026-08-28,Neutral-Range,55.91,MIXED,15,66.67,0.12,53.33,0.14,60.0,0.17,46.67,0.08
BODALCHEM,2026-08-28,Bullish,17.33,NEGATIVE,56,33.93,-1.94,32.14,-2.31,28.57,-2.42,39.29,-0.82
FABTECH,2026-08-28,Neutral-Range,42.95,NEGATIVE,23,47.83,-0.24,43.48,0.1,39.13,-0.34,47.83,0.06
ASHOKLEY,2026-08-28,Neutral-Range,55.78,MIXED,100,48.0,0.27,47.0,0.68,47.0,1.29,58.0,2.11
GABRIEL,2026-08-28,Neutral-Range,68.63,POSITIVE,100,52.0,0.9,54.0,1.51,47.0,3.06,45.0,4.21
BGRENERGY,2026-08-28,Neutral-Range,75.0,STRONG,28,57.14,2.03,57.14,4.03,57.14,13.29,42.86,22.12
LANCORHOL,2026-08-28,Bullish,4.26,NEGATIVE,34,20.59,-2.44,14.71,-4.06,11.76,-6.08,8.82,-9.2
J&KBANK,2026-08-28,Neutral-Range,61.99,POSITIVE,100,58.0,0.67,57.0,0.54,56.0,1.32,46.0,0.53
HEXT,2026-08-28,Neutral-Range,55.53,MIXED,100,54.0,0.47,57.0,0.42,54.0,0.0,56.0,1.01
MON100,2026-08-28,Neutral-Range,55.51,MIXED,100,58.0,0.27,58.0,0.18,55.0,0.06,62.0,0.6
FORCEMOT,2026-08-28,Bearish,81.2,STRONG,100,58.0,1.89,61.0,2.79,71.0,3.67,60.0,2.97
PREMEXPLN,2026-08-28,Neutral-Range,61.77,POSITIVE,100,53.0,0.64,54.0,0.59,53.0,1.74,55.0,3.42
CENTUM,2026-08-28,Neutral-Range,61.61,POSITIVE,38,57.89,0.33,65.79,0.82,47.37,0.93,44.74,-0.18
SANGHVIMOV,2026-08-28,Bearish,80.65,STRONG,23,56.52,1.93,60.87,3.83,69.57,7.98,78.26,9.09
HCG,2026-08-28,Neutral-Range,74.24,STRONG,30,73.33,1.94,60.0,2.39,60.0,1.92,46.67,0.8
ETHOSLTD,2026-08-28,Neutral-Range,54.86,MIXED,100,48.0,0.48,51.0,0.74,51.0,0.3,52.0,-0.43
SBIBPB,2026-08-28,Neutral-Range,67.49,POSITIVE,100,59.0,0.47,63.0,0.83,60.0,1.53,64.0,2.32
SIEMENS,2026-08-28,Bullish,22.5,NEGATIVE,14,78.57,0.82,57.14,-0.65,21.43,-5.47,28.57,-8.04
PARACABLES,2026-08-28,Neutral-Range,41.71,NEGATIVE,100,34.0,-0.89,39.0,-0.31,42.0,-0.1,47.0,-0.54
ALPHAGEO,2026-08-28,Neutral-Range,54.53,MIXED,91,50.55,1.15,53.85,1.01,42.86,0.41,39.56,-0.14
RBA,2026-08-28,Neutral-Range,41.6,NEGATIVE,22,45.45,-0.51,50.0,-0.1,50.0,-2.0,59.09,-1.29
MRPL,2026-08-28,Neutral-Range,73.62,STRONG,14,50.0,0.78,57.14,1.64,64.29,2.39,50.0,-0.48
MHRIL,2026-08-28,Bearish,80.07,STRONG,18,55.56,1.93,61.11,2.24,72.22,2.36,66.67,2.75
HDFCBANK,2026-08-28,Neutral-Range,47.88,MIXED,100,47.0,-0.09,51.0,-0.15,49.0,-0.38,55.0,-0.38
VMARCIND,2026-08-28,Neutral-Range,67.02,POSITIVE,91,41.76,0.41,42.86,1.63,56.04,2.72,62.64,4.42
ANTELOPUS,2026-08-28,Bearish,79.8,STRONG,100,54.0,1.92,59.0,2.2,69.0,4.88,68.0,5.53
SHRINGARMS,2026-08-28,Bearish,79.78,STRONG,71,54.93,0.73,59.15,1.27,73.24,3.34,78.87,4.68
SPANDANA,2026-08-28,Neutral-Range,60.45,POSITIVE,11,27.27,0.41,27.27,3.44,45.45,5.36,45.45,0.55
POWERGRID,2026-08-28,Neutral-Range,54.01,MIXED,100,49.0,0.16,51.0,0.36,48.0,0.73,56.0,1.76
GRINFRA,2026-08-28,Neutral-Range,40.93,NEGATIVE,100,46.0,-0.0,39.0,-0.29,40.0,-0.14,45.0,-0.06
TATASTEEL,2026-08-28,Neutral-Range,60.19,POSITIVE,89,53.93,0.15,53.93,0.04,61.8,1.13,64.04,2.81
RECLTD,2026-08-28,Bearish,79.45,STRONG,11,54.55,-0.46,72.73,2.06,63.64,2.12,72.73,3.56
RML,2026-08-28,Neutral-Range,34.44,NEGATIVE,100,34.0,0.02,32.0,-0.26,36.0,-0.83,35.0,-0.98
APOLLO,2026-08-28,Neutral-Range,47.24,MIXED,100,34.0,-0.02,38.0,0.16,50.0,0.2,49.0,0.55
LT,2026-08-28,Neutral-Range,47.19,MIXED,100,52.0,-0.1,51.0,-0.16,46.0,-0.28,48.0,-0.13
MANAKCOAT,2026-08-28,Bullish,21.37,NEGATIVE,9,44.44,-1.71,33.33,-2.73,33.33,-1.51,44.44,-1.85
MICEL,2026-08-28,Bullish,8.46,NEGATIVE,13,23.08,-2.29,15.38,-4.75,23.08,-9.93,23.08,-10.15
NURECA,2026-08-28,Bullish,21.25,NEGATIVE,52,40.38,-1.67,34.62,-2.33,40.38,-2.94,28.85,-5.1
HIMATSEIDE,2026-08-28,Neutral-Range,72.67,STRONG,100,55.0,0.58,60.0,1.22,61.0,2.61,57.0,2.75
MARKOLINES,2026-08-28,Neutral-Range,66.2,POSITIVE,80,57.5,0.18,60.0,0.41,61.25,1.78,65.0,2.65
ANGELONE,2026-08-28,Neutral-Range,72.62,STRONG,100,50.0,1.27,54.0,2.04,56.0,2.74,54.0,2.08
EEPL,2026-08-28,Bullish,21.2,NEGATIVE,100,32.0,-0.87,36.0,-1.17,28.0,-2.88,27.0,-4.51
RELIABLE,2026-08-28,Neutral-Range,59.6,POSITIVE,100,51.0,0.6,46.0,1.11,50.0,1.64,47.0,3.89
GREAVESCOT,2026-08-28,Neutral-Range,59.47,POSITIVE,100,52.0,0.92,56.0,1.49,49.0,0.44,53.0,0.65
ASTRAZEN,2026-08-28,Bearish,78.75,STRONG,100,54.0,1.16,59.0,1.75,66.0,3.56,65.0,4.43
KECL,2026-08-28,Neutral-Range,46.56,MIXED,100,50.0,0.21,50.0,0.27,42.0,-0.43,46.0,-0.82
ADVENZYMES,2026-08-28,Neutral-Range,53.0,MIXED,100,46.0,0.48,47.0,0.6,49.0,0.5,46.0,-0.27
SHK,2026-08-28,Bearish,78.69,STRONG,13,76.92,0.65,76.92,2.44,53.85,2.04,46.15,0.35
KRONOX,2026-08-28,Neutral-Range,46.53,MIXED,95,42.11,0.21,46.32,0.04,44.21,-0.08,45.26,-0.29
EPL,2026-08-28,Neutral-Range,33.67,NEGATIVE,19,47.37,-0.08,47.37,-0.17,31.58,-2.07,26.32,-1.03
UTTAMSUGAR,2026-08-28,Bullish,27.22,NEGATIVE,93,35.48,-0.83,37.63,-1.32,32.26,-1.74,35.48,-2.24
ARVIND,2026-08-28,Neutral-Range,33.6,NEGATIVE,100,41.0,-0.12,36.0,-0.22,32.0,-1.08,43.0,-0.37
INDOCO,2026-08-28,Bullish,7.73,NEGATIVE,11,27.27,-2.75,18.18,-2.5,18.18,-3.6,36.36,-4.24
INDIQUBE,2026-08-28,Bullish,20.58,NEGATIVE,100,36.0,-0.8,30.0,-1.72,36.0,-2.66,32.0,-3.3
LTF,2026-08-28,Neutral-Range,71.97,STRONG,100,63.0,0.88,64.0,1.45,63.0,1.68,57.0,1.07
DWARKESH,2026-08-28,Bullish,26.95,NEGATIVE,61,39.34,-0.95,40.98,-1.49,29.51,-1.69,24.59,-2.32
SYRMA,2026-08-28,Neutral-Range,39.75,NEGATIVE,21,52.38,-0.39,42.86,-0.18,47.62,-1.55,52.38,-0.58
MUNJALAU,2026-08-28,Neutral-Range,52.5,MIXED,17,35.29,-0.28,52.94,0.28,52.94,-0.17,58.82,7.53
WEWORK,2026-08-28,Neutral-Range,46.08,MIXED,99,49.49,0.56,43.43,0.51,37.37,0.19,45.45,0.93
ALKEM,2026-08-28,Neutral-Range,58.92,POSITIVE,9,22.22,-0.2,22.22,-0.85,77.78,3.08,77.78,4.14
SHIVASHRIT,2026-08-28,Neutral-Range,39.63,NEGATIVE,100,47.0,-0.12,44.0,-0.15,41.0,-1.13,43.0,-1.55
MINDTECK,2026-08-28,Neutral-Range,46.05,MIXED,99,45.45,-0.85,46.46,-0.76,51.52,-0.05,46.46,-0.1
REFEX,2026-08-28,Bearish,84.58,STRONG,12,75.0,2.12,75.0,3.28,66.67,3.51,50.0,1.5
HNGSNGBEES,2026-08-28,Neutral-Range,71.72,STRONG,89,61.8,0.64,66.29,0.89,67.42,1.59,65.17,1.56
CARBORUNIV,2026-08-28,Neutral-Range,45.94,MIXED,100,47.0,0.39,52.0,0.34,38.0,-0.48,35.0,-1.09
VENTIVE,2026-08-28,Neutral-Range,58.79,POSITIVE,73,56.16,0.25,56.16,0.38,58.9,0.5,53.42,0.69
GRINDWELL,2026-08-28,Neutral-Range,52.38,MIXED,10,60.0,0.82,50.0,1.04,40.0,0.43,50.0,0.01
INDIAMART,2026-08-28,Neutral-Range,45.92,MIXED,12,50.0,-0.37,41.67,-0.31,50.0,0.02,33.33,-1.69
JSL,2026-08-28,Neutral-Range,71.56,STRONG,100,55.0,0.56,60.0,0.88,68.0,2.06,71.0,3.28
SHAILY,2026-08-28,Neutral-Range,52.21,MIXED,100,45.0,0.49,44.0,0.36,47.0,0.98,59.0,1.41
UTKARSHBNK,2026-08-28,Neutral-Range,32.9,NEGATIVE,16,31.25,0.29,37.5,-0.88,31.25,-0.66,43.75,-0.68
NEOGEN,2026-08-28,Neutral-Range,45.69,MIXED,100,50.0,-0.06,48.0,-0.01,43.0,-0.28,42.0,-0.16
ASAHISONG,2026-08-28,Neutral-Range,52.06,MIXED,100,39.0,0.24,43.0,0.31,51.0,0.73,58.0,2.32
JINDRILL,2026-08-28,Neutral-Range,32.65,NEGATIVE,100,40.0,-0.47,40.0,-0.7,35.0,-1.45,42.0,-1.38
COHANCE,2026-08-28,Neutral-Range,51.95,MIXED,100,39.0,0.47,45.0,1.22,44.0,0.23,44.0,-0.84
WAAREEENER,2026-08-28,Neutral-Range,71.16,STRONG,51,45.1,-0.13,49.02,0.72,62.75,3.54,49.02,5.6
NAHARSPING,2026-08-28,Bearish,84.0,STRONG,20,65.0,1.22,65.0,2.79,75.0,7.72,85.0,8.35
CENTEXT,2026-08-28,Neutral-Range,64.58,POSITIVE,100,47.0,1.57,46.0,1.54,44.0,2.98,41.0,0.92
ALPEXSOLAR,2026-08-28,Neutral-Range,45.29,MIXED,9,44.44,-0.15,44.44,1.52,22.22,0.22,22.22,-2.28
THERMAX,2026-08-28,Bearish,83.78,STRONG,12,91.67,1.49,83.33,2.13,75.0,1.21,50.0,0.06
TATACOMM,2026-08-28,Neutral-Range,45.08,MIXED,100,46.0,-0.04,55.0,-0.14,41.0,-0.74,48.0,-1.05
HINDALCO,2026-08-28,Neutral-Range,38.56,NEGATIVE,12,50.0,-0.29,58.33,-1.73,50.0,-1.86,50.0,-1.0
JUBLINGREA,2026-08-28,Bearish,90.0,STRONG,14,42.86,0.72,71.43,1.88,85.71,6.06,85.71,5.64
LGEINDIA,2026-08-28,Neutral-Range,32.15,NEGATIVE,23,39.13,-0.45,39.13,-0.83,34.78,-1.35,43.48,-2.23
BAJEL,2026-08-28,Bullish,25.7,NEGATIVE,79,41.77,-0.62,36.71,-1.51,36.71,-2.24,35.44,-1.72
SRHHYPOLTD,2026-08-28,Bearish,77.07,STRONG,11,54.55,-0.91,63.64,1.07,81.82,1.72,54.55,2.55
SRF,2026-08-28,Neutral-Range,57.72,POSITIVE,100,47.0,-0.09,49.0,0.19,59.0,1.04,65.0,2.51
JPPOWER,2026-08-28,Bearish,76.94,STRONG,17,64.71,0.67,64.71,0.3,64.71,3.86,70.59,7.0
LOKESHMACH,2026-08-28,Neutral-Range,63.98,POSITIVE,100,44.0,0.28,51.0,0.75,51.0,2.57,51.0,2.36
RTNINDIA,2026-08-28,Neutral-Range,57.55,POSITIVE,100,45.0,0.26,50.0,0.96,47.0,1.19,44.0,-0.33
PPL,2026-08-28,Neutral-Range,63.85,POSITIVE,100,48.0,0.5,52.0,1.14,51.0,2.06,43.0,2.15
NLCINDIA,2026-08-28,Neutral-Range,70.25,STRONG,100,60.0,0.96,60.0,1.48,59.0,1.92,50.0,1.3
SILVERTUC,2026-08-28,Bearish,83.12,STRONG,8,50.0,0.1,62.5,1.57,75.0,4.51,100.0,9.28
JLHL,2026-08-28,Neutral-Range,70.11,STRONG,100,56.0,0.45,63.0,0.75,66.0,1.74,58.0,2.76
CORDSCABLE,2026-08-28,Bullish,18.67,NEGATIVE,100,35.0,-0.9,29.0,-1.91,28.0,-2.16,26.0,-3.95
ANUHPHR,2026-08-28,Bullish,24.9,NEGATIVE,71,40.85,-0.31,43.66,-1.02,32.39,-3.16,32.39,-3.57
RSYSTEMS,2026-08-28,Neutral-Range,44.21,MIXED,100,46.0,0.04,42.0,-0.12,45.0,-0.19,49.0,0.4
SREEL,2026-08-28,Neutral-Range,37.73,NEGATIVE,64,35.94,-0.13,34.38,-0.78,40.62,-0.1,43.75,0.08
MFSL,2026-08-28,Neutral-Range,50.51,MIXED,100,48.0,0.53,49.0,0.46,44.0,0.28,53.0,0.41
UNIECOM,2026-08-28,Neutral-Range,37.52,NEGATIVE,16,50.0,0.59,43.75,-0.18,37.5,-1.3,18.75,-3.3
MANBA,2026-08-28,Neutral-Range,63.17,POSITIVE,16,62.5,0.89,56.25,1.5,56.25,0.7,75.0,1.08
PCBL,2026-08-28,Neutral-Range,56.72,MIXED,100,46.0,0.08,53.0,0.44,51.0,0.89,48.0,0.76
SIGACHI,2026-08-28,Bullish,18.14,NEGATIVE,14,35.71,-0.79,35.71,-0.97,28.57,-3.87,50.0,0.06
TMPV,2026-08-28,Neutral-Range,62.99,POSITIVE,44,47.73,-0.1,45.45,0.71,56.82,2.34,72.73,4.23
NEXT50,2026-08-28,Bearish,75.76,STRONG,100,62.0,0.5,69.0,0.96,71.0,1.98,70.0,1.99
SUNPHARMA,2026-08-28,Neutral-Range,37.18,NEGATIVE,10,70.0,0.0,50.0,0.15,20.0,-0.73,70.0,0.43
HERANBA,2026-08-28,Neutral-Range,30.74,NEGATIVE,100,39.0,-0.65,37.0,-0.54,29.0,-1.3,29.0,-1.92
PSUBNKIETF,2026-08-28,Neutral-Range,49.94,MIXED,100,49.0,0.02,47.0,0.16,47.0,0.35,48.0,0.62
DMCC,2026-08-28,Bullish,17.73,NEGATIVE,58,32.76,-1.76,32.76,-1.95,31.03,-2.95,24.14,-3.52
NARMADA,2026-08-28,Neutral-Range,49.7,MIXED,100,42.0,-0.27,47.0,-0.23,51.0,0.33,58.0,1.61
3IINFOLTD,2026-08-28,Neutral-Range,43.22,MIXED,100,40.0,-0.18,38.0,-0.58,44.0,0.46,47.0,1.46
MTNL,2026-08-28,Bullish,23.9,NEGATIVE,100,37.0,-0.61,31.0,-1.3,27.0,-1.55,36.0,-1.25
ATMASTCO,2026-08-28,Neutral-Range,62.36,POSITIVE,11,36.36,-0.66,45.45,-0.11,54.55,3.2,72.73,4.0
SHALBY,2026-08-28,Neutral-Range,55.95,MIXED,100,45.0,-0.44,57.0,0.17,48.0,0.88,50.0,0.76
REMUS,2026-08-28,Bullish,10.91,NEGATIVE,11,45.45,-0.7,45.45,-1.04,0.0,-5.98,0.0,-8.32
MANKIND,2026-08-28,Neutral-Range,55.82,MIXED,100,52.0,0.1,51.0,0.25,51.0,1.03,54.0,1.06
SAFARI,2026-08-28,Neutral-Range,49.41,MIXED,100,47.0,-0.01,51.0,-0.06,52.0,-0.35,52.0,0.2
ENDURANCE,2026-08-28,Neutral-Range,68.57,POSITIVE,100,67.0,1.46,64.0,1.63,55.0,1.35,57.0,2.33
PRIVISCL,2026-08-28,Neutral-Range,68.49,POSITIVE,28,42.86,-0.39,39.29,-0.28,78.57,3.34,96.43,5.99
BAJAJCON,2026-08-28,Neutral-Range,55.59,MIXED,100,56.0,0.6,50.0,0.64,51.0,0.67,50.0,0.56
PREMIERPOL,2026-08-28,Bullish,23.44,NEGATIVE,80,31.25,-2.77,38.75,-2.54,42.5,-6.39,48.75,-8.05
AIIL,2026-08-28,Bearish,74.84,STRONG,10,40.0,-0.08,40.0,1.85,80.0,2.61,40.0,0.1
APEX,2026-08-28,Bearish,74.67,STRONG,45,57.78,1.18,48.89,1.31,64.44,4.74,60.0,6.18
JSWENERGY,2026-08-28,Bearish,87.5,STRONG,16,62.5,2.66,81.25,3.38,68.75,3.2,68.75,1.39
CHOICEIN,2026-08-28,Neutral-Range,61.73,POSITIVE,100,53.0,0.84,57.0,1.03,54.0,0.94,57.0,1.38
MAHKTECH,2026-08-28,Neutral-Range,68.16,POSITIVE,100,52.0,0.12,59.0,0.4,57.0,2.74,53.0,5.03
TECHERA,2026-08-28,Bearish,74.55,STRONG,100,52.0,1.65,55.0,3.4,58.0,4.44,56.0,5.44
SANSERA,2026-08-28,Neutral-Range,35.94,NEGATIVE,10,50.0,-0.37,20.0,-2.41,50.0,1.52,50.0,4.91
DEEPAKFERT,2026-08-28,Bearish,80.94,STRONG,16,68.75,2.43,75.0,3.47,56.25,3.45,56.25,6.5
KRYSTAL,2026-08-28,Neutral-Range,42.29,NEGATIVE,100,40.0,-0.19,42.0,-0.2,37.0,0.11,38.0,0.03
TVSMOTOR,2026-08-28,Neutral-Range,61.54,POSITIVE,100,53.0,0.21,56.0,0.32,62.0,0.99,59.0,1.41
FDC,2026-08-28,Neutral-Range,55.02,MIXED,100,49.0,0.16,53.0,0.22,57.0,0.16,52.0,0.25
POLICYBZR,2026-08-28,Neutral-Range,29.25,NEGATIVE,12,58.33,0.03,50.0,-1.06,33.33,-2.67,58.33,-0.37
JAMNAAUTO,2026-08-28,Neutral-Range,67.84,POSITIVE,23,52.17,0.32,47.83,1.12,47.83,3.72,56.52,6.59
ONESOURCE,2026-08-28,Neutral-Range,67.83,POSITIVE,100,54.0,0.4,57.0,1.23,56.0,2.09,54.0,3.32
VSTTILLERS,2026-08-28,Bearish,74.2,STRONG,100,43.0,0.42,49.0,0.9,63.0,4.11,68.0,4.98
CENTENKA,2026-08-28,Bearish,74.16,STRONG,17,70.59,0.17,64.71,-0.09,70.59,3.04,70.59,0.58
INTERARCH,2026-08-28,Neutral-Range,54.81,MIXED,77,50.65,-0.05,44.16,0.12,53.25,1.31,55.84,2.09
EXIDEIND,2026-08-28,Neutral-Range,48.29,MIXED,100,47.0,0.13,49.0,0.11,42.0,0.25,42.0,2.21
GICRE,2026-08-28,Neutral-Range,54.62,MIXED,100,45.0,-0.06,48.0,0.39,50.0,0.94,55.0,2.44
ZOTA,2026-08-28,Neutral-Range,61.05,POSITIVE,64,56.25,0.44,51.56,0.81,51.56,1.68,60.94,4.23
KRISHANA,2026-08-28,Neutral-Range,61.01,POSITIVE,100,43.0,0.44,46.0,0.99,49.0,2.2,38.0,2.22
CENTRALBK,2026-08-28,Bearish,86.58,STRONG,19,73.68,1.71,73.68,2.62,73.68,2.95,63.16,1.23
EFCIL,2026-08-28,Bullish,15.86,NEGATIVE,99,29.29,-1.61,29.29,-2.36,30.3,-3.42,26.26,-5.31
PARKHOTELS,2026-08-28,Bearish,73.68,STRONG,19,57.89,2.01,52.63,3.27,57.89,3.16,57.89,2.05
HINDPETRO,2026-08-28,Bearish,80.07,STRONG,9,44.44,1.45,77.78,2.45,55.56,2.15,66.67,6.71
GODIGIT,2026-08-28,Neutral-Range,34.83,NEGATIVE,100,47.0,-0.34,39.0,-0.62,34.0,-0.81,34.0,-0.89
ASTERDM,2026-08-28,Bearish,79.72,STRONG,21,38.1,-0.58,57.14,0.15,85.71,3.53,76.19,4.14
AZAD,2026-08-28,Bullish,9.0,NEGATIVE,10,10.0,-2.55,10.0,-2.89,30.0,-3.77,20.0,-6.05
DPABHUSHAN,2026-08-28,Neutral-Range,53.95,MIXED,100,43.0,0.87,44.0,1.37,41.0,0.93,38.0,0.56
ARCHIDPLY,2026-08-28,Bullish,21.79,NEGATIVE,86,29.07,-1.07,32.56,-1.78,31.4,-2.12,22.09,-4.02
ANANTRAJ,2026-08-28,Neutral-Range,60.3,POSITIVE,17,41.18,-0.89,47.06,-0.15,70.59,1.18,41.18,-0.12
RELTD,2026-08-28,Bearish,73.15,STRONG,100,53.0,0.82,50.0,1.97,59.0,4.31,68.0,7.84
SOUTHBANK,2026-08-28,Bearish,79.42,STRONG,26,61.54,2.35,61.54,2.72,65.38,4.79,61.54,5.31
ORIENTBELL,2026-08-28,Bullish,21.53,NEGATIVE,26,26.92,-1.33,23.08,-2.39,30.77,-0.69,42.31,0.4
NATCAPSUQ,2026-08-28,Bullish,21.55,NEGATIVE,55,30.91,-0.92,34.55,-0.48,29.09,-3.45,27.27,-4.52
RHETAN,2026-08-28,Bearish,79.29,STRONG,49,57.14,1.2,59.18,1.58,67.35,3.57,75.51,6.36
LATENTVIEW,2026-08-28,Neutral-Range,59.99,POSITIVE,100,54.0,0.48,55.0,0.72,54.0,0.99,58.0,0.99
LIQUIDBEES,2026-08-28,Bullish,15.0,NEGATIVE,100,0.0,-0.0,0.0,-0.0,0.0,-0.0,0.0,-0.0
VENUSREM,2026-08-28,Bearish,72.83,STRONG,28,60.71,2.36,53.57,1.67,57.14,3.1,57.14,4.71
SRM,2026-08-28,Neutral-Range,66.34,POSITIVE,100,60.0,0.8,51.0,1.28,51.0,2.63,53.0,3.57
JKPAPER,2026-08-28,Neutral-Range,27.74,NEGATIVE,84,44.05,-0.67,33.33,-1.29,39.29,-1.88,46.43,-2.3
SSWL,2026-08-28,Neutral-Range,40.61,NEGATIVE,100,41.0,-0.14,47.0,-0.57,44.0,-0.99,37.0,-1.19
JISLJALEQS,2026-08-28,Bearish,72.69,STRONG,13,30.77,-1.53,53.85,1.3,53.85,3.72,53.85,2.85
MOLDTECH,2026-08-28,Neutral-Range,27.67,NEGATIVE,28,28.57,-0.03,39.29,-0.63,28.57,-2.14,25.0,-3.5
PSUBNKBEES,2026-08-28,Neutral-Range,59.7,POSITIVE,100,50.0,0.24,55.0,0.42,55.0,1.13,57.0,2.01
BANKETF,2026-08-28,Neutral-Range,66.15,POSITIVE,100,64.0,0.29,62.0,0.61,67.0,0.89,67.0,1.0
GAIL,2026-08-28,Bearish,85.4,STRONG,100,61.0,1.13,67.0,2.16,77.0,3.04,73.0,3.68
GALLANTT,2026-08-28,Bearish,72.45,STRONG,100,54.0,0.77,49.0,1.61,58.0,4.16,64.0,8.44
VSTIND,2026-08-28,Neutral-Range,59.55,POSITIVE,15,53.33,0.33,73.33,1.51,40.0,-0.29,20.0,-4.07
RELIGARE,2026-08-28,Neutral-Range,53.01,MIXED,100,44.0,-0.06,45.0,0.01,50.0,1.18,52.0,1.88
SIGMA,2026-08-28,Neutral-Range,53.01,MIXED,100,50.0,0.25,52.0,0.82,43.0,0.37,40.0,0.47
OLAELEC,2026-08-28,Bullish,20.79,NEGATIVE,100,31.0,-0.61,29.0,-1.45,28.0,-2.09,24.0,-2.57
AGIIL,2026-08-28,Neutral-Range,40.05,NEGATIVE,100,41.0,0.11,40.0,0.11,35.0,-0.41,43.0,-0.81
GOLDIAM,2026-08-28,Bearish,85.04,STRONG,10,80.0,0.28,80.0,0.24,80.0,3.27,70.0,7.32
PAGEIND,2026-08-28,Bearish,72.11,STRONG,9,66.67,0.22,55.56,0.29,77.78,2.32,66.67,3.02
SARDAEN,2026-08-28,Neutral-Range,65.66,POSITIVE,100,55.0,0.45,58.0,1.28,52.0,1.76,54.0,2.45
STARCEMENT,2026-08-28,Bearish,78.49,STRONG,100,54.0,0.71,65.0,1.49,70.0,2.57,67.0,2.94
SAKAR,2026-08-28,Bearish,72.06,STRONG,34,52.94,1.76,47.06,2.29,58.82,3.48,67.65,6.3
WIPRO,2026-08-28,Neutral-Range,27.03,NEGATIVE,100,40.0,-0.72,35.0,-1.14,34.0,-1.89,40.0,-1.39
BAJAJFINSV,2026-08-28,Neutral-Range,52.67,MIXED,89,51.69,-0.06,53.93,0.19,47.19,0.38,40.45,0.23
BSOFT,2026-08-28,Neutral-Range,39.79,NEGATIVE,100,45.0,0.03,43.0,-0.15,38.0,-0.74,34.0,-2.14
JYOTHYLAB,2026-08-28,Neutral-Range,39.78,NEGATIVE,100,48.0,0.23,42.0,-0.16,40.0,-0.82,44.0,-1.01
LLOYDSME,2026-08-28,Neutral-Range,65.42,POSITIVE,100,57.0,0.9,57.0,1.13,57.0,1.5,63.0,2.96
BEPL,2026-08-28,Neutral-Range,46.11,MIXED,94,45.74,0.36,42.55,0.58,39.36,0.03,45.74,0.34
ATGL,2026-08-28,Bearish,71.84,STRONG,19,57.89,1.52,63.16,3.98,42.11,13.55,42.11,24.61
UYFINCORP,2026-08-28,Neutral-Range,52.49,MIXED,32,56.25,0.01,50.0,0.22,53.12,0.13,43.75,-1.44
BANKBEES,2026-08-28,Neutral-Range,65.28,POSITIVE,100,65.0,0.42,68.0,0.69,60.0,0.68,66.0,0.95
MVGJL,2026-08-28,Neutral-Range,58.8,POSITIVE,10,20.0,-0.54,30.0,0.66,50.0,3.29,50.0,1.36
MOGSEC,2026-08-28,Bearish,78.07,STRONG,100,84.0,0.41,84.0,0.41,85.0,0.57,86.0,0.64
KIRLOSIND,2026-08-28,Neutral-Range,52.22,MIXED,33,51.52,0.72,48.48,0.33,42.42,1.02,60.61,5.74
CHAVDA,2026-08-28,Bullish,20.03,NEGATIVE,31,41.94,-0.88,22.58,-2.2,32.26,-1.34,25.81,-4.22
UNIVASTU,2026-08-28,Neutral-Range,45.69,MIXED,100,46.0,0.03,45.0,-0.42,46.0,0.13,50.0,1.24
INDHOTEL,2026-08-28,Bearish,84.24,STRONG,100,64.0,0.94,70.0,1.87,74.0,2.84,78.0,3.47
BHARTIARTL,2026-08-28,Bearish,71.34,STRONG,100,61.0,0.61,63.0,0.87,71.0,1.49,69.0,2.24
BFUTILITIE,2026-08-28,Bearish,77.78,STRONG,18,44.44,1.39,66.67,2.91,55.56,3.51,61.11,5.21
GOODLUCK,2026-08-28,Neutral-Range,58.48,POSITIVE,96,53.12,0.82,52.08,0.79,48.96,1.24,54.17,1.84
ALLCARGO,2026-08-28,Bullish,19.85,NEGATIVE,100,32.0,-2.46,33.0,-3.0,38.0,-3.63,22.0,-4.57
EICHERMOT,2026-08-28,Neutral-Range,45.48,MIXED,12,41.67,-0.08,50.0,0.01,50.0,-1.14,58.33,0.26
EIHAHOTELS,2026-08-28,Neutral-Range,39.06,NEGATIVE,10,70.0,1.63,40.0,0.09,30.0,-0.2,60.0,-0.14
DHUNINV,2026-08-28,Neutral-Range,45.48,MIXED,10,40.0,-0.56,50.0,0.23,50.0,-1.36,60.0,8.47
THEMISMED,2026-08-28,Bullish,19.73,NEGATIVE,42,35.71,-0.65,38.1,-1.84,30.95,-3.02,54.76,1.15
AJMERA,2026-08-28,Neutral-Range,51.85,MIXED,79,48.1,0.52,46.84,0.78,39.24,0.9,40.51,1.42
POLYCAB,2026-08-28,Neutral-Range,45.28,MIXED,100,52.0,-0.35,53.0,-0.73,51.0,-0.8,56.0,-0.64
SWIGGY,2026-08-28,Neutral-Range,51.72,MIXED,100,48.0,0.35,49.0,0.54,51.0,-0.11,52.0,-1.36
SAPPHIRE,2026-08-28,Neutral-Range,38.79,NEGATIVE,100,43.0,-0.42,40.0,-0.26,41.0,-0.88,44.0,-1.42
ONWARDTEC,2026-08-28,Neutral-Range,38.67,NEGATIVE,100,39.0,-0.48,41.0,-0.51,40.0,-0.66,40.0,-0.25
BANDHANBNK,2026-08-28,Bearish,70.77,STRONG,34,64.71,0.78,70.59,1.0,58.82,1.62,41.18,-0.54
AUTOIETF,2026-08-28,Neutral-Range,57.78,POSITIVE,100,60.0,-0.58,62.0,-0.58,68.0,-0.1,72.0,0.81
CSBBANK,2026-08-28,Neutral-Range,44.87,MIXED,100,47.0,-0.35,43.0,-0.41,42.0,0.44,45.0,2.29
TBOTEK,2026-08-28,Neutral-Range,38.41,NEGATIVE,100,40.0,-0.82,36.0,-0.87,43.0,-0.19,52.0,-0.03
NORTHARC,2026-08-28,Neutral-Range,51.26,MIXED,100,41.0,0.17,45.0,0.42,45.0,0.77,45.0,1.15
PSUBANK,2026-08-28,Neutral-Range,51.15,MIXED,100,45.0,-0.18,53.0,0.02,48.0,0.18,47.0,0.36
NELCAST,2026-08-28,Bullish,18.94,NEGATIVE,100,35.0,-0.38,31.0,-1.3,23.0,-2.44,21.0,-4.12
SOUTHWEST,2026-08-28,Bearish,70.18,STRONG,20,60.0,0.58,65.0,1.05,65.0,1.37,70.0,5.05
TATAELXSI,2026-08-28,Neutral-Range,38.02,NEGATIVE,100,39.0,-0.44,37.0,-0.71,41.0,-0.36,45.0,-0.12
BAJAJHFL,2026-08-28,Neutral-Range,38.02,NEGATIVE,10,20.0,0.06,10.0,0.02,40.0,1.36,40.0,0.83
VTL,2026-08-28,Bearish,70.03,STRONG,12,50.0,-0.1,50.0,0.1,66.67,3.45,66.67,3.77
ALBERTDAVD,2026-08-28,Neutral-Range,24.91,NEGATIVE,47,38.3,-1.17,29.79,-1.53,31.91,-1.39,23.4,-2.42
SHARDACROP,2026-08-28,Neutral-Range,56.98,MIXED,48,43.75,-0.28,43.75,0.51,52.08,1.6,37.5,0.85
SILVERADD,2026-08-28,Bearish,89.09,STRONG,11,72.73,2.62,90.91,4.01,63.64,3.06,72.73,3.27
QUADFUTURE,2026-08-28,Bullish,11.92,NEGATIVE,60,33.33,-0.19,31.67,-1.23,16.67,-3.89,23.33,-5.8
JKIL,2026-08-28,Neutral-Range,43.98,MIXED,14,50.0,-0.65,50.0,0.04,42.86,-0.92,42.86,-1.15
GRMOVER,2026-08-28,Bearish,69.6,POSITIVE,17,35.29,-0.02,35.29,0.06,88.24,2.78,70.59,2.31
ANLON,2026-08-28,Neutral-Range,43.85,MIXED,66,34.85,-0.54,33.33,-0.57,39.39,1.42,37.88,2.21
MAITHANALL,2026-08-28,Neutral-Range,63.06,POSITIVE,100,50.0,0.12,58.0,0.51,60.0,1.18,63.0,1.86
PRICOLLTD,2026-08-28,Neutral-Range,43.56,MIXED,10,30.0,-0.74,30.0,-0.99,50.0,1.13,50.0,-0.75
JUBLPHARMA,2026-08-28,Neutral-Range,43.58,MIXED,100,50.0,0.1,48.0,-0.26,38.0,-0.12,39.0,0.28
PATILAUTOM,2026-08-28,Neutral-Range,50.0,INSUFFICIENT,1,0.0,-3.54,0.0,-9.48,0.0,-0.22,0.0,-5.81
RUSTOMJEE,2026-08-28,Neutral-Range,43.35,MIXED,100,47.0,-0.03,47.0,0.2,42.0,-0.9,36.0,-1.5
EMCURE,2026-08-28,Neutral-Range,56.16,MIXED,100,51.0,0.43,53.0,0.02,59.0,0.47,59.0,-0.1
ASHIANA,2026-08-28,Neutral-Range,49.62,MIXED,100,45.0,0.0,44.0,0.2,46.0,0.58,44.0,1.59
TARSONS,2026-08-28,Neutral-Range,43.09,MIXED,65,47.69,-0.49,35.38,-0.85,49.23,0.47,44.62,0.35
GMBREW,2026-08-28,Neutral-Range,43.09,MIXED,100,41.0,-0.25,40.0,-0.24,39.0,0.35,42.0,0.6
TERASOFT,2026-08-28,Bearish,75.22,STRONG,94,47.87,0.46,54.26,1.25,60.64,4.02,71.28,9.44
GRAPHITE,2026-08-28,Neutral-Range,43.05,MIXED,33,39.39,-0.87,36.36,-0.54,42.42,0.66,48.48,2.3
NAVKARCORP,2026-08-28,Neutral-Range,62.24,POSITIVE,100,57.0,0.58,47.0,1.27,53.0,1.79,58.0,2.13
MIRZAINT,2026-08-28,Neutral-Range,49.35,MIXED,100,41.0,-0.37,44.0,-0.37,53.0,0.47,45.0,-0.11
MWL,2026-08-28,Bearish,68.52,POSITIVE,50,44.0,0.51,44.0,1.26,56.0,3.37,54.0,3.53
MONQ50,2026-08-28,Bearish,74.87,STRONG,16,68.75,0.96,56.25,1.23,87.5,1.16,75.0,1.94
MRF,2026-08-28,Bearish,74.86,STRONG,14,71.43,0.77,78.57,1.09,71.43,0.75,50.0,0.33
DCMSHRIRAM,2026-08-28,Neutral-Range,55.57,MIXED,100,47.0,0.12,48.0,0.51,55.0,0.62,42.0,0.03
GFLLIMITED,2026-08-28,Bullish,16.95,NEGATIVE,17,11.76,-1.3,23.53,-1.22,23.53,-2.41,17.65,-1.87
NHPC,2026-08-28,Bearish,81.16,STRONG,10,70.0,1.8,90.0,2.98,50.0,1.31,70.0,1.53
BOROLTD,2026-08-28,Bearish,74.7,STRONG,28,57.14,0.11,60.71,0.69,75.0,2.36,71.43,2.83
BANKIETF,2026-08-28,Neutral-Range,55.41,MIXED,89,58.43,0.12,57.3,0.18,55.06,0.09,64.04,0.49
JSFB,2026-08-28,Neutral-Range,55.36,MIXED,21,57.14,1.06,61.9,1.9,38.1,-0.56,61.9,0.4
JAYBARMARU,2026-08-28,Neutral-Range,36.1,NEGATIVE,100,39.0,-0.79,41.0,-0.93,41.0,-0.97,39.0,-1.24
GOPAL,2026-08-28,Neutral-Range,61.78,POSITIVE,10,60.0,0.59,70.0,0.83,40.0,1.24,20.0,-0.25
PNBHOUSING,2026-08-28,Neutral-Range,42.46,NEGATIVE,100,45.0,0.27,46.0,0.06,44.0,-1.07,46.0,-1.3
AUTOBEES,2026-08-28,Bearish,74.53,STRONG,15,66.67,0.12,73.33,0.68,73.33,1.37,86.67,2.15
TVSHLTD,2026-08-28,Neutral-Range,61.67,POSITIVE,100,53.0,0.35,57.0,1.03,60.0,0.4,48.0,-0.31
ICICIBANK,2026-08-28,Neutral-Range,61.62,POSITIVE,14,64.29,0.83,50.0,0.73,57.14,1.55,85.71,2.23
GODREJIND,2026-08-28,Neutral-Range,55.16,MIXED,30,46.67,-0.4,66.67,-0.16,53.33,-0.3,50.0,0.9
GROWWDEFNC,2026-08-28,Neutral-Range,48.7,MIXED,99,44.44,-0.14,44.44,-0.12,52.53,0.06,45.45,-0.42
THEJO,2026-08-28,Neutral-Range,55.1,MIXED,100,43.0,0.95,45.0,1.08,41.0,1.42,37.0,1.54
SHRIRAMPPS,2026-08-28,Bearish,80.77,STRONG,13,61.54,1.49,61.54,1.74,69.23,3.64,76.92,5.67
ABCAPITAL,2026-08-28,Neutral-Range,61.4,POSITIVE,17,47.06,0.8,52.94,0.78,58.82,1.04,64.71,1.77
PVRINOX,2026-08-28,Neutral-Range,42.0,NEGATIVE,26,50.0,-0.02,53.85,0.11,34.62,-1.1,30.77,-1.98
BANKBARODA,2026-08-28,Neutral-Range,61.28,POSITIVE,100,57.0,0.25,56.0,0.55,56.0,1.22,58.0,1.48
DEVYANI,2026-08-28,Neutral-Range,35.53,NEGATIVE,61,37.7,-1.03,40.98,-1.16,36.07,-0.45,34.43,-1.46
JSLL,2026-08-28,Bearish,67.68,POSITIVE,17,58.82,0.38,52.94,0.44,70.59,1.92,35.29,-0.73
BLACKBUCK,2026-08-28,Neutral-Range,41.87,NEGATIVE,61,36.07,-1.14,39.34,-1.38,45.9,0.64,47.54,0.32
HDFCNIFBAN,2026-08-28,Neutral-Range,54.68,MIXED,100,55.0,0.12,55.0,0.28,53.0,0.19,52.0,0.34
CANBK,2026-08-28,Neutral-Range,61.1,POSITIVE,100,51.0,-0.02,60.0,0.67,54.0,0.88,38.0,0.2
CEATLTD,2026-08-28,Bearish,73.95,STRONG,21,57.14,0.44,47.62,1.07,85.71,2.0,71.43,2.6
ASAL,2026-08-28,Bearish,80.29,STRONG,17,70.59,2.22,82.35,3.92,47.06,6.07,58.82,5.98
JUNIPER,2026-08-28,Bullish,16.0,NEGATIVE,100,36.0,-1.04,33.0,-1.9,27.0,-3.14,22.0,-3.92
INDIGOPNTS,2026-08-28,Neutral-Range,47.99,MIXED,84,48.81,-0.11,50.0,0.08,46.43,-0.27,46.43,-0.17
VPRPL,2026-08-28,Bearish,73.72,STRONG,15,73.33,3.18,60.0,2.11,60.0,2.07,53.33,0.73
KIMS,2026-08-28,Neutral-Range,54.4,MIXED,100,52.0,0.09,55.0,0.19,53.0,0.21,52.0,0.55
RPTECH,2026-08-28,Neutral-Range,34.98,NEGATIVE,27,37.04,-0.5,29.63,-0.76,48.15,-1.05,59.26,0.35
EIEL,2026-08-28,Neutral-Range,47.78,MIXED,100,48.0,0.44,48.0,0.16,46.0,-0.19,43.0,-0.64
NAM-INDIA,2026-08-28,Bearish,67.0,POSITIVE,21,57.14,1.02,42.86,1.18,71.43,1.82,66.67,2.4
ZFCVINDIA,2026-08-28,Neutral-Range,60.53,POSITIVE,100,57.0,0.13,56.0,0.42,55.0,1.25,58.0,2.63
ITI,2026-08-28,Bearish,79.72,STRONG,18,44.44,0.67,55.56,1.04,72.22,5.9,88.89,11.89
MODEFENCE,2026-08-28,Neutral-Range,47.54,MIXED,100,45.0,-0.11,44.0,-0.02,50.0,-0.07,45.0,-0.65
MCLEODRUSS,2026-08-28,Neutral-Range,28.17,NEGATIVE,8,37.5,0.09,37.5,-1.04,37.5,-2.23,25.0,-4.02
TARMAT,2026-08-28,Neutral-Range,21.62,NEGATIVE,100,39.0,-0.31,40.0,-1.19,30.0,-3.28,31.0,-2.47
RAINBOW,2026-08-28,Neutral-Range,60.16,POSITIVE,14,50.0,0.73,71.43,0.72,57.14,-0.68,64.29,-0.28
ERIS,2026-08-28,Neutral-Range,60.18,POSITIVE,79,55.7,0.44,58.23,0.74,50.63,1.03,48.1,0.31
VIKRAMSOLR,2026-08-28,Neutral-Range,34.41,NEGATIVE,53,45.28,-0.36,41.51,-0.29,33.96,-1.46,32.08,-3.5
GULFOILLUB,2026-08-28,Neutral-Range,53.66,MIXED,100,52.0,0.26,46.0,0.29,48.0,1.15,54.0,0.85
ELECTHERM,2026-08-28,Neutral-Range,60.09,POSITIVE,100,42.0,0.44,45.0,0.64,50.0,2.32,51.0,5.27
GUJTHEM,2026-08-28,Bullish,14.9,NEGATIVE,51,37.25,-0.68,33.33,-1.72,23.53,-3.72,37.25,-3.49
BORORENEW,2026-08-28,Bearish,72.7,STRONG,100,58.0,1.78,57.0,1.66,61.0,2.44,56.0,1.72
UCOBANK,2026-08-28,Bearish,85.56,STRONG,9,66.67,2.93,66.67,3.35,77.78,4.87,44.44,3.16
SUZLON,2026-08-28,Neutral-Range,47.01,MIXED,100,43.0,-0.11,45.0,-0.23,46.0,0.27,46.0,0.75
KESORAMIND,2026-08-28,Bearish,66.27,POSITIVE,13,61.54,4.33,76.92,3.12,46.15,-1.07,30.77,-2.5
VIJAYA,2026-08-28,Neutral-Range,46.67,MIXED,13,38.46,0.73,53.85,0.63,38.46,-0.79,61.54,-0.01
TPLPLASTEH,2026-08-28,Bearish,78.75,STRONG,100,51.0,1.18,58.0,2.03,67.0,4.71,61.0,5.65
VEEDOL,2026-08-28,Neutral-Range,40.17,NEGATIVE,8,50.0,1.06,50.0,0.37,25.0,-0.64,25.0,-1.46
HDFCBSE500,2026-08-28,Bearish,65.87,POSITIVE,100,60.0,0.26,63.0,0.51,66.0,0.92,71.0,1.0
EBBETF0430,2026-08-28,Bearish,72.15,STRONG,100,67.0,0.09,72.0,0.16,85.0,0.39,87.0,0.59
FIEMIND,2026-08-28,Bearish,65.69,POSITIVE,11,54.55,0.56,54.55,-0.28,63.64,2.61,63.64,6.7
SIGNATURE,2026-08-28,Bearish,65.64,POSITIVE,100,54.0,0.17,53.0,0.73,59.0,2.13,66.0,1.89
VIPIND,2026-08-28,Neutral-Range,27.05,NEGATIVE,100,38.0,-0.48,37.0,-1.18,34.0,-2.02,33.0,-3.16
NATCOPHARM,2026-08-28,Bearish,78.36,STRONG,10,70.0,0.18,60.0,0.46,80.0,3.13,70.0,4.13
GVPIL,2026-08-28,Bearish,71.95,STRONG,18,61.11,1.36,55.56,3.15,50.0,4.35,44.44,15.14
GMRP&UI,2026-08-28,Bearish,78.33,STRONG,84,65.48,1.86,59.52,2.97,64.29,4.5,63.1,4.39
DCAL,2026-08-28,Bearish,71.91,STRONG,100,55.0,1.02,54.0,1.65,55.0,3.04,66.0,4.82
INDRAMEDCO,2026-08-28,Bearish,71.89,STRONG,100,52.0,0.2,51.0,0.58,64.0,3.58,68.0,5.94
AADHARHFC,2026-08-28,Neutral-Range,52.51,MIXED,100,51.0,-0.13,48.0,0.07,53.0,0.47,49.0,0.54
NIFTYETF,2026-08-28,Bearish,65.23,POSITIVE,15,53.33,0.22,66.67,0.42,66.67,0.47,66.67,0.43
VHLTD,2026-08-28,Bearish,71.64,STRONG,100,49.0,1.01,60.0,1.54,64.0,1.77,61.0,1.76
SETFNIFBK,2026-08-28,Neutral-Range,52.26,MIXED,64,60.94,0.27,53.12,0.02,53.12,-0.0,56.25,0.12
RADIANTCMS,2026-08-28,Bullish,13.53,NEGATIVE,17,35.29,-0.8,35.29,-1.89,17.65,-3.32,11.76,-2.74
SWARAJENG,2026-08-28,Bearish,77.81,STRONG,100,62.0,0.8,66.0,1.59,65.0,2.65,61.0,4.01
MSUMI,2026-08-28,Bearish,64.88,POSITIVE,20,35.0,-0.84,50.0,0.13,70.0,1.84,40.0,0.37
ORISSAMINE,2026-08-28,Bearish,64.79,POSITIVE,13,46.15,2.08,53.85,3.13,38.46,1.24,23.08,-1.39
FACT,2026-08-28,Neutral-Range,45.46,MIXED,50,36.0,-0.13,50.0,0.67,44.0,-1.28,36.0,0.23
DHARIWAL,2026-08-28,Neutral-Range,26.14,NEGATIVE,86,45.35,0.44,36.05,-0.81,40.7,-3.12,40.7,-4.63
ADANIGREEN,2026-08-28,Neutral-Range,38.92,NEGATIVE,100,39.0,-0.6,41.0,-0.43,39.0,-0.59,46.0,-1.06
ORIANA,2026-08-28,Neutral-Range,45.32,MIXED,100,32.0,-0.76,34.0,-0.71,42.0,1.64,47.0,3.07
VOLTAS,2026-08-28,Bearish,77.43,STRONG,8,50.0,0.79,50.0,1.04,75.0,3.63,62.5,3.08
LIQUIDIETF,2026-08-28,Neutral-Range,19.49,NEGATIVE,39,0.0,0.0,5.13,0.0,7.69,0.0,0.0,0.0
SAHYADRI,2026-08-28,Neutral-Range,51.61,MIXED,100,44.0,-0.08,53.0,0.24,50.0,-0.1,42.0,-0.57
CREDITACC,2026-08-28,Bearish,70.86,STRONG,100,53.0,0.98,59.0,1.54,59.0,2.1,56.0,1.37
FAZE3Q,2026-08-28,Bearish,64.44,POSITIVE,23,47.83,0.17,47.83,-0.13,52.17,3.74,56.52,4.37
GOLD1,2026-08-28,Bullish,6.54,NEGATIVE,8,25.0,-0.46,0.0,-1.5,12.5,-1.71,12.5,-3.57
NV20IETF,2026-08-28,Neutral-Range,57.51,POSITIVE,24,45.83,0.13,50.0,0.19,66.67,0.23,62.5,-0.04
SANDUMA,2026-08-28,Neutral-Range,44.66,MIXED,100,41.0,-0.57,37.0,-0.62,45.0,0.86,47.0,2.61
DTIL,2026-08-28,Neutral-Range,44.66,MIXED,100,44.0,-0.15,50.0,-0.35,48.0,-0.81,38.0,-1.42
EQUITASBNK,2026-08-28,Bearish,70.14,STRONG,10,60.0,1.51,70.0,1.05,60.0,1.36,30.0,-0.71
LOWVOL1,2026-08-28,Neutral-Range,57.22,POSITIVE,100,51.0,-0.03,62.0,0.15,56.0,0.08,50.0,-0.16
DATAPATTNS,2026-08-28,Neutral-Range,18.61,NEGATIVE,11,36.36,-1.46,36.36,-1.31,18.18,-2.56,9.09,-4.33
SURAJEST,2026-08-28,Neutral-Range,31.34,NEGATIVE,100,36.0,-0.26,39.0,-0.54,35.0,-1.85,41.0,-3.09
INDIASHLTR,2026-08-28,Neutral-Range,50.5,MIXED,83,46.99,-0.18,46.99,-0.16,49.4,0.6,53.01,0.32
NOCIL,2026-08-28,Neutral-Range,44.04,MIXED,100,44.0,0.25,46.0,0.26,42.0,-0.7,34.0,-2.69
BBOX,2026-08-28,Neutral-Range,56.82,MIXED,100,48.0,0.61,53.0,1.3,49.0,0.23,40.0,-2.28
GILLETTE,2026-08-28,Bearish,69.61,POSITIVE,100,57.0,0.71,57.0,1.5,62.0,1.74,55.0,1.49
ICICIPRULI,2026-08-28,Neutral-Range,56.68,MIXED,100,50.0,-0.18,58.0,0.2,54.0,0.42,55.0,0.14
ICRA,2026-08-28,Neutral-Range,50.17,MIXED,100,51.0,-0.16,48.0,-0.36,55.0,0.14,50.0,-0.13
SEJALLTD,2026-08-28,Bearish,75.85,STRONG,22,63.64,1.56,63.64,1.85,72.73,1.43,45.45,-2.46
JTEKTINDIA,2026-08-28,Bearish,69.43,POSITIVE,21,52.38,-0.18,47.62,0.31,71.43,2.88,71.43,4.37
RITES,2026-08-28,Neutral-Range,50.08,MIXED,12,50.0,-0.25,58.33,0.29,50.0,-1.0,50.0,-1.0
NUVOCO,2026-08-28,Bearish,62.85,POSITIVE,100,54.0,0.67,51.0,1.1,56.0,1.5,59.0,2.09
JUBLFOOD,2026-08-28,Neutral-Range,37.12,NEGATIVE,100,43.0,-0.32,40.0,-0.76,40.0,-0.71,42.0,-0.63
MOBIKWIK,2026-08-28,Bearish,62.53,POSITIVE,19,63.16,3.35,73.68,1.68,42.11,0.07,42.11,-3.58
SCILAL,2026-08-28,Neutral-Range,36.78,NEGATIVE,100,42.0,-0.21,38.0,-0.34,40.0,-1.04,36.0,-2.52
GALAXYSURF,2026-08-28,Neutral-Range,36.75,NEGATIVE,81,38.27,-0.61,40.74,-0.91,41.98,-0.89,38.27,-0.83
DBREALTY,2026-08-28,Neutral-Range,49.61,MIXED,100,38.0,-0.33,42.0,0.02,41.0,1.37,29.0,-0.69
TIL,2026-08-28,Neutral-Range,43.09,MIXED,100,49.0,0.61,46.0,0.64,37.0,-0.88,37.0,-0.62
PGHL,2026-08-28,Bearish,62.3,POSITIVE,16,56.25,0.36,56.25,0.7,56.25,1.28,68.75,1.49
SESHAPAPER,2026-08-28,Neutral-Range,36.5,NEGATIVE,100,36.0,-0.78,37.0,-0.9,45.0,-0.9,49.0,-1.52
SOMICONVEY,2026-08-28,Neutral-Range,42.92,NEGATIVE,15,33.33,-1.76,33.33,-0.11,46.67,0.09,40.0,0.59
LIQUIDETF,2026-08-28,Neutral-Range,49.3,MIXED,100,40.0,0.0,50.0,0.0,48.0,0.0,42.0,0.0
MOTHERSON,2026-08-28,Neutral-Range,30.0,NEGATIVE,9,66.67,-2.07,66.67,-1.54,33.33,-3.59,33.33,-3.46
BALKRISIND,2026-08-28,Neutral-Range,49.24,MIXED,100,55.0,-0.27,47.0,-0.64,57.0,0.1,58.0,0.45
AFFLE,2026-08-28,Neutral-Range,55.58,MIXED,30,43.33,-0.27,53.33,-0.08,56.67,0.6,53.33,0.16
KIOCL,2026-08-28,Neutral-Range,16.88,NEGATIVE,8,12.5,-1.37,12.5,-5.01,50.0,-0.67,25.0,-3.78
KSOLVES,2026-08-28,Neutral-Range,55.44,MIXED,19,52.63,-0.61,52.63,-0.83,52.63,1.73,47.37,1.22
UJJIVANSFB,2026-08-28,Bearish,68.25,POSITIVE,100,51.0,0.85,55.0,1.21,64.0,1.69,55.0,0.55
JAINREC,2026-08-28,Neutral-Range,42.49,NEGATIVE,44,54.55,-0.08,45.45,-0.82,47.73,-0.46,45.45,-1.64
AIAENG,2026-08-28,Neutral-Range,55.29,MIXED,100,57.0,0.32,52.0,0.3,51.0,0.76,59.0,1.11
GNA,2026-08-28,Neutral-Range,42.44,NEGATIVE,100,42.0,-0.71,42.0,-0.77,42.0,0.28,42.0,0.48
CANTABIL,2026-08-28,Neutral-Range,23.12,NEGATIVE,20,30.0,-1.32,30.0,-2.17,30.0,-1.05,45.0,-1.02
INSECTICID,2026-08-28,Neutral-Range,48.69,MIXED,100,45.0,-0.56,45.0,-0.58,54.0,0.34,41.0,-0.31
HEMIPROP,2026-08-28,Bearish,74.37,STRONG,15,60.0,0.94,46.67,1.19,80.0,2.57,73.33,2.39
ROUTE,2026-08-28,Neutral-Range,35.78,NEGATIVE,10,40.0,-1.26,30.0,-0.3,40.0,-0.63,40.0,-0.09
ALLDIGI,2026-08-28,Neutral-Range,35.74,NEGATIVE,10,30.0,-0.14,40.0,-0.71,30.0,-0.23,10.0,-2.83
SUBROS,2026-08-28,Bearish,67.78,POSITIVE,100,53.0,0.98,53.0,1.2,61.0,2.02,57.0,3.12
NDRAUTO,2026-08-28,Bearish,74.2,STRONG,100,49.0,0.59,51.0,0.89,61.0,5.09,61.0,5.73
PHANTOMFX,2026-08-28,Bearish,61.32,POSITIVE,23,60.87,0.88,56.52,-0.03,47.83,2.48,52.17,1.23
SIRCA,2026-08-28,Neutral-Range,35.49,NEGATIVE,100,38.0,-0.72,42.0,-0.98,41.0,-1.16,37.0,-1.23
CHANDAN,2026-08-28,Bearish,80.41,STRONG,37,62.16,1.56,56.76,2.41,72.97,5.21,70.27,5.97
SHALPAINTS,2026-08-28,Neutral-Range,54.56,MIXED,19,47.37,-0.34,47.37,0.1,57.89,0.58,57.89,3.15
PRECOT,2026-08-28,Bearish,67.4,POSITIVE,10,60.0,1.75,60.0,0.8,60.0,1.8,60.0,5.06
TITAGARH,2026-08-28,Neutral-Range,41.6,NEGATIVE,8,62.5,1.04,50.0,0.18,50.0,-2.28,12.5,-3.82
CEWATER,2026-08-28,Neutral-Range,35.17,NEGATIVE,66,34.85,0.05,33.33,-0.19,33.33,-0.6,37.88,-0.21
GODREJCP,2026-08-28,Bearish,67.23,POSITIVE,16,43.75,-0.05,56.25,1.28,50.0,2.48,68.75,3.22
COMMOIETF,2026-08-28,Bearish,66.99,POSITIVE,100,58.0,0.37,59.0,0.78,66.0,1.28,64.0,0.97
AARTIPHARM,2026-08-28,Neutral-Range,34.82,NEGATIVE,100,44.0,-0.23,43.0,-0.79,39.0,-1.43,50.0,-0.3
UPL,2026-08-28,Bearish,60.52,POSITIVE,100,54.0,0.28,52.0,0.35,64.0,0.88,57.0,0.94
PARAGMILK,2026-08-28,Bullish,9.0,NEGATIVE,10,30.0,-1.89,20.0,-2.98,20.0,-7.09,20.0,-10.93
GREENPLY,2026-08-28,Neutral-Range,53.87,MIXED,100,41.0,0.15,41.0,0.31,44.0,1.97,50.0,3.1
TRANSTEEL,2026-08-28,Bearish,73.14,STRONG,8,62.5,-1.72,50.0,-1.67,62.5,6.36,87.5,50.8
SONATSOFTW,2026-08-28,Neutral-Range,28.01,NEGATIVE,100,40.0,-0.31,37.0,-1.05,38.0,-2.26,46.0,-0.99
BHARATSE,2026-08-28,Neutral-Range,28.0,NEGATIVE,10,20.0,-1.35,40.0,-1.04,20.0,-0.96,60.0,0.72
NESTLEIND,2026-08-28,Neutral-Range,53.62,MIXED,100,50.0,0.0,52.0,-0.01,54.0,0.39,47.0,-0.15
JSWHL,2026-08-28,Neutral-Range,53.55,MIXED,100,53.0,0.79,52.0,0.62,45.0,0.53,48.0,1.12
NIITMTS,2026-08-28,Neutral-Range,40.47,NEGATIVE,100,42.0,-0.57,47.0,-0.59,46.0,-1.18,37.0,-2.03
HMVL,2026-08-28,Bearish,66.13,POSITIVE,11,63.64,1.05,63.64,1.62,54.55,0.82,36.36,2.34
MUKKA,2026-08-28,Bearish,66.11,POSITIVE,9,33.33,5.36,44.44,4.56,44.44,4.87,33.33,1.31
NIBE,2026-08-28,Neutral-Range,40.33,NEGATIVE,18,44.44,-0.19,27.78,0.18,38.89,0.32,22.22,1.6
TANLA,2026-08-28,Bearish,59.6,POSITIVE,12,66.67,0.94,66.67,0.89,41.67,0.78,25.0,0.69
ANUP,2026-08-28,Bearish,65.85,POSITIVE,17,47.06,-0.54,58.82,0.08,58.82,2.34,70.59,3.76
SYNGENE,2026-08-28,Neutral-Range,46.54,MIXED,11,54.55,-0.92,45.45,0.2,45.45,-0.27,36.36,-1.43
MANAPPURAM,2026-08-28,Neutral-Range,46.48,MIXED,25,36.0,-0.93,40.0,-1.17,56.0,0.64,60.0,-0.22
RPSGVENT,2026-08-28,Bearish,72.15,STRONG,13,61.54,2.14,61.54,2.85,53.85,1.34,53.85,-0.96
SCHAEFFLER,2026-08-28,Neutral-Range,46.41,MIXED,100,49.0,-0.15,53.0,-0.05,42.0,-0.41,35.0,-0.95
MANALIPETC,2026-08-28,Bullish,1.36,NEGATIVE,11,9.09,-2.29,9.09,-3.85,9.09,-5.15,9.09,-6.53
SUDARSCHEM,2026-08-28,Bullish,7.78,NEGATIVE,8,25.0,-1.56,12.5,-1.53,0.0,-1.37,37.5,-0.49
GMRAIRPORT,2026-08-28,Bearish,65.61,POSITIVE,100,58.0,0.36,52.0,0.8,63.0,1.79,65.0,2.9
KAMATHOTEL,2026-08-28,Neutral-Range,20.61,NEGATIVE,100,35.0,-0.66,30.0,-1.21,25.0,-2.2,36.0,-1.95
ELLEN,2026-08-28,Neutral-Range,26.85,NEGATIVE,100,39.0,-0.6,36.0,-1.02,35.0,-2.23,36.0,-1.57
MIDHANI,2026-08-28,Neutral-Range,46.09,MIXED,31,35.48,-1.29,51.61,-0.56,38.71,0.43,38.71,-0.58
BSLNIFTY,2026-08-28,Bearish,58.89,POSITIVE,100,59.0,0.15,56.0,0.15,63.0,0.41,64.0,0.56
DSSL,2026-08-28,Bearish,71.75,STRONG,100,49.0,1.14,52.0,1.81,53.0,3.82,43.0,3.06
BANKBETF,2026-08-28,Bearish,71.66,STRONG,100,59.0,0.25,69.0,0.72,69.0,1.37,66.0,1.06
KOHINOOR,2026-08-28,Neutral-Range,20.23,NEGATIVE,46,23.91,-1.76,26.09,-1.77,39.13,-2.63,19.57,-4.59
KOLTEPATIL,2026-08-28,Neutral-Range,39.51,NEGATIVE,100,44.0,-0.27,42.0,-0.38,43.0,-0.93,35.0,-1.45
GPIL,2026-08-28,Neutral-Range,52.26,MIXED,8,25.0,-1.58,50.0,-1.97,62.5,1.44,50.0,-3.27
MULTICAP,2026-08-28,Neutral-Range,32.95,NEGATIVE,8,62.5,-0.01,50.0,-0.07,12.5,-0.91,50.0,-0.64
TREJHARA,2026-08-28,Bearish,71.52,STRONG,23,26.09,-0.91,39.13,1.04,65.22,4.84,56.52,5.48
SANOFICONR,2026-08-28,Neutral-Range,52.06,MIXED,79,44.3,0.55,45.57,0.58,45.57,0.71,44.3,0.12
RIIL,2026-08-28,Neutral-Range,39.17,NEGATIVE,20,85.0,0.94,50.0,-1.11,45.0,-1.16,45.0,-1.2
RELIANCE,2026-08-28,Neutral-Range,52.02,MIXED,100,54.0,-0.2,56.0,-0.1,50.0,0.08,52.0,0.53
COFFEEDAY,2026-08-28,Neutral-Range,45.59,MIXED,100,41.0,1.21,41.0,0.73,44.0,-0.52,41.0,0.41
BRITANNIA,2026-08-28,Neutral-Range,51.74,MIXED,14,42.86,-0.08,57.14,0.97,50.0,-1.16,50.0,-1.12
SUNTV,2026-08-28,Neutral-Range,38.89,NEGATIVE,100,46.0,-0.04,43.0,-0.28,36.0,-0.66,42.0,-0.51
BESTAGRO,2026-08-28,Neutral-Range,51.58,MIXED,10,60.0,1.34,50.0,0.91,40.0,0.36,30.0,-2.01
BHARTIHEXA,2026-08-28,Bearish,57.88,POSITIVE,14,42.86,-0.18,57.14,0.71,42.86,1.26,35.71,-3.04
GANDHITUBE,2026-08-28,Neutral-Range,45.01,MIXED,100,47.0,0.26,44.0,-0.08,47.0,-0.38,40.0,-0.9
THOMASCOTT,2026-08-28,Bearish,70.7,STRONG,100,44.0,1.15,50.0,2.25,52.0,2.84,40.0,3.52
ULTRACEMCO,2026-08-28,Neutral-Range,51.3,MIXED,10,40.0,-0.34,60.0,-0.32,50.0,-0.23,50.0,-0.08
HINDUNILVR,2026-08-28,Neutral-Range,51.28,MIXED,14,42.86,-0.68,42.86,-0.27,57.14,0.59,64.29,2.03
RHIM,2026-08-28,Bearish,64.08,POSITIVE,31,48.39,0.12,58.06,1.02,54.84,1.37,54.84,1.48
PRIMO,2026-08-28,Bearish,63.96,POSITIVE,80,45.0,0.65,48.75,1.04,51.25,2.45,52.5,4.03
SHREECEM,2026-08-28,Bearish,63.95,POSITIVE,100,52.0,0.19,55.0,0.74,58.0,1.61,54.0,1.67
AKIKO,2026-08-28,Neutral-Range,12.5,NEGATIVE,14,28.57,-2.2,35.71,-1.52,14.29,-4.23,14.29,-4.15
HONASA,2026-08-28,Bearish,57.11,POSITIVE,26,50.0,-0.12,50.0,0.48,53.85,0.96,69.23,3.66
TCL,2026-08-28,Neutral-Range,44.06,MIXED,47,42.55,0.38,44.68,0.14,36.17,0.05,48.94,0.26
SPECTRUM,2026-08-28,Neutral-Range,50.47,MIXED,8,0.0,-5.09,25.0,-2.92,62.5,4.13,25.0,4.11
IGL,2026-08-28,Neutral-Range,43.96,MIXED,8,62.5,-3.22,50.0,-2.53,50.0,1.02,50.0,5.45
ASALCBR,2026-08-28,Bearish,69.6,POSITIVE,17,58.82,0.82,64.71,1.55,58.82,1.29,52.94,2.86
CHOLAHLDNG,2026-08-28,Bearish,75.91,STRONG,77,55.84,0.96,51.95,1.59,64.94,3.53,72.73,3.92
RELAXO,2026-08-28,Bearish,56.52,MIXED,100,50.0,0.19,44.0,0.7,52.0,1.28,49.0,0.68
NEXT50IETF,2026-08-28,Neutral-Range,37.2,NEGATIVE,14,42.86,-0.49,35.71,-0.35,35.71,-0.35,35.71,-0.68
HUHTAMAKI,2026-08-28,Neutral-Range,37.16,NEGATIVE,22,36.36,-1.1,45.45,-0.65,31.82,-0.57,54.55,0.78
IONEXCHANG,2026-08-28,Neutral-Range,37.18,NEGATIVE,100,43.0,-0.39,42.0,-0.49,36.0,-0.79,32.0,-1.17
MARICO,2026-08-28,Bearish,69.2,POSITIVE,8,62.5,0.94,62.5,0.52,75.0,1.0,75.0,2.5
BIOCON,2026-08-28,Bearish,69.2,POSITIVE,18,61.11,0.66,66.67,2.33,61.11,0.04,33.33,-1.75
HPAL,2026-08-28,Neutral-Range,49.89,MIXED,16,25.0,-0.16,37.5,0.77,56.25,-0.25,56.25,-2.08
DJML,2026-08-28,Bearish,62.53,POSITIVE,15,46.67,-0.87,53.33,0.47,53.33,2.08,60.0,4.7
ESCORTS,2026-08-28,Neutral-Range,49.63,MIXED,15,66.67,0.32,40.0,0.11,53.33,0.38,66.67,-0.0
GREENLAM,2026-08-28,Bearish,56.05,MIXED,18,61.11,1.11,55.56,0.5,55.56,0.04,38.89,-0.64
ANDHRSUGAR,2026-08-28,Neutral-Range,30.32,NEGATIVE,56,37.5,-0.85,35.71,-1.21,35.71,-1.21,25.0,-2.25
SHARDAMOTR,2026-08-28,Bearish,55.85,MIXED,24,45.83,0.35,58.33,0.94,54.17,-0.57,50.0,-3.88
ELECON,2026-08-28,Bearish,55.83,MIXED,100,48.0,-0.22,47.0,0.52,50.0,1.2,47.0,0.37
JITFINFRA,2026-08-28,Bearish,62.15,POSITIVE,19,47.37,1.45,36.84,0.43,52.63,3.53,42.11,3.51
SHRIRAMFIN,2026-08-28,Bearish,55.46,MIXED,100,63.0,0.03,62.0,-0.07,60.0,-0.49,56.0,-1.85
RANEHOLDIN,2026-08-28,Bearish,55.0,MIXED,11,27.27,0.25,54.55,1.7,45.45,-0.45,36.36,0.55
IMFA,2026-08-28,Bearish,54.96,MIXED,23,65.22,-0.39,69.57,0.32,39.13,0.16,26.09,-0.94
HSCL,2026-08-28,Bearish,61.27,POSITIVE,100,49.0,0.04,58.0,0.97,51.0,1.06,51.0,1.32
CELLECOR,2026-08-28,Bearish,54.83,MIXED,100,47.0,0.73,46.0,0.63,51.0,0.84,49.0,-3.38
LIQUIDSBI,2026-08-28,Neutral-Range,29.0,NEGATIVE,15,6.67,-0.0,26.67,-0.0,13.33,-0.0,20.0,-0.0
BECTORFOOD,2026-08-28,Bearish,54.58,MIXED,18,55.56,0.04,44.44,-0.73,61.11,1.39,61.11,0.41
PURVA,2026-08-28,Neutral-Range,48.02,MIXED,24,50.0,0.36,54.17,0.8,41.67,-0.93,62.5,-0.76
PNBGILTS,2026-08-28,Neutral-Range,35.08,NEGATIVE,100,45.0,-0.02,40.0,-0.48,36.0,-1.15,36.0,-1.43
JBMA,2026-08-28,Neutral-Range,41.46,NEGATIVE,18,55.56,1.67,38.89,-0.07,55.56,-1.58,55.56,-4.33
TAKE,2026-08-28,Bearish,73.5,STRONG,20,65.0,1.37,60.0,3.79,50.0,4.75,50.0,2.22
OMAXAUTO,2026-08-28,Bearish,66.82,POSITIVE,27,48.15,0.41,51.85,0.79,62.96,2.12,51.85,3.24
AWHCL,2026-08-28,Neutral-Range,41.12,NEGATIVE,100,39.0,0.34,37.0,0.06,35.0,0.17,39.0,0.61
AWL,2026-08-28,Neutral-Range,15.33,NEGATIVE,11,36.36,-1.43,27.27,-1.8,27.27,-2.89,36.36,-3.67
SAMMAANCAP,2026-08-28,Bearish,66.69,POSITIVE,11,63.64,2.04,54.55,0.13,63.64,2.45,54.55,1.62
LIBERTSHOE,2026-08-28,Neutral-Range,40.89,NEGATIVE,100,41.0,-0.14,33.0,0.04,38.0,0.22,38.0,-0.19
MAPMYINDIA,2026-08-28,Bearish,53.71,MIXED,100,51.0,-0.14,51.0,-0.3,54.0,0.79,44.0,0.33
DMART,2026-08-28,Bearish,60.11,POSITIVE,100,47.0,0.33,48.0,0.77,53.0,1.67,58.0,2.17
FINKURVE,2026-08-28,Neutral-Range,15.0,NEGATIVE,98,36.73,-0.87,32.65,-1.8,24.49,-3.62,24.49,-5.07
HDFCPSUBK,2026-08-28,Bearish,53.54,MIXED,14,50.0,0.39,64.29,0.66,42.86,-0.4,42.86,-0.52
SPMLINFRA,2026-08-28,Bearish,72.8,STRONG,100,62.0,2.25,57.0,2.72,51.0,2.62,54.0,4.23
HDFCMID150,2026-08-28,Neutral-Range,34.2,NEGATIVE,100,57.0,-2.41,58.0,-3.12,54.0,-6.73,54.0,-8.01
BELRISE,2026-08-28,Bearish,53.43,MIXED,9,44.44,-1.16,33.33,-0.6,55.56,2.43,66.67,4.56
ORIENTTECH,2026-08-28,Neutral-Range,46.94,MIXED,100,48.0,0.3,51.0,0.43,43.0,-0.67,41.0,-0.6
GICHSGFIN,2026-08-28,Neutral-Range,40.48,NEGATIVE,100,47.0,-0.56,42.0,-0.57,42.0,-0.41,47.0,-0.78
RCF,2026-08-28,Bearish,66.15,POSITIVE,26,61.54,0.97,53.85,0.18,61.54,2.51,57.69,1.99
STYRENIX,2026-08-28,Neutral-Range,40.32,NEGATIVE,15,46.67,0.31,40.0,-0.39,40.0,-0.28,26.67,-2.75
SKFINDIA,2026-08-28,Neutral-Range,33.85,NEGATIVE,100,44.0,-0.2,41.0,-0.56,38.0,-1.64,27.0,-4.87
HBLENGINE,2026-08-28,Bearish,53.14,MIXED,79,45.57,0.27,44.3,0.43,46.84,1.13,50.63,4.01
JKCEMENT,2026-08-28,Bearish,65.98,POSITIVE,100,49.0,0.18,53.0,0.58,61.0,2.19,75.0,4.29
BHARATWIRE,2026-08-28,Neutral-Range,40.18,NEGATIVE,100,42.0,0.09,46.0,0.28,32.0,-0.81,30.0,-3.07
CONSUMBEES,2026-08-28,Bearish,59.43,POSITIVE,100,62.0,0.27,60.0,0.32,61.0,0.2,59.0,0.21
APLLTD,2026-08-28,Bearish,52.84,MIXED,21,52.38,0.71,42.86,0.33,57.14,0.38,47.62,0.75
NIFTYBEES,2026-08-28,Bearish,59.17,POSITIVE,100,59.0,0.18,57.0,0.22,62.0,0.41,62.0,0.34
ARROWGREEN,2026-08-28,Neutral-Range,46.23,MIXED,31,25.81,-1.21,48.39,-0.88,48.39,0.22,25.81,-1.49
RPGLIFE,2026-08-28,Bearish,78.34,STRONG,12,58.33,0.22,66.67,1.18,75.0,2.26,91.67,5.51
FISCHER,2026-08-28,Bearish,58.88,POSITIVE,50,48.0,0.45,54.0,0.04,58.0,1.13,48.0,0.94
CPSEETF,2026-08-28,Bearish,52.43,MIXED,85,52.94,0.43,52.94,0.47,45.88,0.24,48.24,0.7
TALBROAUTO,2026-08-28,Bearish,58.76,POSITIVE,33,48.48,-0.06,51.52,0.47,54.55,1.19,51.52,-0.89
MASPTOP50,2026-08-28,Bearish,58.67,POSITIVE,15,60.0,-0.35,66.67,-0.27,66.67,-0.48,73.33,0.84
DIAMINESQ,2026-08-28,Neutral-Range,39.28,NEGATIVE,8,75.0,0.69,50.0,0.16,50.0,-2.84,25.0,-6.53
RICOAUTO,2026-08-28,Bearish,52.03,MIXED,36,36.11,-0.57,38.89,0.47,50.0,1.01,47.22,0.66
IREDA,2026-08-28,Neutral-Range,45.61,MIXED,100,45.0,0.18,44.0,-0.07,47.0,-0.24,44.0,-0.3
MONARCH,2026-08-28,Neutral-Range,39.09,NEGATIVE,100,44.0,-0.18,44.0,-0.72,39.0,-0.52,42.0,0.16
IPL,2026-08-28,Neutral-Range,32.59,NEGATIVE,100,39.0,-0.58,39.0,-0.59,34.0,-1.4,39.0,-2.01
NCLIND,2026-08-28,Neutral-Range,38.91,NEGATIVE,17,23.53,-1.55,41.18,-0.88,41.18,-0.35,41.18,0.77
ARTEMISMED,2026-08-28,Neutral-Range,6.67,NEGATIVE,9,0.0,-3.59,0.0,-4.59,33.33,-2.8,22.22,-3.66
VSSL,2026-08-28,Neutral-Range,32.34,NEGATIVE,100,34.0,-0.64,32.0,-0.77,30.0,-0.32,36.0,0.07
AVANTIFEED,2026-08-28,Bearish,51.57,MIXED,96,48.96,-0.27,47.92,0.03,45.83,0.91,43.75,1.81
RAMCOCEM,2026-08-28,Bearish,57.93,POSITIVE,100,50.0,0.21,55.0,0.7,52.0,0.67,51.0,-0.31
AAVAS,2026-08-28,Bearish,51.5,MIXED,100,45.0,0.04,52.0,0.13,46.0,0.42,46.0,0.19
EBBETF0431,2026-08-28,Bearish,64.32,POSITIVE,100,66.0,0.08,66.0,0.15,70.0,0.28,80.0,0.53
CONSUMER,2026-08-28,Neutral-Range,44.98,MIXED,64,50.0,0.02,45.31,-0.04,42.19,-0.12,40.62,-0.28
IRFC,2026-08-28,Bearish,51.34,MIXED,26,57.69,1.05,50.0,1.34,34.62,0.34,38.46,1.91
SUMICHEM,2026-08-28,Bearish,57.75,POSITIVE,32,50.0,0.12,59.38,0.65,46.88,0.74,37.5,1.79
BLUESTONE,2026-08-28,Neutral-Range,44.85,MIXED,100,46.0,-0.73,41.0,-0.99,42.0,1.19,46.0,3.25
RAMKY,2026-08-28,Bearish,64.15,POSITIVE,20,45.0,1.11,45.0,2.39,40.0,2.46,40.0,1.55
MUNJALSHOW,2026-08-28,Bearish,63.99,POSITIVE,18,44.44,-0.18,50.0,0.54,66.67,1.5,72.22,3.24
LANDMARK,2026-08-28,Bearish,50.98,MIXED,14,50.0,2.79,35.71,2.16,28.57,1.21,57.14,4.18
ZYDUSWELL,2026-08-28,Neutral-Range,12.36,NEGATIVE,10,30.0,-1.22,20.0,-2.31,20.0,-1.85,30.0,-4.18
FELIX,2026-08-28,Bearish,70.0,STRONG,100,54.0,1.29,48.0,2.48,52.0,5.62,61.0,11.47
MAANALU,2026-08-28,Neutral-Range,18.56,NEGATIVE,18,27.78,-1.17,16.67,-2.26,27.78,-0.74,44.44,1.04
BETA,2026-08-28,Bearish,63.56,POSITIVE,17,52.94,0.07,58.82,0.22,52.94,2.14,35.29,1.4
PROSTARM,2026-08-28,Neutral-Range,37.85,NEGATIVE,88,42.05,-0.26,36.36,-0.07,36.36,-0.58,44.32,-0.95
ACCELYA,2026-08-28,Neutral-Range,37.82,NEGATIVE,100,52.0,-0.43,46.0,-0.83,44.0,-1.34,47.0,-0.66
DENTA,2026-08-28,Bearish,63.5,POSITIVE,100,53.0,0.77,52.0,0.96,46.0,2.59,46.0,3.52
SSDL,2026-08-28,Bearish,50.58,MIXED,13,38.46,-0.27,53.85,0.43,53.85,-0.96,7.69,-4.29
DOLLAR,2026-08-28,Bearish,50.52,MIXED,15,40.0,-1.04,46.67,-0.26,53.33,0.39,66.67,2.11
AEGISLOG,2026-08-28,Neutral-Range,44.08,MIXED,22,45.45,-0.79,54.55,-1.09,45.45,-0.39,59.09,2.05
HPL,2026-08-28,Bearish,50.49,MIXED,16,37.5,-0.5,37.5,-0.52,56.25,1.19,56.25,0.98
SYMPHONY,2026-08-28,Bearish,56.92,MIXED,41,48.78,0.02,51.22,0.3,56.1,0.79,46.34,0.08
ALICON,2026-08-28,Bearish,56.88,MIXED,25,64.0,0.36,52.0,-0.26,60.0,0.93,44.0,3.37
DLINKINDIA,2026-08-28,Neutral-Range,24.72,NEGATIVE,15,40.0,-0.78,46.67,-1.13,33.33,-3.44,26.67,-2.43
ARIHANTSUP,2026-08-28,Bearish,50.43,MIXED,100,42.0,0.25,44.0,0.36,41.0,1.06,46.0,1.93
TIGERLOGS,2026-08-28,Neutral-Range,31.08,NEGATIVE,100,41.0,-0.86,38.0,-0.58,30.0,-1.35,29.0,-2.94
KANSAINER,2026-08-28,Bearish,69.64,POSITIVE,25,64.0,0.94,68.0,0.79,64.0,1.32,80.0,3.29
FINPIPE,2026-08-28,Bearish,50.28,MIXED,100,48.0,0.07,54.0,0.07,46.0,0.0,40.0,-0.16
OLECTRA,2026-08-28,Bearish,50.18,MIXED,24,37.5,-1.2,45.83,-0.06,50.0,0.47,54.17,1.99
FINIETF,2026-08-28,Bearish,56.57,MIXED,19,84.21,1.22,63.16,0.66,47.37,0.06,52.63,0.87
TORNTPOWER,2026-08-28,Bearish,56.56,MIXED,14,57.14,0.73,57.14,0.86,57.14,-0.47,42.86,0.45
TIMKEN,2026-08-28,Bearish,50.12,MIXED,100,54.0,0.13,56.0,0.33,44.0,-0.3,38.0,-1.59
EPACK,2026-08-28,Bearish,56.41,MIXED,100,41.0,0.09,44.0,0.21,55.0,1.48,57.0,2.32
SALZERELEC,2026-08-28,Bearish,56.4,MIXED,17,52.94,0.95,58.82,1.19,41.18,0.41,35.29,-0.35
SUNFLAG,2026-08-28,Bearish,49.84,MIXED,24,50.0,0.24,62.5,1.05,37.5,-1.09,50.0,-0.61
GANESHHOU,2026-08-28,Neutral-Range,43.4,MIXED,100,42.0,-0.04,40.0,-0.22,40.0,0.32,42.0,-0.38
VERANDA,2026-08-28,Neutral-Range,43.41,MIXED,12,50.0,-0.47,33.33,-1.03,50.0,0.84,33.33,-2.59
IOB,2026-08-28,Bearish,62.59,POSITIVE,31,51.61,0.33,58.06,1.41,54.84,0.61,64.52,1.79
AJAXENGG,2026-08-28,Neutral-Range,43.12,MIXED,100,38.0,-0.14,38.0,0.01,38.0,0.37,41.0,-0.22
HESTERBIO,2026-08-28,Bearish,55.77,MIXED,18,50.0,0.94,55.56,1.3,55.56,-0.83,50.0,-1.27
MCLOUD,2026-08-28,Bearish,62.21,POSITIVE,100,45.0,1.06,48.0,0.99,63.0,1.1,51.0,-0.35
PATANJALI,2026-08-28,Neutral-Range,36.48,NEGATIVE,100,40.0,-0.3,41.0,-0.65,39.0,-0.98,25.0,-1.44
ASHOKA,2026-08-28,Neutral-Range,42.9,NEGATIVE,100,45.0,-0.47,43.0,-0.58,47.0,-0.32,55.0,0.3
COASTCORP,2026-08-28,Neutral-Range,30.0,NEGATIVE,100,52.0,-1.72,54.0,-1.76,46.0,-4.93,44.0,-7.86
SURYAROSNI,2026-08-28,Bearish,49.23,MIXED,34,50.0,0.24,55.88,1.01,47.06,-1.46,44.12,-3.51
PFC,2026-08-28,Bearish,55.61,MIXED,100,51.0,0.75,50.0,0.93,49.0,0.56,47.0,0.35
LXCHEM,2026-08-28,Neutral-Range,29.86,NEGATIVE,14,42.86,-0.58,42.86,-0.54,21.43,-1.37,21.43,-4.37
BASILIC,2026-08-28,Neutral-Range,29.84,NEGATIVE,100,37.0,-0.72,40.0,-0.41,32.0,-2.18,31.0,-2.06
ACI,2026-08-28,Neutral-Range,42.65,NEGATIVE,8,50.0,2.19,50.0,3.07,25.0,-2.72,12.5,-4.23
ICICIGI,2026-08-28,Bearish,61.88,POSITIVE,10,60.0,0.94,40.0,0.92,60.0,2.05,80.0,3.21
ADANIENSOL,2026-08-28,Neutral-Range,36.08,NEGATIVE,25,44.0,-0.88,24.0,-1.81,36.0,1.83,60.0,6.65
LAXMIINDIA,2026-08-28,Neutral-Range,23.0,NEGATIVE,15,40.0,-1.05,33.33,-2.8,46.67,-2.56,13.33,-2.73
ASIANTILES,2026-08-28,Neutral-Range,29.42,NEGATIVE,10,50.0,-0.66,50.0,-0.98,40.0,-3.29,30.0,-5.07
KICL,2026-08-28,Bearish,67.93,POSITIVE,24,58.33,1.03,66.67,1.4,54.17,1.26,41.67,-0.81
DOMS,2026-08-28,Bearish,61.5,POSITIVE,100,53.0,0.38,56.0,1.02,54.0,0.98,57.0,0.66
HGS,2026-08-28,Bearish,48.62,MIXED,50,40.0,-0.01,34.0,0.07,48.0,1.16,52.0,1.62
CESC,2026-08-28,Bearish,54.74,MIXED,96,51.04,0.03,56.25,-0.23,57.29,0.23,57.29,1.54
VMM,2026-08-28,Neutral-Range,35.45,NEGATIVE,100,41.0,-0.29,33.0,-0.34,38.0,-0.76,33.0,-0.55
FUSION,2026-08-28,Neutral-Range,28.98,NEGATIVE,14,42.86,0.13,50.0,0.52,28.57,-3.9,21.43,-4.37
UEL,2026-08-28,Neutral-Range,9.58,NEGATIVE,12,41.67,-3.8,33.33,-1.05,8.33,-18.14,0.0,-24.3
KAVDEFENCE,2026-08-28,Bearish,48.02,MIXED,81,48.15,0.98,45.68,1.18,44.44,-0.81,43.21,-0.98
MARUTI,2026-08-28,Bearish,60.69,POSITIVE,100,48.0,-0.21,51.0,0.2,64.0,1.16,61.0,1.83
PAISALO,2026-08-28,Bearish,47.81,MIXED,100,52.0,-0.68,46.0,-1.54,57.0,0.73,55.0,3.05
SOLEX,2026-08-28,Bearish,47.78,MIXED,17,41.18,-0.61,52.94,-0.52,52.94,-0.55,35.29,-4.31
SAWALIYA,2026-08-28,Bearish,67.05,POSITIVE,30,66.67,0.84,66.67,1.01,60.0,0.92,60.0,1.66
BDL,2026-08-28,Bearish,47.74,MIXED,100,47.0,0.39,50.0,0.42,44.0,-0.46,36.0,-3.32
GOCOLORS,2026-08-28,Neutral-Range,28.43,NEGATIVE,100,41.0,-0.78,41.0,-1.12,36.0,-2.26,41.0,-1.93
ZENSARTECH,2026-08-28,Neutral-Range,41.25,NEGATIVE,100,54.0,-0.18,48.0,-0.73,47.0,-1.02,37.0,-1.47
SATIN,2026-08-28,Bearish,60.45,POSITIVE,9,22.22,-2.05,44.44,-0.46,66.67,2.1,66.67,6.35
CORALFINAC,2026-08-28,Bearish,47.48,MIXED,16,43.75,0.5,50.0,1.6,31.25,-0.59,56.25,2.29
PYRAMID,2026-08-28,Bearish,60.31,POSITIVE,16,50.0,0.25,56.25,-1.3,50.0,3.33,31.25,-2.3
BANSALWIRE,2026-08-28,Neutral-Range,40.91,NEGATIVE,9,44.44,-0.14,44.44,-0.79,44.44,-0.51,55.56,1.45
GODAVARIB,2026-08-28,Bearish,47.35,MIXED,100,43.0,-0.15,42.0,-0.05,51.0,0.0,55.0,-0.08
DBL,2026-08-28,Bearish,60.12,POSITIVE,10,40.0,-1.12,30.0,-0.29,70.0,2.82,50.0,1.43
LAOPALA,2026-08-28,Neutral-Range,34.29,NEGATIVE,100,39.0,-0.52,45.0,-0.6,34.0,-1.49,35.0,-2.22
MASFIN,2026-08-28,Bearish,66.36,POSITIVE,99,61.62,0.88,56.57,1.17,62.63,1.24,58.59,1.11
CMSINFO,2026-08-28,Neutral-Range,34.2,NEGATIVE,11,45.45,-0.92,27.27,-1.33,54.55,-1.03,54.55,-2.03
DATAMATICS,2026-08-28,Bearish,53.4,MIXED,20,50.0,0.53,55.0,0.24,45.0,0.61,45.0,3.4
GODFRYPHLP,2026-08-28,Neutral-Range,34.08,NEGATIVE,100,45.0,0.66,36.0,0.2,32.0,-1.38,40.0,-0.88
INDOAMIN,2026-08-28,Bearish,53.32,MIXED,29,37.93,-0.38,51.72,-0.52,48.28,1.35,41.38,0.8
SUNDROP,2026-08-28,Bearish,46.82,MIXED,100,43.0,0.05,43.0,0.09,47.0,-0.01,49.0,0.08
EKC,2026-08-28,Bearish,59.66,POSITIVE,100,42.0,-0.32,48.0,0.4,54.0,1.84,52.0,0.74
SHOPERSTOP,2026-08-28,Bearish,59.59,POSITIVE,16,62.5,0.97,56.25,1.71,50.0,0.14,75.0,1.14
PATELENG,2026-08-28,Neutral-Range,40.26,NEGATIVE,40,45.0,-0.3,50.0,-0.59,40.0,-0.97,32.5,-2.68
MBEL,2026-08-28,Neutral-Range,40.27,NEGATIVE,19,36.84,-0.81,36.84,-1.31,42.11,0.72,57.89,2.0
BIRLACORPN,2026-08-28,Bearish,59.46,POSITIVE,24,58.33,0.29,54.17,0.6,50.0,1.4,66.67,3.13
SAREGAMA,2026-08-28,Bearish,46.56,MIXED,100,48.0,0.35,46.0,0.43,42.0,-0.24,48.0,0.77
ADVANCE,2026-08-28,Bearish,52.95,MIXED,100,44.0,0.28,45.0,0.35,52.0,0.65,56.0,1.27
ORIENTELEC,2026-08-28,Neutral-Range,39.92,NEGATIVE,16,68.75,0.78,50.0,0.46,31.25,-1.34,31.25,-0.55
VIKRAN,2026-08-28,Bearish,46.04,MIXED,57,45.61,0.56,42.11,0.13,47.37,-0.2,49.12,-0.65
MEDPLUS,2026-08-28,Bearish,46.04,MIXED,10,30.0,-0.27,40.0,-0.39,60.0,-0.6,10.0,-2.42
CENTURYPLY,2026-08-28,Neutral-Range,39.5,NEGATIVE,100,46.0,-0.13,43.0,-0.72,43.0,-0.68,44.0,-0.66
EUREKAFORB,2026-08-28,Bearish,52.33,MIXED,100,50.0,0.29,55.0,0.61,44.0,0.06,41.0,-0.4
MOVALUE,2026-08-28,Bearish,65.18,POSITIVE,100,57.0,0.31,60.0,0.69,62.0,1.18,65.0,1.54
SETFNIF50,2026-08-28,Bearish,58.74,POSITIVE,100,59.0,0.16,58.0,0.19,60.0,0.42,63.0,0.4
PIDILITIND,2026-08-28,Bearish,52.31,MIXED,100,54.0,0.23,60.0,0.44,57.0,-1.35,58.0,-1.07
TARACHAND,2026-08-28,Neutral-Range,32.99,NEGATIVE,100,44.0,-0.32,42.0,-0.92,43.0,-2.02,41.0,-2.77
KERNEX,2026-08-28,Bearish,45.86,MIXED,26,42.31,-0.32,38.46,1.09,34.62,0.23,38.46,-2.92
CHAMBLFERT,2026-08-28,Bearish,52.24,MIXED,10,50.0,0.21,40.0,-0.07,60.0,0.63,50.0,0.16
REGAAL,2026-08-28,Neutral-Range,32.85,NEGATIVE,20,55.0,3.15,35.0,2.92,20.0,-3.27,45.0,-0.82
SAURASHCEM,2026-08-28,Bearish,65.0,POSITIVE,14,64.29,2.66,50.0,3.46,35.71,1.97,28.57,-0.98
KITEX,2026-08-28,Neutral-Range,26.4,NEGATIVE,100,43.0,-0.96,40.0,-1.28,40.0,-2.87,50.0,-0.25
KUANTUM,2026-08-28,Bearish,45.65,MIXED,39,48.72,0.03,46.15,0.4,38.46,-0.14,28.21,-0.83
KOTARISUG,2026-08-28,Neutral-Range,19.88,NEGATIVE,100,39.0,-1.07,33.0,-1.77,31.0,-2.61,23.0,-3.29
MUTHOOTMF,2026-08-28,Bearish,45.5,MIXED,30,30.0,-0.67,36.67,-0.53,53.33,0.28,70.0,3.54
BLUEDART,2026-08-28,Bearish,45.4,MIXED,11,54.55,0.95,45.45,0.08,54.55,-1.23,45.45,-2.05
M&MFIN,2026-08-28,Bearish,45.38,MIXED,13,61.54,0.56,53.85,0.04,53.85,-1.87,61.54,-2.11
PANACEABIO,2026-08-28,Bearish,51.69,MIXED,24,37.5,-0.4,33.33,0.12,41.67,2.49,45.83,4.48
HDBFS,2026-08-28,Bearish,51.56,MIXED,52,50.0,0.43,59.62,0.07,51.92,-0.69,50.0,-1.47
FSL,2026-08-28,Neutral-Range,32.2,NEGATIVE,15,26.67,-1.48,33.33,-1.66,46.67,-1.04,53.33,2.31
MGL,2026-08-28,Bearish,57.87,POSITIVE,100,56.0,0.62,57.0,0.58,52.0,0.6,57.0,1.3
KPIL,2026-08-28,Neutral-Range,0.0,NEGATIVE,8,25.0,-1.67,12.5,-1.72,0.0,-3.16,25.0,-2.92
ESSARSHPNG,2026-08-28,Neutral-Range,38.57,NEGATIVE,100,43.0,-0.05,44.0,-0.0,31.0,-0.67,29.0,-1.51
BUTTERFLY,2026-08-28,Bearish,51.27,MIXED,8,50.0,2.16,50.0,1.37,37.5,0.04,62.5,1.04
IEX,2026-08-28,Bearish,44.82,MIXED,100,45.0,-0.39,43.0,-0.37,47.0,-0.05,51.0,0.12
SKMEGGPROD,2026-08-28,Neutral-Range,25.38,NEGATIVE,100,35.0,-0.15,35.0,-1.11,35.0,-2.42,29.0,-3.46
CROMPTON,2026-08-28,Bearish,57.52,POSITIVE,12,25.0,-0.97,41.67,0.1,58.33,1.78,50.0,2.33
MOLDTKPAC,2026-08-28,Neutral-Range,38.2,NEGATIVE,100,53.0,0.04,39.0,-0.49,41.0,-0.71,37.0,-1.9
MEDIASSIST,2026-08-28,Bearish,57.45,POSITIVE,8,75.0,2.01,62.5,0.84,50.0,-0.07,62.5,0.62
SUMMITSEC,2026-08-28,Bearish,44.56,MIXED,100,45.0,-0.18,44.0,0.01,44.0,-0.32,40.0,-0.46
WEL,2026-08-28,Bearish,63.66,POSITIVE,100,52.0,0.13,52.0,0.38,54.0,2.51,59.0,5.96
FLAIR,2026-08-28,Bearish,44.35,MIXED,100,49.0,-0.02,49.0,-0.38,44.0,-0.42,42.0,-0.25
BHARATFORG,2026-08-28,Bearish,44.32,MIXED,10,60.0,0.78,50.0,1.62,30.0,-1.29,40.0,0.41
IKS,2026-08-28,Neutral-Range,18.34,NEGATIVE,16,25.0,-1.03,18.75,-0.95,31.25,-2.59,25.0,-3.26
INFRABEES,2026-08-28,Bearish,56.83,MIXED,18,38.89,-0.04,38.89,0.11,66.67,1.11,55.56,1.44
RUPA,2026-08-28,Bearish,43.98,MIXED,11,45.45,-0.86,36.36,-1.71,54.55,1.0,45.45,1.1
GOCLCORP,2026-08-28,Bearish,63.22,POSITIVE,32,46.88,-0.25,59.38,0.5,53.12,1.71,56.25,3.64
ICICIB22,2026-08-28,Bearish,63.16,POSITIVE,96,58.33,0.57,60.42,0.7,58.33,0.95,61.46,1.25
KOTHARIPET,2026-08-28,Bearish,56.68,MIXED,100,49.0,0.05,49.0,-0.12,51.0,1.79,55.0,2.67
TARC,2026-08-28,Bearish,43.74,MIXED,24,37.5,0.15,45.83,-0.71,41.67,0.24,50.0,0.5
TOP10ADD,2026-08-28,Neutral-Range,30.86,NEGATIVE,24,37.5,-0.38,25.0,-0.59,33.33,-0.55,50.0,-1.17
GODREJPROP,2026-08-28,Neutral-Range,30.79,NEGATIVE,13,38.46,-0.81,38.46,-0.14,30.77,-1.97,53.85,-0.57
XPROINDIA,2026-08-28,Neutral-Range,30.81,NEGATIVE,9,22.22,-2.93,22.22,-3.08,44.44,1.2,33.33,2.17
STERTOOLS,2026-08-28,Bearish,56.35,MIXED,22,59.09,0.72,54.55,0.14,50.0,1.05,50.0,-0.99
IRB,2026-08-28,Bearish,49.87,MIXED,100,42.0,-0.29,48.0,-0.04,53.0,-0.08,41.0,-0.89
MIDWESTLTD,2026-08-28,Bearish,49.64,MIXED,20,45.0,-0.6,55.0,-0.4,45.0,0.31,35.0,-0.81
ARKADE,2026-08-28,Bearish,49.6,MIXED,100,40.0,0.12,45.0,-0.07,47.0,0.67,40.0,1.03
SHANTIGOLD,2026-08-28,Bearish,43.1,MIXED,100,43.0,-0.22,39.0,-0.38,47.0,-0.12,51.0,-0.6
COLPAL,2026-08-28,Bearish,43.0,NEGATIVE,16,50.0,-0.09,43.75,-0.17,37.5,0.06,62.5,1.54
TRENT,2026-08-28,Bearish,42.84,NEGATIVE,100,43.0,0.09,40.0,0.01,44.0,-0.4,51.0,-1.1
NTPCGREEN,2026-08-28,Bearish,42.82,NEGATIVE,100,45.0,-0.12,49.0,-0.15,41.0,-0.77,43.0,-0.93
ABFRL,2026-08-28,Bearish,55.59,MIXED,24,45.83,-0.1,54.17,-0.74,62.5,0.68,41.67,-0.43
IGARASHI,2026-08-28,Neutral-Range,36.19,NEGATIVE,38,42.11,-0.77,31.58,-0.98,34.21,0.52,39.47,2.09
EUROPRATIK,2026-08-28,Bearish,48.87,MIXED,81,48.15,0.11,53.09,0.03,48.15,-0.42,50.62,0.18
JNKINDIA,2026-08-28,Neutral-Range,3.75,NEGATIVE,8,0.0,-3.89,0.0,-5.2,25.0,-2.38,37.5,-2.58
FAIRCHEMOR,2026-08-28,Neutral-Range,35.73,NEGATIVE,12,50.0,-0.81,41.67,-1.22,41.67,-0.89,75.0,0.97
KRISHNADEF,2026-08-28,Bearish,48.57,MIXED,21,38.1,-0.11,38.1,0.75,28.57,1.81,38.1,2.21
C2C,2026-08-28,Neutral-Range,16.34,NEGATIVE,41,31.71,-1.07,31.71,-2.77,29.27,-4.51,29.27,-8.11
INDUSINDBK,2026-08-28,Bearish,48.31,MIXED,100,52.0,-0.2,52.0,-0.49,57.0,-0.72,53.0,-1.25
AARTISURF,2026-08-28,Neutral-Range,22.37,NEGATIVE,75,37.33,-0.35,36.0,-0.83,30.67,-3.16,17.33,-5.13
RAMCOIND,2026-08-28,Bearish,54.47,MIXED,29,51.72,0.5,44.83,0.32,51.72,1.1,48.28,-0.31
SMSPHARMA,2026-08-28,Bearish,54.39,MIXED,20,70.0,0.44,50.0,0.07,55.0,0.59,55.0,1.61
SENSEXIETF,2026-08-28,Bearish,60.66,POSITIVE,100,62.0,0.22,61.0,0.31,61.0,0.43,62.0,0.43
ROTO,2026-08-28,Bearish,54.2,MIXED,100,42.0,-0.04,49.0,0.15,55.0,0.55,50.0,-0.21
BHAGCHEM,2026-08-28,Bearish,47.68,MIXED,23,34.78,-0.95,43.48,-0.93,60.87,-0.03,60.87,0.85
HONAUT,2026-08-28,Neutral-Range,34.8,NEGATIVE,100,41.0,-0.28,33.0,-0.36,31.0,-0.29,32.0,0.1
MAMATA,2026-08-28,Bearish,60.39,POSITIVE,100,47.0,-0.27,50.0,0.21,55.0,1.95,54.0,2.53
KNRCON,2026-08-28,Neutral-Range,28.26,NEGATIVE,100,36.0,-0.55,35.0,-1.02,39.0,-2.14,38.0,-2.67
5PAISA,2026-08-28,Bearish,47.43,MIXED,33,39.39,-0.29,39.39,0.04,36.36,1.44,51.52,1.5
GULPOLY,2026-08-28,Neutral-Range,15.0,NEGATIVE,28,25.0,-1.39,35.71,-2.19,21.43,-3.33,14.29,-6.66
LIQUID,2026-08-28,Neutral-Range,15.0,NEGATIVE,77,0.0,0.0,0.0,0.0,0.0,0.0,1.3,0.0
CARYSIL,2026-08-28,Bearish,53.53,MIXED,100,50.0,0.18,46.0,0.22,49.0,1.1,51.0,2.62
BBL,2026-08-28,Bearish,40.64,NEGATIVE,100,46.0,-0.24,39.0,-0.68,41.0,0.09,45.0,0.15
DHANBANK,2026-08-28,Bearish,53.47,MIXED,15,60.0,1.29,53.33,0.56,40.0,0.89,46.67,0.44
HAPPSTMNDS,2026-08-28,Bearish,47.03,MIXED,100,50.0,0.22,51.0,0.18,38.0,0.04,39.0,0.07
VINATIORGA,2026-08-28,Neutral-Range,21.25,NEGATIVE,27,33.33,-0.53,29.63,-0.8,18.52,-1.85,22.22,-1.19
GPTHEALTH,2026-08-28,Bearish,40.48,NEGATIVE,100,42.0,0.02,42.0,-0.01,42.0,-0.97,34.0,-1.86
OILIETF,2026-08-28,Bearish,59.68,POSITIVE,88,50.0,0.25,57.95,0.37,59.09,0.56,60.23,0.55
IVALUE,2026-08-28,Bearish,59.59,POSITIVE,78,58.97,0.86,48.72,0.63,50.0,1.88,47.44,2.57
MOQUALITY,2026-08-28,Bearish,59.55,POSITIVE,100,65.0,0.27,61.0,0.28,60.0,0.27,60.0,0.23
OCCLLTD,2026-08-28,Neutral-Range,14.53,NEGATIVE,8,25.0,-1.83,12.5,-2.28,25.0,-1.12,75.0,5.01
SJVN,2026-08-28,Bearish,53.1,MIXED,31,45.16,1.01,45.16,1.15,48.39,0.19,38.71,1.07
TAJGVK,2026-08-28,Bearish,59.47,POSITIVE,41,46.34,0.45,51.22,0.55,53.66,1.39,41.46,0.68
JIOFIN,2026-08-28,Neutral-Range,33.74,NEGATIVE,9,55.56,0.27,44.44,-0.37,33.33,-1.75,44.44,-3.41
ALPL30IETF,2026-08-28,Bearish,52.91,MIXED,100,61.0,-0.67,58.0,-0.61,63.0,-0.5,63.0,-2.39
PTC,2026-08-28,Bearish,46.44,MIXED,11,36.36,-0.13,45.45,0.11,54.55,-1.0,63.64,1.25
JINDALPOLY,2026-08-28,Bearish,39.93,NEGATIVE,27,44.44,0.66,40.74,-0.61,44.44,-0.61,44.44,-0.13
AMBUJACEM,2026-08-28,Neutral-Range,33.44,NEGATIVE,100,39.0,-0.58,37.0,-0.87,39.0,-1.17,31.0,-2.03
VIMTALABS,2026-08-28,Neutral-Range,33.39,NEGATIVE,31,48.39,0.01,45.16,-1.21,38.71,-1.53,58.06,1.79
RVNL,2026-08-28,Bearish,46.25,MIXED,16,43.75,0.79,43.75,0.38,31.25,0.87,43.75,1.83
PSPPROJECT,2026-08-28,Bearish,59.0,POSITIVE,14,50.0,0.74,57.14,0.92,57.14,0.08,42.86,-0.65
NIF100BEES,2026-08-28,Bearish,58.91,POSITIVE,100,56.0,0.17,54.0,0.2,63.0,0.54,65.0,0.75
CRIZAC,2026-08-28,Bearish,52.42,MIXED,87,44.83,0.54,42.53,1.0,48.28,0.41,41.38,-0.2
SBILIFE,2026-08-28,Bearish,52.36,MIXED,94,48.94,-0.02,46.81,0.02,53.19,0.57,48.94,0.07
AUBANK,2026-08-28,Bearish,39.47,NEGATIVE,8,50.0,-0.33,37.5,-0.77,50.0,-0.77,50.0,-1.19
TATACONSUM,2026-08-28,Bearish,52.26,MIXED,100,52.0,-0.06,51.0,-0.1,55.0,0.14,63.0,0.75
LIKHITHA,2026-08-28,Bearish,58.65,POSITIVE,20,60.0,3.19,55.0,1.68,40.0,0.92,40.0,0.4
RUSHIL,2026-08-28,Neutral-Range,32.94,NEGATIVE,11,36.36,-1.11,54.55,-1.05,36.36,-2.42,0.0,-6.69
GUFICBIO,2026-08-28,Neutral-Range,32.89,NEGATIVE,16,43.75,-0.17,37.5,-0.98,37.5,-1.11,31.25,-2.7
DABUR,2026-08-28,Bearish,45.72,MIXED,14,57.14,-0.19,42.86,-0.79,57.14,-0.28,57.14,-0.64
KKCL,2026-08-28,Neutral-Range,32.85,NEGATIVE,12,50.0,-0.45,41.67,-1.0,33.33,-1.1,33.33,-1.86
AMBIKCO,2026-08-28,Neutral-Range,32.76,NEGATIVE,18,61.11,0.42,50.0,-0.26,22.22,-1.62,50.0,-0.59
MOREALTY,2026-08-28,Neutral-Range,19.83,NEGATIVE,57,36.84,-0.7,29.82,-1.62,29.82,-2.39,26.32,-3.6
PFIZER,2026-08-28,Bearish,51.96,MIXED,22,50.0,-0.36,50.0,-0.42,50.0,0.91,45.45,0.22
SANATHAN,2026-08-28,Bearish,51.97,MIXED,100,45.0,-0.02,44.0,0.19,47.0,1.09,45.0,2.4
ABREL,2026-08-28,Bearish,39.09,NEGATIVE,100,39.0,-0.62,39.0,-0.58,44.0,-0.66,50.0,-1.65
JYOTISTRUC,2026-08-28,Bearish,58.33,POSITIVE,18,61.11,1.14,50.0,1.07,44.44,1.5,38.89,2.3
PNGJL,2026-08-28,Neutral-Range,26.13,NEGATIVE,100,42.0,-0.25,37.0,-1.18,30.0,-1.9,36.0,-2.21
HDFCNIFTY,2026-08-28,Bearish,51.77,MIXED,100,47.0,-0.02,49.0,-0.03,54.0,0.21,58.0,0.3
HATHWAY,2026-08-28,Neutral-Range,19.55,NEGATIVE,100,35.0,-0.62,28.0,-0.98,21.0,-2.17,17.0,-3.89
STEELXIND,2026-08-28,Bearish,45.15,MIXED,100,42.0,-0.58,43.0,-0.08,38.0,0.53,34.0,-0.65
EMAMILTD,2026-08-28,Bearish,57.85,POSITIVE,9,44.44,0.65,55.56,1.43,55.56,-0.44,55.56,-0.84
MMTC,2026-08-28,Bearish,38.5,NEGATIVE,50,38.0,0.07,36.0,-0.11,42.0,-0.84,24.0,-2.7
NIVABUPA,2026-08-28,Bearish,57.73,POSITIVE,9,66.67,1.66,66.67,1.21,44.44,-0.25,66.67,0.45
LOWVOLIETF,2026-08-28,Bearish,44.85,MIXED,100,64.0,-0.61,61.0,-1.4,70.0,-2.6,74.0,-4.89
TRIDENT,2026-08-28,Bearish,57.59,POSITIVE,40,57.5,-0.04,47.5,-0.09,55.0,1.77,55.0,2.13
IOC,2026-08-28,Bearish,51.12,MIXED,100,45.0,-0.09,48.0,0.06,52.0,0.22,53.0,-0.14
ANNAPURNA,2026-08-28,Bearish,38.23,NEGATIVE,23,34.78,-1.48,30.43,-2.65,43.48,1.99,52.17,2.98
TCIEXP,2026-08-28,Neutral-Range,12.5,NEGATIVE,8,37.5,-1.6,37.5,-3.41,12.5,-3.63,12.5,-1.94
GSFC,2026-08-28,Bearish,51.06,MIXED,100,51.0,0.19,45.0,0.25,53.0,0.19,54.0,0.26
IGCL,2026-08-28,Neutral-Range,31.62,NEGATIVE,100,42.0,-0.6,43.0,-0.89,39.0,-2.13,35.0,-3.6
MAHLIFE,2026-08-28,Bearish,57.3,POSITIVE,14,42.86,-0.38,42.86,-0.21,64.29,1.41,85.71,4.02
DIAMONDYD,2026-08-28,Bearish,37.83,NEGATIVE,33,36.36,-0.43,36.36,-0.79,45.45,-0.66,48.48,0.24
ALLTIME,2026-08-28,Bearish,50.66,MIXED,34,32.35,-0.44,47.06,0.47,38.24,0.98,38.24,-1.95
SUMEETINDS,2026-08-28,Neutral-Range,18.45,NEGATIVE,100,34.0,-1.92,33.0,-2.51,34.0,-3.34,26.0,-5.1
REPCOHOME,2026-08-28,Neutral-Range,18.33,NEGATIVE,9,33.33,-0.76,33.33,-2.38,33.33,-5.3,22.22,-6.06
NIFTY1,2026-08-28,Bearish,50.37,MIXED,100,55.0,0.14,51.0,0.05,48.0,0.13,56.0,0.05
SARTELE,2026-08-28,Bearish,37.36,NEGATIVE,36,38.89,1.33,38.89,-0.22,33.33,-0.51,33.33,-2.46
MOENERGY,2026-08-28,Bearish,56.62,MIXED,100,57.0,0.27,54.0,0.34,52.0,0.79,55.0,1.28
ITC,2026-08-28,Bearish,50.16,MIXED,21,42.86,-0.15,52.38,0.07,47.62,-0.03,61.9,1.08
IRMENERGY,2026-08-28,Neutral-Range,17.97,NEGATIVE,64,40.62,-0.98,34.38,-2.49,31.25,-4.2,20.31,-6.51
63MOONS,2026-08-28,Neutral-Range,17.97,NEGATIVE,32,34.38,-1.51,40.62,-1.96,25.0,-3.91,21.88,-4.76
ITDC,2026-08-28,Bearish,43.64,MIXED,36,36.11,-0.04,38.89,0.33,41.67,-0.22,50.0,0.96
ARSSBL,2026-08-28,Bearish,37.19,NEGATIVE,33,39.39,-0.51,33.33,-0.09,42.42,-0.99,60.61,-0.95
PGEL,2026-08-28,Bearish,37.12,NEGATIVE,100,38.0,-1.38,43.0,-1.67,49.0,-0.85,46.0,-0.43
VISAKAIND,2026-08-28,Bearish,37.11,NEGATIVE,19,52.63,0.23,42.11,-0.42,36.84,-0.96,42.11,-1.26
PFS,2026-08-28,Bearish,49.57,MIXED,22,54.55,0.01,45.45,0.76,50.0,-0.47,31.82,-2.61
SIGNPOST,2026-08-28,Bearish,49.51,MIXED,31,64.52,1.35,45.16,-0.22,51.61,0.38,41.94,0.84
PACEDIGITK,2026-08-28,Bearish,42.99,NEGATIVE,48,41.67,-0.27,45.83,0.11,33.33,-0.04,33.33,-1.97
LEMERITE,2026-08-28,Neutral-Range,30.0,NEGATIVE,17,47.06,-5.57,58.82,-4.81,41.18,-3.43,52.94,-5.03
ABLBL,2026-08-28,Bearish,42.73,NEGATIVE,100,46.0,0.28,44.0,-0.08,43.0,-0.6,34.0,-0.91
VESUVIUS,2026-08-28,Bearish,55.54,MIXED,100,50.0,0.34,52.0,0.45,50.0,0.76,52.0,1.01
SOBHA,2026-08-28,Bearish,36.13,NEGATIVE,18,33.33,-1.42,27.78,-2.36,55.56,0.35,50.0,-1.34
ASTRAMICRO,2026-08-28,Neutral-Range,10.44,NEGATIVE,34,38.24,-1.66,26.47,-1.48,17.65,-3.61,14.71,-3.17
GOKEX,2026-08-28,Bearish,48.93,MIXED,100,55.0,0.42,50.0,0.42,45.0,-0.25,46.0,-0.8
ASHAPURMIN,2026-08-28,Bearish,35.96,NEGATIVE,25,48.0,0.07,56.0,0.08,32.0,-2.54,36.0,-2.83
IGIL,2026-08-28,Bearish,48.72,MIXED,100,46.0,-0.19,50.0,-0.22,50.0,-0.1,52.0,-1.27
ACC,2026-08-28,Bearish,42.25,NEGATIVE,100,42.0,-0.17,42.0,-0.25,45.0,-0.55,35.0,-1.38
MOLOWVOL,2026-08-28,Bearish,48.65,MIXED,100,41.0,-0.13,43.0,-0.13,52.0,0.23,56.0,0.5
VAIBHAVGBL,2026-08-28,Bearish,41.9,NEGATIVE,100,49.0,-0.36,52.0,-0.43,42.0,-1.07,46.0,-0.44
BAJAJHCARE,2026-08-28,Neutral-Range,28.96,NEGATIVE,100,42.0,0.28,36.0,-0.3,28.0,-1.81,25.0,-2.55
CELLO,2026-08-28,Bearish,41.82,NEGATIVE,100,48.0,-0.13,42.0,-0.23,40.0,-0.24,31.0,-1.35
ASTEC,2026-08-28,Bearish,48.18,MIXED,100,43.0,0.2,45.0,0.61,45.0,-0.19,42.0,-0.78
LLOYDSENGG,2026-08-28,Bearish,35.27,NEGATIVE,19,42.11,-0.52,47.37,-0.46,31.58,-1.38,36.84,-1.15
YESBANK,2026-08-28,Bearish,54.52,MIXED,8,25.0,-0.39,37.5,-0.49,62.5,1.62,25.0,2.66
CERA,2026-08-28,Bearish,54.49,MIXED,9,33.33,-0.4,44.44,-0.24,66.67,0.39,55.56,-0.5
ATUL,2026-08-28,Bearish,48.04,MIXED,17,41.18,-0.1,47.06,-0.43,52.94,-0.06,52.94,1.7
NRAIL,2026-08-28,Bearish,41.51,NEGATIVE,36,47.22,-0.14,44.44,0.41,36.11,-0.83,25.0,-1.12
CIEINDIA,2026-08-28,Bearish,41.43,NEGATIVE,23,47.83,0.18,52.17,0.09,34.78,-1.09,52.17,0.45
RALLIS,2026-08-28,Bearish,34.99,NEGATIVE,30,40.0,-0.77,43.33,-0.73,33.33,-0.98,36.67,-0.59
ATULAUTO,2026-08-28,Neutral-Range,28.36,NEGATIVE,25,40.0,-0.84,36.0,-1.27,28.0,-0.99,36.0,-0.53
HAVELLS,2026-08-28,Bearish,47.57,MIXED,100,52.0,-0.1,45.0,-0.24,54.0,-0.28,49.0,-0.4
SCHAND,2026-08-28,Neutral-Range,9.0,NEGATIVE,15,20.0,-1.66,26.67,-3.11,13.33,-4.03,13.33,-4.22
TRUALT,2026-08-28,Bearish,34.69,NEGATIVE,100,31.0,-0.96,36.0,-0.96,39.0,-0.68,42.0,-0.08
JWL,2026-08-28,Bearish,34.68,NEGATIVE,39,41.03,0.35,43.59,-0.27,38.46,-1.99,43.59,-0.63
SAKSOFT,2026-08-28,Bearish,34.58,NEGATIVE,100,34.0,-0.8,43.0,-0.81,39.0,-1.47,35.0,-2.19
IXIGO,2026-08-28,Neutral-Range,21.25,NEGATIVE,8,62.5,-1.21,50.0,-2.07,25.0,-5.05,62.5,-2.79
CHEVIOT,2026-08-28,Neutral-Range,27.47,NEGATIVE,29,34.48,-0.76,34.48,-0.94,20.69,-0.77,20.69,-2.07
PICCADIL,2026-08-28,Bearish,46.69,MIXED,100,50.0,0.56,48.0,0.03,43.0,-0.07,46.0,1.18
AGARIND,2026-08-28,Bearish,46.65,MIXED,21,42.86,-1.11,42.86,-0.97,52.38,0.55,57.14,3.32
TRANSRAILL,2026-08-28,Bearish,46.36,MIXED,98,46.94,-0.36,42.86,-0.3,44.9,0.46,48.98,1.71
SNOWMAN,2026-08-28,Neutral-Range,20.5,NEGATIVE,12,8.33,-1.8,25.0,-0.96,25.0,-2.04,58.33,-0.27
JSWCEMENT,2026-08-28,Bearish,39.71,NEGATIVE,100,46.0,-0.55,39.0,-0.36,42.0,-0.55,50.0,-0.44
IFBAGRO,2026-08-28,Bearish,52.4,MIXED,9,44.44,0.48,66.67,0.55,33.33,0.05,55.56,0.47
TIPSMUSIC,2026-08-28,Bearish,39.52,NEGATIVE,100,50.0,0.33,45.0,0.37,39.0,-1.59,38.0,-2.63
REPRO,2026-08-28,Bearish,39.36,NEGATIVE,40,50.0,-0.26,42.5,-0.64,37.5,-0.27,47.5,-0.04
IRCON,2026-08-28,Bearish,39.32,NEGATIVE,47,40.43,-0.68,40.43,-0.69,42.55,-0.49,51.06,2.22
PAKKA,2026-08-28,Neutral-Range,20.01,NEGATIVE,31,67.74,0.81,45.16,-0.2,16.13,-3.91,25.81,-3.13
LAMBODHARA,2026-08-28,Neutral-Range,7.11,NEGATIVE,26,30.77,-3.23,26.92,-4.75,7.69,-7.81,11.54,-9.53
IDFCFIRSTB,2026-08-28,Bearish,38.81,NEGATIVE,100,43.0,0.05,40.0,-0.37,43.0,-0.94,47.0,-0.77
AHLUCONT,2026-08-28,Neutral-Range,25.55,NEGATIVE,24,41.67,-0.22,33.33,-1.27,29.17,-1.56,41.67,-2.0
KPEL,2026-08-28,Bearish,31.88,NEGATIVE,22,18.18,-1.37,31.82,-1.18,45.45,-1.36,31.82,-2.61
KOTYARK,2026-08-28,Bearish,31.73,NEGATIVE,33,39.39,2.53,39.39,5.88,33.33,-8.06,27.27,-13.42
SANDESH,2026-08-28,Bearish,44.4,MIXED,24,54.17,-0.5,62.5,0.01,37.5,-1.41,29.17,-2.24
FOODSIN,2026-08-28,Bearish,31.29,NEGATIVE,37,40.54,-0.32,35.14,-0.54,32.43,-1.3,21.62,-3.37
IDEAFORGE,2026-08-28,Neutral-Range,18.33,NEGATIVE,21,28.57,-2.15,23.81,-2.96,42.86,-4.08,28.57,-4.48
PASHUPATI,2026-08-28,Neutral-Range,24.71,NEGATIVE,11,36.36,-0.12,36.36,-0.37,9.09,-1.18,9.09,-1.82
PIIND,2026-08-28,Bearish,43.68,MIXED,15,73.33,0.96,46.67,0.47,33.33,-0.3,53.33,0.6
BHARATRAS,2026-08-28,Bearish,50.04,MIXED,100,47.0,-1.42,51.0,-0.76,57.0,0.07,56.0,-0.26
RAIN,2026-08-28,Bearish,30.69,NEGATIVE,12,33.33,-2.34,33.33,-2.37,50.0,-1.0,58.33,-0.55
HGINFRA,2026-08-28,Bearish,30.61,NEGATIVE,34,50.0,0.22,50.0,-0.88,35.29,-2.68,26.47,-2.17
BLS,2026-08-28,Bearish,36.96,NEGATIVE,27,48.15,-0.87,40.74,-0.98,40.74,-0.66,48.15,-2.0
HMAAGRO,2026-08-28,Bearish,36.93,NEGATIVE,18,27.78,-0.07,44.44,0.72,22.22,-1.07,33.33,-1.35
ATLANTAA,2026-08-28,Bearish,55.97,MIXED,100,49.0,0.91,52.0,0.89,47.0,0.69,52.0,3.2
GAEL,2026-08-28,Bearish,30.0,NEGATIVE,11,54.55,-3.11,54.55,-2.23,45.45,-2.84,72.73,1.59
GPTINFRA,2026-08-28,Bearish,49.28,MIXED,11,63.64,1.08,54.55,0.85,45.45,-1.03,45.45,-2.2
ROSSARI,2026-08-28,Bearish,36.44,NEGATIVE,100,43.0,-0.47,44.0,-0.54,36.0,-1.1,30.0,-2.73
SBICARD,2026-08-28,Bearish,36.38,NEGATIVE,100,43.0,-0.21,42.0,-0.33,36.0,-1.15,35.0,-1.57
UTIAMC,2026-08-28,Bearish,42.65,NEGATIVE,13,46.15,-0.05,38.46,-0.19,46.15,-0.3,30.77,-1.69
BAJFINANCE,2026-08-28,Bearish,29.74,NEGATIVE,14,42.86,-1.24,50.0,-1.47,28.57,-1.72,64.29,0.72
INTELLECT,2026-08-28,Neutral-Range,16.88,NEGATIVE,16,56.25,-0.49,37.5,-2.08,25.0,-5.04,18.75,-6.96
TSFINV,2026-08-28,Bearish,29.68,NEGATIVE,43,37.21,-0.59,39.53,-0.95,34.88,-1.89,30.23,-2.96
SENCO,2026-08-28,Bearish,29.65,NEGATIVE,24,29.17,-1.18,33.33,-1.36,41.67,-1.54,41.67,-0.29
UNITDSPR,2026-08-28,Bearish,36.05,NEGATIVE,100,51.0,-0.27,48.0,-0.33,31.0,-1.32,29.0,-1.72
ITCHOTELS,2026-08-28,Bearish,42.45,NEGATIVE,99,46.46,-0.19,40.4,-0.34,44.44,-0.22,45.45,0.11
OSWALPUMPS,2026-08-28,Neutral-Range,16.54,NEGATIVE,52,28.85,-1.65,28.85,-3.22,32.69,-4.25,30.77,-5.46
GTPL,2026-08-28,Bearish,35.63,NEGATIVE,100,50.0,0.29,45.0,-0.23,32.0,-1.35,35.0,-1.74
STALLION,2026-08-28,Bearish,29.11,NEGATIVE,11,36.36,-0.71,27.27,0.04,36.36,-2.08,54.55,-0.31
IZMO,2026-08-28,Bearish,35.51,NEGATIVE,24,45.83,1.14,37.5,-0.73,41.67,-1.07,45.83,7.48
EPACKPEB,2026-08-28,Bearish,35.42,NEGATIVE,100,46.0,-0.07,43.0,-0.49,35.0,-1.23,30.0,-2.38
PLASTIBLEN,2026-08-28,Neutral-Range,9.7,NEGATIVE,16,18.75,-1.39,12.5,-2.55,18.75,-1.51,25.0,-5.36
JAGRAN,2026-08-28,Bearish,48.19,MIXED,19,42.11,-0.16,36.84,0.34,47.37,0.59,36.84,-0.02
VGINFOTECH,2026-08-28,Neutral-Range,9.58,NEGATIVE,12,8.33,-2.63,8.33,-2.96,33.33,-3.62,33.33,-3.31
LUXIND,2026-08-28,Bearish,35.07,NEGATIVE,100,39.0,-0.42,32.0,-0.63,37.0,-0.39,25.0,-1.07
INFRAIETF,2026-08-28,Bearish,47.83,MIXED,8,75.0,1.22,37.5,-0.12,50.0,0.67,50.0,1.24
HARIOMPIPE,2026-08-28,Neutral-Range,21.66,NEGATIVE,26,46.15,-0.44,30.77,-1.71,42.31,-3.02,38.46,-4.05
IIFLCAPS,2026-08-28,Bearish,34.18,NEGATIVE,100,39.0,-0.33,30.0,-0.77,40.0,-0.56,37.0,0.05
VBL,2026-08-28,Bearish,47.04,MIXED,15,73.33,1.39,66.67,-0.02,33.33,-0.72,53.33,2.05
MADRASFERT,2026-08-28,Neutral-Range,2.0,NEGATIVE,10,30.0,-1.25,10.0,-3.32,10.0,-2.83,10.0,-4.17
HUDCO,2026-08-28,Neutral-Range,21.25,NEGATIVE,9,44.44,-1.99,44.44,-1.87,22.22,-2.4,33.33,0.35
STARHEALTH,2026-08-28,Bearish,40.39,NEGATIVE,22,45.45,-0.2,45.45,-0.48,40.91,-0.73,40.91,-0.59
DELTACORP,2026-08-28,Bearish,33.91,NEGATIVE,38,47.37,-0.34,44.74,-0.7,34.21,-1.48,23.68,-2.64
SATIA,2026-08-28,Bearish,33.55,NEGATIVE,100,39.0,-0.85,39.0,-0.99,38.0,-1.11,31.0,-1.75
WEBELSOLAR,2026-08-28,Neutral-Range,14.25,NEGATIVE,20,25.0,-0.66,35.0,-0.54,20.0,-6.49,5.0,-8.96
JAICORPLTD,2026-08-28,Bearish,27.02,NEGATIVE,100,33.0,-2.03,36.0,-1.51,42.0,-2.31,34.0,-0.93
YATRA,2026-08-28,Neutral-Range,20.53,NEGATIVE,21,28.57,-0.7,28.57,-1.19,23.81,-2.01,42.86,0.12
GRSE,2026-08-28,Neutral-Range,7.5,NEGATIVE,14,14.29,-4.44,14.29,-5.03,21.43,-4.13,28.57,-4.76
AUTOAXLES,2026-08-28,Bearish,26.72,NEGATIVE,9,44.44,-0.74,33.33,-0.62,22.22,-1.31,33.33,0.16
KOKUYOCMLN,2026-08-28,Bearish,39.41,NEGATIVE,8,50.0,0.17,37.5,0.71,37.5,-1.17,37.5,-2.54
PIGL,2026-08-28,Bearish,26.5,NEGATIVE,10,40.0,-3.49,40.0,-3.99,50.0,-4.86,40.0,-4.61
SWANCORP,2026-08-28,Bearish,32.86,NEGATIVE,45,53.33,0.33,37.78,-1.0,44.44,-1.73,31.11,-1.75
SAGCEM,2026-08-28,Bearish,39.2,NEGATIVE,10,40.0,-1.29,50.0,0.02,30.0,-0.97,50.0,1.15
TCI,2026-08-28,Bearish,52.07,MIXED,9,66.67,0.34,33.33,0.7,55.56,0.79,44.44,-0.49
SAMHI,2026-08-28,Bearish,32.7,NEGATIVE,13,23.08,-1.4,38.46,0.78,23.08,-1.74,15.38,-2.79
ABDL,2026-08-28,Neutral-Range,0.0,NEGATIVE,9,0.0,-3.45,0.0,-6.66,0.0,-10.09,11.11,-13.91
BAYERCROP,2026-08-28,Bearish,38.3,NEGATIVE,32,37.5,-0.75,40.62,-0.13,37.5,-0.88,50.0,-1.17
KALAMANDIR,2026-08-28,Neutral-Range,12.5,NEGATIVE,8,25.0,-0.91,37.5,-2.61,12.5,-5.84,25.0,-7.81
INDOTHAI,2026-08-28,Neutral-Range,12.5,NEGATIVE,10,30.0,-1.69,20.0,-3.54,30.0,-4.19,50.0,0.42
GGBL,2026-08-28,Neutral-Range,18.95,NEGATIVE,36,36.11,-1.46,22.22,-1.53,22.22,-1.37,19.44,-3.31
MAHLOG,2026-08-28,Bearish,31.48,NEGATIVE,13,30.77,-0.72,30.77,-1.54,46.15,-1.07,38.46,0.54
THYROCARE,2026-08-28,Neutral-Range,5.77,NEGATIVE,13,30.77,-0.37,15.38,-1.88,15.38,-4.49,15.38,-5.81
DIGITIDE,2026-08-28,Neutral-Range,12.15,NEGATIVE,100,32.0,-1.29,28.0,-2.83,21.0,-4.95,14.0,-7.02
ZTECH,2026-08-28,Bearish,37.78,NEGATIVE,59,49.15,0.12,40.68,-0.43,33.9,-0.4,35.59,0.47
ROHLTD,2026-08-28,Bearish,37.69,NEGATIVE,11,54.55,1.3,45.45,-0.06,27.27,-0.63,18.18,-2.32
WESTLIFE,2026-08-28,Neutral-Range,18.33,NEGATIVE,15,26.67,-1.91,40.0,-1.04,26.67,-4.08,33.33,0.44
WINDMACHIN,2026-08-28,Bearish,24.72,NEGATIVE,35,37.14,-1.53,45.71,-1.3,37.14,-3.52,40.0,-1.4
LLOYDSENT,2026-08-28,Bearish,24.66,NEGATIVE,13,30.77,-0.81,38.46,-0.12,23.08,-2.85,7.69,-8.03
INDNIPPON,2026-08-28,Bearish,31.06,NEGATIVE,18,44.44,-0.04,38.89,-1.18,38.89,-1.61,44.44,-0.65
NGLFINE,2026-08-28,Bearish,37.4,NEGATIVE,14,42.86,-0.06,35.71,-0.62,35.71,-0.03,35.71,0.66
SANSTAR,2026-08-28,Bearish,37.35,NEGATIVE,11,54.55,0.9,45.45,0.48,36.36,-2.05,36.36,-2.19
SFL,2026-08-28,Neutral-Range,11.56,NEGATIVE,15,33.33,-0.98,26.67,-1.14,13.33,-3.22,6.67,-5.44
APTECHT,2026-08-28,Bearish,30.59,NEGATIVE,100,33.0,-0.59,35.0,-1.0,38.0,-1.49,34.0,-2.78
EMSLIMITED,2026-08-28,Bearish,23.97,NEGATIVE,12,16.67,-1.29,41.67,-1.37,33.33,-2.95,41.67,-1.4
CGRAPHICS,2026-08-28,Bearish,29.99,NEGATIVE,24,33.33,-1.35,29.17,-1.53,41.67,-0.92,33.33,-2.56
GREENPANEL,2026-08-28,Neutral-Range,17.11,NEGATIVE,38,26.32,-2.13,34.21,-2.38,28.95,-2.73,39.47,-3.62
AVL,2026-08-28,Bearish,29.79,NEGATIVE,100,49.0,-0.21,46.0,-0.69,31.0,-2.35,26.0,-2.41
INOXWIND,2026-08-28,Bearish,23.29,NEGATIVE,33,21.21,-1.95,36.36,-1.89,36.36,-2.4,24.24,-3.57
LAXMIDENTL,2026-08-28,Neutral-Range,10.4,NEGATIVE,100,38.0,-1.43,26.0,-2.25,18.0,-4.89,19.0,-6.0
RAYMONDLSL,2026-08-28,Bearish,35.99,NEGATIVE,19,26.32,1.13,31.58,1.23,36.84,-1.97,57.89,3.09
MATRIMONY,2026-08-28,Neutral-Range,9.7,NEGATIVE,9,22.22,-0.8,11.11,-1.25,11.11,-2.02,66.67,2.61
PSB,2026-08-28,Bearish,41.71,NEGATIVE,27,37.04,-0.52,55.56,0.41,40.74,-2.16,29.63,-3.74
BCLIND,2026-08-28,Bearish,28.83,NEGATIVE,30,50.0,-0.17,53.33,-0.37,43.33,-11.22,56.67,-9.94
DHANUKA,2026-08-28,Bearish,41.67,NEGATIVE,100,38.0,-0.42,38.0,-0.26,39.0,0.19,36.0,0.43
ESTER,2026-08-28,Neutral-Range,15.9,NEGATIVE,34,14.71,-2.36,20.59,-2.79,29.41,-1.36,29.41,-1.79
MASON,2026-08-28,Bearish,22.33,NEGATIVE,100,36.0,-0.47,30.0,-1.14,29.0,-2.19,27.0,-4.2
HINDWAREAP,2026-08-28,Neutral-Range,15.74,NEGATIVE,27,40.74,-0.23,33.33,-2.39,25.93,-4.07,18.52,-5.93
SWSOLAR,2026-08-28,Bearish,28.43,NEGATIVE,100,40.0,-1.16,49.0,-1.12,36.0,-2.96,33.0,-3.25
AWFIS,2026-08-28,Bearish,47.66,MIXED,8,75.0,1.42,75.0,0.87,37.5,-2.55,12.5,-5.16
BERGEPAINT,2026-08-28,Bearish,34.76,NEGATIVE,17,58.82,-0.11,52.94,-0.56,35.29,-2.22,35.29,-2.66
UBL,2026-08-28,Bearish,28.04,NEGATIVE,27,40.74,-0.49,40.74,-0.54,22.22,-1.71,22.22,-2.8
GARUDA,2026-08-28,Bearish,27.97,NEGATIVE,30,26.67,-0.93,30.0,-1.32,36.67,-1.27,46.67,-0.7
SOLARWORLD,2026-08-28,Neutral-Range,15.07,NEGATIVE,68,36.76,-1.21,26.47,-2.29,30.88,-3.8,38.24,-3.76
GATEWAY,2026-08-28,Bearish,34.16,NEGATIVE,18,50.0,0.39,33.33,-0.58,38.89,-0.95,44.44,-0.17
RESPONIND,2026-08-28,Bearish,27.55,NEGATIVE,8,25.0,-3.4,37.5,-2.35,50.0,-2.17,75.0,-1.07
ADSL,2026-08-28,Bearish,40.33,NEGATIVE,12,66.67,2.04,50.0,0.35,33.33,-1.31,41.67,0.82
SERVOTECH,2026-08-28,Neutral-Range,14.6,NEGATIVE,100,30.0,-1.14,28.0,-2.3,28.0,-4.75,26.0,-5.86
BOROSCI,2026-08-28,Bearish,27.39,NEGATIVE,15,40.0,-0.6,46.67,-0.16,26.67,-3.16,46.67,-2.53
CAPITALSFB,2026-08-28,Bearish,33.84,NEGATIVE,16,56.25,-0.57,50.0,-0.5,31.25,-1.9,25.0,-3.76
ASIANPAINT,2026-08-28,Bearish,27.28,NEGATIVE,25,40.0,-0.54,36.0,-0.87,36.0,-2.36,20.0,-5.9
IRCTC,2026-08-28,Bearish,27.17,NEGATIVE,100,40.0,-0.76,35.0,-1.08,32.0,-1.74,25.0,-1.91
GALAPREC,2026-08-28,Neutral-Range,13.53,NEGATIVE,17,17.65,-2.41,17.65,-4.31,35.29,-1.49,47.06,-2.21
AVANTEL,2026-08-28,Bearish,32.28,NEGATIVE,13,53.85,-1.07,46.15,-0.14,30.77,-2.27,23.08,-1.4
LINDEINDIA,2026-08-28,Bearish,25.77,NEGATIVE,11,63.64,0.65,45.45,-0.43,27.27,-3.24,36.36,-3.14
ICEMAKE,2026-08-28,Bearish,25.55,NEGATIVE,26,38.46,0.42,26.92,-0.16,19.23,-1.24,30.77,-0.53
ORIENTCEM,2026-08-28,Bearish,31.87,NEGATIVE,19,47.37,-0.23,57.89,0.22,15.79,-2.45,5.26,-4.33
TNPL,2026-08-28,Neutral-Range,12.5,NEGATIVE,12,25.0,-0.96,25.0,-1.53,25.0,-4.66,25.0,-8.21
CASTROLIND,2026-08-28,Bearish,31.45,NEGATIVE,29,27.59,-1.07,31.03,-1.12,34.48,-0.5,37.93,-0.76
CPCAP,2026-08-28,Bearish,18.45,NEGATIVE,100,38.0,-1.59,33.0,-2.35,34.0,-4.87,35.0,-5.79
IFBIND,2026-08-28,Bearish,37.21,NEGATIVE,26,53.85,-0.5,46.15,-0.9,38.46,-0.95,34.62,-1.52
WCIL,2026-08-28,Bearish,37.15,NEGATIVE,84,40.48,-0.93,34.52,-0.98,41.67,-0.15,47.62,0.48
EXCELINDUS,2026-08-28,Bearish,23.82,NEGATIVE,12,41.67,-1.11,25.0,-1.72,25.0,-0.45,41.67,0.53
PRESTIGE,2026-08-28,Neutral-Range,10.91,NEGATIVE,11,18.18,-2.67,9.09,-3.75,36.36,-1.88,54.55,0.67
PGHH,2026-08-28,Bearish,23.55,NEGATIVE,39,30.77,-0.49,33.33,-0.63,17.95,-1.72,25.64,-2.67
GANECOS,2026-08-28,Bearish,29.66,NEGATIVE,9,55.56,-1.69,44.44,0.82,33.33,-3.96,11.11,-9.53
RKSWAMY,2026-08-28,Bearish,29.37,NEGATIVE,39,46.15,0.18,46.15,0.01,25.64,-2.7,23.08,-3.63
JKLAKSHMI,2026-08-28,Bearish,22.71,NEGATIVE,24,25.0,-2.29,33.33,-3.06,45.83,-3.24,25.0,-2.98
CENTRUM,2026-08-28,Bearish,28.99,NEGATIVE,17,35.29,0.79,23.53,0.42,23.53,-1.04,23.53,-4.24
VALIANTORG,2026-08-28,Bearish,15.93,NEGATIVE,15,26.67,-1.46,20.0,-2.94,26.67,-0.91,20.0,-1.04
BATAINDIA,2026-08-28,Bearish,22.3,NEGATIVE,50,32.0,-0.55,34.0,-1.01,28.0,-2.59,22.0,-3.92
OMINFRAL,2026-08-28,Bearish,22.3,NEGATIVE,10,20.0,-1.81,20.0,-1.24,30.0,-1.31,30.0,-1.12
SANOFI,2026-08-28,Bearish,22.28,NEGATIVE,25,24.0,-1.25,36.0,-1.7,32.0,-2.43,44.0,-2.03
XCHANGING,2026-08-28,Bearish,15.82,NEGATIVE,23,26.09,-1.98,26.09,-2.04,30.43,-2.7,26.09,-3.68
DAMCAPITAL,2026-08-28,Bearish,28.54,NEGATIVE,100,38.0,-0.97,40.0,-1.32,38.0,-2.12,38.0,-2.83
GEMAROMA,2026-08-28,Bearish,34.34,NEGATIVE,45,42.22,-0.34,40.0,-1.27,42.22,-1.09,35.56,1.7
GROWWRAIL,2026-08-28,Bearish,14.78,NEGATIVE,8,37.5,-0.49,25.0,-1.76,25.0,-2.67,37.5,-1.94
UGROCAP,2026-08-28,Bearish,27.18,NEGATIVE,26,34.62,-0.96,42.31,-1.52,42.31,-2.84,53.85,-2.74
SHAREINDIA,2026-08-28,Bearish,26.87,NEGATIVE,24,41.67,-0.63,41.67,-0.59,37.5,-3.37,41.67,-3.2
DALBHARAT,2026-08-28,Bearish,20.09,NEGATIVE,12,50.0,-0.83,33.33,-1.27,33.33,-3.29,25.0,-3.55
SWELECTES,2026-08-28,Bearish,26.39,NEGATIVE,100,41.0,-1.22,45.0,-1.57,44.0,-3.37,40.0,-5.39
RPPINFRA,2026-08-28,Bearish,25.43,NEGATIVE,20,35.0,-0.17,35.0,-0.76,30.0,-2.32,25.0,-3.45
ZODIAC,2026-08-28,Bearish,12.5,NEGATIVE,8,50.0,-0.52,25.0,-3.32,25.0,-4.61,12.5,-7.22
PPAP,2026-08-28,Bearish,18.38,NEGATIVE,23,39.13,-0.59,21.74,-1.45,30.43,-2.27,47.83,-1.3
BAJAJELEC,2026-08-28,Bearish,18.37,NEGATIVE,9,55.56,-0.84,44.44,-1.43,22.22,-3.56,11.11,-6.45
DEEDEV,2026-08-28,Bearish,18.1,NEGATIVE,100,37.0,-1.09,34.0,-2.13,32.0,-3.7,21.0,-4.71
FINOPB,2026-08-28,Bearish,23.97,NEGATIVE,29,44.83,-3.03,41.38,-2.19,41.38,-4.58,34.48,-6.28
ONEPOINT,2026-08-28,Bearish,30.33,NEGATIVE,12,33.33,-1.98,33.33,-0.03,41.67,-2.7,25.0,-4.55
BIRLANU,2026-08-28,Bearish,30.09,NEGATIVE,100,45.0,-0.33,36.0,-0.64,39.0,-2.15,31.0,-2.88
MOIL,2026-08-28,Bearish,16.55,NEGATIVE,11,45.45,0.57,36.36,-0.6,9.09,-2.99,18.18,-3.61
VASCONEQ,2026-08-28,Bearish,9.74,NEGATIVE,19,21.05,-1.92,26.32,-2.67,15.79,-4.82,42.11,-3.0
STCINDIA,2026-08-28,Bearish,22.5,NEGATIVE,14,71.43,0.4,57.14,-1.14,21.43,-4.63,14.29,-5.66
COROMANDEL,2026-08-28,Bearish,16.06,NEGATIVE,8,37.5,-1.33,12.5,-3.13,37.5,-0.98,50.0,3.4
EVEREADY,2026-08-28,Bearish,28.71,NEGATIVE,23,43.48,-1.17,39.13,-1.38,34.78,-1.66,26.09,-3.0
AMRUTANJAN,2026-08-28,Neutral-Range,2.78,NEGATIVE,9,22.22,-0.74,11.11,-1.16,11.11,-4.97,11.11,-5.77
INDOFARM,2026-08-28,Bearish,9.0,NEGATIVE,10,30.0,0.33,20.0,-1.29,20.0,-4.26,10.0,-7.37
NFL,2026-08-28,Bearish,8.93,NEGATIVE,11,27.27,-0.94,9.09,-2.39,27.27,-2.31,36.36,-0.77
RPOWER,2026-08-28,Bearish,8.61,NEGATIVE,18,22.22,-4.01,22.22,-5.04,16.67,-6.87,11.11,-8.71
RAILTEL,2026-08-28,Bearish,8.36,NEGATIVE,8,37.5,-0.76,37.5,-0.66,0.0,-4.28,12.5,-6.31
TINNARUBR,2026-08-28,Bearish,14.44,NEGATIVE,9,44.44,-1.66,22.22,-2.32,33.33,-3.93,22.22,-6.61
NETWORK18,2026-08-28,Bearish,14.44,NEGATIVE,9,33.33,-1.1,11.11,-3.11,44.44,-2.88,33.33,-2.77
PNCINFRA,2026-08-28,Bearish,7.83,NEGATIVE,30,36.67,-0.37,26.67,-1.87,10.0,-3.76,13.33,-4.43
QUICKHEAL,2026-08-28,Bearish,14.09,NEGATIVE,33,36.36,-1.29,30.3,-2.74,24.24,-5.78,18.18,-8.34
RELINFRA,2026-08-28,Bearish,14.09,NEGATIVE,22,31.82,-1.78,31.82,-1.36,22.73,-6.97,0.0,-13.01
HLEGLAS,2026-08-28,Bearish,13.92,NEGATIVE,37,32.43,-1.32,35.14,-2.48,18.92,-4.78,13.51,-6.59
NACLIND,2026-08-28,Bearish,13.85,NEGATIVE,26,11.54,-3.28,23.08,-3.05,30.77,-2.37,23.08,-0.45
KALPATARU,2026-08-28,Bearish,13.86,NEGATIVE,40,32.5,-0.63,30.0,-1.66,22.5,-3.22,27.5,-3.88
ECOSMOBLTY,2026-08-28,Bearish,19.99,NEGATIVE,28,32.14,-0.11,32.14,-0.92,21.43,-2.52,25.0,-2.75
RAYMONDREL,2026-08-28,Bearish,13.53,NEGATIVE,17,23.53,-2.32,23.53,-4.71,29.41,-5.69,47.06,-1.79
SIYSIL,2026-08-28,Bearish,13.06,NEGATIVE,31,16.13,-2.59,19.35,-3.02,32.26,-2.64,29.03,-3.26
FMCGIETF,2026-08-28,Bearish,25.27,NEGATIVE,21,23.81,-0.72,28.57,-1.02,33.33,-1.83,38.1,-2.34
TATAINVEST,2026-08-28,Bearish,5.11,NEGATIVE,40,27.5,-1.41,17.5,-1.81,7.5,-2.85,5.0,-3.93
SUYOG,2026-08-28,Bearish,17.11,NEGATIVE,19,31.58,-1.95,36.84,-1.92,26.32,-8.79,21.05,-12.36
PROTEAN,2026-08-28,Bearish,16.35,NEGATIVE,100,34.0,-1.17,33.0,-1.64,28.0,-3.75,19.0,-5.19
TTKPRESTIG,2026-08-28,Bearish,16.24,NEGATIVE,20,25.0,-0.56,20.0,-0.93,20.0,-2.26,10.0,-2.59
RSWM,2026-08-28,Bearish,9.0,NEGATIVE,25,28.0,-0.83,28.0,-1.39,12.0,-4.7,4.0,-6.09
SULA,2026-08-28,Bearish,2.44,NEGATIVE,16,12.5,-0.89,18.75,-1.59,0.0,-3.19,0.0,-3.26
STANLEY,2026-08-28,Bearish,14.31,NEGATIVE,29,27.59,-1.62,34.48,-2.32,20.69,-5.31,13.79,-6.01
JASH,2026-08-28,Bearish,19.96,NEGATIVE,16,43.75,-0.98,31.25,-1.47,31.25,-2.76,31.25,-2.13
JKTYRE,2026-08-28,Bearish,0.0,NEGATIVE,9,22.22,-2.76,11.11,-4.54,0.0,-6.75,11.11,-7.38
TVSELECT,2026-08-28,Bearish,12.5,NEGATIVE,22,31.82,-1.33,31.82,-2.98,18.18,-4.23,18.18,-5.79
ENRIN,2026-08-28,Bearish,11.92,NEGATIVE,18,27.78,-1.28,16.67,-2.38,27.78,-2.28,44.44,-1.17
SARLAPOLY,2026-08-28,Bearish,17.11,NEGATIVE,19,26.32,-2.71,26.32,-4.03,36.84,-4.82,21.05,-7.64
NDTV,2026-08-28,Bearish,16.32,NEGATIVE,35,22.86,-1.85,31.43,-1.67,25.71,-3.0,34.29,-4.22
PVSL,2026-08-28,Bearish,18.5,NEGATIVE,100,39.0,-1.03,30.0,-1.61,28.0,-2.59,27.0,-4.04
HONDAPOWER,2026-08-28,Bearish,11.33,NEGATIVE,15,26.67,-1.6,33.33,-1.16,13.33,-4.08,13.33,-4.29
TRAVELFOOD,2026-08-28,Bearish,3.75,NEGATIVE,12,33.33,-1.79,8.33,-2.96,16.67,-5.89,41.67,-0.43
DBCORP,2026-08-28,Bearish,9.41,NEGATIVE,17,29.41,-1.03,23.53,-2.06,17.65,-4.03,23.53,-6.37
MEDICO,2026-08-28,Bearish,2.0,NEGATIVE,10,20.0,-4.02,10.0,-3.88,10.0,-5.23,10.0,-8.92
MAXIND,2026-08-28,Bearish,1.36,NEGATIVE,11,18.18,-3.82,0.0,-5.09,18.18,-6.39,9.09,-8.0
MUFTI,2026-08-28,Bearish,13.42,NEGATIVE,19,31.58,-0.88,26.32,-1.87,21.05,-2.67,36.84,-3.9
HIKAL,2026-08-28,Bearish,2.78,NEGATIVE,18,27.78,-1.37,11.11,-2.15,11.11,-5.2,33.33,-4.66
