POSITION_RANK,SYMBOL,DATA_DATE,CMP,BIAS,NEXT_DAY_SCORE,SWING_SCORE,TECH_SCORE,TECH_SCORE_100,ALIGNED,CONFIDENCE,RSI14,ATR14,ATR_PCT,ATR_PERCENTILE,EMA20,EMA50,EMA200,MACD_HIST,MACD_DELTA,VOL_RATIO20,VOL_PERCENTILE,VWAP20,VWAP_DIST_PCT,DAY_RANGE_PCT,RANGE20_POS,RET1,RET5,RET10,RET20,GAP_PCT,DELIVERY_PCT,PREV_HIGH,PREV_LOW,PREV_CLOSE,WEEK_HIGH,WEEK_LOW,UP_DAY_PCT_3Y,DOWN_DAY_PCT_3Y,AVG_UP_RETURN_3Y,AVG_DOWN_RETURN_3Y,AVG_GAP_PCT_3Y,UP_GAP_FREQ_3Y,DOWN_GAP_FREQ_3Y,AVG_UP_GAP_3Y,AVG_DOWN_GAP_3Y,AVG_GAP_FILL_PCT_3Y,MAX_UP_STREAK_3Y,MAX_DOWN_STREAK_3Y,SIMILAR_SETUPS,HIST_1D_WIN_PCT,HIST_1D_AVG_PCT,HIST_3D_WIN_PCT,HIST_3D_AVG_PCT,HIST_5D_WIN_PCT,HIST_5D_AVG_PCT,HIST_10D_WIN_PCT,HIST_10D_AVG_PCT,HIST_15D_WIN_PCT,HIST_15D_AVG_PCT,HIST_SETUP_QUALITY,HISTORICAL_SCORE,HISTORICAL_QUALITY,PRIMARY_DRIVER,CONFLICTING_SIGNAL,EXPECTED_LOW_PCT,EXPECTED_HIGH_PCT,EXPECTED_LOW_PRICE,EXPECTED_HIGH_PRICE,INVALIDATION,LEVERAGE_RISK,AVG_VALUE20,INTRADAY_STATUS,INTRADAY_BIAS,INTRADAY_SCORE,IN_NEXT_DAY,IN_SWING,OVERLAP,POSITION_SCORE,TRADE_MODE,POSITION_ACTION
1,SBISILVER,2026-08-28,236.12,Bullish,79.12,83.38,7,85,7/10,High,60.44,6.06,2.57,19.17,228.73,226.75,217.19,0.8683,-0.0865,1.24,80.83,228.91,3.15,2.69,0.816,1.79,-0.89,4.17,11.57,0.0,39.59,241.76,229.3,231.97,241.76,229.3,54.93,41.61,1.75,-1.8,0.49,27.74,11.13,2.53,-2.53,62.27,8,7,100,62.0,0.6,68.0,1.88,75.0,3.38,77.0,6.5,76.0,9.81,STRONG,88.2,STRONG,Trend + Momentum + Volume + Structure,None material,0.9,3.85,238.24,245.22,228.91,MODERATE,277653794.0,NOT_AVAILABLE,NOT_AVAILABLE,,True,True,True,76.3,BOTH,LONG BIAS
2,SHREEJISPG,2026-08-28,652.5,Bullish,81.12,85.66,7,85,7/10,High,57.21,24.8,3.8,59.17,634.52,594.45,458.32,-3.3455,1.3202,0.81,45.83,636.34,2.54,3.84,0.689,1.9,5.15,-0.14,1.11,0.05,54.83,649.55,630.95,640.35,654.7,611.9,47.51,46.74,2.41,-1.6,0.36,21.07,7.66,1.96,-2.14,86.21,8,4,41,60.98,0.99,78.05,2.93,80.49,4.29,87.8,7.27,85.37,9.67,STRONG,93.9,STRONG,Trend + Momentum + Structure + VWAP,None material,1.33,5.7,661.18,689.69,630.95,HIGH,676745350.0,NOT_AVAILABLE,NOT_AVAILABLE,,True,True,True,76.01,BOTH,LONG BIAS
3,MONOLITH,2026-08-28,1226.0,Bullish,81.6,83.14,8,90,8/10,High,85.48,52.89,4.31,19.17,1006.54,878.12,636.24,18.9216,4.6852,1.23,75.0,998.85,22.74,5.93,0.969,5.96,22.67,29.02,42.86,1.11,72.28,1169.9,1069.45,1157.0,1169.9,980.05,48.09,45.96,3.17,-1.94,0.37,28.94,13.19,2.45,-2.91,83.18,7,6,26,61.54,1.03,73.08,2.38,73.08,3.08,80.77,6.5,88.46,13.02,STRONG,88.85,STRONG,Trend + Momentum + Volume + Structure,None material,1.51,6.47,1244.51,1305.34,998.85,HIGH,61391611.0,NOT_AVAILABLE,NOT_AVAILABLE,,True,True,True,74.13,BOTH,LONG BIAS
4,BLSE,2026-08-28,326.25,Bullish,78.55,78.71,8,90,8/10,High,66.23,11.74,3.6,17.5,310.57,285.9,227.71,-1.5535,0.621,1.18,76.67,315.27,3.48,5.06,0.932,3.88,1.67,3.82,8.51,-0.02,52.05,321.8,302.4,314.05,327.8,302.4,42.31,53.58,2.32,-1.79,0.29,19.63,9.59,1.96,-2.19,85.35,6,8,76,61.84,0.7,63.16,1.18,61.84,1.77,67.11,3.81,75.0,5.56,POSITIVE,80.13,STRONG,Trend + Momentum + Volume + Structure,None material,1.26,5.4,330.36,343.86,302.4,HIGH,170986010.0,NOT_AVAILABLE,NOT_AVAILABLE,,True,True,True,69.71,BOTH,LONG BIAS
5,LIQUIDCASE,2026-08-28,115.7,Bullish,78.38,92.66,7,85,7/10,Medium,100.0,0.04,0.03,89.17,115.48,115.17,113.56,0.0002,0.0015,1.26,85.83,115.48,0.19,0.02,0.976,0.04,0.1,0.18,0.36,0.05,64.22,115.67,115.64,115.65,115.67,115.58,87.69,0.6,0.02,-0.01,0.49,17.57,2.1,2.69,-2.34,99.63,27,1,12,58.33,0.01,100.0,0.05,100.0,0.09,100.0,0.18,100.0,0.27,STRONG,86.08,STRONG,Trend + Momentum + Volume + Structure,None material,0.1,0.05,115.82,115.76,115.48,LOW,1874145376.0,NOT_AVAILABLE,NOT_AVAILABLE,,True,True,True,80.33,BOTH,LONG BIAS
6,PETRONET,2026-08-28,292.0,Bullish,77.85,84.98,6,80,6/10,Medium,60.39,5.68,1.95,0.83,286.46,282.17,281.11,0.6612,-0.1389,0.6,35.0,286.17,2.04,0.96,0.798,0.36,-0.34,3.33,4.01,0.02,64.85,293.35,289.6,290.95,296.8,289.0,48.16,47.37,1.38,-1.32,0.11,6.45,6.32,1.81,-1.99,76.19,8,9,10,70.0,1.13,90.0,2.3,80.0,2.65,80.0,3.94,90.0,6.44,STRONG,91.0,STRONG,Trend + Momentum + VWAP + RSI,None material,0.68,2.92,293.99,300.52,286.17,LOW,554897828.0,NOT_AVAILABLE,NOT_AVAILABLE,,True,True,True,79.1,BOTH,LONG BIAS
7,IRISDOREME,2026-08-28,58.7,Bullish,78.75,89.25,5,75,5/10,Medium,71.82,2.06,3.51,5.0,56.0,50.66,41.85,-0.3911,0.0255,0.28,2.5,57.01,2.96,1.69,0.797,1.33,2.98,1.33,10.84,0.76,54.0,58.18,56.66,57.93,60.2,54.23,46.45,48.95,1.93,-1.79,0.47,35.13,11.05,2.08,-2.98,95.52,10,9,11,72.73,0.95,81.82,2.64,100.0,4.23,100.0,10.28,100.0,16.53,STRONG,100.0,STRONG,Trend + Momentum + Structure + VWAP,None material,1.23,5.26,59.42,61.79,56.66,HIGH,85479357.0,NOT_AVAILABLE,NOT_AVAILABLE,,True,True,True,77.9,BOTH,LONG BIAS
8,AAREYDRUGS,2026-08-28,89.01,Bullish,85.12,86.46,9,95,9/10,Medium,62.71,3.87,4.35,30.83,82.2,81.76,77.52,0.4056,0.4992,2.3,92.5,83.11,7.1,3.43,1.0,4.99,9.62,6.13,14.32,2.62,79.84,84.78,80.02,84.78,84.78,74.6,46.05,49.08,2.58,-2.17,0.33,34.87,25.92,2.68,-2.3,81.33,11,10,14,78.57,1.95,71.43,3.71,78.57,4.27,85.71,8.52,85.71,11.46,STRONG,92.5,STRONG,Trend + Momentum + Volume + Structure,None material,1.52,6.53,90.37,94.82,80.02,HIGH,13718934.0,NOT_AVAILABLE,NOT_AVAILABLE,,True,True,True,77.1,BOTH,LONG BIAS
9,ATALREAL,2026-08-28,35.51,Bullish,78.67,83.33,6,80,6/10,Medium,65.01,1.32,3.73,16.67,34.08,32.41,27.78,-0.1119,0.0724,1.16,63.33,34.57,2.72,3.67,0.775,1.08,6.06,-1.72,7.05,0.63,18.49,36.14,34.6,35.13,36.14,32.71,47.63,46.32,2.24,-2.25,0.13,26.45,18.82,2.25,-2.91,83.39,8,9,12,66.67,0.73,66.67,1.55,83.33,2.71,83.33,5.03,83.33,4.84,STRONG,93.33,STRONG,Trend + Momentum + Volume + VWAP,None material,1.31,5.59,35.97,37.5,34.57,HIGH,404543790.0,NOT_AVAILABLE,NOT_AVAILABLE,,True,True,True,74.43,BOTH,LONG BIAS
10,BEL,2026-08-28,411.9,Bullish,76.86,74.61,7,85,7/10,High,55.27,6.67,1.62,0.83,407.92,408.83,410.71,0.7173,-0.071,0.79,45.0,405.34,1.62,1.13,0.857,0.22,-0.51,0.27,6.2,-0.04,59.19,412.9,408.0,411.0,415.95,405.55,49.87,45.53,1.55,-1.33,0.26,11.71,5.66,1.9,-2.05,76.22,9,8,100,58.0,0.36,68.0,1.17,68.0,1.64,71.0,2.88,68.0,3.83,STRONG,81.73,STRONG,Trend + Momentum + Structure + VWAP,None material,0.57,2.43,414.23,421.91,405.34,LOW,4109987877.0,NOT_AVAILABLE,NOT_AVAILABLE,,False,False,False,73.37,WATCH,WATCH
11,ABSLAMC,2026-08-28,1047.9,Bullish,78.9,77.74,8,90,8/10,High,54.58,26.39,2.52,0.83,1025.95,1044.67,976.36,7.4718,1.2428,0.4,20.0,1019.74,2.76,1.47,0.892,0.13,3.92,3.63,3.57,0.33,58.62,1054.9,1029.0,1046.5,1054.9,992.6,47.5,47.76,1.8,-1.49,0.15,11.45,7.89,1.83,-2.35,85.01,5,8,100,44.0,0.2,56.0,0.76,69.0,1.64,72.0,2.56,77.0,3.5,STRONG,81.15,STRONG,Trend + Momentum + Structure + VWAP,None material,0.88,3.78,1057.13,1087.48,1019.74,MODERATE,191377199.0,NOT_AVAILABLE,NOT_AVAILABLE,,True,False,False,72.78,INTRADAY,LONG BIAS
12,HYUNDAI,2026-08-28,2267.0,Bullish,77.62,80.82,8,90,8/10,High,68.52,48.45,2.14,0.83,2194.0,2104.01,2055.21,-2.4658,1.055,1.2,75.83,2220.48,2.09,1.72,0.884,0.62,2.17,3.09,3.96,-0.19,56.54,2281.0,2247.0,2253.0,2281.0,2190.0,48.09,48.73,1.47,-1.32,-0.02,5.93,7.2,1.97,-1.94,72.91,7,8,39,51.28,0.44,58.97,1.34,56.41,1.0,74.36,3.18,76.92,3.48,POSITIVE,77.49,STRONG,Trend + Momentum + Volume + Structure,None material,0.75,3.21,2283.96,2339.67,2220.48,MODERATE,1587242920.0,NOT_AVAILABLE,NOT_AVAILABLE,,False,True,False,72.4,SWING,LONG BIAS
13,GLENMARK,2026-08-28,2515.0,Bullish,76.4,77.95,7,85,7/10,High,73.54,60.55,2.41,10.83,2344.68,2288.86,2155.81,20.6358,3.9029,1.53,88.33,2324.46,8.2,4.3,0.94,2.24,8.5,8.48,12.58,0.0,48.92,2484.0,2440.6,2460.0,2484.0,2295.3,50.92,44.47,1.48,-1.34,0.06,6.32,5.26,1.84,-2.35,86.81,8,5,100,58.0,0.48,64.0,1.29,63.0,1.89,67.0,3.09,66.0,4.55,POSITIVE,80.42,STRONG,Trend + Momentum + Volume + Structure,None material,0.84,3.61,2536.19,2605.82,2324.46,MODERATE,1230772434.0,NOT_AVAILABLE,NOT_AVAILABLE,,False,False,False,71.91,WATCH,WATCH
14,HAPPYFORGE,2026-08-28,2307.0,Bullish,77.77,79.47,7,85,7/10,High,74.64,81.8,3.55,29.17,2082.03,1843.92,1443.44,2.0346,0.3755,0.34,8.33,2023.03,14.04,2.26,0.954,2.5,4.3,10.4,39.59,0.94,59.1,2279.0,2188.9,2250.8,2318.1,2107.3,46.94,49.13,1.6,-1.25,0.19,16.62,11.22,1.82,-1.77,90.09,8,8,100,53.0,0.35,60.0,1.1,64.0,1.78,77.0,3.96,77.0,5.41,POSITIVE,84.35,STRONG,Trend + Momentum + Structure + VWAP,None material,1.24,5.32,2335.63,2429.7,2023.03,HIGH,303437568.0,NOT_AVAILABLE,NOT_AVAILABLE,,False,True,False,70.76,SWING,LONG BIAS
15,GOLDCASE,2026-08-28,24.9,Bullish,74.37,77.61,7,85,7/10,High,66.49,0.68,2.72,25.83,24.18,23.58,22.42,0.0767,-0.0346,1.07,73.33,23.97,3.86,3.23,0.747,0.65,-0.44,4.58,11.66,2.47,60.61,25.83,24.42,24.74,25.93,24.07,53.83,38.97,0.97,-0.95,1.34,57.75,5.63,2.35,-2.33,91.7,7,4,100,55.0,0.32,59.0,0.96,64.0,1.19,68.0,2.17,68.0,3.17,POSITIVE,74.64,STRONG,Trend + Momentum + VWAP + RSI,None material,0.95,4.07,25.14,25.91,23.97,MODERATE,270562493.0,NOT_AVAILABLE,NOT_AVAILABLE,,False,False,False,69.75,WATCH,WATCH
16,QPOWER,2026-08-28,1431.2,Bullish,78.65,76.64,8,90,8/10,High,70.94,56.79,3.97,0.83,1279.46,1219.86,1040.96,12.6861,4.4394,2.22,96.67,1297.43,10.31,5.25,1.0,5.0,9.62,14.56,26.29,1.97,47.94,1363.1,1301.5,1363.1,1363.1,1267.3,50.26,46.35,3.24,-2.62,0.34,17.97,9.11,2.57,-2.24,78.87,8,8,84,59.52,0.39,54.76,1.84,65.48,3.97,64.29,6.64,58.33,8.59,STRONG,80.42,STRONG,Trend + Momentum + Volume + Structure,None material,1.39,5.95,1451.08,1516.38,1297.43,HIGH,340612985.0,NOT_AVAILABLE,NOT_AVAILABLE,,True,False,False,69.19,INTRADAY,LONG BIAS
17,OFSS,2026-08-28,12190.0,Bullish,75.56,74.37,8,90,8/10,High,63.93,347.92,2.85,3.33,11695.62,11222.35,9599.62,2.4568,25.8837,2.1,92.5,11776.8,3.51,3.37,0.924,2.83,3.97,3.06,8.98,0.18,34.95,11916.0,11720.0,11855.0,12060.0,11355.0,47.24,48.55,1.83,-1.44,0.22,11.71,7.76,1.86,-1.87,76.32,8,11,100,49.0,0.43,48.0,1.16,53.0,1.95,54.0,2.84,59.0,4.14,MIXED,71.61,STRONG,Trend + Momentum + Volume + Structure,None material,1.0,4.28,12311.77,12711.89,11720.0,MODERATE,2405317449.0,NOT_AVAILABLE,NOT_AVAILABLE,,False,False,False,68.38,WATCH,WATCH
18,SBC,2026-08-28,41.93,Bullish,75.11,78.6,7,85,7/10,High,63.21,1.32,3.14,63.33,40.49,40.26,34.63,0.2368,0.1031,0.61,14.17,40.17,4.37,1.98,0.936,1.16,4.56,8.63,-0.19,0.48,27.66,41.98,39.85,41.45,41.98,39.71,48.95,44.87,1.84,-1.7,0.37,20.53,5.39,2.04,-3.54,84.27,8,7,100,49.0,0.29,59.0,0.55,65.0,0.96,76.0,2.14,79.0,3.17,STRONG,76.75,STRONG,Trend + Momentum + Structure + VWAP,None material,1.1,4.71,42.39,43.91,39.85,HIGH,378320305.0,NOT_AVAILABLE,NOT_AVAILABLE,,False,True,False,67.8,SWING,LONG BIAS
19,GCSL,2026-08-28,541.3,Bullish,76.28,73.4,7,85,7/10,High,59.05,24.64,4.55,47.5,515.64,492.78,409.38,2.5508,0.7776,0.63,23.33,512.89,5.54,1.6,0.93,0.14,10.72,4.55,3.99,0.96,37.9,548.0,531.0,540.55,548.0,485.15,46.46,48.03,2.73,-2.09,0.44,29.53,17.72,2.68,-2.51,84.07,6,8,52,42.31,0.54,53.85,1.31,63.46,2.14,65.38,3.92,63.46,5.18,POSITIVE,80.09,STRONG,Trend + Momentum + Structure + VWAP,None material,1.59,6.83,549.93,578.27,512.89,HIGH,350532785.0,NOT_AVAILABLE,NOT_AVAILABLE,,False,False,False,67.43,WATCH,WATCH
20,GRWRHITECH,2026-08-28,7224.5,Bullish,75.69,75.11,7,85,7/10,High,56.2,236.86,3.28,3.33,7115.62,6841.79,5349.91,-12.3227,6.5654,0.94,60.83,7180.4,0.61,3.46,0.367,2.32,1.42,1.92,1.02,0.34,78.9,7164.5,6980.0,7060.5,7443.0,6980.0,47.63,48.16,2.99,-2.34,0.33,20.26,11.05,2.43,-2.42,85.91,12,8,100,45.0,0.23,56.0,1.88,61.0,3.47,63.0,5.94,68.0,8.52,POSITIVE,78.4,STRONG,Trend + Momentum + Structure + VWAP,None material,1.15,4.92,7307.4,7579.79,6980.0,HIGH,673606138.0,NOT_AVAILABLE,NOT_AVAILABLE,,False,False,False,67.34,WATCH,WATCH
21,AMBER,2026-08-28,7675.0,Bullish,73.93,68.95,7,85,7/10,High,61.26,193.85,2.53,0.83,7413.13,7460.84,7353.41,61.553,6.6807,0.76,43.33,7316.72,4.9,1.8,0.859,-0.34,4.42,6.27,3.15,0.64,31.4,7760.0,7465.5,7701.0,7760.0,7261.0,48.95,46.84,2.16,-1.9,0.24,16.32,6.58,1.89,-2.67,78.08,10,7,100,47.0,0.28,55.0,1.05,56.0,1.87,60.0,2.57,58.0,3.81,POSITIVE,73.36,STRONG,Trend + Momentum + Structure + VWAP,None material,0.88,3.79,7742.85,7965.78,7316.72,MODERATE,2621753212.0,NOT_AVAILABLE,NOT_AVAILABLE,,False,False,False,66.7,WATCH,WATCH
22,PERSISTENT,2026-08-28,5875.0,Bullish,72.94,76.18,8,90,8/10,High,69.3,148.73,2.53,1.67,5559.84,5353.19,5319.97,4.3656,13.2165,2.07,95.83,5592.98,5.04,4.12,0.941,3.91,3.66,5.29,5.87,0.41,36.58,5679.5,5597.0,5654.0,5725.0,5570.5,50.0,45.66,1.59,-1.63,0.09,12.24,7.76,1.68,-3.11,73.26,9,9,100,49.0,-0.11,52.0,-0.04,55.0,0.07,67.0,1.53,66.0,1.13,POSITIVE,64.1,POSITIVE,Trend + Momentum + Volume + Structure,None material,0.89,3.8,5927.06,6098.1,5592.98,MODERATE,2586874596.0,NOT_AVAILABLE,NOT_AVAILABLE,,False,False,False,66.26,WATCH,WATCH
23,SUNLITE,2026-08-28,534.35,Bullish,80.7,75.59,8,90,8/10,High,66.63,34.18,6.4,66.67,488.38,427.49,269.28,1.2055,1.1538,2.41,85.83,492.1,8.59,8.89,0.9,3.36,10.87,15.1,3.49,1.55,49.18,543.0,513.0,517.0,543.0,476.6,48.88,45.52,3.52,-2.59,1.06,37.31,22.39,4.35,-2.65,71.81,6,6,43,62.79,2.76,60.47,7.77,74.42,12.4,72.09,23.52,72.09,27.26,STRONG,86.28,STRONG,Trend + Momentum + Volume + Structure,None material,2.24,9.59,546.31,585.62,492.1,VERY_HIGH,11197768.0,NOT_AVAILABLE,NOT_AVAILABLE,,True,False,False,65.96,INTRADAY,LONG BIAS
24,VEDL,2026-08-28,287.95,Bullish,73.14,68.88,7,85,7/10,High,59.62,8.15,2.83,12.5,275.3,290.92,420.89,2.3742,0.3422,1.4,80.83,276.75,4.05,2.53,0.897,2.47,3.21,7.64,8.97,0.96,48.15,291.0,279.2,281.0,291.0,269.0,52.37,42.63,1.7,-1.85,0.17,15.13,8.55,1.77,-3.16,72.88,12,8,100,56.0,0.34,57.0,0.7,56.0,1.28,61.0,2.51,59.0,3.0,POSITIVE,71.11,STRONG,Momentum + Volume + Structure + VWAP,None material,0.99,4.25,290.8,300.18,276.75,MODERATE,3849956847.0,NOT_AVAILABLE,NOT_AVAILABLE,,False,False,False,65.88,WATCH,WATCH
25,OLIL,2026-08-28,415.0,Bullish,73.56,71.95,6,80,7/10,High,58.18,20.46,4.93,86.67,398.7,369.18,300.05,-4.7089,1.0909,1.63,80.83,428.48,-3.15,6.53,0.48,5.91,1.44,-1.75,10.12,2.51,95.15,405.0,382.05,391.85,413.25,382.05,48.64,44.44,3.19,-2.55,0.1,29.14,26.21,3.43,-3.52,62.85,7,6,100,49.0,0.65,49.0,2.1,55.0,3.15,70.0,7.01,71.0,9.34,POSITIVE,78.75,STRONG,Trend + Momentum + Volume + Structure,VWAP,1.73,7.4,422.16,445.69,382.05,HIGH,10814740.0,NOT_AVAILABLE,NOT_AVAILABLE,,False,False,False,65.84,WATCH,WATCH
26,CYIENTDLM,2026-08-28,819.1,Bullish,74.98,72.17,7,85,7/10,High,75.41,33.22,4.06,26.67,728.21,643.22,497.01,5.1589,1.2799,1.26,83.33,732.2,11.87,4.48,0.908,1.07,13.58,17.58,22.24,0.57,49.79,814.25,792.05,810.4,814.25,702.5,45.53,50.13,1.99,-1.7,0.31,16.05,7.76,2.02,-2.15,85.46,7,13,55,43.64,0.24,43.64,0.57,50.91,0.91,67.27,4.4,69.09,6.27,MIXED,76.36,STRONG,Trend + Momentum + Volume + Structure,None material,1.42,6.08,830.73,868.93,732.2,HIGH,476845739.0,NOT_AVAILABLE,NOT_AVAILABLE,,False,False,False,65.74,WATCH,WATCH
27,POWERMECH,2026-08-28,2580.6,Bullish,74.43,69.29,8,90,8/10,High,55.87,66.75,2.59,0.83,2522.89,2547.63,2507.83,14.7835,4.2072,0.68,43.33,2515.08,2.61,1.56,0.722,1.3,3.12,5.11,0.55,0.0,61.74,2570.0,2513.9,2547.4,2570.0,2435.5,47.37,48.42,1.96,-1.93,0.3,19.61,7.24,2.05,-3.14,83.66,6,7,100,46.0,0.24,52.0,0.9,52.0,1.13,58.0,2.59,59.0,3.17,MIXED,68.38,POSITIVE,Trend + Momentum + Structure + VWAP,None material,0.91,3.88,2603.96,2680.73,2513.9,MODERATE,168331628.0,NOT_AVAILABLE,NOT_AVAILABLE,,False,False,False,65.71,WATCH,WATCH
28,EMUDHRA,2026-08-28,559.65,Bullish,76.98,70.25,8,90,8/10,High,68.0,19.64,3.51,24.17,530.28,501.78,519.71,0.1599,0.0741,0.58,53.33,535.47,4.52,2.43,0.948,0.07,3.48,7.87,20.59,0.0,50.79,563.5,543.4,559.25,563.5,533.0,43.55,52.11,1.93,-1.51,0.13,14.21,8.95,1.88,-2.44,92.19,8,10,100,48.0,0.53,49.0,0.85,54.0,1.31,64.0,3.53,65.0,5.66,MIXED,75.66,STRONG,Trend + Momentum + Structure + VWAP,None material,1.23,5.26,566.52,589.11,535.47,HIGH,113211514.0,NOT_AVAILABLE,NOT_AVAILABLE,,False,False,False,65.58,WATCH,WATCH
29,TECHM,2026-08-28,1640.9,Bullish,72.59,74.56,8,90,8/10,High,61.12,37.43,2.28,4.17,1600.65,1563.9,1513.05,-5.9685,4.612,1.31,80.83,1623.92,1.05,2.78,0.66,3.53,3.59,0.5,-0.63,0.95,51.08,1600.0,1571.6,1585.0,1614.9,1562.0,47.24,48.16,1.29,-1.17,0.05,7.37,8.55,1.72,-1.87,71.79,10,7,100,48.0,0.12,66.0,0.51,62.0,0.88,56.0,0.82,59.0,1.26,POSITIVE,63.1,POSITIVE,Trend + Momentum + Volume + Structure,None material,0.8,3.42,1654.0,1697.05,1571.6,MODERATE,4230492236.0,NOT_AVAILABLE,NOT_AVAILABLE,,False,False,False,65.42,WATCH,WATCH
30,ARHAM,2026-08-28,215.4,Bullish,74.0,73.47,7,85,7/10,High,78.78,8.0,3.71,37.5,193.49,174.27,141.8,1.4295,0.041,1.13,71.67,194.59,10.69,3.8,0.903,1.72,9.23,13.67,23.79,1.53,56.6,215.0,210.0,211.75,220.05,191.0,43.7,48.64,3.26,-2.54,0.45,37.0,23.44,3.34,-3.42,71.25,8,6,47,51.06,-0.02,61.7,0.67,61.7,0.9,63.83,2.76,59.57,1.68,POSITIVE,73.58,STRONG,Trend + Momentum + Structure + VWAP,None material,1.3,5.57,218.2,227.4,194.59,HIGH,9165320.0,NOT_AVAILABLE,NOT_AVAILABLE,,False,False,False,65.14,WATCH,WATCH
31,ITBEES,2026-08-28,34.7,Bullish,73.17,70.75,8,90,8/10,High,60.48,1.0,2.89,27.5,33.98,33.3,34.72,-0.1323,0.0723,2.14,96.67,34.53,0.5,3.56,0.39,2.94,2.45,-0.32,1.7,0.0,51.85,34.6,33.6,33.71,34.6,33.24,45.0,49.74,1.04,-0.92,0.67,31.58,5.39,2.05,-2.06,95.94,7,8,100,48.0,0.04,57.0,0.39,52.0,0.61,66.0,1.51,66.0,1.93,MIXED,64.78,POSITIVE,Trend + Momentum + Volume + Structure,None material,1.01,4.34,35.05,36.2,33.6,MODERATE,325895112.0,NOT_AVAILABLE,NOT_AVAILABLE,,False,False,False,64.87,WATCH,WATCH
32,UNIPARTS,2026-08-28,873.15,Bullish,74.68,75.2,8,90,8/10,High,69.61,32.53,3.73,20.83,799.97,741.25,595.0,-1.1939,3.5874,1.96,93.33,809.14,7.91,8.26,0.96,8.02,7.1,7.0,19.94,1.13,42.52,824.0,801.0,808.3,844.9,800.05,44.87,50.66,1.67,-1.33,0.28,13.42,6.05,1.98,-1.94,83.74,6,20,100,52.0,0.31,54.0,0.71,57.0,0.87,63.0,2.15,70.0,3.26,POSITIVE,69.08,POSITIVE,Trend + Momentum + Volume + Structure,None material,1.3,5.59,884.54,921.94,801.0,HIGH,193009307.0,NOT_AVAILABLE,NOT_AVAILABLE,,False,False,False,64.73,WATCH,WATCH
33,SEAMECLTD,2026-08-28,1676.6,Bullish,73.84,72.18,7,85,7/10,High,67.49,58.13,3.47,4.17,1587.64,1529.98,1377.58,6.3945,-0.3997,0.98,64.17,1591.96,5.32,4.65,0.851,3.21,0.14,8.74,14.65,0.0,56.85,1670.1,1600.0,1624.4,1717.4,1600.0,46.58,48.95,1.99,-1.58,0.2,19.47,12.24,1.82,-1.79,92.38,7,8,100,51.0,0.56,56.0,0.92,58.0,1.83,58.0,2.55,60.0,3.93,POSITIVE,73.12,STRONG,Trend + Momentum + Structure + VWAP,None material,1.21,5.2,1696.94,1763.79,1591.96,HIGH,227767046.0,NOT_AVAILABLE,NOT_AVAILABLE,,False,False,False,64.59,WATCH,WATCH
34,STAR,2026-08-28,1019.9,Bullish,76.17,69.37,8,90,8/10,High,53.64,35.7,3.5,25.83,998.13,1023.82,991.02,5.6687,2.4695,0.9,61.67,992.32,2.78,4.52,0.711,3.75,3.42,5.38,-0.5,0.1,63.52,994.4,978.9,983.0,1003.0,970.6,49.47,46.32,2.12,-1.9,0.05,10.0,8.42,2.03,-3.13,86.45,8,8,100,61.0,0.68,61.0,1.31,64.0,1.19,59.0,2.63,56.0,4.18,POSITIVE,73.33,STRONG,Trend + Momentum + Structure + VWAP,None material,1.23,5.25,1032.39,1073.45,978.9,HIGH,478275367.0,NOT_AVAILABLE,NOT_AVAILABLE,,False,False,False,64.49,WATCH,WATCH
35,TATSILV,2026-08-28,23.37,Bullish,73.44,73.21,7,85,7/10,High,60.12,0.78,3.34,30.0,22.66,22.47,21.53,0.0846,-0.0094,1.44,87.5,22.65,3.19,4.92,0.766,1.74,-1.06,4.1,11.34,2.31,46.77,23.94,22.71,22.97,24.21,22.71,51.71,41.13,1.71,-1.67,0.71,37.41,8.2,2.3,-2.76,76.77,8,7,100,53.0,0.01,56.0,0.75,62.0,1.49,60.0,2.08,63.0,3.25,POSITIVE,71.98,STRONG,Trend + Momentum + Volume + VWAP,None material,1.17,5.0,23.64,24.54,22.65,HIGH,1150009747.0,NOT_AVAILABLE,NOT_AVAILABLE,,False,False,False,64.49,WATCH,WATCH
36,DIACABS,2026-08-28,349.4,Bullish,74.46,69.65,7,85,7/10,High,60.7,17.24,4.93,21.67,340.56,299.07,221.55,-6.7587,0.6139,0.64,37.5,347.45,0.56,5.32,0.59,3.19,-1.88,-5.18,7.85,1.0,,341.4,330.0,338.6,364.95,325.8,57.92,37.86,2.63,-2.49,0.71,47.23,13.85,2.37,-3.33,46.54,29,11,100,45.0,-0.74,50.0,0.16,57.0,2.22,57.0,4.93,56.0,5.02,POSITIVE,74.9,STRONG,Trend + Momentum + Structure + VWAP,None material,1.73,7.4,355.43,375.25,330.0,HIGH,490090401.0,NOT_AVAILABLE,NOT_AVAILABLE,,False,False,False,64.46,WATCH,WATCH
37,TEXRAIL,2026-08-28,109.44,Bullish,72.72,69.09,8,90,8/10,High,52.97,3.27,2.99,6.67,107.74,108.81,115.27,0.5402,0.1415,1.79,90.83,107.7,1.62,3.54,0.561,0.93,4.66,4.38,-1.75,1.44,33.58,110.86,108.1,108.43,110.88,103.7,45.39,50.26,2.41,-2.15,0.32,15.92,8.03,2.39,-2.61,72.12,6,9,100,56.0,0.37,62.0,0.91,60.0,0.7,55.0,1.36,58.0,2.92,POSITIVE,63.49,POSITIVE,Trend + Momentum + Volume + VWAP,None material,1.05,4.49,110.59,114.35,107.7,MODERATE,156812412.0,NOT_AVAILABLE,NOT_AVAILABLE,,False,False,False,63.92,WATCH,WATCH
38,CRISIL,2026-08-28,4732.7,Bullish,72.93,72.7,9,95,9/10,High,68.65,110.42,2.33,2.5,4506.61,4371.47,4367.6,9.1623,9.8095,2.11,91.67,4567.95,3.61,2.23,0.871,0.63,4.83,5.74,8.55,0.08,50.24,4715.0,4500.0,4703.2,4715.0,4437.0,45.66,50.13,1.54,-1.32,0.22,8.03,4.08,1.89,-1.8,86.89,10,9,100,50.0,0.17,54.0,-0.0,48.0,0.03,53.0,1.8,55.0,1.88,MIXED,57.67,POSITIVE,Trend + Momentum + Volume + Structure,None material,0.82,3.5,4771.35,4898.33,4500.0,MODERATE,227541975.0,NOT_AVAILABLE,NOT_AVAILABLE,,False,False,False,63.61,WATCH,WATCH
39,GLAXO,2026-08-28,3106.4,Bullish,70.04,71.49,7,85,7/10,High,77.57,86.06,2.77,54.17,2839.16,2653.48,2527.54,25.8373,0.3604,0.74,33.33,2933.57,5.89,2.22,0.976,1.22,7.04,15.53,16.98,-0.0,64.65,3118.0,3018.9,3069.1,3118.0,2865.4,46.32,49.47,1.71,-1.37,0.14,7.11,5.0,1.85,-1.98,82.71,10,7,100,48.0,0.16,51.0,0.62,51.0,0.61,59.0,1.58,58.0,2.14,MIXED,62.26,POSITIVE,Trend + Momentum + Structure + VWAP,None material,0.97,4.16,3136.52,3235.49,2933.57,MODERATE,536319813.0,NOT_AVAILABLE,NOT_AVAILABLE,,False,False,False,63.52,WATCH,WATCH
40,SAFEENTP,2026-08-28,251.65,Bullish,74.5,65.9,7,85,7/10,High,48.97,8.56,3.4,2.5,251.02,255.94,248.25,1.1664,0.0587,0.83,60.83,249.18,0.99,4.28,0.649,0.66,0.66,5.34,1.68,1.56,89.04,250.0,246.0,250.0,259.5,244.2,43.49,51.03,2.94,-2.26,0.25,30.14,21.23,2.52,-2.61,82.52,5,8,84,47.62,0.33,42.86,1.49,52.38,2.74,61.9,3.99,50.0,5.02,MIXED,75.0,STRONG,Trend + Momentum + Structure + VWAP,None material,1.19,5.1,254.64,264.49,246.0,HIGH,10951548.0,NOT_AVAILABLE,NOT_AVAILABLE,,False,False,False,63.37,WATCH,WATCH
41,EMKAY,2026-08-28,251.59,Bullish,75.98,65.69,8,90,8/10,High,57.32,11.0,4.37,1.67,242.64,246.29,248.13,1.5094,0.6756,3.11,95.0,243.93,3.14,8.72,0.716,4.95,4.89,6.11,4.07,-0.3,51.72,242.67,236.25,239.73,252.39,236.25,43.95,50.66,3.03,-2.23,0.32,32.24,22.11,2.47,-2.26,67.37,12,16,100,47.0,0.33,45.0,0.58,49.0,2.8,59.0,6.19,59.0,6.5,MIXED,72.8,STRONG,Trend + Momentum + Volume + Structure,None material,1.53,6.56,255.44,268.09,236.25,HIGH,6049355.0,NOT_AVAILABLE,NOT_AVAILABLE,,False,False,False,63.2,WATCH,WATCH
42,AEROENTER,2026-08-28,146.29,Bullish,78.18,68.95,10,100,10/10,High,69.63,6.66,4.55,0.83,134.03,126.42,105.41,1.5563,0.1051,1.25,73.33,135.34,8.09,3.07,0.957,2.54,4.44,14.33,22.49,1.51,50.06,147.0,141.01,142.66,147.0,130.65,41.78,53.95,2.7,-1.74,0.24,16.45,8.22,1.97,-2.58,87.13,7,8,37,35.14,0.2,45.95,1.71,45.95,2.02,43.24,3.52,45.95,1.76,MIXED,66.22,POSITIVE,Trend + Momentum + Volume + Structure,None material,1.59,6.83,148.62,156.28,135.34,HIGH,100462564.0,NOT_AVAILABLE,NOT_AVAILABLE,,True,False,False,63.19,INTRADAY,LONG BIAS
43,GEOJITFSL,2026-08-28,83.7,Bullish,73.03,69.94,7,85,7/10,High,62.83,2.97,3.55,25.0,80.26,78.45,74.62,0.4128,0.0727,1.87,93.33,80.57,3.89,4.66,0.849,1.28,3.69,4.14,9.61,0.0,47.32,83.47,80.0,82.64,85.3,79.12,47.24,48.42,2.31,-2.04,0.14,12.5,10.53,2.07,-2.1,82.36,8,9,89,41.57,0.39,50.56,1.3,51.69,1.87,50.56,3.27,59.55,4.83,MIXED,70.79,STRONG,Trend + Momentum + Volume + Structure,None material,1.24,5.32,84.74,88.15,80.0,HIGH,33840887.0,NOT_AVAILABLE,NOT_AVAILABLE,,False,False,False,63.09,WATCH,WATCH
44,PARADEEP,2026-08-28,165.88,Bullish,72.3,71.12,7,85,7/10,High,70.59,5.41,3.26,19.17,152.25,145.24,139.44,1.4412,0.3247,1.31,85.0,155.78,6.48,4.14,0.913,3.32,11.72,12.19,12.59,0.5,35.88,162.92,159.61,160.55,165.79,146.11,46.97,48.42,2.37,-1.99,0.24,11.58,6.71,2.08,-2.29,84.19,8,10,100,47.0,0.05,47.0,0.15,57.0,0.93,56.0,2.61,60.0,4.04,POSITIVE,68.71,POSITIVE,Trend + Momentum + Volume + Structure,None material,1.14,4.9,167.78,174.0,155.78,HIGH,1008415147.0,NOT_AVAILABLE,NOT_AVAILABLE,,False,False,False,62.7,WATCH,WATCH
45,PCCL,2026-08-28,391.9,Bullish,70.13,73.01,6,80,7/10,High,89.53,13.85,3.53,33.33,330.77,300.39,257.38,5.913,0.9569,1.44,67.5,334.09,17.31,8.37,0.99,2.86,11.94,28.28,37.51,-2.89,57.65,388.0,365.0,381.0,388.0,330.0,47.5,46.58,2.19,-2.06,-0.29,20.52,30.13,2.6,-2.71,78.56,9,8,46,50.0,0.17,63.04,0.18,65.22,0.43,69.57,1.26,65.22,3.14,STRONG,68.94,POSITIVE,Trend + Momentum + Volume + Structure,Gap,1.24,5.3,396.75,412.68,334.09,HIGH,7871050.0,NOT_AVAILABLE,NOT_AVAILABLE,,False,False,False,62.68,WATCH,WATCH
46,VIESL,2026-08-28,351.45,Bullish,75.9,69.5,9,95,9/10,High,65.81,15.34,4.36,40.83,319.49,313.09,272.6,4.2553,1.1447,1.63,79.17,322.08,9.12,6.53,0.932,6.26,9.85,12.99,11.17,2.19,81.94,355.5,326.0,330.75,355.5,305.1,48.46,48.23,2.96,-2.51,0.23,26.71,20.33,2.43,-2.2,76.28,6,5,61,44.26,0.05,50.82,0.88,54.1,1.74,44.26,2.44,54.1,3.74,MIXED,66.15,POSITIVE,Trend + Momentum + Volume + Structure,None material,1.53,6.55,356.82,374.46,322.08,HIGH,11401536.0,NOT_AVAILABLE,NOT_AVAILABLE,,False,False,False,62.66,WATCH,WATCH
47,SHYAMMETL,2026-08-28,1099.8,Bullish,70.7,71.09,8,90,8/10,High,73.11,30.12,2.74,25.0,1016.85,998.05,923.45,8.5973,4.6844,4.35,99.17,1031.12,6.66,6.85,0.921,5.51,11.67,10.02,6.64,0.73,54.12,1083.9,1031.0,1042.4,1083.9,983.1,48.03,47.76,1.74,-1.45,0.12,9.74,8.16,1.91,-1.78,85.19,8,6,100,40.0,0.08,48.0,0.03,45.0,0.22,55.0,1.71,57.0,2.98,MIXED,57.72,POSITIVE,Trend + Momentum + Volume + Structure,None material,0.96,4.11,1110.34,1144.98,1031.0,MODERATE,635478160.0,NOT_AVAILABLE,NOT_AVAILABLE,,False,False,False,62.47,WATCH,WATCH
48,WOCKPHARMA,2026-08-28,1977.1,Bullish,72.5,68.55,7,85,7/10,High,58.02,67.58,3.42,10.83,1911.49,1885.25,1656.5,6.0459,4.655,2.21,92.5,1943.07,1.75,4.17,0.642,0.77,4.81,2.3,0.89,0.72,34.48,1987.0,1874.0,1962.0,1987.0,1830.0,45.39,50.26,2.9,-1.97,0.34,15.0,8.82,2.63,-2.27,77.44,12,6,100,49.0,0.65,52.0,1.49,45.0,1.92,53.0,5.64,55.0,8.5,MIXED,69.3,POSITIVE,Trend + Momentum + Volume + VWAP,None material,1.2,5.13,2000.75,2078.48,1874.0,HIGH,1391781086.0,NOT_AVAILABLE,NOT_AVAILABLE,,False,False,False,62.14,WATCH,WATCH
49,AKUMS,2026-08-28,772.6,Bullish,72.66,73.2,8,90,8/10,High,64.73,26.44,3.42,21.67,736.1,689.21,581.96,0.3748,0.1313,0.92,60.83,741.97,4.13,2.08,0.918,1.5,3.01,6.33,17.35,0.37,59.23,778.05,760.0,761.2,783.0,737.0,45.16,51.42,1.98,-1.69,0.17,15.37,8.54,1.94,-2.22,83.06,5,10,65,41.54,0.07,50.77,0.37,56.92,0.87,55.38,1.38,69.23,3.23,POSITIVE,63.31,POSITIVE,Trend + Momentum + Structure + VWAP,None material,1.2,5.13,781.85,812.25,741.97,HIGH,330052035.0,NOT_AVAILABLE,NOT_AVAILABLE,,False,False,False,62.09,WATCH,WATCH
50,TBZ,2026-08-28,301.7,Bullish,75.94,73.21,7,85,7/10,High,64.36,16.72,5.54,69.17,273.53,247.94,196.54,3.4851,0.2133,0.58,41.67,274.9,9.75,5.37,0.863,-1.44,7.94,20.03,9.18,-0.03,25.81,312.7,300.4,306.1,312.7,250.2,45.79,49.87,2.66,-2.06,0.37,16.71,8.03,2.29,-2.44,79.56,7,6,100,46.0,0.35,51.0,2.06,61.0,3.78,65.0,7.69,66.0,11.55,POSITIVE,79.1,STRONG,Trend + Momentum + Structure + VWAP,None material,1.94,8.31,307.55,326.78,274.9,VERY_HIGH,470878652.0,NOT_AVAILABLE,NOT_AVAILABLE,,False,False,False,62.02,WATCH,WATCH
51,UNIVCABLES,2026-08-28,1693.2,Bullish,72.59,65.91,7,85,7/10,High,64.53,82.83,4.89,5.83,1573.21,1416.14,1067.55,-14.3196,4.6992,1.24,77.5,1639.02,3.31,5.86,0.84,5.34,6.32,2.97,24.65,0.17,41.39,1624.6,1564.8,1607.3,1704.8,1549.5,45.13,50.39,2.59,-1.89,0.3,18.42,11.32,2.2,-1.89,90.3,8,9,100,47.0,0.37,50.0,1.33,53.0,1.91,49.0,2.8,46.0,0.1,MIXED,69.54,POSITIVE,Trend + Momentum + Volume + Structure,None material,1.71,7.34,1722.19,1817.45,1564.8,HIGH,440988484.0,NOT_AVAILABLE,NOT_AVAILABLE,,False,False,False,61.44,WATCH,WATCH
52,ITETF,2026-08-28,33.08,Bullish,69.22,66.94,7,85,7/10,High,58.74,0.75,2.26,6.67,32.44,31.78,33.1,-0.1376,0.0678,1.44,86.67,32.95,0.39,3.55,0.543,3.15,2.45,-0.36,1.57,1.34,65.28,32.99,32.01,32.07,32.99,31.95,47.74,46.78,1.07,-1.04,0.57,27.71,3.7,1.85,-2.36,88.45,11,8,100,52.0,0.14,60.0,0.51,56.0,0.51,58.0,0.74,60.0,1.11,POSITIVE,59.9,POSITIVE,Trend + Momentum + Volume + Structure,None material,0.79,3.39,33.34,34.2,32.01,MODERATE,10712063.0,NOT_AVAILABLE,NOT_AVAILABLE,,False,False,False,61.32,WATCH,WATCH
53,BPCL,2026-08-28,319.25,Bullish,68.73,68.33,7,85,7/10,High,55.33,6.64,2.08,0.83,315.83,313.58,319.83,0.1076,0.2646,0.98,65.83,317.52,0.54,1.23,0.576,0.39,2.65,-0.06,-0.16,0.0,54.89,320.85,315.0,318.0,326.35,307.2,48.16,46.71,1.51,-1.49,0.1,13.29,8.55,1.8,-2.85,75.09,8,7,100,56.0,-0.1,57.0,-0.23,63.0,0.18,57.0,0.2,66.0,1.25,POSITIVE,58.52,POSITIVE,Trend + Momentum + VWAP + RSI,None material,0.73,3.12,321.58,329.21,315.0,MODERATE,1539350390.0,NOT_AVAILABLE,NOT_AVAILABLE,,False,False,False,61.25,WATCH,WATCH
54,HDFCSILVER,2026-08-28,230.34,Bullish,68.23,69.51,7,85,7/10,High,60.1,5.21,2.26,15.0,223.23,221.36,212.25,0.8254,-0.0838,0.96,67.5,223.2,3.2,2.94,0.861,1.82,-1.0,4.13,11.49,2.5,33.94,229.19,223.75,226.23,234.25,223.75,52.63,42.63,1.62,-1.55,0.53,31.84,10.39,2.21,-2.32,56.41,8,8,100,48.0,-0.14,49.0,0.46,49.0,-0.03,54.0,1.54,56.0,2.81,MIXED,57.09,POSITIVE,Trend + Momentum + Structure + VWAP,None material,0.79,3.39,232.16,238.15,223.2,MODERATE,729645378.0,NOT_AVAILABLE,NOT_AVAILABLE,,False,False,False,61.09,WATCH,WATCH
55,CARRARO,2026-08-28,557.8,Bullish,70.25,65.96,8,90,8/10,High,63.39,16.43,2.95,0.83,532.54,536.07,527.0,4.7987,1.0869,2.94,92.5,526.91,5.86,3.57,0.942,2.53,4.97,8.38,3.99,0.49,80.62,550.2,534.8,544.05,550.2,524.0,47.64,49.06,2.27,-2.16,0.24,16.98,9.2,2.24,-2.26,79.16,10,8,87,48.28,0.18,48.28,0.66,48.28,0.79,51.72,0.82,57.47,1.66,MIXED,56.44,MIXED,Trend + Momentum + Volume + Structure,None material,1.03,4.42,563.55,582.45,526.91,MODERATE,92869921.0,NOT_AVAILABLE,NOT_AVAILABLE,,False,False,False,60.47,WATCH,WATCH
56,INGERRAND,2026-08-28,4860.2,Bullish,69.19,69.11,8,90,8/10,High,66.41,145.37,2.99,16.67,4562.56,4458.52,4136.37,23.777,12.1288,3.19,95.0,4608.63,5.46,6.29,0.943,5.44,4.28,5.46,12.1,-0.01,42.37,4648.3,4560.0,4609.4,4720.0,4560.0,47.5,48.29,1.54,-1.34,0.09,9.21,5.53,1.72,-2.07,87.74,8,8,100,49.0,0.18,48.0,0.12,57.0,0.24,48.0,0.17,42.0,-0.17,POSITIVE,53.39,MIXED,Trend + Momentum + Volume + Structure,None material,1.05,4.49,4911.08,5078.26,4560.0,MODERATE,177717307.0,NOT_AVAILABLE,NOT_AVAILABLE,,False,False,False,60.34,WATCH,WATCH
57,VOLERCAR,2026-08-28,234.0,Bullish,73.69,63.64,8,90,8/10,High,59.23,8.92,3.81,0.83,223.0,225.37,197.31,1.7932,0.6057,0.03,1.67,220.86,5.95,0.0,1.0,3.33,8.28,6.36,-0.43,3.33,100.0,228.0,218.0,226.45,228.9,216.0,47.62,46.32,3.6,-2.57,0.7,35.06,24.24,3.64,-2.6,73.09,7,6,84,48.81,1.07,52.38,3.53,42.86,5.63,46.43,10.34,54.76,15.25,MIXED,66.25,POSITIVE,Trend + Momentum + Structure + VWAP,None material,1.33,5.72,237.12,247.38,218.0,HIGH,5972078.0,NOT_AVAILABLE,NOT_AVAILABLE,,False,False,False,60.26,WATCH,WATCH
58,APLAPOLLO,2026-08-28,2265.6,Bullish,68.6,70.43,8,90,8/10,High,84.32,49.96,2.21,14.17,2080.28,1978.76,1905.24,11.4076,3.7365,1.34,85.83,2041.52,10.98,4.38,0.972,3.55,5.92,8.75,24.52,-0.05,55.01,2235.2,2154.9,2188.0,2235.2,2119.7,49.47,46.18,1.37,-1.34,0.19,8.29,4.34,1.76,-1.82,84.63,10,8,97,49.48,0.01,47.42,-0.01,46.39,-0.09,57.73,0.16,54.64,-0.13,MIXED,51.72,MIXED,Trend + Momentum + Volume + Structure,None material,0.77,3.31,2283.09,2340.55,2041.52,MODERATE,1581525961.0,NOT_AVAILABLE,NOT_AVAILABLE,,False,False,False,60.14,WATCH,WATCH
59,MAHSEAMLES,2026-08-28,661.7,Bullish,67.92,66.96,7,85,7/10,High,74.96,17.79,2.69,24.17,619.49,609.17,604.0,4.9781,0.868,2.41,94.17,625.01,5.87,3.88,0.939,3.06,4.34,8.04,17.04,0.15,47.34,652.65,634.95,642.05,658.9,612.95,46.84,48.68,1.72,-1.56,0.09,8.82,8.03,1.73,-2.11,86.09,11,6,49,48.98,0.53,61.22,1.26,48.98,0.71,46.94,1.2,44.9,2.69,MIXED,56.21,MIXED,Trend + Momentum + Volume + Structure,None material,0.94,4.03,667.93,688.39,625.01,MODERATE,142523748.0,NOT_AVAILABLE,NOT_AVAILABLE,,False,False,False,60.02,WATCH,WATCH
60,KRN,2026-08-28,1609.7,Bullish,72.61,66.03,8,90,8/10,High,75.34,62.29,3.87,9.17,1432.56,1326.37,1097.13,13.9542,2.272,1.41,88.33,1475.7,9.08,4.7,0.995,4.84,8.61,9.63,37.07,0.43,59.71,1568.6,1482.0,1535.4,1568.6,1461.1,46.6,50.1,3.0,-2.18,0.22,15.05,10.72,2.52,-2.46,81.89,6,6,43,39.53,0.27,60.47,2.08,41.86,1.89,46.51,2.42,39.53,0.45,MIXED,63.17,POSITIVE,Trend + Momentum + Volume + Structure,None material,1.35,5.8,1631.5,1703.13,1475.7,HIGH,329075095.0,NOT_AVAILABLE,NOT_AVAILABLE,,False,False,False,59.88,WATCH,WATCH
61,HINDZINC,2026-08-28,622.0,Bullish,67.68,67.14,7,85,7/10,High,64.37,18.5,2.97,38.33,584.73,571.21,560.82,4.1573,0.4227,0.85,48.33,594.08,4.7,2.71,0.89,1.95,4.56,10.7,15.36,0.92,40.87,631.4,610.05,610.1,632.0,579.6,46.84,48.29,1.91,-1.61,0.22,15.79,9.08,1.89,-2.41,61.85,8,9,100,42.0,-0.31,50.0,0.04,51.0,0.52,50.0,0.77,42.0,-0.08,MIXED,55.51,MIXED,Trend + Momentum + Structure + VWAP,None material,1.04,4.46,628.47,649.74,594.08,MODERATE,4328881847.0,NOT_AVAILABLE,NOT_AVAILABLE,,False,False,False,59.82,WATCH,WATCH
62,IFCI,2026-08-28,89.96,Bullish,71.04,65.72,7,85,7/10,High,74.61,3.4,3.78,15.83,80.47,76.86,66.81,1.0245,0.2556,4.3,99.17,82.62,8.89,10.54,0.874,6.75,11.19,16.92,17.53,0.0,22.58,88.2,83.36,84.27,88.2,80.57,44.47,51.05,3.21,-2.23,0.35,18.29,8.68,2.46,-2.91,75.47,7,6,93,48.39,0.47,40.86,1.0,39.78,1.92,46.24,4.18,50.54,5.05,MIXED,65.11,POSITIVE,Trend + Momentum + Volume + Structure,None material,1.32,5.67,91.15,95.06,82.62,HIGH,2678476065.0,NOT_AVAILABLE,NOT_AVAILABLE,,False,False,False,59.81,WATCH,WATCH
63,TCS,2026-08-28,2342.0,Bullish,67.07,63.76,6,80,7/10,High,53.5,59.0,2.52,15.83,2314.42,2297.41,2548.85,-12.7437,6.607,1.48,86.67,2360.48,-0.78,3.79,0.427,4.16,1.74,-0.8,-1.0,1.05,39.57,2283.6,2243.9,2248.4,2321.6,2243.9,44.47,51.32,1.07,-1.02,0.03,7.5,5.92,1.58,-1.84,67.43,8,10,100,56.0,0.2,58.0,0.69,59.0,0.67,53.0,0.83,51.0,0.49,POSITIVE,60.2,POSITIVE,Trend + Momentum + Volume + Structure,VWAP,0.88,3.78,2362.65,2430.5,2243.9,MODERATE,6475141029.0,NOT_AVAILABLE,NOT_AVAILABLE,,False,False,False,59.8,WATCH,WATCH
64,MOCAPITAL,2026-08-28,55.39,Bullish,66.1,65.61,7,85,7/10,High,61.39,1.05,1.89,3.33,54.26,53.96,50.58,0.265,-0.0163,1.23,78.33,53.83,2.89,3.14,0.774,0.65,1.75,4.0,3.77,2.49,65.96,55.86,54.86,55.03,55.91,54.08,49.46,46.51,1.44,-1.14,0.88,44.62,8.87,2.12,-2.23,93.87,9,6,52,42.31,-0.09,42.31,0.01,51.92,0.39,44.23,0.2,40.38,0.15,MIXED,51.01,MIXED,Trend + Momentum + Volume + VWAP,None material,0.66,2.84,55.76,56.96,53.83,LOW,77234150.0,NOT_AVAILABLE,NOT_AVAILABLE,,False,False,False,59.77,WATCH,WATCH
65,GAIL,2026-08-28,171.1,Bearish,48.89,53.74,-6,20,7/10,High,44.29,3.29,1.92,1.67,173.64,172.6,169.5,-0.3381,-0.1277,0.87,55.83,174.52,-1.96,1.35,0.087,-0.78,-0.52,-2.17,-5.7,-0.43,75.42,174.84,171.0,172.44,176.29,171.0,47.89,47.76,1.5,-1.38,0.12,9.34,6.45,1.81,-2.18,73.66,7,8,100,57.0,0.45,61.0,1.13,67.0,2.16,77.0,3.04,73.0,3.68,STRONG,85.4,STRONG,Liquidity,"Trend, Momentum, Structure",-2.88,-0.67,166.16,169.95,174.84,LOW,1737121636.0,NOT_AVAILABLE,NOT_AVAILABLE,,False,False,False,59.64,WATCH,WATCH
66,MPHASIS,2026-08-28,2455.0,Bullish,67.51,66.34,7,85,7/10,High,54.32,66.71,2.72,0.83,2433.44,2388.76,2427.4,-11.2023,3.2144,2.33,95.83,2465.83,-0.44,2.36,0.53,1.72,1.03,-3.54,4.81,0.53,66.22,2419.2,2385.3,2413.6,2461.8,2385.3,47.76,47.89,1.5,-1.45,0.15,12.76,9.08,1.86,-2.24,74.64,9,8,100,52.0,0.05,49.0,-0.23,49.0,-0.33,59.0,0.89,67.0,2.28,MIXED,55.04,MIXED,Trend + Momentum + Volume + Structure,None material,0.95,4.08,2478.35,2555.06,2385.3,MODERATE,1013842069.0,NOT_AVAILABLE,NOT_AVAILABLE,,False,False,False,59.42,WATCH,WATCH
67,INDHOTEL,2026-08-28,706.4,Bearish,48.48,54.24,-6,20,7/10,High,36.59,12.78,1.81,7.5,725.22,719.43,699.83,-2.1956,-0.9269,2.25,98.33,728.77,-3.07,1.86,0.058,-1.68,-3.23,-1.89,-4.35,-0.35,64.89,726.35,713.0,718.5,737.0,713.0,50.26,45.0,1.37,-1.34,0.14,6.97,5.26,1.94,-1.91,80.03,9,7,100,55.0,0.42,64.0,0.94,70.0,1.87,74.0,2.84,78.0,3.47,STRONG,84.24,STRONG,Liquidity,"Trend, Momentum, Structure",-2.71,-0.63,687.22,701.93,728.77,LOW,1038141157.0,NOT_AVAILABLE,NOT_AVAILABLE,,False,False,False,59.38,WATCH,WATCH
68,TORNTPHARM,2026-08-28,5050.0,Bullish,66.75,68.08,7,85,7/10,High,58.65,106.12,2.1,0.83,4943.78,4847.88,4382.23,1.0159,7.4952,0.48,19.17,4961.79,1.78,1.66,0.541,1.02,3.13,4.49,-1.42,0.02,48.83,4999.0,4877.5,4999.0,5031.0,4855.0,51.05,44.47,1.14,-0.99,0.13,5.39,3.95,1.74,-1.89,90.11,11,5,100,40.0,-0.21,48.0,-0.09,46.0,0.11,53.0,0.69,54.0,1.22,MIXED,52.85,MIXED,Trend + Momentum + Structure + VWAP,None material,0.74,3.15,5087.14,5209.17,4877.5,MODERATE,1893896055.0,NOT_AVAILABLE,NOT_AVAILABLE,,False,False,False,59.16,WATCH,WATCH
69,MIDSMALL,2026-08-28,52.75,Bullish,64.96,66.71,7,85,7/10,High,64.12,0.56,1.06,0.83,52.1,51.45,49.65,0.0027,0.0139,1.13,77.5,52.17,1.1,0.63,0.969,0.51,0.88,1.07,3.09,0.27,75.74,52.81,52.41,52.48,52.81,51.23,51.3,44.37,0.87,-0.97,0.52,20.28,1.91,1.65,-1.74,90.54,10,8,68,61.76,0.12,54.41,0.11,55.88,0.09,42.65,-0.53,50.0,0.45,POSITIVE,47.73,MIXED,Trend + Momentum + Structure + VWAP,None material,0.37,1.59,52.95,53.59,52.17,LOW,16806770.0,NOT_AVAILABLE,NOT_AVAILABLE,,False,False,False,58.93,WATCH,WATCH
70,JGCHEM,2026-08-28,651.3,Bullish,73.97,69.31,7,85,7/10,High,66.65,35.03,5.38,90.83,587.29,530.56,439.52,-3.6817,3.2095,4.56,96.67,618.72,5.27,15.12,0.867,11.24,4.74,7.45,29.28,0.75,9.38,606.8,582.7,585.5,648.95,575.35,46.75,49.45,2.71,-2.05,0.31,17.43,8.72,2.09,-2.19,87.99,6,8,100,43.0,0.43,48.0,1.68,52.0,2.19,58.0,4.75,59.0,6.53,MIXED,73.5,STRONG,Trend + Momentum + Volume + Structure,None material,1.88,8.07,663.56,703.84,582.7,VERY_HIGH,801681036.0,NOT_AVAILABLE,NOT_AVAILABLE,,False,False,False,58.86,WATCH,WATCH
71,EBGNG,2026-08-28,635.1,Bullish,72.12,64.02,8,90,8/10,High,62.98,31.23,4.92,2.5,582.53,557.22,453.29,3.4723,2.6035,2.07,87.5,571.97,11.04,10.38,0.98,9.45,4.77,12.37,20.14,0.8,39.05,588.85,572.0,580.25,627.8,572.0,46.95,48.39,2.89,-2.22,0.56,29.03,12.54,2.57,-2.36,87.51,7,7,34,41.18,0.48,44.12,1.16,38.24,2.23,38.24,4.06,52.94,4.26,MIXED,61.77,POSITIVE,Trend + Momentum + Volume + Structure,None material,1.72,7.38,646.03,681.94,571.97,HIGH,371372898.0,NOT_AVAILABLE,NOT_AVAILABLE,,False,False,False,58.78,WATCH,WATCH
72,SIS,2026-08-28,431.0,Bullish,66.56,67.43,7,85,7/10,High,55.46,10.74,2.49,11.67,424.05,421.71,381.57,0.2571,0.9887,1.8,90.0,425.71,1.24,3.44,0.614,2.21,3.17,0.31,2.04,0.0,43.26,428.95,418.2,421.7,428.95,411.05,46.97,48.16,1.37,-1.3,0.14,11.84,8.55,1.8,-1.64,86.04,7,8,80,53.75,0.12,48.75,0.03,52.5,0.28,50.0,0.08,46.25,-0.27,MIXED,52.31,MIXED,Trend + Momentum + Volume + Structure,None material,0.87,3.74,434.76,447.11,418.2,MODERATE,79741919.0,NOT_AVAILABLE,NOT_AVAILABLE,,False,False,False,58.77,WATCH,WATCH
73,DIFFNKG,2026-08-28,411.0,Bullish,69.87,65.82,7,85,7/10,High,55.4,18.33,4.46,35.0,399.52,389.3,343.19,-0.042,0.9587,0.3,10.0,400.95,2.51,4.83,0.558,2.1,2.38,4.86,7.13,0.98,66.71,404.8,390.05,402.55,410.25,387.05,49.38,46.9,2.67,-2.38,0.33,25.83,13.02,2.22,-2.77,80.38,7,8,100,47.0,0.18,49.0,0.6,51.0,0.74,51.0,2.03,54.0,2.23,MIXED,61.78,POSITIVE,Trend + Momentum + Structure + VWAP,None material,1.56,6.69,417.42,438.5,390.05,HIGH,101078901.0,NOT_AVAILABLE,NOT_AVAILABLE,,False,False,False,58.65,WATCH,WATCH
74,MID150CASE,2026-08-28,11.87,Bullish,66.02,68.3,7,85,7/10,High,62.11,0.34,2.84,47.5,11.77,11.62,11.16,-0.0021,0.001,1.22,83.33,11.8,0.62,2.87,0.61,0.17,0.85,0.51,2.15,2.45,58.84,12.17,11.72,11.85,12.17,11.5,51.34,40.29,0.74,-0.86,1.57,62.92,6.24,2.56,-2.24,98.59,10,6,100,52.0,-0.01,51.0,-0.05,55.0,-0.02,49.0,-0.14,53.0,-0.13,MIXED,50.76,MIXED,Trend + Momentum + Volume + VWAP,None material,0.99,4.26,11.99,12.38,11.72,MODERATE,13247728.0,NOT_AVAILABLE,NOT_AVAILABLE,,False,False,False,58.49,WATCH,WATCH
75,CRAFTSMAN,2026-08-28,11118.0,Bullish,67.67,68.06,8,90,8/10,High,67.91,321.0,2.89,11.67,10467.48,9928.23,8461.57,5.174,23.4309,1.89,90.83,10582.22,5.06,3.13,0.936,2.02,4.45,8.46,12.6,0.47,48.92,10929.5,10473.0,10898.0,10929.5,10350.0,46.32,49.34,1.85,-1.46,0.17,13.55,6.58,1.6,-2.46,87.61,8,8,100,42.0,-0.03,41.0,-0.33,42.0,-0.43,52.0,0.72,50.0,0.9,NEGATIVE,49.06,MIXED,Trend + Momentum + Volume + Structure,None material,1.01,4.33,11230.35,11599.5,10473.0,MODERATE,397128461.0,NOT_AVAILABLE,NOT_AVAILABLE,,False,False,False,58.48,WATCH,WATCH
76,KTKBANK,2026-08-28,330.35,Bullish,65.89,68.24,7,85,7/10,High,64.15,9.87,2.99,11.67,316.51,296.95,251.91,0.5769,-0.5492,0.51,19.17,316.27,4.45,2.19,0.806,0.98,0.62,6.68,16.01,-0.66,51.86,338.8,326.0,327.15,341.0,326.0,44.34,51.05,1.66,-1.31,0.22,9.34,5.79,1.74,-2.2,72.73,7,11,100,33.0,-0.41,35.0,-0.65,51.0,-0.35,46.0,0.71,60.0,1.66,MIXED,50.39,MIXED,Trend + Momentum + Structure + VWAP,None material,1.05,4.48,333.8,345.15,316.27,MODERATE,1049254060.0,NOT_AVAILABLE,NOT_AVAILABLE,,False,False,False,58.34,WATCH,WATCH
77,AETHER,2026-08-28,1696.8,Bullish,68.77,68.28,7,85,7/10,High,68.46,54.42,3.21,0.83,1611.64,1498.88,1206.91,-1.3598,1.5665,1.59,86.67,1609.54,5.42,3.16,0.91,1.16,4.32,4.41,10.21,0.49,49.9,1696.1,1638.8,1677.3,1696.1,1584.2,45.26,50.13,1.62,-1.28,0.15,10.26,6.18,1.78,-2.33,87.62,8,7,100,43.0,0.37,54.0,0.97,50.0,0.95,51.0,1.12,62.0,2.37,MIXED,58.63,POSITIVE,Trend + Momentum + Volume + Structure,None material,1.12,4.81,1715.85,1778.42,1609.54,HIGH,450042892.0,NOT_AVAILABLE,NOT_AVAILABLE,,False,False,False,58.27,WATCH,WATCH
78,ONDOOR,2026-08-28,305.8,Bullish,74.37,64.83,7,85,7/10,High,75.79,19.82,6.48,40.83,263.2,225.33,206.41,3.4815,0.3596,0.17,20.83,274.99,11.2,2.91,0.882,1.07,24.79,24.89,13.55,2.26,81.82,314.85,290.0,302.55,317.0,231.2,45.22,47.39,3.51,-2.93,0.77,43.7,25.65,3.86,-3.62,77.36,9,7,53,54.72,0.46,49.06,2.27,60.38,3.48,52.83,5.1,50.94,4.16,POSITIVE,74.62,STRONG,Trend + Momentum + Structure + VWAP,None material,2.27,9.72,312.74,335.54,274.99,VERY_HIGH,5407758.0,NOT_AVAILABLE,NOT_AVAILABLE,,False,False,False,57.91,WATCH,WATCH
79,ZYDUSLIFE,2026-08-28,1191.0,Bullish,66.98,68.43,8,90,8/10,High,62.92,30.32,2.55,59.17,1139.72,1119.17,1027.9,5.3045,2.5401,0.74,39.17,1159.98,2.67,2.38,0.875,0.15,6.34,4.92,5.7,0.07,53.25,1195.4,1142.1,1189.2,1195.4,1092.6,50.79,44.74,1.22,-1.17,0.21,7.89,4.61,1.92,-2.0,81.86,8,9,100,48.0,0.01,51.0,-0.1,47.0,-0.13,47.0,-0.07,55.0,0.74,MIXED,47.1,MIXED,Trend + Momentum + Structure + VWAP,None material,0.89,3.82,1201.61,1236.49,1142.1,MODERATE,2016976692.0,NOT_AVAILABLE,NOT_AVAILABLE,,False,False,False,57.9,WATCH,WATCH
80,INFY,2026-08-28,1144.0,Bullish,66.88,63.4,7,85,8/10,High,52.93,27.18,2.38,2.5,1134.23,1131.0,1264.01,-4.9144,2.0059,1.2,79.17,1152.83,-0.77,1.95,0.419,2.99,2.05,-2.16,1.23,1.15,61.38,1130.7,1107.2,1110.8,1144.5,1107.2,45.26,50.39,1.23,-1.15,0.0,9.34,10.53,1.9,-1.91,58.49,7,7,100,50.0,-0.01,50.0,-0.01,55.0,0.16,51.0,0.12,49.0,0.05,POSITIVE,53.22,MIXED,Trend + Momentum + Volume + Structure,VWAP,0.83,3.56,1153.51,1184.76,1107.2,MODERATE,9242065372.0,NOT_AVAILABLE,NOT_AVAILABLE,,False,False,False,57.89,WATCH,WATCH
81,AURUM,2026-08-28,232.98,Bullish,68.34,67.69,7,85,7/10,High,55.99,8.9,3.82,28.33,228.53,221.31,197.83,0.3068,0.0155,0.49,36.67,223.8,4.1,3.08,0.812,1.98,2.26,5.67,5.94,0.57,66.41,233.43,226.25,228.45,239.39,226.2,44.21,51.32,2.29,-1.75,0.28,23.42,13.29,2.09,-1.94,91.71,6,8,100,43.0,0.01,47.0,0.36,50.0,0.75,53.0,0.84,57.0,3.22,MIXED,57.41,POSITIVE,Trend + Momentum + Structure + VWAP,None material,1.34,5.73,236.1,246.34,223.8,HIGH,49355876.0,NOT_AVAILABLE,NOT_AVAILABLE,,False,False,False,57.66,WATCH,WATCH
82,ECLERX,2026-08-28,1955.5,Bullish,69.81,61.46,7,85,7/10,High,62.59,75.99,3.89,0.83,1858.47,1781.53,2329.96,3.9356,3.3094,0.92,55.83,1862.59,4.99,3.5,0.84,0.75,7.7,3.08,5.96,-0.1,35.6,1972.2,1915.3,1940.9,1972.2,1785.2,47.24,48.55,2.13,-1.92,0.08,14.08,8.95,1.81,-2.87,84.48,7,10,100,42.0,0.62,50.0,1.32,46.0,1.46,43.0,2.4,57.0,3.91,MIXED,61.59,POSITIVE,Trend + Momentum + Structure + VWAP,None material,1.36,5.83,1982.1,2069.49,1862.59,HIGH,381801939.0,NOT_AVAILABLE,NOT_AVAILABLE,,False,False,False,57.28,WATCH,WATCH
83,DYCL,2026-08-28,487.6,Bullish,69.45,67.57,8,90,8/10,High,65.95,22.93,4.7,10.83,440.0,409.57,383.64,0.6594,2.2893,3.9,95.83,449.65,8.44,9.77,0.966,8.78,6.28,8.31,23.38,0.17,24.82,461.45,446.3,448.25,475.0,422.6,42.11,53.55,2.97,-2.17,0.39,29.34,9.74,2.09,-3.32,84.79,5,9,99,44.44,0.07,45.45,-0.39,50.51,-0.17,54.55,0.76,59.6,-1.53,MIXED,54.13,MIXED,Trend + Momentum + Volume + Structure,None material,1.65,7.05,495.62,521.99,446.3,HIGH,296080129.0,NOT_AVAILABLE,NOT_AVAILABLE,,False,False,False,57.14,WATCH,WATCH
84,BLISSGVS,2026-08-28,588.1,Bullish,68.47,65.35,7,85,7/10,High,70.42,26.61,4.52,11.67,537.94,496.12,348.63,4.4919,0.2408,1.09,75.0,534.68,9.99,5.37,0.897,5.0,1.55,13.26,26.3,1.23,,576.0,555.2,560.1,593.0,546.8,45.26,50.26,2.91,-2.02,0.23,16.45,9.87,2.09,-2.59,84.07,9,9,100,42.0,-0.18,36.0,-0.03,42.0,-0.12,58.0,2.06,57.0,2.25,NEGATIVE,57.76,POSITIVE,Trend + Momentum + Structure + VWAP,None material,1.58,6.79,597.41,628.01,534.68,HIGH,224267138.0,NOT_AVAILABLE,NOT_AVAILABLE,,False,False,False,57.09,WATCH,WATCH
85,DCMNVL,2026-08-28,192.85,Bullish,68.68,63.37,7,85,7/10,High,73.39,8.62,4.47,12.5,173.44,161.91,149.78,1.6974,0.1722,0.76,53.33,177.52,8.64,4.49,0.905,0.98,12.38,7.58,40.39,1.58,67.63,198.58,182.55,190.98,198.58,170.0,44.61,50.92,2.38,-1.97,0.49,32.24,15.92,2.43,-2.2,93.52,6,10,53,43.4,0.75,47.17,1.38,45.28,1.14,43.4,1.94,52.83,3.17,MIXED,58.36,POSITIVE,Trend + Momentum + Structure + VWAP,None material,1.56,6.7,195.87,205.78,177.52,HIGH,5170857.0,NOT_AVAILABLE,NOT_AVAILABLE,,False,False,False,56.7,WATCH,WATCH
86,SAIL,2026-08-28,200.0,Bullish,67.33,67.53,7,85,7/10,High,74.58,6.71,3.35,47.5,179.31,175.6,164.86,2.9052,0.4975,1.96,93.33,181.41,10.25,4.36,0.977,3.63,15.3,17.99,18.32,0.03,38.8,195.9,187.5,193.0,196.5,173.02,50.79,44.61,1.83,-1.81,0.14,10.79,8.42,1.83,-1.91,68.8,8,6,100,49.0,0.11,53.0,-0.17,53.0,-0.14,56.0,0.48,53.0,1.55,MIXED,54.51,MIXED,Trend + Momentum + Volume + Structure,None material,1.17,5.03,202.35,210.06,181.41,HIGH,4507659010.0,NOT_AVAILABLE,NOT_AVAILABLE,,False,False,False,56.59,WATCH,WATCH
87,DELHIVERY,2026-08-28,470.2,Bullish,66.24,60.59,7,85,7/10,High,54.03,11.63,2.47,0.83,461.85,467.26,449.63,1.2942,1.2651,0.45,18.33,468.39,0.39,2.37,0.637,0.9,4.33,2.28,-2.44,0.15,56.37,466.65,449.15,466.0,466.65,439.1,48.42,47.37,1.53,-1.5,0.14,10.92,5.26,1.65,-2.08,84.82,8,11,100,39.0,0.09,45.0,0.25,44.0,0.2,48.0,0.85,44.0,1.43,MIXED,51.4,MIXED,Trend + Momentum + Structure + RSI,None material,0.87,3.71,474.27,487.64,449.15,MODERATE,1471099248.0,NOT_AVAILABLE,NOT_AVAILABLE,,False,False,False,56.4,WATCH,WATCH
88,KRISHIVAL,2026-08-28,410.25,Bullish,67.31,66.85,7,85,7/10,High,56.53,14.0,3.41,87.5,397.94,394.33,378.36,1.894,0.3824,0.53,42.5,388.23,5.67,1.87,0.601,0.92,1.13,0.9,4.24,0.6,73.89,409.95,392.05,406.5,410.95,389.55,46.24,42.4,2.19,-2.11,0.36,28.88,17.7,3.1,-3.56,53.85,10,9,100,45.0,-0.14,46.0,-0.19,44.0,-0.1,59.0,0.95,54.0,1.21,NEGATIVE,54.45,MIXED,Trend + Momentum + Structure + VWAP,None material,1.19,5.12,415.15,431.25,388.23,HIGH,16373568.0,NOT_AVAILABLE,NOT_AVAILABLE,,False,False,False,56.36,WATCH,WATCH
89,CALSOFT,2026-08-28,35.5,Bullish,68.69,60.93,7,85,7/10,High,84.52,1.43,4.04,0.83,27.53,24.46,19.47,1.0752,0.1068,0.31,17.5,28.19,25.93,0.0,1.0,5.0,27.61,44.31,66.51,5.0,100.0,33.81,32.3,33.81,33.81,25.7,44.34,49.47,3.04,-2.34,1.13,49.74,17.63,3.33,-3.1,86.3,9,10,95,50.53,0.78,47.37,1.0,41.05,2.08,45.26,1.22,36.84,0.78,MIXED,58.41,POSITIVE,Trend + Momentum + Structure + VWAP,None material,1.41,6.06,36.0,37.65,28.19,HIGH,8320210.0,NOT_AVAILABLE,NOT_AVAILABLE,,False,False,False,55.99,WATCH,WATCH
90,ELGIEQUIP,2026-08-28,628.85,Bullish,69.56,68.19,9,95,9/10,High,58.64,19.34,3.08,23.33,607.29,594.44,551.76,0.9602,0.5768,1.38,83.33,612.74,2.63,5.84,0.797,4.94,-0.87,3.17,10.39,0.11,54.14,618.95,597.1,599.25,641.0,597.1,45.39,50.0,1.88,-1.59,0.2,9.61,6.45,1.89,-1.86,80.21,6,9,100,46.0,0.09,48.0,0.03,51.0,-0.14,49.0,-0.35,48.0,-1.44,MIXED,48.04,MIXED,Trend + Momentum + Volume + Structure,None material,1.08,4.61,635.62,657.87,597.1,HIGH,518474198.0,NOT_AVAILABLE,NOT_AVAILABLE,,False,False,False,55.83,WATCH,WATCH
91,JSWINFRA,2026-08-28,342.95,Bullish,64.3,65.16,7,85,7/10,High,57.29,9.27,2.7,1.67,336.29,326.23,298.15,0.2039,0.1091,0.54,21.67,337.86,1.51,2.17,0.703,1.48,2.16,1.12,9.78,0.46,57.78,348.0,334.3,337.95,348.0,331.0,47.66,48.33,1.84,-1.55,0.28,13.65,6.29,1.99,-2.42,74.41,8,8,100,51.0,0.2,46.0,0.08,47.0,-0.02,46.0,-0.4,46.0,-1.09,MIXED,45.87,MIXED,Trend + Momentum + VWAP + RSI,None material,0.95,4.05,346.19,356.85,334.3,MODERATE,896168169.0,NOT_AVAILABLE,NOT_AVAILABLE,,False,False,False,55.81,WATCH,WATCH
92,COFORGE,2026-08-28,2014.6,Bullish,64.98,62.32,7,85,7/10,High,77.68,50.99,2.53,3.33,1823.47,1683.97,1788.45,5.0175,6.4474,2.6,98.33,1848.79,8.97,5.55,0.994,5.93,6.5,11.18,17.06,0.69,34.81,1909.1,1881.0,1901.8,1937.1,1851.0,49.08,46.71,1.65,-1.73,0.13,15.0,8.03,1.88,-3.62,71.71,12,8,100,47.0,0.13,46.0,-0.31,48.0,-0.41,53.0,-0.23,52.0,0.58,MIXED,47.79,MIXED,Trend + Momentum + Volume + Structure,None material,0.89,3.8,2032.45,2091.09,1848.79,MODERATE,3920493417.0,NOT_AVAILABLE,NOT_AVAILABLE,,False,False,False,55.64,WATCH,WATCH
93,SOMANYCERA,2026-08-28,564.5,Bullish,68.16,66.64,8,90,8/10,High,68.39,19.81,3.51,7.5,527.79,514.67,479.95,5.9802,0.3503,0.58,39.17,523.87,7.76,2.66,0.95,1.42,8.53,8.01,15.48,0.61,56.47,565.0,552.15,556.6,565.0,509.0,44.08,51.45,1.73,-1.49,0.3,15.39,6.05,1.94,-2.07,89.66,7,9,77,37.66,-0.21,48.05,-0.13,46.75,-0.21,44.16,1.12,55.84,2.63,MIXED,50.46,MIXED,Trend + Momentum + Structure + VWAP,None material,1.23,5.26,571.43,594.21,523.87,HIGH,167418071.0,NOT_AVAILABLE,NOT_AVAILABLE,,False,False,False,55.56,WATCH,WATCH
94,JUSTDIAL,2026-08-28,704.55,Bullish,68.08,65.73,8,90,8/10,High,58.26,25.08,3.56,54.17,675.53,655.98,649.51,-3.1921,4.3097,3.64,96.67,686.99,2.56,7.99,0.731,10.0,4.52,3.46,-1.7,2.26,35.41,650.0,637.3,640.5,685.0,637.3,43.29,52.11,1.85,-1.49,0.23,11.58,5.79,1.98,-2.08,79.94,11,12,77,48.05,0.28,46.75,0.37,45.45,0.12,46.75,0.62,48.05,2.45,MIXED,50.23,MIXED,Trend + Momentum + Volume + Structure,None material,1.25,5.34,713.33,742.17,637.3,HIGH,139840497.0,NOT_AVAILABLE,NOT_AVAILABLE,,False,False,False,55.2,WATCH,WATCH
95,DANISH,2026-08-28,850.35,Bullish,69.4,61.1,8,90,8/10,High,59.53,31.61,3.72,1.67,808.01,833.79,812.84,10.444,2.862,1.57,84.17,797.21,6.67,5.95,0.956,4.22,8.51,11.43,4.39,0.7,77.89,816.75,800.0,815.9,823.8,774.0,44.52,52.19,3.03,-2.39,0.35,25.66,12.72,2.29,-2.24,79.27,7,6,98,36.73,-0.24,42.86,0.2,47.96,0.28,40.82,1.7,50.0,1.77,MIXED,53.99,MIXED,Trend + Momentum + Volume + Structure,None material,1.3,5.58,861.41,897.76,797.21,HIGH,15115040.0,NOT_AVAILABLE,NOT_AVAILABLE,,False,False,False,55.15,WATCH,WATCH
96,MANAKSTEEL,2026-08-28,94.79,Bullish,69.17,61.9,8,90,8/10,High,71.98,3.98,4.2,0.83,84.81,79.26,69.02,0.5724,0.3251,1.98,83.33,85.46,10.91,4.33,1.0,5.0,10.92,10.07,38.62,3.44,87.09,91.37,86.8,90.28,91.37,85.0,41.84,52.89,3.02,-2.11,0.57,35.0,15.92,2.52,-2.24,82.52,6,9,87,41.38,0.2,34.48,0.19,40.23,0.05,44.83,2.09,37.93,1.59,MIXED,53.33,MIXED,Trend + Momentum + Volume + Structure,None material,1.47,6.3,96.18,100.76,85.46,HIGH,10581307.0,NOT_AVAILABLE,NOT_AVAILABLE,,False,False,False,55.15,WATCH,WATCH
97,WHEELS,2026-08-28,1547.7,Bullish,68.18,64.68,8,90,8/10,High,59.84,63.08,4.08,4.17,1473.17,1461.77,1234.7,15.5636,0.7348,3.35,97.5,1468.26,5.41,7.06,0.757,2.07,2.31,7.81,9.8,0.71,45.94,1520.0,1483.0,1516.3,1579.6,1462.8,48.03,47.76,1.92,-1.68,0.27,13.95,5.79,1.84,-1.97,88.19,11,7,100,50.0,0.03,42.0,-0.16,43.0,-0.05,49.0,0.88,55.0,2.77,NEGATIVE,50.52,MIXED,Trend + Momentum + Volume + Structure,None material,1.43,6.11,1569.78,1642.32,1468.26,HIGH,138612385.0,NOT_AVAILABLE,NOT_AVAILABLE,,False,False,False,54.99,WATCH,WATCH
98,ADANIENT,2026-08-28,3168.5,Bullish,63.72,64.38,7,85,7/10,High,66.53,63.76,2.01,1.67,3059.4,3010.47,2669.64,20.2862,3.0311,0.48,9.17,3046.41,4.01,1.27,0.978,-0.02,5.72,4.4,5.28,0.03,41.92,3169.0,3125.0,3169.0,3169.0,2962.5,46.58,48.95,1.64,-1.44,0.26,9.08,5.26,2.46,-2.37,74.8,8,7,100,48.0,-0.1,39.0,-0.44,40.0,-0.17,45.0,0.03,50.0,-0.01,NEGATIVE,44.19,MIXED,Trend + Momentum + Structure + VWAP,None material,0.7,3.02,3190.82,3264.14,3046.41,MODERATE,3344842345.0,NOT_AVAILABLE,NOT_AVAILABLE,,False,False,False,54.98,WATCH,WATCH
99,TEJASNET,2026-08-28,550.15,Bullish,70.81,61.06,9,95,9/10,High,60.48,20.04,3.64,6.67,521.29,526.67,520.32,2.409,2.8511,13.65,100.0,541.72,1.56,7.6,0.654,7.63,7.78,2.16,7.24,5.25,7.16,517.95,504.9,511.15,527.5,499.7,41.97,53.82,2.47,-1.94,0.29,13.82,7.5,2.45,-3.02,76.15,6,9,100,45.0,0.71,38.0,-0.21,40.0,0.68,45.0,1.03,43.0,3.44,MIXED,51.59,MIXED,Trend + Momentum + Volume + Structure,None material,1.27,5.46,557.16,580.21,504.9,HIGH,1712605587.0,NOT_AVAILABLE,NOT_AVAILABLE,,False,False,False,54.96,WATCH,WATCH
100,IGPL,2026-08-28,532.4,Bullish,66.88,63.34,7,85,7/10,High,68.58,21.59,4.06,36.67,488.53,468.49,433.92,4.7399,1.1327,0.72,47.5,498.57,6.79,2.61,0.9,2.0,12.04,16.17,12.98,0.57,50.98,541.0,514.0,521.95,541.0,469.2,44.61,50.92,1.92,-1.63,0.12,8.29,8.68,1.86,-2.1,87.75,6,10,100,50.0,0.43,52.0,0.51,50.0,0.53,50.0,0.28,47.0,0.35,MIXED,53.24,MIXED,Trend + Momentum + Structure + VWAP,None material,1.42,6.08,539.96,564.79,498.57,HIGH,68013862.0,NOT_AVAILABLE,NOT_AVAILABLE,,False,False,False,54.88,WATCH,WATCH
101,KAPSTON,2026-08-28,559.2,Bullish,66.07,65.39,7,85,7/10,High,64.17,25.47,4.56,75.83,518.34,471.82,375.36,-6.9819,3.7911,2.38,92.5,541.04,3.36,12.32,0.663,11.62,5.87,-4.96,17.75,0.74,58.68,510.3,500.0,501.0,534.0,500.0,48.95,46.58,2.26,-1.86,0.77,40.66,13.68,2.81,-3.22,86.78,10,8,100,42.0,0.06,48.0,0.11,51.0,-0.48,54.0,0.27,60.0,-0.59,MIXED,50.91,MIXED,Trend + Momentum + Volume + Structure,None material,1.59,6.83,568.12,597.41,500.0,HIGH,55218792.0,NOT_AVAILABLE,NOT_AVAILABLE,,False,False,False,54.67,WATCH,WATCH
102,UNICHEMLAB,2026-08-28,564.25,Bullish,70.56,66.59,7,85,7/10,High,60.35,29.01,5.14,36.67,530.88,510.15,459.2,1.9061,2.2823,1.0,74.17,553.25,1.99,6.48,0.696,4.54,7.24,4.45,9.9,0.57,38.44,545.0,521.2,539.75,555.95,504.05,45.13,50.26,2.06,-1.69,0.16,17.76,9.61,1.67,-2.06,92.88,8,8,94,43.62,0.07,41.49,0.16,46.81,1.1,54.26,2.24,58.51,3.4,MIXED,63.73,POSITIVE,Trend + Momentum + Structure + VWAP,None material,1.8,7.71,574.4,607.76,521.2,VERY_HIGH,182065382.0,NOT_AVAILABLE,NOT_AVAILABLE,,False,False,False,54.58,WATCH,WATCH
103,SGIL,2026-08-28,607.7,Bullish,65.98,65.08,7,85,7/10,High,59.92,21.69,3.57,26.67,582.24,579.76,548.87,3.6342,1.6736,0.72,55.0,568.06,6.98,3.66,0.815,1.65,7.74,8.35,0.86,0.14,82.34,599.0,583.15,597.85,599.0,550.6,49.47,45.53,2.07,-1.87,0.49,32.24,14.34,2.34,-2.14,91.94,7,7,100,50.0,0.13,51.0,0.37,47.0,0.2,47.0,0.49,54.0,1.25,MIXED,50.66,MIXED,Trend + Momentum + Structure + VWAP,None material,1.25,5.35,615.29,640.24,568.06,HIGH,8904730.0,NOT_AVAILABLE,NOT_AVAILABLE,,False,False,False,54.48,WATCH,WATCH
104,ELIN,2026-08-28,104.88,Bullish,67.87,58.49,7,85,7/10,High,58.82,4.28,4.08,0.83,100.65,102.8,125.01,0.5463,0.298,3.26,96.67,101.09,3.75,6.16,0.853,4.21,4.23,3.28,4.25,0.75,43.01,102.01,99.39,100.64,104.49,97.5,43.29,51.97,2.42,-2.06,0.23,19.08,10.92,1.91,-2.32,85.39,6,7,100,44.0,0.24,47.0,0.54,45.0,0.53,53.0,1.16,47.0,1.05,MIXED,56.06,MIXED,Trend + Momentum + Volume + Structure,None material,1.43,6.12,106.38,111.29,99.39,HIGH,29955774.0,NOT_AVAILABLE,NOT_AVAILABLE,,False,False,False,54.42,WATCH,WATCH
105,METROPOLIS,2026-08-28,588.45,Bullish,66.7,63.03,9,95,9/10,High,60.95,17.27,2.93,1.67,565.95,572.21,968.09,2.7029,1.312,2.65,90.0,564.6,4.22,3.6,0.758,2.0,5.66,7.87,1.03,1.08,45.53,579.0,568.05,576.9,579.0,539.05,46.71,48.95,1.57,-1.53,-0.02,8.42,6.05,1.71,-3.63,85.95,8,8,100,40.0,-0.23,49.0,-0.66,40.0,-0.9,50.0,-0.76,51.0,-1.06,NEGATIVE,39.86,NEGATIVE,Trend + Momentum + Volume + Structure,None material,1.03,4.4,594.49,614.36,564.6,MODERATE,146330211.0,NOT_AVAILABLE,NOT_AVAILABLE,,False,False,False,54.38,WATCH,WATCH
106,ASIANHOTNR,2026-08-28,315.95,Bullish,68.2,56.77,7,85,8/10,High,58.33,13.72,4.34,40.0,305.47,305.0,306.3,1.2233,0.6782,1.81,83.33,308.35,2.47,5.21,0.734,1.25,5.95,4.74,5.28,-1.38,96.65,314.4,305.0,312.05,314.4,292.0,45.92,48.42,2.35,-1.94,0.64,35.66,18.82,3.06,-2.54,84.89,10,10,100,42.0,0.13,46.0,0.37,44.0,1.05,40.0,2.1,47.0,3.87,MIXED,57.0,POSITIVE,Trend + Momentum + Volume + Structure,Gap,1.52,6.51,320.75,336.53,305.0,HIGH,16897891.0,NOT_AVAILABLE,NOT_AVAILABLE,,False,False,False,54.24,WATCH,WATCH
107,REDINGTON,2026-08-28,366.0,Bullish,66.46,62.49,7,85,7/10,High,67.68,14.87,4.06,56.67,341.17,311.78,270.26,-0.3574,0.423,1.77,90.83,350.45,4.44,5.16,0.788,2.12,4.41,9.56,13.79,0.45,26.22,365.2,354.2,358.4,370.8,340.5,48.03,47.11,2.0,-1.73,0.2,10.13,7.63,2.01,-1.96,84.58,9,7,100,50.0,-0.38,47.0,-0.06,47.0,0.43,45.0,0.78,50.0,1.73,MIXED,52.04,MIXED,Trend + Momentum + Volume + Structure,None material,1.42,6.09,371.2,388.31,350.45,HIGH,3163925139.0,NOT_AVAILABLE,NOT_AVAILABLE,,False,False,False,54.2,WATCH,WATCH
108,CGCL,2026-08-28,257.98,Bullish,67.54,64.13,8,90,8/10,High,64.03,10.95,4.24,82.5,237.16,230.78,205.99,3.0221,0.8288,4.55,99.17,244.2,5.64,7.95,0.88,5.38,15.15,13.89,11.02,0.08,36.0,254.95,243.85,244.8,260.85,217.0,43.16,52.24,1.96,-1.7,0.12,11.71,7.76,2.15,-3.42,83.16,6,7,69,42.03,-0.39,49.28,-0.24,46.38,-0.03,50.72,-0.04,47.83,0.42,MIXED,48.7,MIXED,Trend + Momentum + Volume + Structure,None material,1.49,6.37,261.81,274.4,243.85,HIGH,1591257479.0,NOT_AVAILABLE,NOT_AVAILABLE,,False,False,False,54.18,WATCH,WATCH
109,MOSCHIP,2026-08-28,219.77,Bullish,67.4,58.96,7,85,7/10,High,58.3,6.77,3.08,2.5,211.3,213.15,206.18,1.708,0.5946,1.36,77.5,213.89,2.75,2.3,0.794,0.19,7.26,5.5,5.76,0.29,30.03,224.0,206.0,219.36,224.0,204.5,43.07,53.65,2.91,-2.19,0.39,21.41,8.31,2.21,-2.67,74.11,7,6,100,39.0,0.16,41.0,0.33,40.0,0.33,48.0,1.9,47.0,2.94,MIXED,54.72,MIXED,Trend + Momentum + Volume + VWAP,None material,1.08,4.62,222.14,229.92,206.0,HIGH,418959192.0,NOT_AVAILABLE,NOT_AVAILABLE,,False,False,False,54.09,WATCH,WATCH
110,STYLEBAAZA,2026-08-28,410.8,Bullish,67.31,63.59,8,90,8/10,High,65.97,18.36,4.47,10.0,373.71,343.88,324.1,2.4463,-1.011,1.57,78.33,397.36,3.38,3.4,0.793,2.2,-1.64,12.47,51.36,1.01,55.35,414.7,400.0,401.95,447.1,377.0,44.05,52.78,3.02,-2.39,0.15,19.25,14.09,2.2,-2.54,80.45,7,8,60,53.33,0.2,50.0,-0.12,51.67,-0.34,53.33,-0.59,36.67,-2.51,MIXED,48.03,MIXED,Trend + Momentum + Volume + VWAP,None material,1.56,6.7,417.23,438.34,397.36,HIGH,687058287.0,NOT_AVAILABLE,NOT_AVAILABLE,,False,False,False,53.78,WATCH,WATCH
111,MACPOWER,2026-08-28,2007.1,Bullish,72.89,66.42,9,95,9/10,High,69.5,115.52,5.76,66.67,1785.26,1563.09,1206.99,-1.7614,4.0063,1.57,80.83,1822.58,10.12,9.31,0.931,7.4,7.06,14.74,37.64,1.54,50.28,1921.5,1826.1,1868.8,2050.0,1812.7,48.55,46.58,2.78,-2.24,0.36,32.24,18.55,2.52,-2.54,68.84,8,7,100,44.0,0.32,45.0,0.5,46.0,1.25,47.0,1.25,46.0,0.61,MIXED,57.55,POSITIVE,Trend + Momentum + Volume + Structure,None material,2.01,8.63,2047.53,2180.38,1822.58,VERY_HIGH,120507711.0,NOT_AVAILABLE,NOT_AVAILABLE,,False,False,False,53.68,WATCH,WATCH
112,TTKHLTCARE,2026-08-28,1134.2,Bullish,65.67,63.22,7,85,7/10,High,61.11,51.32,4.53,77.5,1087.86,1035.44,1001.82,-4.8823,2.7455,2.14,90.0,1102.97,2.83,6.47,0.59,5.0,2.88,-2.03,10.71,0.71,62.86,1101.2,1075.5,1080.2,1145.6,1075.5,43.68,51.97,1.44,-1.19,0.28,21.05,7.37,1.52,-1.8,93.54,12,9,76,44.74,-0.21,39.47,-0.26,43.42,-0.01,52.63,0.3,53.95,0.46,NEGATIVE,49.78,MIXED,Trend + Momentum + Volume + Structure,None material,1.58,6.79,1152.16,1211.19,1075.5,HIGH,38694728.0,NOT_AVAILABLE,NOT_AVAILABLE,,False,False,False,53.61,WATCH,WATCH
113,SILVERCASE,2026-08-28,24.49,Bullish,65.65,63.06,7,85,7/10,High,60.91,0.92,3.74,36.67,23.68,23.47,22.52,0.0916,-0.0056,1.38,85.83,23.67,3.45,6.72,0.727,2.21,-0.81,4.43,11.93,2.34,27.51,25.03,23.77,23.96,25.2,23.42,55.77,38.46,2.07,-2.24,1.5,66.21,12.64,2.77,-2.87,80.65,8,5,62,51.61,-0.21,50.0,0.63,53.23,0.81,41.94,-0.46,38.71,-2.79,MIXED,49.71,MIXED,Trend + Momentum + Volume + VWAP,None material,1.31,5.61,24.81,25.87,23.67,HIGH,227783721.0,NOT_AVAILABLE,NOT_AVAILABLE,,False,False,False,53.54,WATCH,WATCH
114,DPEL,2026-08-28,572.5,Bullish,66.04,61.0,7,85,7/10,High,54.82,17.88,3.12,26.67,566.18,547.52,399.49,-0.9148,0.1349,0.44,30.83,560.22,2.19,1.77,0.729,1.14,0.37,0.54,2.51,1.05,59.46,570.0,564.0,566.05,585.0,555.0,48.41,47.0,3.39,-2.04,0.94,39.22,9.54,2.99,-3.39,75.83,6,7,64,42.19,-0.22,39.06,0.25,35.94,1.16,37.5,1.37,43.75,3.68,MIXED,50.82,MIXED,Trend + Momentum + Structure + VWAP,None material,1.09,4.68,578.76,599.32,560.22,HIGH,23641099.0,NOT_AVAILABLE,NOT_AVAILABLE,,False,False,False,53.32,WATCH,WATCH
115,ENGINERSIN,2026-08-28,253.72,Bullish,66.39,64.89,8,90,8/10,High,60.85,8.19,3.23,16.67,243.16,238.8,224.03,1.145,0.1328,1.53,85.0,244.3,3.85,3.17,0.866,2.74,3.6,4.12,14.09,0.22,42.13,252.47,243.5,246.96,258.55,236.2,46.58,49.08,2.38,-2.02,0.21,11.97,8.68,2.04,-2.23,77.44,8,9,89,43.82,0.04,50.56,0.23,49.44,-0.14,39.33,-0.03,50.56,0.7,MIXED,45.39,MIXED,Trend + Momentum + Volume + Structure,None material,1.13,4.84,256.59,266.0,243.5,HIGH,694794682.0,NOT_AVAILABLE,NOT_AVAILABLE,,False,False,False,53.23,WATCH,WATCH
116,GHCLTEXTIL,2026-08-28,130.79,Bullish,67.67,65.78,9,95,9/10,High,66.37,5.5,4.21,5.0,122.19,114.32,95.73,0.2304,0.2564,1.65,82.5,122.15,7.08,5.62,0.936,4.33,6.78,10.7,15.11,0.81,62.56,127.96,124.75,125.36,128.88,118.56,45.79,49.47,2.13,-1.77,0.38,23.03,8.82,1.82,-1.9,91.8,8,12,100,46.0,-0.27,43.0,-0.53,46.0,-0.56,48.0,-0.76,57.0,0.55,MIXED,42.62,NEGATIVE,Trend + Momentum + Volume + Structure,None material,1.47,6.31,132.72,139.04,122.15,HIGH,100572695.0,NOT_AVAILABLE,NOT_AVAILABLE,,False,False,False,53.19,WATCH,WATCH
117,REMSONSIND,2026-08-28,86.49,Bullish,68.47,57.67,8,90,8/10,High,55.82,3.88,4.48,20.83,83.81,84.9,101.51,-0.3039,0.3818,1.52,86.67,85.76,0.85,11.98,0.551,7.49,1.87,-1.99,3.97,5.27,64.83,82.98,80.1,80.46,86.3,80.1,44.47,51.05,2.26,-2.09,0.37,29.74,13.29,2.38,-3.0,84.96,11,10,100,45.0,-0.11,41.0,-0.22,43.0,0.58,44.0,0.89,44.0,1.4,MIXED,51.33,MIXED,Trend + Momentum + Volume + Structure,None material,1.57,6.73,87.85,92.31,80.1,HIGH,9021280.0,NOT_AVAILABLE,NOT_AVAILABLE,,False,False,False,53.17,WATCH,WATCH
118,VISHNU,2026-08-28,652.2,Bullish,62.3,62.57,7,85,7/10,High,65.63,18.81,2.88,0.83,625.14,613.88,567.36,4.6647,0.0781,0.69,48.33,619.43,5.29,1.97,0.88,0.67,3.65,7.25,6.35,-0.13,55.39,657.95,635.0,647.85,657.95,625.0,47.24,48.55,1.9,-1.62,0.22,15.66,8.95,1.94,-2.19,88.24,8,8,100,48.0,0.11,49.0,-0.25,55.0,-0.3,38.0,-1.55,33.0,-2.33,MIXED,40.15,NEGATIVE,Trend + Momentum + Structure + VWAP,None material,1.01,4.33,658.79,680.42,619.43,MODERATE,69503562.0,NOT_AVAILABLE,NOT_AVAILABLE,,False,False,False,53.0,WATCH,WATCH
119,YUKEN,2026-08-28,993.4,Bullish,66.36,58.48,7,85,7/10,High,75.75,41.21,4.15,50.0,878.71,809.5,790.32,8.8083,1.193,1.96,83.33,890.0,11.62,7.98,0.963,6.97,2.99,16.43,38.18,0.92,50.0,951.0,923.0,928.7,988.0,923.0,45.0,50.53,2.16,-1.77,0.48,26.71,8.95,2.0,-2.03,93.75,6,9,49,44.9,-0.02,44.9,0.09,42.86,1.27,32.65,1.31,36.73,0.65,MIXED,51.75,MIXED,Trend + Momentum + Volume + Structure,None material,1.45,6.22,1007.82,1055.21,890.0,HIGH,19997849.0,NOT_AVAILABLE,NOT_AVAILABLE,,False,False,False,52.89,WATCH,WATCH
120,ARMANFIN,2026-08-28,2034.2,Bullish,64.88,63.41,7,85,7/10,High,60.4,73.57,3.62,6.67,1964.85,1896.49,1708.94,-4.6122,5.7936,0.84,54.17,1997.05,1.86,4.35,0.566,3.41,3.43,3.29,4.8,-0.06,64.14,1979.9,1955.0,1967.1,1996.7,1872.0,41.84,53.82,2.28,-1.74,0.17,18.55,10.13,1.72,-2.21,91.44,6,10,100,45.0,0.02,44.0,-0.23,41.0,-0.06,48.0,0.4,50.0,-0.21,NEGATIVE,47.51,MIXED,Trend + Momentum + Structure + VWAP,None material,1.27,5.43,2059.95,2144.56,1955.0,HIGH,121453383.0,NOT_AVAILABLE,NOT_AVAILABLE,,False,False,False,52.86,WATCH,WATCH
121,LICHSGFIN,2026-08-28,535.0,Bullish,61.91,57.69,6,80,7/10,High,59.61,11.95,2.23,20.0,515.33,525.28,539.33,5.2751,0.9591,1.52,80.0,512.41,4.41,2.1,0.855,-0.09,7.65,7.0,2.27,0.09,50.45,543.4,523.4,535.5,543.4,485.45,49.74,45.79,1.32,-1.35,0.16,5.66,4.61,1.7,-2.07,72.96,8,7,100,51.0,0.05,46.0,-0.02,47.0,-0.22,46.0,-0.3,41.0,-0.33,MIXED,45.47,MIXED,Trend + Momentum + Structure + VWAP,Delivery,0.78,3.35,539.18,552.92,512.41,MODERATE,1360002130.0,NOT_AVAILABLE,NOT_AVAILABLE,,False,False,False,52.75,WATCH,WATCH
122,MOM30IETF,2026-08-28,31.96,Bullish,60.31,61.19,7,85,7/10,High,61.73,0.41,1.29,4.17,31.59,31.34,31.15,0.0324,0.0031,0.63,56.67,31.59,1.16,0.63,0.818,0.06,1.65,0.98,2.8,0.47,74.1,32.3,31.35,31.94,32.3,31.35,49.93,45.01,0.88,-0.9,0.55,23.01,3.18,1.87,-2.69,93.47,11,7,100,49.0,-0.07,45.0,-0.35,43.0,-0.57,34.0,-1.3,45.0,-1.37,NEGATIVE,34.47,NEGATIVE,Trend + Momentum + Structure + VWAP,None material,0.45,1.93,32.1,32.58,31.35,LOW,20963177.0,NOT_AVAILABLE,NOT_AVAILABLE,,False,False,False,52.57,WATCH,WATCH
123,FMGOETZE,2026-08-28,602.05,Bullish,66.42,61.8,8,90,8/10,High,82.86,26.07,4.33,78.33,502.68,481.41,459.13,11.8299,4.0597,6.12,98.33,558.86,7.73,9.69,0.925,10.36,27.53,31.67,26.92,5.61,13.26,558.4,532.0,545.55,578.0,468.9,46.05,49.61,1.81,-1.51,0.18,12.76,8.82,1.74,-1.95,84.61,9,11,74,36.49,-0.11,47.3,-0.35,44.59,0.0,44.59,-0.18,41.89,-0.24,MIXED,45.49,MIXED,Trend + Momentum + Volume + Structure,None material,1.52,6.49,611.17,641.15,532.0,HIGH,1660457218.0,NOT_AVAILABLE,NOT_AVAILABLE,,False,False,False,52.34,WATCH,WATCH
124,ANURAS,2026-08-28,1260.4,Bullish,61.49,56.02,7,85,7/10,High,61.91,20.02,1.59,0.83,1239.03,1248.57,1239.03,7.6546,-0.711,0.44,13.33,1227.26,2.7,1.27,0.835,0.05,1.34,4.22,4.36,0.44,73.19,1270.0,1256.0,1259.8,1273.9,1233.5,48.03,47.5,1.14,-1.05,0.05,6.32,6.32,1.77,-1.95,94.56,11,8,100,46.0,-0.12,47.0,-0.28,41.0,-0.35,36.0,-0.68,40.0,-0.09,NEGATIVE,37.83,NEGATIVE,Trend + Momentum + Structure + VWAP,None material,0.56,2.38,1267.41,1290.43,1227.26,LOW,369281294.0,NOT_AVAILABLE,NOT_AVAILABLE,,False,False,False,52.21,WATCH,WATCH
125,PLATIND,2026-08-28,230.58,Bullish,65.79,58.0,7,85,7/10,High,58.74,8.76,3.8,27.5,220.16,223.14,234.26,1.6978,0.8403,1.05,75.0,219.72,4.94,3.34,0.882,1.44,7.15,7.04,2.08,-0.01,56.71,231.95,216.41,227.31,231.95,205.0,45.05,50.71,2.62,-2.22,0.3,21.35,11.15,2.05,-2.39,85.23,7,9,100,48.0,0.08,49.0,0.14,42.0,-0.28,47.0,1.27,44.0,2.47,NEGATIVE,50.11,MIXED,Trend + Momentum + Structure + VWAP,None material,1.33,5.7,233.65,243.72,216.41,HIGH,16640150.0,NOT_AVAILABLE,NOT_AVAILABLE,,False,False,False,52.16,WATCH,WATCH
126,APCOTEXIND,2026-08-28,625.25,Bullish,64.31,61.7,7,85,7/10,High,58.06,21.94,3.51,7.5,609.87,577.39,476.76,-2.9224,0.7698,0.61,51.67,618.41,1.11,3.11,0.676,2.22,0.03,4.3,2.27,-0.27,51.71,622.0,608.0,611.65,630.0,608.0,44.08,51.45,1.73,-1.38,0.17,11.71,7.37,1.89,-1.76,89.47,6,8,100,49.0,0.15,51.0,0.31,47.0,0.54,40.0,-0.43,41.0,-0.03,MIXED,45.89,MIXED,Trend + Momentum + Structure + VWAP,None material,1.23,5.26,632.93,658.16,608.0,HIGH,120448432.0,NOT_AVAILABLE,NOT_AVAILABLE,,False,False,False,51.78,WATCH,WATCH
127,CEIGALL,2026-08-28,341.0,Bullish,62.95,55.37,5,75,7/10,High,57.7,13.23,3.88,25.0,329.19,337.01,317.87,3.9893,0.515,1.22,68.33,324.18,5.19,2.65,0.821,-0.01,8.48,7.1,-0.51,-0.18,59.61,342.0,331.15,341.05,346.0,312.25,43.81,52.76,1.73,-1.44,0.27,20.57,10.48,1.84,-1.85,87.72,6,8,76,50.0,0.38,55.26,0.57,52.63,0.8,46.05,0.53,35.53,-0.36,MIXED,54.86,MIXED,Trend + Momentum + Structure + VWAP,"Volume, Delivery",1.36,5.82,345.63,360.84,324.18,HIGH,165911870.0,NOT_AVAILABLE,NOT_AVAILABLE,,False,False,False,51.71,WATCH,WATCH
128,IRIS,2026-08-28,250.72,Bullish,69.67,58.86,7,85,7/10,High,53.17,13.01,5.19,32.5,245.25,247.68,263.02,-0.1903,0.9264,0.9,65.0,247.74,1.2,7.35,0.47,6.38,2.8,4.91,1.02,1.83,74.15,247.35,235.0,235.68,254.79,235.0,43.03,52.11,2.64,-1.89,0.38,36.18,24.47,2.61,-2.41,68.18,13,14,100,45.0,0.15,50.0,1.27,47.0,1.07,45.0,2.43,50.0,4.04,MIXED,61.2,POSITIVE,Trend + Momentum + Structure + VWAP,None material,1.82,7.78,255.27,270.24,235.0,VERY_HIGH,7095676.0,NOT_AVAILABLE,NOT_AVAILABLE,,False,False,False,51.36,WATCH,WATCH
129,SHREDIGCEM,2026-08-28,78.19,Bullish,65.98,59.4,8,90,8/10,High,69.66,2.59,3.32,24.17,73.56,73.25,75.31,0.8437,0.1402,1.45,80.83,73.74,6.03,5.58,0.833,0.36,8.01,8.73,8.13,0.39,51.48,79.7,74.0,77.91,79.7,70.21,45.13,50.0,1.48,-1.34,0.14,12.5,7.76,1.69,-2.01,83.18,7,8,100,51.0,-0.07,45.0,-0.29,37.0,-0.4,48.0,0.27,52.0,0.8,NEGATIVE,44.23,MIXED,Trend + Momentum + Volume + Structure,None material,1.16,4.97,79.1,82.08,73.74,HIGH,6064948.0,NOT_AVAILABLE,NOT_AVAILABLE,,False,False,False,51.17,WATCH,WATCH
130,IKIO,2026-08-28,213.72,Bullish,64.81,57.78,7,85,7/10,High,60.58,9.74,4.56,18.33,198.83,192.68,178.65,-0.6147,1.7667,13.1,97.5,209.8,1.87,16.95,0.87,14.82,11.51,4.27,6.74,0.0,6.31,193.2,185.0,186.14,197.44,185.0,43.42,52.24,2.0,-1.72,0.23,13.95,7.37,2.03,-2.36,83.35,8,10,25,32.0,-0.71,44.0,-0.23,40.0,0.12,32.0,1.66,40.0,1.9,MIXED,47.32,MIXED,Trend + Momentum + Volume + Structure,None material,1.6,6.84,217.13,228.33,185.0,HIGH,102367042.0,NOT_AVAILABLE,NOT_AVAILABLE,,False,False,False,51.11,WATCH,WATCH
131,SANGAMIND,2026-08-28,603.15,Bullish,63.15,62.8,7,85,7/10,High,57.49,20.9,3.46,7.5,586.61,578.43,513.83,-0.9155,2.4884,2.65,92.5,588.78,2.44,5.79,0.588,4.03,4.41,0.36,-1.11,0.03,51.52,585.25,567.05,579.8,587.15,550.5,41.97,53.55,2.47,-1.71,0.09,15.92,12.37,1.79,-2.18,87.29,5,7,100,33.0,-0.18,36.0,-0.9,39.0,-0.87,49.0,0.06,52.0,-0.77,NEGATIVE,42.56,NEGATIVE,Trend + Momentum + Volume + Structure,None material,1.21,5.2,610.46,634.5,567.05,HIGH,17576518.0,NOT_AVAILABLE,NOT_AVAILABLE,,False,False,False,50.92,WATCH,WATCH
132,A2ZINFRA,2026-08-28,16.63,Bullish,68.84,58.64,7,85,7/10,High,63.07,0.87,5.2,40.0,15.48,14.97,15.48,0.0755,0.0318,0.79,47.5,16.18,2.79,5.73,0.661,1.34,7.57,12.98,6.95,2.32,72.16,16.7,16.01,16.41,16.7,15.02,43.42,50.53,2.98,-2.35,0.46,37.76,24.47,2.77,-2.34,69.38,11,9,100,50.0,0.53,51.0,0.75,47.0,0.89,47.0,1.84,49.0,4.13,MIXED,58.82,POSITIVE,Trend + Momentum + VWAP + RSI,None material,1.82,7.8,16.93,17.93,16.01,VERY_HIGH,9916746.0,NOT_AVAILABLE,NOT_AVAILABLE,,False,False,False,50.45,WATCH,WATCH
133,MANINDS,2026-08-28,768.2,Bullish,63.02,60.61,7,85,7/10,High,81.07,33.26,4.33,23.33,653.89,598.91,502.62,15.6093,0.0169,0.75,50.0,642.75,19.52,4.03,0.94,0.1,7.38,28.15,44.32,1.32,30.84,783.4,705.85,767.45,783.4,681.3,45.39,50.13,2.91,-2.13,0.33,21.45,8.42,2.12,-2.95,80.33,6,8,100,45.0,0.21,50.0,0.17,41.0,-0.82,48.0,-0.17,50.0,0.79,NEGATIVE,42.19,NEGATIVE,Trend + Momentum + Structure + VWAP,None material,1.52,6.49,779.84,818.09,642.75,HIGH,845832047.0,NOT_AVAILABLE,NOT_AVAILABLE,,False,False,False,50.14,WATCH,WATCH
134,SAGILITY,2026-08-28,46.34,Bullish,61.33,56.28,7,85,7/10,High,70.18,1.39,2.99,14.17,43.41,42.64,43.09,0.2106,0.1667,2.71,96.67,43.92,5.52,4.74,0.987,4.68,6.9,9.6,6.77,0.27,41.04,45.23,43.9,44.27,46.1,42.64,46.39,49.89,2.24,-1.82,0.27,19.26,11.82,2.32,-2.45,75.24,7,6,72,41.67,-0.14,41.67,-0.3,38.89,-0.25,38.89,-0.96,41.67,-1.12,NEGATIVE,37.38,NEGATIVE,Trend + Momentum + Volume + Structure,None material,1.05,4.49,46.83,48.42,43.9,MODERATE,986296738.0,NOT_AVAILABLE,NOT_AVAILABLE,,False,False,False,50.13,WATCH,WATCH
135,INFOBEAN,2026-08-28,165.67,Bullish,64.5,55.45,7,85,7/10,High,56.37,7.35,4.43,12.5,160.55,165.61,292.28,-0.1171,0.8148,13.77,100.0,164.72,0.58,18.1,0.397,7.13,5.19,2.01,-0.71,0.23,13.22,159.2,154.26,154.65,159.34,154.26,43.03,52.5,2.68,-2.19,0.38,23.16,8.29,2.27,-3.1,85.57,8,9,100,44.0,0.02,40.0,-0.32,39.0,-0.04,42.0,0.81,52.0,3.22,NEGATIVE,46.43,MIXED,Trend + Momentum + Volume + Structure,None material,1.55,6.65,168.24,176.69,154.26,HIGH,105121034.0,NOT_AVAILABLE,NOT_AVAILABLE,,False,False,False,50.09,WATCH,WATCH
136,BHEL,2026-08-28,430.85,Bullish,59.79,60.83,7,85,7/10,High,59.57,11.43,2.65,1.67,417.96,408.27,347.06,0.8713,0.4724,0.75,46.67,420.27,2.52,2.22,0.807,-0.71,4.32,2.17,5.86,0.01,36.12,438.2,416.0,433.95,438.2,408.15,52.5,42.63,1.9,-1.89,0.18,9.87,7.5,2.15,-2.41,79.16,8,9,100,45.0,-0.06,44.0,-0.34,38.0,-0.95,34.0,-0.86,49.0,-0.67,NEGATIVE,32.96,NEGATIVE,Trend + Momentum + Structure + VWAP,None material,0.93,3.98,434.85,448.0,416.0,MODERATE,3292058796.0,NOT_AVAILABLE,NOT_AVAILABLE,,False,False,False,49.93,WATCH,WATCH
137,JTLIND,2026-08-28,89.87,Bullish,62.99,59.72,7,85,7/10,High,74.28,3.42,3.81,8.33,78.61,76.63,73.3,1.2604,0.5325,5.23,97.5,81.37,10.45,9.91,0.942,8.84,13.02,19.44,19.21,0.97,32.57,85.8,81.16,82.57,85.8,74.31,44.87,50.66,2.44,-2.24,0.24,21.58,9.74,2.07,-3.26,82.47,8,8,46,50.0,0.53,50.0,0.74,41.3,-0.12,43.48,-0.52,32.61,-2.27,NEGATIVE,42.11,NEGATIVE,Trend + Momentum + Volume + Structure,None material,1.33,5.71,91.07,95.0,81.16,HIGH,289025473.0,NOT_AVAILABLE,NOT_AVAILABLE,,False,False,False,49.84,WATCH,WATCH
138,CYIENT,2026-08-28,1107.45,Bullish,62.55,55.43,6,80,7/10,High,83.8,36.92,3.33,60.83,931.15,895.61,967.81,25.023,4.4453,1.62,81.67,989.4,11.93,7.15,0.974,5.2,24.06,27.73,30.64,-1.01,32.31,1059.0,1028.0,1052.7,1059.0,888.9,44.87,50.79,1.69,-1.56,0.18,9.74,7.5,2.06,-2.32,80.18,9,8,100,48.0,0.1,52.0,0.45,45.0,0.25,43.0,0.12,42.0,0.67,MIXED,47.28,MIXED,Trend + Momentum + Volume + Structure,Gap,1.17,5.0,1120.37,1162.83,989.4,HIGH,1528605873.0,NOT_AVAILABLE,NOT_AVAILABLE,,False,False,False,49.71,WATCH,WATCH
139,FIVESTAR,2026-08-28,537.85,Bullish,62.17,61.58,7,85,7/10,High,52.47,17.8,3.31,10.83,531.48,525.11,513.51,-1.6029,1.775,0.75,62.5,530.12,1.46,1.66,0.649,0.77,3.24,-2.24,-1.84,-0.11,55.05,536.0,510.0,533.75,536.0,489.5,46.45,49.21,1.81,-1.72,0.19,11.97,8.82,1.85,-2.06,85.09,8,9,100,54.0,0.04,53.0,-0.13,51.0,-0.4,45.0,-1.81,38.0,-3.47,MIXED,39.76,NEGATIVE,Trend + Momentum + Structure + VWAP,None material,1.16,4.96,544.08,564.55,510.0,HIGH,247058903.0,NOT_AVAILABLE,NOT_AVAILABLE,,False,False,False,49.56,WATCH,WATCH
140,MOVALUE,2026-08-28,113.08,Bearish,39.56,44.96,-7,15,7/10,High,42.38,1.47,1.3,0.83,113.94,114.49,113.97,-0.1029,-0.0097,1.64,93.33,114.38,-1.14,0.56,0.212,-0.34,0.18,-1.42,-1.09,0.0,73.62,114.3,113.14,113.47,114.85,111.75,53.68,41.71,0.91,-0.97,0.41,23.16,8.82,2.03,-2.16,96.93,7,7,100,59.0,0.12,57.0,0.31,60.0,0.69,62.0,1.18,65.0,1.54,POSITIVE,65.18,POSITIVE,No strong driver,"Trend, Momentum, Structure",-1.95,-0.45,110.88,112.57,114.38,LOW,7552913.0,NOT_AVAILABLE,NOT_AVAILABLE,,False,False,False,49.15,WATCH,WATCH
141,HATSUN,2026-08-28,1176.05,Bullish,62.31,59.16,7,85,7/10,High,79.39,43.92,3.73,90.83,1006.56,959.29,943.76,22.2248,3.7807,1.42,81.67,1028.35,14.36,5.29,0.936,2.04,19.43,19.91,32.83,-0.13,50.96,1162.1,1073.0,1152.5,1162.1,947.15,44.08,51.71,1.57,-1.3,0.15,8.29,7.24,2.13,-1.78,84.85,7,7,26,46.15,-0.43,53.85,-0.6,42.31,-0.93,46.15,-0.52,26.92,-1.04,NEGATIVE,40.16,NEGATIVE,Trend + Momentum + Volume + Structure,None material,1.31,5.6,1191.42,1241.93,1028.35,HIGH,86828105.0,NOT_AVAILABLE,NOT_AVAILABLE,,False,False,False,48.98,WATCH,WATCH
142,NEWGEN,2026-08-28,567.1,Bullish,62.16,59.51,7,85,7/10,High,62.6,22.43,3.95,10.83,535.0,524.12,592.98,-0.3586,3.1655,8.5,98.33,552.73,2.6,9.79,0.846,8.43,8.49,5.97,2.05,0.33,15.42,531.55,520.2,523.0,546.7,519.0,43.16,52.5,2.7,-2.18,0.21,19.47,9.87,2.05,-3.12,83.67,7,9,100,49.0,0.07,46.0,-0.44,44.0,-1.33,54.0,-1.06,58.0,-1.32,NEGATIVE,39.74,NEGATIVE,Trend + Momentum + Volume + Structure,None material,1.38,5.93,574.95,600.74,520.2,HIGH,683208576.0,NOT_AVAILABLE,NOT_AVAILABLE,,False,False,False,48.94,WATCH,WATCH
143,KANSAINER,2026-08-28,195.77,Bearish,41.12,43.96,-7,15,7/10,High,39.78,5.56,2.84,15.83,202.69,204.4,212.14,-0.9807,-0.2183,0.63,45.0,206.58,-5.23,2.56,0.036,-1.35,-4.9,-4.39,-0.49,0.0,59.18,201.22,198.0,198.44,208.05,198.0,43.29,52.37,1.24,-1.13,0.21,9.87,4.34,1.7,-2.44,86.5,7,9,25,52.0,0.18,64.0,0.94,68.0,0.79,64.0,1.32,80.0,3.29,STRONG,69.64,POSITIVE,No strong driver,"Trend, Momentum, Structure",-4.26,-0.99,187.43,193.82,206.58,MODERATE,72442847.0,NOT_AVAILABLE,NOT_AVAILABLE,,False,False,False,48.43,WATCH,WATCH
144,SPARC,2026-08-28,207.71,Bullish,63.42,53.25,7,85,7/10,High,51.53,8.44,4.06,2.5,203.18,209.26,181.97,1.2243,1.0056,2.56,90.0,205.59,1.03,7.84,0.512,6.53,5.59,4.91,0.73,0.0,38.08,202.38,192.0,194.98,202.38,192.0,42.76,52.63,2.49,-1.97,0.14,12.89,8.29,2.01,-2.91,77.96,9,9,100,49.0,0.64,47.0,0.75,39.0,0.16,44.0,-0.34,37.0,-2.03,MIXED,43.33,MIXED,Trend + Momentum + Volume + Structure,None material,1.42,6.09,210.66,220.37,192.0,HIGH,174200460.0,NOT_AVAILABLE,NOT_AVAILABLE,,False,False,False,48.33,WATCH,WATCH
145,FINEORG,2026-08-28,5282.5,Bullish,61.59,58.8,7,85,7/10,High,59.82,171.92,3.25,51.67,5128.24,5029.66,4758.9,13.5879,2.43,0.5,20.83,5141.99,2.73,2.38,0.83,0.46,2.38,2.7,9.68,-0.0,42.49,5285.0,5111.1,5258.2,5357.0,4985.5,42.89,52.76,1.57,-1.23,0.03,8.42,7.5,1.43,-2.04,86.46,6,11,100,46.0,0.01,44.0,-0.25,38.0,-0.5,38.0,-0.37,39.0,-1.13,NEGATIVE,38.12,NEGATIVE,Trend + Momentum + Structure + VWAP,None material,1.14,4.88,5342.67,5540.38,5111.1,HIGH,241921705.0,NOT_AVAILABLE,NOT_AVAILABLE,,False,False,False,48.15,WATCH,WATCH
146,CHANDAN,2026-08-28,217.9,Bearish,44.89,39.98,-7,15,7/10,High,37.97,10.83,4.97,60.83,233.03,237.43,242.92,-2.4045,-0.2069,0.98,63.33,236.15,-7.73,3.73,0.087,-1.96,-5.61,-12.14,-8.87,0.02,68.42,228.0,222.0,222.25,235.1,219.55,42.9,52.05,3.05,-2.21,0.32,29.02,17.98,2.7,-2.58,76.75,6,5,37,45.95,0.85,62.16,1.56,56.76,2.41,72.97,5.21,70.27,5.97,POSITIVE,80.41,STRONG,No strong driver,"Trend, Momentum, Structure",-7.45,-1.74,201.66,214.11,236.15,HIGH,11004690.0,NOT_AVAILABLE,NOT_AVAILABLE,,False,False,False,48.06,WATCH,WATCH
147,AGI,2026-08-28,774.8,Bullish,62.72,59.86,8,90,8/10,High,67.75,24.84,3.21,18.33,725.28,701.07,680.2,4.133,1.9432,2.49,93.33,735.65,5.32,6.97,0.97,5.03,2.81,10.09,9.24,0.0,43.75,752.0,735.1,737.7,772.0,710.1,42.63,53.16,2.4,-1.82,0.26,13.68,6.05,1.93,-2.49,84.89,7,10,82,43.9,0.19,40.24,0.41,35.37,-0.11,36.59,-1.21,41.46,-1.77,NEGATIVE,34.91,NEGATIVE,Trend + Momentum + Volume + Structure,None material,1.12,4.81,783.49,812.06,735.1,HIGH,114144999.0,NOT_AVAILABLE,NOT_AVAILABLE,,False,False,False,48.0,WATCH,WATCH
148,PVP,2026-08-28,65.22,Bullish,63.19,57.87,8,90,8/10,High,92.32,3.21,4.92,2.5,44.12,36.61,31.33,2.8025,0.3,0.45,27.5,42.89,52.05,2.12,1.0,4.99,43.81,84.08,143.09,4.64,54.4,62.12,57.51,62.12,62.12,43.41,45.26,49.61,3.4,-2.47,0.58,39.34,20.79,2.73,-2.49,73.15,12,10,100,54.0,1.1,46.0,1.28,40.0,0.52,33.0,-1.59,39.0,-1.73,MIXED,36.27,NEGATIVE,Trend + Momentum + Structure + VWAP,None material,1.72,7.37,66.34,70.03,42.89,HIGH,165756044.0,NOT_AVAILABLE,NOT_AVAILABLE,,False,False,False,47.89,WATCH,WATCH
149,GANESHCP,2026-08-28,174.15,Bullish,62.56,54.51,7,85,7/10,High,57.19,6.87,3.94,18.33,167.01,174.99,201.83,1.7091,0.6324,3.2,98.33,166.3,4.72,9.12,0.588,6.52,8.01,8.48,-2.32,1.22,39.52,167.75,162.25,163.49,171.2,160.69,37.39,56.72,2.43,-1.92,0.14,15.97,8.82,1.69,-2.0,88.48,5,13,64,37.5,-0.07,35.94,-0.87,37.5,-0.49,42.19,-0.01,37.5,-0.41,NEGATIVE,40.89,NEGATIVE,Momentum + Volume + Structure + VWAP,None material,1.38,5.91,176.55,184.45,162.25,HIGH,28176921.0,NOT_AVAILABLE,NOT_AVAILABLE,,False,False,False,47.84,WATCH,WATCH
150,SETFNIF50,2026-08-28,260.49,Bearish,39.56,44.94,-6,20,7/10,High,46.62,4.4,1.69,50.0,261.46,260.3,260.89,-0.3818,-0.0031,1.19,78.33,262.41,-0.73,0.58,0.119,-0.01,-0.41,-0.97,-0.74,-0.0,89.78,263.0,260.02,260.51,268.09,260.0,50.79,44.61,0.55,-0.56,0.41,15.92,3.95,2.22,-2.05,94.37,13,8,100,44.0,0.02,59.0,0.16,58.0,0.19,60.0,0.42,63.0,0.4,POSITIVE,58.74,POSITIVE,Liquidity,"Trend, Momentum, Volume",-2.54,-0.59,253.88,258.95,263.0,LOW,197636876.0,NOT_AVAILABLE,NOT_AVAILABLE,,False,False,False,47.54,WATCH,WATCH
151,KNAGRI,2026-08-28,219.99,Bullish,61.89,55.73,7,85,7/10,High,56.99,9.31,4.23,30.0,213.64,209.25,202.02,0.3694,0.169,0.35,21.67,216.28,1.71,2.75,0.671,2.69,2.94,-2.62,5.64,-0.06,86.76,217.38,213.95,214.23,230.0,210.0,45.06,49.07,2.59,-2.14,0.83,47.69,14.51,2.39,-2.58,87.29,9,6,100,43.0,0.24,41.0,-0.03,42.0,-0.26,34.0,-0.4,30.0,0.14,NEGATIVE,38.96,NEGATIVE,Trend + Momentum + Structure + VWAP,None material,1.48,6.34,223.25,233.95,213.95,HIGH,5686581.0,NOT_AVAILABLE,NOT_AVAILABLE,,False,False,False,47.53,WATCH,WATCH
152,KOPRAN,2026-08-28,201.76,Bullish,61.19,58.09,7,85,7/10,High,57.3,8.95,4.44,1.67,193.94,190.64,172.77,0.8156,0.3803,1.79,89.17,191.71,5.24,5.89,0.795,4.69,2.89,6.08,5.62,0.4,,194.55,188.01,192.72,201.0,188.0,42.5,53.16,2.47,-1.92,0.18,12.5,8.55,2.01,-2.29,85.45,6,7,77,44.16,-0.05,28.57,-0.55,35.06,-0.78,45.45,-0.77,45.45,0.55,NEGATIVE,36.98,NEGATIVE,Trend + Momentum + Volume + Structure,None material,1.55,6.65,204.89,215.19,188.01,HIGH,27056549.0,NOT_AVAILABLE,NOT_AVAILABLE,,False,False,False,47.53,WATCH,WATCH
153,JKCEMENT,2026-08-28,5168.5,Bearish,42.09,42.1,-6,20,7/10,High,36.61,117.65,2.28,1.67,5319.47,5374.68,5478.64,-15.6759,-1.1516,1.12,74.17,5368.7,-3.73,2.15,0.078,-1.24,-1.55,-2.6,-5.06,0.0,54.12,5299.0,5213.0,5233.5,5310.0,5171.0,47.76,47.89,1.47,-1.31,0.1,7.11,5.79,1.81,-1.75,90.25,14,7,100,47.0,0.12,49.0,0.18,53.0,0.58,61.0,2.19,75.0,4.29,MIXED,65.98,POSITIVE,Liquidity,"Trend, Momentum, Structure",-3.41,-0.8,4992.03,5127.32,5368.7,MODERATE,128592411.0,NOT_AVAILABLE,NOT_AVAILABLE,,False,False,False,47.25,WATCH,WATCH
154,SENSEXIETF,2026-08-28,886.26,Bearish,37.98,43.88,-7,15,7/10,High,43.86,9.19,1.04,3.33,892.77,889.25,897.26,-1.4681,-0.2383,0.37,16.67,897.48,-1.25,1.19,0.062,-0.43,-0.91,-1.32,-1.14,-0.09,71.24,895.99,889.0,890.05,901.73,887.86,51.37,44.43,0.56,-0.6,0.22,8.68,2.6,1.71,-1.66,87.24,9,8,100,51.0,0.04,62.0,0.22,61.0,0.31,61.0,0.43,62.0,0.43,POSITIVE,60.66,POSITIVE,No strong driver,"Trend, Momentum, Structure",-1.56,-0.36,872.47,883.04,897.48,LOW,12893099.0,NOT_AVAILABLE,NOT_AVAILABLE,,False,False,False,47.22,WATCH,WATCH
155,RCF,2026-08-28,119.81,Bearish,42.15,40.0,-6,20,7/10,High,39.08,2.87,2.39,15.0,122.94,125.46,130.98,-0.0164,-0.0507,0.75,65.83,123.66,-3.11,2.12,0.188,-1.61,1.4,-3.42,-5.96,0.07,55.1,122.71,121.48,121.77,128.55,117.55,47.11,48.29,1.98,-1.87,0.15,8.29,8.42,2.1,-2.25,68.0,6,8,26,38.46,-0.14,61.54,0.97,53.85,0.18,61.54,2.51,57.69,1.99,MIXED,66.15,POSITIVE,Liquidity,"Trend, Momentum, Structure",-3.59,-0.84,115.51,118.81,123.66,MODERATE,200197651.0,NOT_AVAILABLE,NOT_AVAILABLE,,False,False,False,46.68,WATCH,WATCH
156,MOQUALITY,2026-08-28,201.57,Bearish,37.59,43.32,-7,15,7/10,High,43.74,2.49,1.24,26.67,203.25,202.53,198.48,-0.4847,-0.0137,0.26,48.33,206.29,-2.29,1.01,0.06,-0.41,-0.98,-1.84,-1.23,0.47,97.31,203.82,202.4,202.4,204.26,201.0,51.05,44.61,0.76,-0.75,0.27,13.55,5.0,1.88,-1.7,84.34,11,7,100,59.0,0.19,65.0,0.27,61.0,0.28,60.0,0.27,60.0,0.23,POSITIVE,59.55,POSITIVE,No strong driver,"Trend, Momentum, Structure",-1.85,-0.43,197.83,200.7,206.29,LOW,5805969.0,NOT_AVAILABLE,NOT_AVAILABLE,,False,False,False,46.66,WATCH,WATCH
157,CSLFINANCE,2026-08-28,230.92,Bullish,62.72,55.33,8,90,8/10,High,60.42,7.75,3.35,18.33,223.88,223.2,245.03,1.0795,0.0279,1.31,70.0,223.67,3.24,3.53,0.769,1.79,0.33,5.44,8.43,1.38,86.71,233.0,225.0,226.87,236.77,222.0,44.08,51.58,2.16,-1.85,0.52,30.0,8.68,1.97,-1.95,93.55,7,7,100,32.0,-0.2,33.0,-0.68,38.0,-0.73,36.0,-0.77,43.0,-0.1,NEGATIVE,34.9,NEGATIVE,Trend + Momentum + Volume + VWAP,None material,1.17,5.03,233.63,242.54,223.67,HIGH,7429931.0,NOT_AVAILABLE,NOT_AVAILABLE,,False,False,False,46.64,WATCH,WATCH
158,MARUTI,2026-08-28,13376.0,Bearish,40.24,39.57,-6,20,7/10,High,36.31,221.89,1.66,3.33,13708.93,13725.73,13894.85,-58.6975,-3.8437,0.88,63.33,13894.12,-3.73,1.54,0.052,-0.48,-1.39,-3.31,-6.03,0.45,56.62,13580.0,13404.0,13440.0,13809.0,13404.0,47.11,48.68,1.07,-0.95,0.09,6.58,4.74,1.94,-1.77,76.46,7,7,100,46.0,-0.07,48.0,-0.21,51.0,0.2,64.0,1.16,61.0,1.83,MIXED,60.69,POSITIVE,Liquidity,"Trend, Momentum, Structure",-2.49,-0.58,13043.17,13298.34,13894.12,LOW,4394146535.0,NOT_AVAILABLE,NOT_AVAILABLE,,False,False,False,46.62,WATCH,WATCH
159,DOMS,2026-08-28,2198.9,Bearish,40.52,38.49,-6,20,7/10,High,41.24,41.28,1.88,0.83,2224.2,2245.38,2323.71,-0.7827,-0.0542,0.58,60.0,2242.68,-1.95,1.28,0.16,-0.72,-0.34,-0.77,-2.7,-0.99,62.31,2235.0,2201.2,2214.9,2235.0,2182.0,47.47,48.63,1.76,-1.52,0.15,13.31,7.96,1.85,-2.18,87.0,8,7,100,46.0,0.12,53.0,0.38,56.0,1.02,54.0,0.98,57.0,0.66,POSITIVE,61.5,POSITIVE,Liquidity,"Trend, Momentum, Structure",-2.82,-0.66,2136.97,2184.45,2242.68,LOW,100438604.0,NOT_AVAILABLE,NOT_AVAILABLE,,False,False,False,46.58,WATCH,WATCH
160,ICICIB22,2026-08-28,114.41,Bearish,38.86,38.75,-7,15,7/10,High,38.57,1.86,1.62,2.5,115.58,116.66,117.48,-0.0571,-0.0352,0.6,21.67,115.9,-1.28,0.63,0.049,-0.1,-0.75,-1.06,-1.19,0.42,68.38,116.03,114.4,114.52,117.4,114.35,53.55,42.11,0.75,-0.81,1.0,46.97,6.58,2.09,-1.97,99.02,11,6,96,59.38,0.29,58.33,0.57,60.42,0.7,58.33,0.95,61.46,1.25,POSITIVE,63.16,POSITIVE,No strong driver,"Trend, Momentum, Structure",-2.44,-0.57,111.62,113.76,116.03,LOW,40756741.0,NOT_AVAILABLE,NOT_AVAILABLE,,False,False,False,46.57,WATCH,WATCH
161,INTLCONV,2026-08-28,80.31,Bullish,63.03,53.87,8,90,8/10,High,61.9,3.15,3.92,44.17,76.57,77.05,79.68,0.5007,0.2002,4.37,100.0,76.77,4.62,7.14,0.772,4.41,3.57,6.06,7.84,0.08,54.14,77.5,76.21,76.92,79.0,74.2,42.37,52.5,2.22,-1.73,0.36,22.76,9.74,1.87,-2.17,85.65,8,9,100,37.0,-0.46,44.0,-0.24,43.0,-0.07,32.0,-1.29,30.0,-1.05,NEGATIVE,35.81,NEGATIVE,Trend + Momentum + Volume + Structure,None material,1.37,5.89,81.41,85.04,76.21,HIGH,5266098.0,NOT_AVAILABLE,NOT_AVAILABLE,,False,False,False,46.52,WATCH,WATCH
162,CHOLAHLDNG,2026-08-28,1498.8,Bearish,43.32,39.92,-7,15,8/10,High,37.36,46.35,3.09,28.33,1558.61,1572.85,1635.51,-7.0935,-2.2611,1.19,74.17,1579.34,-5.1,2.37,0.383,-1.21,-4.03,-6.16,-2.31,0.0,63.28,1556.2,1511.9,1517.2,1580.0,1511.9,44.08,51.58,1.92,-1.53,0.11,13.29,8.16,1.44,-2.05,88.86,5,7,77,49.35,0.42,55.84,0.96,51.95,1.59,64.94,3.53,72.73,3.92,MIXED,75.91,STRONG,Liquidity,"Trend, Momentum, Volume",-4.64,-1.08,1429.27,1482.58,1579.34,HIGH,254568946.0,NOT_AVAILABLE,NOT_AVAILABLE,,False,False,False,46.45,WATCH,WATCH
163,NIF100BEES,2026-08-28,267.89,Bearish,37.37,43.35,-7,15,7/10,High,44.91,3.15,1.18,0.83,269.67,268.16,267.02,-0.4604,-0.0813,0.36,7.5,271.49,-1.32,0.76,0.075,-0.39,-0.74,-1.41,-0.8,-0.35,67.38,271.92,268.38,268.93,272.82,267.98,52.63,42.89,0.56,-0.6,0.38,15.79,2.76,1.95,-1.99,92.16,10,7,100,51.0,0.01,56.0,0.17,54.0,0.2,63.0,0.54,65.0,0.75,MIXED,58.91,POSITIVE,No strong driver,"Trend, Momentum, Structure",-1.76,-0.41,263.16,266.79,271.92,LOW,13214602.0,NOT_AVAILABLE,NOT_AVAILABLE,,False,False,False,46.44,WATCH,WATCH
164,FLUOROCHEM,2026-08-28,4771.2,Bullish,59.93,58.62,7,85,7/10,High,63.8,144.55,3.03,24.17,4604.34,4362.9,3853.81,-11.0127,5.6398,0.46,30.0,4648.72,2.63,3.14,0.678,2.12,3.23,0.7,9.26,0.0,60.87,4729.7,4660.1,4672.1,4752.0,4555.3,47.89,47.89,1.61,-1.45,0.06,9.74,6.71,1.74,-2.32,88.93,10,6,100,45.0,-0.12,45.0,-0.58,43.0,-0.89,35.0,-1.34,41.0,-0.95,NEGATIVE,33.38,NEGATIVE,Trend + Momentum + Structure + VWAP,None material,1.06,4.54,4821.79,4988.03,4648.72,HIGH,1111964926.0,NOT_AVAILABLE,NOT_AVAILABLE,,False,False,False,46.41,WATCH,WATCH
165,DOLLEX,2026-08-28,35.35,Bullish,61.28,52.07,7,85,7/10,High,73.88,1.49,4.2,17.5,32.51,31.62,33.96,0.2289,0.0895,0.2,4.17,31.9,10.82,7.17,0.925,5.68,6.8,9.95,16.86,2.54,62.5,34.5,33.25,33.45,35.3,32.0,43.85,49.36,2.27,-2.02,-0.29,28.43,34.79,3.26,-3.49,75.85,10,8,100,41.0,-0.22,41.0,-0.23,38.0,-0.4,38.0,-0.69,42.0,-1.13,NEGATIVE,37.24,NEGATIVE,Trend + Momentum + Structure + VWAP,None material,1.47,6.3,35.87,37.58,31.9,HIGH,5123100.0,NOT_AVAILABLE,NOT_AVAILABLE,,False,False,False,45.82,WATCH,WATCH
166,MASFIN,2026-08-28,294.4,Bearish,39.98,38.91,-7,15,7/10,High,39.0,7.55,2.56,2.5,302.34,308.01,311.51,-0.5157,-0.0048,3.31,97.5,300.57,-2.05,2.37,0.138,-0.37,-2.68,-2.35,-7.94,0.0,62.48,298.9,294.8,295.5,304.8,289.3,44.61,51.05,1.49,-1.45,0.14,13.29,6.18,1.63,-3.5,85.36,9,10,99,50.51,0.4,61.62,0.88,56.57,1.17,62.63,1.24,58.59,1.11,POSITIVE,66.36,POSITIVE,No strong driver,"Trend, Momentum, Structure",-3.84,-0.9,283.08,291.76,300.57,MODERATE,50053688.0,NOT_AVAILABLE,NOT_AVAILABLE,,False,False,False,45.76,WATCH,WATCH
167,MSPL,2026-08-28,36.39,Bullish,63.13,56.3,9,95,9/10,High,55.1,1.34,3.69,0.83,35.05,36.47,36.04,0.2919,0.1437,1.99,90.0,35.26,3.21,5.98,0.724,5.2,6.09,8.69,6.06,1.16,53.35,35.22,34.36,34.59,35.22,33.12,47.37,47.76,2.48,-2.08,0.56,35.13,17.11,2.57,-2.3,72.87,10,9,100,48.0,0.42,38.0,-0.12,38.0,-0.84,39.0,-2.23,40.0,-1.53,NEGATIVE,29.67,NEGATIVE,Trend + Momentum + Volume + Structure,None material,1.29,5.54,36.86,38.41,34.36,HIGH,31394194.0,NOT_AVAILABLE,NOT_AVAILABLE,,False,False,False,45.75,WATCH,WATCH
168,HEG,2026-08-28,737.35,Bullish,58.26,60.17,7,85,7/10,High,68.41,24.59,3.34,13.33,695.54,648.94,596.96,-1.7769,1.0025,1.61,88.33,706.71,4.34,4.41,0.879,3.82,3.74,5.19,12.19,0.41,40.5,720.45,708.0,710.2,730.0,699.05,48.16,47.63,2.08,-2.02,0.09,8.95,6.32,2.03,-4.2,73.85,7,7,50,52.0,-1.31,54.0,-2.64,48.0,-4.01,48.0,-6.94,40.0,-13.84,MIXED,28.6,NEGATIVE,Trend + Momentum + Volume + Structure,None material,1.17,5.0,745.96,774.24,706.71,HIGH,1167473809.0,NOT_AVAILABLE,NOT_AVAILABLE,,False,False,False,45.18,WATCH,WATCH
169,OILIETF,2026-08-28,11.23,Bearish,37.64,37.84,-7,15,7/10,High,40.76,0.16,1.41,0.83,11.34,11.36,11.51,-0.0173,-0.0037,0.42,7.5,11.37,-1.27,0.71,0.2,-0.27,-0.8,-1.23,-1.66,0.27,69.32,11.37,11.25,11.26,11.42,11.25,45.71,47.2,0.85,-0.86,0.69,25.93,3.17,2.22,-2.57,96.02,6,8,88,50.0,0.12,50.0,0.25,57.95,0.37,59.09,0.56,60.23,0.55,POSITIVE,59.68,POSITIVE,No strong driver,"Trend, Momentum, Structure",-2.11,-0.49,10.99,11.17,11.37,LOW,26586363.0,NOT_AVAILABLE,NOT_AVAILABLE,,False,False,False,45.06,WATCH,WATCH
170,VINCOFE,2026-08-28,177.97,Bullish,59.51,55.18,7,85,7/10,High,73.64,7.25,4.08,24.17,158.58,154.93,147.87,3.1086,0.5509,1.45,86.67,159.05,11.89,4.32,0.904,1.9,10.16,20.21,19.06,0.2,40.94,179.0,164.11,174.65,179.0,150.0,46.2,50.63,2.22,-1.86,0.3,17.51,7.38,1.78,-1.95,89.86,7,9,42,50.0,0.23,38.1,-0.63,40.48,-1.03,40.48,-1.76,28.57,-2.16,NEGATIVE,32.18,NEGATIVE,Trend + Momentum + Volume + Structure,None material,1.43,6.11,180.51,188.85,159.05,HIGH,442227355.0,NOT_AVAILABLE,NOT_AVAILABLE,,False,False,False,44.95,WATCH,WATCH
171,ATL,2026-08-28,27.04,Bullish,61.43,51.32,8,90,8/10,High,64.59,1.25,4.64,49.17,25.13,24.52,25.64,0.3002,0.0026,1.73,86.67,25.72,5.14,6.29,0.78,3.01,8.77,14.09,16.35,1.33,55.52,27.37,26.1,26.25,28.18,23.85,45.13,49.74,2.33,-2.08,0.38,23.03,9.87,2.2,-2.43,88.69,9,8,100,49.0,0.15,43.0,0.03,38.0,-0.8,34.0,-1.44,34.0,-0.9,NEGATIVE,31.24,NEGATIVE,Trend + Momentum + Volume + VWAP,None material,1.62,6.95,27.48,28.92,25.72,HIGH,7970477.0,NOT_AVAILABLE,NOT_AVAILABLE,,False,False,False,44.14,WATCH,WATCH
172,MAMATA,2026-08-28,400.05,Bearish,37.89,40.51,-7,15,7/10,High,44.49,11.87,2.97,9.17,409.46,403.83,406.24,-2.5757,-0.4546,1.0,66.67,416.7,-4.0,1.64,0.074,-0.86,-4.83,-6.2,-1.57,-0.37,88.45,410.95,401.5,403.5,428.25,401.5,46.35,50.59,2.22,-2.15,-0.02,12.24,12.47,2.06,-3.01,77.13,6,5,100,48.0,0.04,47.0,-0.27,50.0,0.21,55.0,1.95,54.0,2.53,MIXED,60.39,POSITIVE,No strong driver,"Trend, Momentum, Structure",-4.45,-1.04,382.24,395.89,416.7,MODERATE,34124743.0,NOT_AVAILABLE,NOT_AVAILABLE,,False,False,False,44.12,WATCH,WATCH
173,SPMLINFRA,2026-08-28,179.88,Bearish,42.23,35.77,-7,15,7/10,High,36.39,6.78,3.77,15.83,189.71,193.21,196.91,-1.1006,-0.254,0.98,75.83,190.22,-5.44,3.71,0.076,-0.07,-6.77,-5.6,-6.19,-0.28,54.51,187.74,178.49,180.0,195.06,178.49,47.63,47.76,2.91,-2.44,0.61,35.92,16.58,2.7,-2.57,71.86,15,8,100,48.0,0.55,62.0,2.25,57.0,2.72,51.0,2.62,54.0,4.23,POSITIVE,72.8,STRONG,No strong driver,"Trend, Momentum, Structure",-5.66,-1.32,169.71,177.51,190.22,HIGH,35351100.0,NOT_AVAILABLE,NOT_AVAILABLE,,False,False,False,44.1,WATCH,WATCH
174,EXICOM,2026-08-28,167.93,Bullish,59.5,56.82,8,90,8/10,High,58.74,8.15,4.86,1.67,158.06,156.33,141.76,1.1559,0.7128,3.42,95.0,158.48,5.97,9.76,0.834,7.55,5.04,10.63,6.04,0.01,30.93,157.87,154.5,156.14,163.8,154.5,40.35,55.42,3.35,-2.39,0.31,23.08,10.05,2.16,-3.13,80.77,8,11,50,42.0,-0.0,40.0,-1.16,38.0,-1.94,38.0,-2.03,40.0,-1.49,NEGATIVE,25.72,NEGATIVE,Trend + Momentum + Volume + Structure,None material,1.7,7.28,170.78,180.16,154.5,HIGH,244817691.0,NOT_AVAILABLE,NOT_AVAILABLE,,False,False,False,43.83,WATCH,WATCH
175,KICL,2026-08-28,5180.0,Bearish,40.53,40.11,-7,15,7/10,High,40.99,162.56,3.14,38.33,5323.14,5317.24,5088.04,-19.7222,-1.7718,0.74,48.33,5400.73,-4.09,2.4,0.067,-1.11,-3.76,-2.36,-5.79,-0.28,63.4,5335.0,5179.5,5238.0,5439.5,5179.5,47.11,48.68,2.03,-1.73,0.27,20.79,11.05,2.08,-2.14,86.32,8,9,24,41.67,0.4,58.33,1.03,66.67,1.4,54.17,1.26,41.67,-0.81,STRONG,67.93,POSITIVE,No strong driver,"Trend, Momentum, Structure",-4.71,-1.1,4936.16,5123.1,5400.73,HIGH,7586675.0,NOT_AVAILABLE,NOT_AVAILABLE,,False,False,False,43.67,WATCH,WATCH
176,NIITLTD,2026-08-28,105.52,Bullish,59.16,57.15,8,90,8/10,High,66.98,3.69,3.5,0.83,98.19,95.32,90.57,1.176,0.2035,2.32,93.33,99.08,6.5,4.36,0.922,2.51,12.71,10.43,10.19,0.01,54.32,104.27,100.34,102.94,104.27,92.4,42.37,53.03,2.57,-2.01,0.3,13.82,8.29,2.27,-2.0,80.05,8,8,66,39.39,-0.21,37.88,-0.88,28.79,-1.56,34.85,-1.57,40.91,-1.3,NEGATIVE,24.75,NEGATIVE,Trend + Momentum + Volume + Structure,None material,1.22,5.25,106.81,111.06,99.08,HIGH,47096527.0,NOT_AVAILABLE,NOT_AVAILABLE,,False,False,False,43.58,WATCH,WATCH
177,VRLLOG,2026-08-28,295.95,Bullish,59.1,51.93,7,85,7/10,High,64.84,9.01,3.04,27.5,285.96,269.81,279.54,-1.9329,0.2639,0.42,20.0,286.76,3.2,2.5,0.712,0.7,2.49,-0.12,11.41,0.37,55.8,295.5,285.05,293.9,296.5,285.0,45.26,50.13,1.43,-1.44,0.23,14.21,6.18,1.93,-2.81,88.17,9,9,100,41.0,0.01,42.0,-0.37,41.0,-0.92,34.0,-1.64,34.0,-1.66,NEGATIVE,31.01,NEGATIVE,Trend + Momentum + Structure + VWAP,None material,1.07,4.56,299.1,309.46,285.05,HIGH,183512173.0,NOT_AVAILABLE,NOT_AVAILABLE,,False,False,False,43.56,WATCH,WATCH
178,TRIDENT,2026-08-28,24.32,Bearish,36.91,34.89,-7,15,7/10,High,38.54,0.43,1.75,0.83,24.62,24.89,25.84,-0.0025,-0.0007,0.54,30.83,24.75,-1.75,0.86,0.102,-0.25,-0.29,-0.08,-1.58,0.08,54.58,24.55,24.35,24.38,24.87,24.31,40.39,54.61,1.69,-1.32,0.24,11.71,6.05,2.25,-2.71,76.61,9,9,40,42.5,-0.04,57.5,-0.04,47.5,-0.09,55.0,1.77,55.0,2.13,MIXED,57.59,POSITIVE,No strong driver,"Trend, Momentum, Structure",-2.62,-0.61,23.68,24.17,24.75,LOW,82653310.0,NOT_AVAILABLE,NOT_AVAILABLE,,False,False,False,43.44,WATCH,WATCH
179,TAJGVK,2026-08-28,340.0,Bearish,37.56,38.68,-7,15,7/10,High,41.0,9.47,2.78,1.67,349.04,348.75,354.63,-1.3702,-0.0517,0.49,30.0,354.65,-4.13,1.98,0.181,-0.51,-2.97,-0.48,-6.4,0.64,61.92,342.75,337.1,341.75,356.0,337.1,44.08,51.71,2.22,-1.72,0.27,13.29,5.13,1.88,-2.57,83.68,6,9,41,41.46,-0.3,46.34,0.45,51.22,0.55,53.66,1.39,41.46,0.68,MIXED,59.47,POSITIVE,No strong driver,"Trend, Momentum, Structure",-4.18,-0.97,325.8,336.69,354.65,MODERATE,27540687.0,NOT_AVAILABLE,NOT_AVAILABLE,,False,False,False,43.24,WATCH,WATCH
180,MGL,2026-08-28,1092.6,Bearish,39.25,37.81,-6,20,7/10,High,43.63,30.39,2.78,9.17,1114.61,1115.87,1137.33,-3.5811,-0.8126,0.97,73.33,1123.17,-2.72,1.72,0.043,-0.02,-1.94,-4.05,-2.49,0.11,64.01,1118.0,1089.2,1092.8,1145.4,1089.2,49.61,46.18,1.55,-1.6,0.16,9.47,5.53,1.76,-2.08,76.07,8,9,100,56.0,0.35,56.0,0.62,57.0,0.58,52.0,0.6,57.0,1.3,POSITIVE,57.87,POSITIVE,Liquidity,"Trend, Momentum, Structure",-4.17,-0.97,1047.01,1081.96,1123.17,MODERATE,312448340.0,NOT_AVAILABLE,NOT_AVAILABLE,,False,False,False,43.09,WATCH,WATCH
181,TATACONSUM,2026-08-28,1040.7,Bearish,37.29,37.37,-6,20,7/10,High,38.85,20.35,1.96,0.83,1067.12,1087.79,1114.54,-2.5542,-0.0734,0.76,38.33,1074.83,-3.18,1.59,0.129,-0.12,-0.79,-3.59,-3.91,0.48,71.99,1048.4,1035.6,1042.0,1063.5,1035.6,47.63,47.76,1.11,-1.04,0.03,4.21,4.87,1.81,-2.15,83.42,10,6,100,56.0,0.05,52.0,-0.06,51.0,-0.1,55.0,0.14,63.0,0.75,MIXED,52.26,MIXED,Liquidity,"Trend, Momentum, Structure",-2.93,-0.68,1010.17,1033.58,1074.83,LOW,1373297951.0,NOT_AVAILABLE,NOT_AVAILABLE,,False,False,False,42.96,WATCH,WATCH
182,FELIX,2026-08-28,177.15,Bearish,41.25,35.22,-7,15,7/10,High,40.87,6.09,3.44,0.83,181.93,184.22,188.47,-0.642,-0.1353,0.99,55.83,183.39,-3.4,2.63,0.135,-0.87,-0.92,-7.06,-1.91,-0.25,64.52,181.3,177.0,178.7,184.2,177.0,48.37,46.56,3.0,-2.68,0.33,35.14,22.28,3.12,-3.48,80.48,14,9,100,50.0,0.43,54.0,1.29,48.0,2.48,52.0,5.62,61.0,11.47,MIXED,70.0,STRONG,No strong driver,"Trend, Momentum, Structure",-5.15,-1.2,168.02,175.02,183.39,HIGH,8610368.0,NOT_AVAILABLE,NOT_AVAILABLE,,False,False,False,42.94,WATCH,WATCH
183,SHERA,2026-08-28,181.85,Bullish,62.93,58.67,8,90,8/10,High,69.47,9.7,5.33,91.67,163.76,146.07,135.57,0.2776,0.0739,1.2,71.67,169.18,7.49,7.41,0.856,4.09,4.51,16.31,32.74,0.17,76.29,178.95,172.05,174.7,188.9,162.0,43.3,50.43,2.43,-1.93,0.32,30.34,20.37,2.49,-2.19,74.28,6,8,53,41.51,0.16,37.74,-0.52,33.96,-0.97,39.62,-0.34,45.28,2.74,NEGATIVE,35.51,NEGATIVE,Trend + Momentum + Volume + Structure,None material,1.87,8.0,185.24,196.4,169.18,VERY_HIGH,13712038.0,NOT_AVAILABLE,NOT_AVAILABLE,,False,False,False,42.86,WATCH,WATCH
184,MANCREDIT,2026-08-28,247.65,Bullish,63.01,57.9,8,90,8/10,High,60.01,14.04,5.67,67.5,231.45,226.9,199.27,0.0218,1.7386,1.65,82.5,239.58,3.37,10.24,0.452,7.9,13.57,4.02,0.97,1.3,39.36,231.5,220.69,229.52,231.5,214.93,46.44,50.29,1.72,-1.34,0.63,39.69,12.14,2.1,-2.2,94.55,6,6,86,46.51,0.1,40.7,-0.06,37.21,-0.22,32.56,-0.7,43.02,-0.84,NEGATIVE,35.74,NEGATIVE,Trend + Momentum + Volume + Structure,None material,1.98,8.51,252.56,268.71,220.69,VERY_HIGH,63563308.0,NOT_AVAILABLE,NOT_AVAILABLE,,False,False,False,42.71,WATCH,WATCH
185,MOENERGY,2026-08-28,38.16,Bearish,36.57,40.21,-7,15,7/10,High,32.66,0.91,2.39,17.5,38.58,38.93,38.08,-0.0205,-0.0043,0.73,45.0,38.73,-1.47,1.36,0.729,-0.37,-0.52,-1.7,-2.0,0.97,84.98,39.08,38.2,38.3,39.08,37.56,45.58,47.79,0.9,-0.78,0.73,36.28,5.75,2.02,-3.16,95.49,7,7,100,50.0,0.11,57.0,0.27,54.0,0.34,52.0,0.79,55.0,1.28,MIXED,56.62,MIXED,No strong driver,"Trend, Momentum, Structure",-3.58,-0.84,36.79,37.84,39.08,MODERATE,7637863.0,NOT_AVAILABLE,NOT_AVAILABLE,,False,False,False,42.69,WATCH,WATCH
186,ICIL,2026-08-28,434.95,Bullish,61.71,56.32,7,85,7/10,High,57.48,22.85,5.25,68.33,420.9,402.96,337.91,0.5812,0.3022,0.34,15.83,431.94,0.7,4.52,0.702,2.73,-1.94,14.49,8.4,0.38,33.51,432.7,420.55,423.4,452.5,417.1,43.55,51.97,2.75,-2.05,0.21,14.08,10.0,2.45,-2.49,84.21,9,7,100,40.0,0.16,40.0,0.02,31.0,-0.73,40.0,0.38,40.0,-0.43,NEGATIVE,38.45,NEGATIVE,Trend + Momentum + Structure + VWAP,None material,1.84,7.88,442.95,469.23,420.55,VERY_HIGH,845200306.0,NOT_AVAILABLE,NOT_AVAILABLE,,False,False,False,42.52,WATCH,WATCH
187,MASTEK,2026-08-28,1901.4,Bullish,58.02,51.87,7,85,7/10,High,63.28,75.28,3.96,73.33,1747.13,1731.32,1816.12,-6.1624,19.1061,16.05,100.0,1872.54,1.54,19.79,0.901,17.98,11.51,3.78,1.42,0.21,6.48,1653.6,1607.1,1611.6,1741.9,1607.1,44.21,51.58,1.93,-1.66,0.19,11.84,6.32,1.79,-1.94,81.81,7,11,100,37.0,-0.21,33.0,-0.94,24.0,-1.3,36.0,-0.72,52.0,-0.62,NEGATIVE,27.92,NEGATIVE,Trend + Momentum + Volume + Structure,None material,1.39,5.94,1927.75,2014.32,1607.1,HIGH,635871612.0,NOT_AVAILABLE,NOT_AVAILABLE,,False,False,False,42.45,WATCH,WATCH
188,SBILIFE,2026-08-28,1761.1,Bearish,37.33,34.71,-6,20,7/10,High,36.65,33.31,1.89,4.17,1798.83,1816.78,1852.68,-6.0007,0.8451,1.19,73.33,1813.52,-2.89,1.93,0.087,-0.68,-1.77,-1.89,-6.42,0.41,63.8,1798.9,1766.5,1773.2,1801.7,1751.2,47.24,48.29,1.11,-1.0,0.06,4.47,4.08,2.08,-1.78,85.85,7,11,94,46.81,-0.04,48.94,-0.02,46.81,0.02,53.19,0.57,48.94,0.07,MIXED,52.36,MIXED,Liquidity,"Trend, Momentum, Volume",-2.84,-0.66,1711.13,1749.44,1813.52,LOW,1582288997.0,NOT_AVAILABLE,NOT_AVAILABLE,,False,False,False,42.2,WATCH,WATCH
189,GOCLCORP,2026-08-28,388.25,Bearish,38.88,40.23,-7,15,7/10,High,40.03,12.96,3.34,9.17,402.76,398.02,354.22,-2.7297,-0.3013,0.7,65.0,427.95,-9.28,3.51,0.05,-2.29,-3.08,-2.23,-3.55,0.33,60.75,403.5,395.45,397.35,407.0,394.2,42.63,52.89,2.35,-1.84,0.38,17.89,6.84,2.21,-1.9,85.05,7,8,32,40.62,0.15,46.88,-0.25,59.38,0.5,53.12,1.71,56.25,3.64,POSITIVE,63.22,POSITIVE,No strong driver,"Trend, Momentum, Structure",-5.01,-1.17,368.8,383.71,427.95,HIGH,66838512.0,NOT_AVAILABLE,NOT_AVAILABLE,,False,False,False,42.04,WATCH,WATCH
190,IOC,2026-08-28,137.1,Bearish,36.89,35.07,-6,20,7/10,High,42.79,2.31,1.69,1.67,138.99,140.24,146.17,-0.1442,-0.0184,0.49,7.5,140.04,-2.1,0.97,0.184,-0.34,0.88,-1.65,-2.19,0.0,51.64,139.48,136.69,137.57,141.15,135.27,50.79,44.61,1.38,-1.42,0.18,12.5,7.11,1.89,-2.15,71.5,10,8,100,43.0,-0.11,45.0,-0.09,48.0,0.06,52.0,0.22,53.0,-0.14,MIXED,51.12,MIXED,Liquidity,"Trend, Momentum, Structure",-2.53,-0.59,133.63,136.29,140.04,LOW,1151924958.0,NOT_AVAILABLE,NOT_AVAILABLE,,False,False,False,41.87,WATCH,WATCH
191,ITC,2026-08-28,266.0,Bearish,36.56,36.11,-6,20,7/10,High,32.77,4.2,1.58,23.33,274.25,280.62,315.0,-0.6564,-0.0641,1.12,73.33,277.2,-4.04,1.56,0.043,-1.12,-1.26,-4.39,-5.34,0.0,60.75,271.25,268.0,269.0,273.95,267.0,44.61,50.79,0.84,-0.86,0.08,3.42,3.95,1.86,-1.96,71.59,5,7,21,38.1,-0.17,42.86,-0.15,52.38,0.07,47.62,-0.03,61.9,1.08,MIXED,50.16,MIXED,Liquidity,"Trend, Momentum, Structure",-2.37,-0.55,259.69,264.53,277.2,LOW,3777654989.0,NOT_AVAILABLE,NOT_AVAILABLE,,False,False,False,41.84,WATCH,WATCH
192,PFIZER,2026-08-28,4703.8,Bearish,37.19,39.19,-6,20,7/10,High,42.83,111.75,2.38,44.17,4820.8,4760.57,4792.87,-32.1934,-4.8202,0.47,15.0,4903.85,-4.08,1.86,0.03,-0.77,-5.51,-3.51,-2.49,0.5,65.06,4819.1,4730.0,4740.4,5030.0,4730.0,46.58,49.21,1.19,-1.05,0.16,8.03,4.61,1.78,-1.96,86.37,14,10,22,50.0,-0.05,50.0,-0.36,50.0,-0.42,50.0,0.91,45.45,0.22,MIXED,51.96,MIXED,Liquidity,"Trend, Momentum, Structure",-3.56,-0.83,4536.18,4664.69,4903.85,MODERATE,280971428.0,NOT_AVAILABLE,NOT_AVAILABLE,,False,False,False,41.4,WATCH,WATCH
193,OMAXE,2026-08-28,131.74,Bullish,58.52,56.72,6,80,7/10,High,82.27,7.44,5.65,72.5,101.14,92.78,84.19,2.9142,1.2732,5.18,94.17,109.58,20.22,19.84,0.952,16.19,28.46,32.88,52.9,-1.08,6.75,115.0,107.21,113.38,115.0,97.86,43.16,52.24,3.02,-2.11,0.26,24.87,15.39,2.37,-2.69,88.75,6,8,53,45.28,0.62,41.51,-0.9,37.74,-1.52,43.4,-0.39,49.06,0.72,NEGATIVE,35.76,NEGATIVE,Trend + Momentum + Volume + Structure,Gap,1.98,8.47,134.34,142.9,107.21,VERY_HIGH,527419602.0,NOT_AVAILABLE,NOT_AVAILABLE,,False,False,False,41.01,WATCH,WATCH
194,TREJHARA,2026-08-28,144.2,Bearish,44.03,40.18,-6,20,7/10,High,40.79,8.51,5.9,33.33,153.77,150.6,169.19,-2.5275,-0.4696,0.41,19.17,162.51,-11.27,5.82,0.195,-3.8,-7.83,-11.15,7.01,1.27,68.76,152.87,147.27,149.89,163.85,147.1,43.03,51.97,2.59,-2.01,0.92,46.71,16.58,2.73,-2.2,75.17,14,8,23,34.78,-0.75,26.09,-0.91,39.13,1.04,65.22,4.84,56.52,5.48,MIXED,71.52,STRONG,Gap,"Trend, Momentum, Structure",-8.85,-2.07,131.43,141.22,162.51,VERY_HIGH,8518941.0,NOT_AVAILABLE,NOT_AVAILABLE,,False,False,False,40.64,WATCH,WATCH
195,KMEW,2026-08-28,3051.9,Bullish,55.69,53.66,7,85,7/10,High,75.42,124.06,4.06,0.83,2708.08,2505.58,2162.09,22.0657,12.1345,1.37,86.67,2753.55,10.84,3.74,0.958,2.79,11.97,11.76,23.89,0.37,31.61,2995.0,2791.0,2969.0,2995.0,2660.4,48.57,48.13,2.97,-2.64,0.24,23.96,9.67,1.98,-3.28,84.47,9,7,48,41.67,-0.97,47.92,-2.08,41.67,-3.28,33.33,-6.94,35.42,-9.21,NEGATIVE,21.25,NEGATIVE,Trend + Momentum + Volume + Structure,None material,1.42,6.1,3095.32,3237.99,2753.55,HIGH,312008029.0,NOT_AVAILABLE,NOT_AVAILABLE,,False,False,False,40.62,WATCH,WATCH
196,VESUVIUS,2026-08-28,421.55,Bearish,36.19,34.11,-7,15,7/10,High,35.57,11.88,2.82,20.0,437.45,449.9,654.82,-1.5559,0.0343,1.4,82.5,440.0,-4.19,2.34,0.068,-0.2,-4.06,-2.32,-5.0,0.4,59.05,428.6,420.6,422.4,449.5,420.35,44.74,50.92,1.81,-1.71,0.04,10.26,7.63,1.8,-3.71,82.85,6,10,100,46.0,0.19,50.0,0.34,52.0,0.45,50.0,0.76,52.0,1.01,MIXED,55.54,MIXED,No strong driver,"Trend, Momentum, Volume",-4.23,-0.99,403.74,417.39,440.0,MODERATE,33631944.0,NOT_AVAILABLE,NOT_AVAILABLE,,False,False,False,40.47,WATCH,WATCH
197,ENTERO,2026-08-28,1808.6,Bullish,55.32,53.18,7,85,7/10,High,86.33,73.06,4.04,44.17,1478.1,1347.03,1222.85,39.4248,6.0491,1.74,83.33,1545.46,17.03,5.29,0.952,3.14,27.04,27.67,45.4,-0.22,47.35,1786.4,1625.1,1753.5,1786.4,1394.1,46.84,49.31,2.01,-1.7,0.19,16.64,10.17,1.97,-2.02,95.03,9,7,50,38.0,-0.37,46.0,-1.2,40.0,-1.87,32.0,-3.36,36.0,-3.16,NEGATIVE,20.2,NEGATIVE,Trend + Momentum + Volume + Structure,None material,1.41,6.06,1834.17,1918.19,1545.46,HIGH,722994672.0,NOT_AVAILABLE,NOT_AVAILABLE,,False,False,False,40.1,WATCH,WATCH
198,GOKEX,2026-08-28,767.8,Bearish,36.13,38.14,-6,20,7/10,High,39.31,22.58,2.94,1.67,793.92,791.95,763.62,-2.2754,-0.9498,0.76,55.0,791.5,-2.99,1.6,0.283,-0.92,-3.74,-2.02,-5.79,0.32,52.37,796.55,771.2,774.9,806.0,771.2,46.71,49.08,2.3,-2.11,0.31,16.32,8.29,2.6,-2.34,75.89,9,6,100,44.0,0.01,55.0,0.42,50.0,0.42,45.0,-0.25,46.0,-0.8,MIXED,48.93,MIXED,Liquidity,"Trend, Momentum, Structure",-4.41,-1.03,733.94,759.9,796.55,MODERATE,225191359.0,NOT_AVAILABLE,NOT_AVAILABLE,,False,False,False,40.01,WATCH,WATCH
199,GSFC,2026-08-28,157.97,Bearish,36.87,34.93,-6,20,7/10,High,43.2,3.22,2.04,13.33,159.82,160.91,169.34,-0.169,-0.0879,0.82,55.0,159.95,-1.24,2.14,0.094,-0.75,-0.16,-1.42,-0.55,0.15,52.64,160.5,158.33,159.16,162.88,158.06,45.66,50.0,1.78,-1.59,0.26,11.45,5.66,1.76,-2.4,71.11,6,7,100,51.0,0.01,51.0,0.19,45.0,0.25,53.0,0.19,54.0,0.26,MIXED,51.06,MIXED,Liquidity,"Trend, Momentum, Structure",-3.05,-0.71,153.15,156.84,160.5,MODERATE,142434201.0,NOT_AVAILABLE,NOT_AVAILABLE,,False,False,False,39.8,WATCH,WATCH
200,HAVELLS,2026-08-28,1222.9,Bearish,35.65,38.87,-6,20,7/10,High,37.05,27.4,2.24,21.67,1261.04,1243.65,1297.5,-9.3372,-1.8776,2.13,93.33,1277.0,-4.24,4.59,0.263,-1.46,-3.56,-5.79,-3.0,0.48,52.07,1265.0,1241.0,1241.0,1299.1,1241.0,49.47,46.32,1.07,-1.16,0.11,5.66,4.61,1.73,-1.98,78.56,12,9,100,49.0,-0.1,52.0,-0.1,45.0,-0.24,54.0,-0.28,49.0,-0.4,MIXED,47.57,MIXED,Liquidity,"Trend, Momentum, Structure",-3.36,-0.78,1181.81,1213.31,1277.0,MODERATE,1064173642.0,NOT_AVAILABLE,NOT_AVAILABLE,,False,False,False,39.75,WATCH,WATCH
201,IVALUE,2026-08-28,264.65,Bearish,37.61,34.68,-7,15,7/10,High,36.83,11.28,4.26,22.5,278.24,276.18,265.64,-1.3256,-0.7472,0.98,64.17,278.51,-4.98,5.93,0.161,-3.68,-7.72,-5.08,-3.43,-0.6,55.28,276.9,271.35,274.75,297.6,269.7,47.08,47.5,2.07,-2.04,-0.09,15.0,15.0,1.9,-2.25,87.89,6,6,78,50.0,0.26,58.97,0.86,48.72,0.63,50.0,1.88,47.44,2.57,MIXED,59.59,POSITIVE,No strong driver,"Trend, Momentum, Structure",-6.39,-1.49,247.73,260.7,278.51,HIGH,79492304.0,NOT_AVAILABLE,NOT_AVAILABLE,,False,False,False,39.08,WATCH,WATCH
202,BHARATRAS,2026-08-28,1255.2,Bearish,34.26,34.62,-7,15,7/10,High,36.47,35.54,2.83,10.0,1300.94,1335.45,2828.7,-5.6952,-0.6057,0.9,66.67,1327.83,-5.47,2.37,0.02,-1.37,-3.07,-3.64,-1.96,0.46,62.36,1284.5,1260.1,1272.6,1321.8,1260.1,42.24,53.42,1.91,-1.79,0.15,13.55,7.24,2.23,-3.82,86.37,7,8,100,47.0,-0.63,47.0,-1.42,51.0,-0.76,57.0,0.07,56.0,-0.26,MIXED,50.04,MIXED,No strong driver,"Trend, Momentum, Structure",-4.25,-0.99,1201.89,1242.76,1327.83,MODERATE,17218345.0,NOT_AVAILABLE,NOT_AVAILABLE,,False,False,False,38.67,WATCH,WATCH
203,CARYSIL,2026-08-28,1112.8,Bearish,37.74,37.5,-6,20,7/10,High,39.22,41.19,3.7,1.67,1159.34,1149.8,1018.97,-8.9349,-0.6112,0.31,6.67,1189.78,-6.47,1.96,0.029,-0.31,-3.69,-5.68,-5.32,0.06,51.27,1147.9,1110.8,1116.3,1175.5,1110.8,43.68,52.11,2.39,-1.78,0.24,14.87,8.29,1.98,-2.11,87.54,7,9,100,40.0,-0.09,50.0,0.18,46.0,0.22,49.0,1.1,51.0,2.62,MIXED,53.53,MIXED,Liquidity,"Trend, Momentum, Structure",-5.55,-1.3,1051.02,1098.39,1189.78,HIGH,136941773.0,NOT_AVAILABLE,NOT_AVAILABLE,,False,False,False,38.45,WATCH,WATCH
204,ABFRL,2026-08-28,52.49,Bearish,38.46,34.45,-6,20,7/10,High,30.36,1.65,3.15,5.83,55.95,58.0,71.65,-0.3689,-0.0261,0.68,44.17,59.03,-11.08,3.34,0.024,-2.14,-3.42,-6.23,-12.87,0.67,54.92,54.8,53.47,53.64,55.28,53.47,45.13,50.26,1.77,-1.81,0.13,8.55,5.92,2.15,-3.47,75.31,8,8,24,54.17,0.31,45.83,-0.1,54.17,-0.74,62.5,0.68,41.67,-0.43,MIXED,55.59,MIXED,Liquidity,"Trend, Momentum, Structure",-4.72,-1.1,50.01,51.91,59.03,HIGH,401164648.0,NOT_AVAILABLE,NOT_AVAILABLE,,False,False,False,38.27,WATCH,WATCH
205,LIKHITHA,2026-08-28,208.88,Bearish,37.28,33.05,-7,15,7/10,High,39.5,10.31,4.93,30.0,216.86,223.02,218.44,-0.1146,0.0461,0.58,30.83,219.39,-4.79,1.79,0.089,-1.48,-0.68,-3.82,-5.4,-1.49,65.39,221.99,209.64,212.02,221.99,207.1,42.5,53.16,2.21,-1.78,0.19,16.97,9.34,1.98,-2.58,86.58,8,10,20,45.0,0.73,60.0,3.19,55.0,1.68,40.0,0.92,40.0,0.4,POSITIVE,58.65,POSITIVE,No strong driver,"Trend, Momentum, Structure",-7.4,-1.73,193.42,205.27,221.99,HIGH,11088188.0,NOT_AVAILABLE,NOT_AVAILABLE,,False,False,False,38.26,WATCH,WATCH
206,RAMCOIND,2026-08-28,335.7,Bearish,38.06,35.48,-6,20,7/10,High,44.98,14.11,4.2,28.33,345.57,337.26,311.29,-1.9275,-0.5762,0.09,9.17,372.83,-9.96,3.02,0.126,-1.73,-3.26,-5.95,2.85,0.32,51.45,355.0,339.45,341.6,360.05,337.0,46.32,49.34,2.0,-1.66,0.1,10.26,7.76,1.78,-2.05,84.93,7,7,29,44.83,-0.08,51.72,0.5,44.83,0.32,51.72,1.1,48.28,-0.31,MIXED,54.47,MIXED,Liquidity,"Trend, Momentum, Structure",-6.3,-1.47,314.54,330.76,372.83,HIGH,511923872.0,NOT_AVAILABLE,NOT_AVAILABLE,,False,False,False,38.18,WATCH,WATCH
207,SONAMLTD,2026-08-28,73.17,Bullish,58.4,57.05,8,90,8/10,High,77.96,3.84,5.24,70.0,61.44,57.9,52.71,1.0656,0.422,6.29,98.33,66.88,9.41,17.39,0.935,15.7,12.29,32.12,32.51,2.47,51.3,65.7,62.44,63.24,67.9,62.4,44.13,51.26,2.61,-2.14,0.56,39.66,19.13,2.59,-2.62,90.26,10,8,66,57.58,1.06,56.06,1.24,43.94,-1.06,34.85,-6.02,42.42,-5.44,NEGATIVE,22.58,NEGATIVE,Trend + Momentum + Volume + Structure,None material,1.83,7.86,74.51,78.92,62.44,VERY_HIGH,11428343.0,NOT_AVAILABLE,NOT_AVAILABLE,,False,False,False,37.78,WATCH,WATCH
208,TAKE,2026-08-28,16.14,Bearish,42.47,29.61,-7,15,7/10,High,17.29,1.07,6.64,95.0,20.64,23.16,28.62,-0.6406,-0.0923,0.06,11.67,22.78,-29.16,0.0,0.0,-4.95,-22.52,-32.07,-24.65,-4.95,100.0,16.98,16.98,16.98,22.18,16.98,45.86,47.49,2.57,-2.38,0.48,37.87,14.2,2.26,-3.34,68.77,33,11,20,50.0,0.07,65.0,1.37,60.0,3.79,50.0,4.75,50.0,2.22,POSITIVE,73.5,STRONG,No strong driver,"Trend, Momentum, Structure",-9.95,-2.32,14.53,15.77,22.78,VERY_HIGH,21245809.0,NOT_AVAILABLE,NOT_AVAILABLE,,False,False,False,37.5,WATCH,WATCH
209,TRANSRAILL,2026-08-28,452.75,Bearish,35.23,32.19,-6,20,7/10,High,35.54,10.78,2.38,1.67,469.95,484.71,531.63,-0.4268,-0.3545,1.13,75.83,471.87,-4.05,1.5,0.013,-1.25,-1.58,-3.45,-9.98,-0.11,59.51,465.25,457.1,458.5,478.8,457.1,45.41,51.53,2.27,-2.02,0.27,15.53,10.12,2.45,-2.47,73.93,7,12,98,45.92,-0.03,46.94,-0.36,42.86,-0.3,44.9,0.46,48.98,1.71,NEGATIVE,46.36,MIXED,Liquidity,"Trend, Momentum, Structure",-3.57,-0.83,436.58,448.98,471.87,MODERATE,150115220.0,NOT_AVAILABLE,NOT_AVAILABLE,,False,False,False,37.32,WATCH,WATCH
210,MCLOUD,2026-08-28,27.47,Bearish,40.77,38.93,-6,20,7/10,High,41.99,1.47,5.35,73.33,28.77,28.48,33.15,-0.1605,-0.0782,0.49,23.33,29.05,-5.43,3.56,0.263,-1.15,-9.25,-3.55,-6.21,0.36,61.62,29.27,27.6,27.79,30.9,27.6,42.03,54.18,3.07,-2.68,0.33,25.57,11.9,2.22,-2.6,87.75,11,8,100,43.0,0.2,45.0,1.06,48.0,0.99,63.0,1.1,51.0,-0.35,MIXED,62.21,POSITIVE,Liquidity,"Trend, Momentum, Structure",-8.02,-1.87,25.27,26.96,29.27,VERY_HIGH,101562368.0,NOT_AVAILABLE,NOT_AVAILABLE,,False,False,False,36.96,WATCH,WATCH
211,SANATHAN,2026-08-28,448.05,Bearish,37.19,33.93,-6,20,7/10,High,43.4,20.0,4.46,50.83,462.62,457.6,443.11,-2.8286,-0.2986,0.26,10.0,474.36,-5.55,4.71,0.083,-2.9,-3.77,-4.94,-5.66,1.17,59.11,470.0,453.0,461.45,473.75,445.0,44.24,52.47,1.97,-1.55,0.09,20.47,17.65,2.0,-2.18,93.49,8,9,100,42.0,0.17,45.0,-0.02,44.0,0.19,47.0,1.09,45.0,2.4,MIXED,51.97,MIXED,Gap,"Trend, Momentum, Structure",-6.7,-1.56,418.04,441.05,474.36,HIGH,31385987.0,NOT_AVAILABLE,NOT_AVAILABLE,,False,False,False,36.83,WATCH,WATCH
212,SHAHALLOYS,2026-08-28,103.15,Bullish,57.5,55.36,8,90,8/10,High,82.63,6.0,5.82,50.83,77.87,73.48,69.1,2.1877,1.3121,10.79,99.17,92.1,12.0,18.79,1.0,20.0,33.42,43.05,55.11,3.55,51.95,86.75,78.0,85.96,86.75,74.3,43.29,51.32,2.94,-2.24,0.45,36.32,24.21,3.0,-2.69,88.99,6,9,70,44.29,0.34,45.71,-0.38,34.29,-1.99,37.14,-3.08,40.0,-2.3,NEGATIVE,20.0,NEGATIVE,Trend + Momentum + Volume + Structure,None material,2.04,8.73,105.25,112.16,78.0,VERY_HIGH,11874156.0,NOT_AVAILABLE,NOT_AVAILABLE,,False,False,False,36.36,WATCH,WATCH
213,STARHEALTH,2026-08-28,573.5,Bearish,33.14,35.03,-6,20,7/10,High,44.22,13.37,2.33,1.67,581.8,575.15,523.67,-0.6959,-0.4986,0.37,12.5,581.6,-1.39,2.49,0.424,-2.15,-0.86,-1.99,-4.58,0.0,56.31,586.95,578.15,586.1,588.0,570.45,45.0,50.39,1.26,-1.13,0.17,10.92,6.18,1.76,-1.85,87.91,9,7,22,54.55,0.07,45.45,-0.2,45.45,-0.48,40.91,-0.73,40.91,-0.59,MIXED,40.39,NEGATIVE,Liquidity,"Trend, Momentum, Structure",-3.5,-0.82,553.44,568.82,586.95,MODERATE,195866928.0,NOT_AVAILABLE,NOT_AVAILABLE,,False,False,False,36.05,WATCH,WATCH
214,SAWALIYA,2026-08-28,169.95,Bearish,40.22,32.2,-7,15,7/10,High,6.86,14.98,8.81,100.0,265.48,281.33,286.1,-9.7067,-4.5877,0.24,10.0,273.48,-37.86,0.0,0.0,-19.99,-38.69,-40.31,-41.92,-19.99,100.0,269.5,212.4,212.4,285.0,212.4,41.86,50.0,1.53,-1.48,0.67,28.68,2.71,2.2,-4.84,85.82,6,5,30,50.0,0.52,66.67,0.84,66.67,1.01,60.0,0.92,60.0,1.66,STRONG,67.05,POSITIVE,No strong driver,"Trend, Momentum, Structure",-13.22,-3.08,147.49,164.71,273.48,VERY_HIGH,21979323.0,NOT_AVAILABLE,NOT_AVAILABLE,,False,False,False,35.99,WATCH,WATCH
215,PSB,2026-08-28,23.14,Bearish,31.35,28.3,-7,15,7/10,High,39.09,0.45,1.96,0.83,23.53,23.86,25.86,-0.0007,-0.0098,0.67,38.33,23.56,-1.79,1.03,0.038,-0.77,-1.36,-1.91,-0.22,-0.09,63.46,23.65,23.2,23.32,23.87,23.14,44.47,50.53,1.98,-1.83,0.25,14.87,7.11,1.93,-2.77,80.64,6,8,27,37.04,-0.23,37.04,-0.52,55.56,0.41,40.74,-2.16,29.63,-3.74,POSITIVE,41.71,NEGATIVE,No strong driver,"Trend, Momentum, Structure",-2.95,-0.69,22.46,22.98,23.65,LOW,24089648.0,NOT_AVAILABLE,NOT_AVAILABLE,,False,False,False,35.82,WATCH,WATCH
216,VIDHIING,2026-08-28,355.7,Bullish,55.12,44.08,8,90,8/10,High,67.99,15.86,4.46,54.17,328.94,315.74,320.65,3.0541,0.4217,1.56,83.33,334.01,6.49,3.46,0.924,1.6,8.26,14.78,8.08,0.73,66.86,356.95,338.4,350.1,357.9,319.9,46.05,49.08,1.61,-1.51,0.04,16.84,13.42,1.55,-1.97,95.35,8,7,100,28.0,-0.74,20.0,-1.27,22.0,-2.15,25.0,-2.41,25.0,-2.77,NEGATIVE,13.21,NEGATIVE,Trend + Momentum + Volume + Structure,None material,1.56,6.69,361.25,379.49,334.01,HIGH,16232329.0,NOT_AVAILABLE,NOT_AVAILABLE,,False,False,False,35.56,WATCH,WATCH
217,ITCHOTELS,2026-08-28,162.73,Bearish,33.86,30.74,-6,20,7/10,High,42.63,3.6,2.21,1.67,165.9,166.66,173.81,-0.0933,-0.1435,0.88,63.33,167.05,-2.59,1.83,0.071,-0.87,-1.36,-1.33,0.22,0.0,59.99,167.63,163.92,164.16,167.79,163.92,44.28,52.49,1.68,-1.41,0.19,9.7,5.72,1.93,-2.05,78.08,6,7,99,39.39,-0.01,46.46,-0.19,40.4,-0.34,44.44,-0.22,45.45,0.11,NEGATIVE,42.45,NEGATIVE,Liquidity,"Trend, Momentum, Structure",-3.32,-0.77,157.33,161.47,167.63,MODERATE,250457739.0,NOT_AVAILABLE,NOT_AVAILABLE,,False,False,False,35.49,WATCH,WATCH
218,IGIL,2026-08-28,338.95,Bearish,36.05,32.57,-6,20,7/10,High,43.72,10.84,3.2,8.33,345.51,348.18,348.59,-0.5346,-0.2011,0.47,22.5,352.04,-3.72,2.72,0.129,-1.34,-0.48,-2.01,-4.1,-0.7,55.96,349.2,339.4,343.55,349.5,334.15,44.65,51.86,2.11,-1.89,0.22,16.98,9.3,2.05,-2.47,78.18,5,8,100,47.0,0.13,46.0,-0.19,50.0,-0.22,50.0,-0.1,52.0,-1.27,MIXED,48.72,MIXED,Liquidity,"Trend, Momentum, Structure",-4.8,-1.12,322.68,335.15,352.04,HIGH,207848654.0,NOT_AVAILABLE,NOT_AVAILABLE,,False,False,False,35.27,WATCH,WATCH
219,WEL,2026-08-28,99.8,Bearish,39.03,33.8,-7,15,8/10,High,36.16,13.3,13.32,100.0,129.82,120.09,132.24,-3.9479,-2.5194,0.15,12.5,129.58,-22.98,0.0,0.0,-19.99,-29.36,-31.2,-16.52,-19.99,91.55,179.2,124.74,124.74,179.2,124.74,46.97,48.29,2.79,-2.46,0.31,27.24,12.37,2.66,-3.58,86.49,9,9,100,44.0,-0.03,52.0,0.13,52.0,0.38,54.0,2.51,59.0,5.96,MIXED,63.66,POSITIVE,Liquidity,"Trend, Momentum, Structure",-19.98,-4.66,79.86,95.15,179.2,VERY_HIGH,1183827380.0,NOT_AVAILABLE,NOT_AVAILABLE,,False,False,False,35.26,WATCH,WATCH
220,PICCADIL,2026-08-28,651.25,Bearish,35.34,33.27,-6,20,7/10,High,39.45,29.93,4.6,90.0,693.26,682.52,629.93,-8.9968,-0.1214,0.27,4.17,707.13,-7.9,1.41,0.073,-0.4,-8.25,1.46,-11.26,0.15,53.04,668.8,651.1,653.85,715.95,651.1,44.15,51.51,2.14,-1.72,0.32,22.07,8.7,1.71,-2.0,87.46,10,6,100,46.0,0.19,50.0,0.56,48.0,0.03,43.0,-0.07,46.0,1.18,MIXED,46.69,MIXED,Liquidity,"Trend, Momentum, Structure",-6.89,-1.61,606.35,640.77,707.13,HIGH,336791486.0,NOT_AVAILABLE,NOT_AVAILABLE,,False,False,False,34.76,WATCH,WATCH
221,SANDESH,2026-08-28,1009.55,Bearish,34.54,31.88,-6,20,7/10,High,44.45,41.06,4.07,78.33,1035.7,1019.76,1036.14,-9.1407,-0.5975,0.21,11.67,1122.72,-10.08,4.05,0.123,-0.79,-2.81,-6.5,3.21,1.08,61.25,1038.35,1013.4,1017.6,1052.8,1013.4,46.32,48.95,1.64,-1.5,0.32,24.47,11.45,1.77,-1.83,89.45,11,8,24,41.67,0.01,54.17,-0.5,62.5,0.01,37.5,-1.41,29.17,-2.24,POSITIVE,44.4,MIXED,Gap,"Trend, Momentum, Structure",-6.1,-1.42,947.96,995.18,1122.72,HIGH,9075434.0,NOT_AVAILABLE,NOT_AVAILABLE,,False,False,False,33.53,WATCH,WATCH
222,CASTROLIND,2026-08-28,185.24,Bearish,30.01,30.51,-6,20,7/10,High,43.47,2.34,1.26,48.33,187.05,186.27,187.83,-0.4954,-0.0433,0.26,0.83,190.12,-2.57,1.02,0.034,-0.02,-1.35,-0.85,0.02,0.15,68.41,187.4,184.9,185.27,189.11,184.9,44.47,50.92,1.57,-1.27,0.21,8.03,4.21,1.72,-2.1,76.75,9,6,29,48.28,-0.06,27.59,-1.07,31.03,-1.12,34.48,-0.5,37.93,-0.76,NEGATIVE,31.45,NEGATIVE,Liquidity,"Trend, Momentum, Structure",-1.9,-0.44,181.73,184.42,190.12,LOW,626960360.0,NOT_AVAILABLE,NOT_AVAILABLE,,False,False,False,33.52,WATCH,WATCH
223,DHANUKA,2026-08-28,976.1,Bearish,31.33,26.57,-7,15,7/10,High,36.74,23.34,2.39,1.67,1000.29,1022.13,1111.67,-1.4606,-0.264,0.7,57.5,1015.94,-3.92,2.72,0.297,-0.98,-0.43,-3.33,-4.48,0.0,63.44,990.0,981.6,985.8,1000.0,972.5,46.58,49.21,1.8,-1.61,0.23,12.63,7.5,1.93,-1.83,88.14,8,7,100,52.0,0.05,38.0,-0.42,38.0,-0.26,39.0,0.19,36.0,0.43,NEGATIVE,41.67,NEGATIVE,No strong driver,"Trend, Momentum, Structure",-3.59,-0.84,941.09,967.93,1015.94,MODERATE,39999713.0,NOT_AVAILABLE,NOT_AVAILABLE,,False,False,False,33.29,WATCH,WATCH
224,WCIL,2026-08-28,85.74,Bearish,29.75,27.33,-7,15,7/10,High,39.1,2.55,2.98,12.5,87.74,91.01,100.91,0.2214,-0.0465,1.26,78.33,87.4,-1.9,2.95,0.292,-1.58,-1.11,-0.94,-4.77,0.21,62.48,87.84,86.29,87.12,88.8,85.4,45.33,51.22,1.87,-1.85,0.2,16.06,9.55,2.08,-2.32,80.7,8,8,84,41.67,-0.5,40.48,-0.93,34.52,-0.98,41.67,-0.15,47.62,0.48,NEGATIVE,37.15,NEGATIVE,No strong driver,"Trend, Momentum, Volume",-4.46,-1.04,81.91,84.85,87.84,MODERATE,5085869.0,NOT_AVAILABLE,NOT_AVAILABLE,,False,False,False,31.91,WATCH,WATCH
225,ATLANTAA,2026-08-28,37.03,Bearish,34.09,28.03,-8,10,8/10,High,41.81,2.03,5.5,46.67,38.53,38.92,40.16,-0.3313,-0.0204,0.27,9.17,42.89,-13.66,2.21,0.16,-1.62,-3.32,-7.47,5.5,-1.43,75.82,38.0,37.0,37.64,39.7,37.0,44.24,51.01,3.09,-2.45,0.42,36.89,24.5,2.81,-2.59,72.96,14,7,100,44.0,0.1,49.0,0.91,52.0,0.89,47.0,0.69,52.0,3.2,MIXED,55.97,MIXED,No strong driver,"Trend, Momentum, Structure",-8.24,-1.92,33.98,36.32,42.89,VERY_HIGH,5868626.0,NOT_AVAILABLE,NOT_AVAILABLE,,False,False,False,30.13,WATCH,WATCH
226,IFBIND,2026-08-28,1336.8,Bearish,29.77,29.73,-7,15,7/10,High,43.73,40.92,3.06,0.83,1372.24,1337.31,1310.55,-9.2226,-1.9877,0.35,20.0,1405.38,-4.88,2.22,0.186,-1.09,-4.05,-3.38,1.6,0.2,50.53,1372.0,1345.1,1351.6,1420.0,1345.1,46.18,49.21,2.28,-1.95,0.27,17.76,6.97,1.88,-2.68,85.31,6,8,26,50.0,-0.39,53.85,-0.5,46.15,-0.9,38.46,-0.95,34.62,-1.52,MIXED,37.21,NEGATIVE,No strong driver,"Trend, Momentum, Structure",-4.59,-1.07,1275.42,1322.48,1405.38,HIGH,84524339.0,NOT_AVAILABLE,NOT_AVAILABLE,,False,False,False,29.65,WATCH,WATCH
227,ZTECH,2026-08-28,473.65,Bearish,32.22,23.36,-6,20,7/10,High,31.01,19.74,4.17,55.83,505.32,534.51,542.38,-0.8595,-0.5094,0.67,45.0,505.74,-6.34,2.73,0.049,-0.83,-4.2,-10.38,-9.85,1.35,92.86,490.1,470.0,477.6,507.75,470.0,47.32,47.89,2.76,-2.03,0.65,33.8,17.18,3.09,-2.5,81.04,7,6,59,47.46,0.24,49.15,0.12,40.68,-0.43,33.9,-0.4,35.59,0.47,NEGATIVE,37.78,NEGATIVE,Gap,"Trend, Momentum, Structure",-6.25,-1.46,444.04,466.74,505.74,HIGH,12600450.0,NOT_AVAILABLE,NOT_AVAILABLE,,False,False,False,28.62,WATCH,WATCH
228,FMCGIETF,2026-08-28,50.34,Bearish,25.59,22.37,-7,15,7/10,High,30.82,0.96,1.92,39.17,51.65,52.25,55.4,-0.1593,-0.0101,1.07,72.5,51.91,-3.03,1.17,0.13,-0.53,-1.68,-3.86,-4.51,0.38,72.51,51.3,50.56,50.61,51.68,49.72,46.74,48.91,0.64,-0.91,0.37,18.38,2.17,1.89,-8.13,97.04,10,7,21,47.62,-0.05,23.81,-0.72,28.57,-1.02,33.33,-1.83,38.1,-2.34,NEGATIVE,25.27,NEGATIVE,No strong driver,"Trend, Momentum, Structure",-2.87,-0.67,48.89,50.0,51.91,LOW,78590221.0,NOT_AVAILABLE,NOT_AVAILABLE,,False,False,False,28.21,WATCH,WATCH
229,GEMAROMA,2026-08-28,168.75,Bearish,28.77,22.11,-7,15,7/10,High,40.5,7.77,4.61,45.0,175.8,178.07,188.28,-0.4405,-0.0983,0.49,35.83,176.51,-4.4,3.8,0.154,-1.22,-4.0,0.93,-11.93,0.0,60.54,174.79,169.66,170.83,181.8,167.41,39.08,55.94,2.68,-2.22,0.15,18.01,11.11,2.21,-2.56,81.11,5,9,45,35.56,-0.46,42.22,-0.34,40.0,-1.27,42.22,-1.09,35.56,1.7,NEGATIVE,34.34,NEGATIVE,No strong driver,"Trend, Momentum, Structure",-6.91,-1.61,157.09,166.03,176.51,HIGH,18188046.0,NOT_AVAILABLE,NOT_AVAILABLE,,False,False,False,26.35,WATCH,WATCH
230,LANCORHOL,2026-08-28,33.93,Bullish,51.99,38.84,8,90,8/10,High,69.18,2.27,6.69,87.5,29.28,27.34,25.63,0.4555,0.1113,4.41,95.83,30.46,11.39,6.9,0.943,9.95,9.63,17.49,29.7,6.93,35.95,31.23,29.9,30.86,33.9,29.5,41.93,52.85,2.93,-2.34,0.68,43.67,19.94,2.74,-2.62,95.41,6,6,34,26.47,-0.61,20.59,-2.44,14.71,-4.06,11.76,-6.08,8.82,-9.2,NEGATIVE,4.26,NEGATIVE,Trend + Momentum + Volume + Structure,None material,2.34,10.04,34.72,37.34,29.9,VERY_HIGH,11387538.0,NOT_AVAILABLE,NOT_AVAILABLE,,False,False,False,25.81,WATCH,WATCH
231,BIRLANU,2026-08-28,1442.3,Bearish,27.28,24.9,-7,15,7/10,High,44.95,67.63,4.69,41.67,1496.2,1449.47,1516.51,-21.2358,-2.4156,0.15,1.67,1562.8,-7.71,2.56,0.276,-0.59,-4.75,-7.26,8.06,-0.06,53.24,1500.0,1445.0,1450.8,1577.5,1445.0,39.44,56.9,1.92,-1.41,0.15,10.14,7.32,1.69,-1.62,86.68,5,10,100,43.0,-0.23,45.0,-0.33,36.0,-0.64,39.0,-2.15,31.0,-2.88,NEGATIVE,30.09,NEGATIVE,No strong driver,"Trend, Momentum, Structure",-7.03,-1.64,1340.85,1418.63,1562.8,HIGH,70351228.0,NOT_AVAILABLE,NOT_AVAILABLE,,False,False,False,25.68,WATCH,WATCH
232,EVEREADY,2026-08-28,337.1,Bearish,26.8,25.89,-7,15,7/10,High,38.28,10.74,3.19,9.17,349.58,348.93,340.77,-1.8488,-0.3913,0.58,38.33,352.05,-4.25,2.77,0.094,-1.63,-3.4,-5.44,-1.68,0.0,64.56,349.9,338.5,342.7,355.05,333.7,43.68,51.84,1.77,-1.49,0.16,9.21,6.58,1.8,-1.75,88.33,7,9,23,47.83,0.34,43.48,-1.17,39.13,-1.38,34.78,-1.66,26.09,-3.0,NEGATIVE,28.71,NEGATIVE,No strong driver,"Trend, Momentum, Structure",-4.78,-1.12,320.98,333.34,352.05,HIGH,37686293.0,NOT_AVAILABLE,NOT_AVAILABLE,,False,False,False,25.48,WATCH,WATCH
233,NDTV,2026-08-28,73.77,Bearish,22.46,19.89,-7,15,7/10,High,36.08,1.97,2.67,10.83,75.67,77.31,86.31,-0.0699,-0.0228,0.64,46.67,75.76,-2.62,2.29,0.173,-0.58,-2.28,-3.61,-4.32,0.18,55.24,75.44,73.8,74.2,76.79,73.4,38.95,56.71,2.16,-1.67,0.21,18.16,10.39,1.97,-2.64,86.4,8,9,35,31.43,-0.77,22.86,-1.85,31.43,-1.67,25.71,-3.0,34.29,-4.22,NEGATIVE,16.32,NEGATIVE,No strong driver,"Trend, Momentum, Structure",-4.0,-0.93,70.82,73.08,75.76,MODERATE,6341104.0,NOT_AVAILABLE,NOT_AVAILABLE,,True,False,False,22.28,INTRADAY,WATCH
234,PROTEAN,2026-08-28,539.75,Bearish,24.72,18.12,-6,20,7/10,High,36.88,16.36,3.03,4.17,563.83,576.71,648.28,0.0801,-0.9724,1.1,79.17,568.9,-5.12,2.94,0.019,-3.08,-2.05,-2.2,-12.4,-1.6,51.91,572.0,553.1,556.9,572.9,548.0,39.9,56.82,2.06,-1.82,0.12,9.34,6.57,2.43,-3.32,80.21,7,8,100,36.0,-0.36,34.0,-1.17,33.0,-1.64,28.0,-3.75,19.0,-5.19,NEGATIVE,16.35,NEGATIVE,Liquidity,"Trend, Momentum, Structure",-4.55,-1.06,515.21,534.02,572.0,HIGH,146061878.0,NOT_AVAILABLE,NOT_AVAILABLE,,False,False,False,19.44,WATCH,WATCH
235,PVSL,2026-08-28,102.11,Bearish,20.98,18.61,-8,10,8/10,High,39.31,5.09,4.99,55.83,109.07,105.89,108.43,-1.7597,-0.2942,1.31,90.0,114.96,-11.18,8.01,0.069,-3.74,-6.89,-12.36,-5.9,-0.08,62.98,109.8,105.63,106.08,114.83,105.63,43.54,52.31,1.94,-1.85,0.15,21.37,16.11,2.02,-2.05,92.68,10,11,100,43.0,-0.43,39.0,-1.03,30.0,-1.61,28.0,-2.59,27.0,-4.04,NEGATIVE,18.5,NEGATIVE,No strong driver,"Trend, Momentum, Volume",-7.48,-1.75,94.47,100.33,114.96,HIGH,8042700.0,NOT_AVAILABLE,NOT_AVAILABLE,,True,False,False,19.0,INTRADAY,WATCH
236,DEEDEV,2026-08-28,606.15,Bearish,27.58,24.07,-5,25,7/10,High,40.01,32.41,5.35,23.33,641.56,637.73,482.51,-1.6228,-1.8923,2.3,97.5,639.22,-5.17,6.44,0.035,-4.66,-6.18,-4.08,-10.67,1.28,62.44,668.85,632.25,635.8,668.85,625.0,44.6,52.16,2.86,-2.14,0.25,22.66,14.21,2.29,-2.63,86.32,7,10,100,45.0,-0.37,37.0,-1.09,34.0,-2.13,32.0,-3.7,21.0,-4.71,NEGATIVE,18.1,NEGATIVE,Gap + Liquidity,"Trend, Momentum, Structure",-8.02,-1.87,557.53,594.81,668.85,VERY_HIGH,126130249.0,NOT_AVAILABLE,NOT_AVAILABLE,,False,False,False,17.52,WATCH,WATCH
237,AONELIQUID,2026-08-28,1074.76,Bullish,73.89,89.17,5,75,5/10,Medium,100.0,0.51,0.05,13.33,1072.76,1069.76,1055.38,0.0002,0.0097,0.48,31.67,1072.5,0.21,0.0,0.714,0.04,0.09,0.18,0.37,0.04,62.93,1074.34,1074.32,1074.32,1074.34,1073.75,94.48,0.28,0.02,-0.0,0.05,3.04,2.76,2.84,-2.8,99.73,82,1,13,92.31,0.01,100.0,0.04,100.0,0.09,100.0,0.19,100.0,0.28,STRONG,86.12,STRONG,Trend + Momentum + Structure + MACD,None material,0.1,0.07,1075.83,1075.52,1072.5,LOW,22656566.0,NOT_AVAILABLE,NOT_AVAILABLE,,False,True,False,77.95,SWING,LONG BIAS
238,GROWWLIQID,2026-08-28,110.55,Bullish,73.88,89.16,5,75,5/10,Medium,100.0,0.29,0.26,97.5,110.36,110.06,108.61,0.0002,0.0007,1.66,86.67,110.38,0.16,0.01,0.365,0.04,0.09,0.17,0.34,0.04,89.98,112.71,110.51,110.51,112.71,109.31,93.06,0.2,0.02,-0.01,0.05,4.49,2.86,2.14,-1.76,99.68,82,1,100,84.0,0.01,100.0,0.04,100.0,0.09,100.0,0.18,100.0,0.27,STRONG,86.08,STRONG,Trend + Momentum + Volume + MACD,None material,0.1,0.39,110.66,110.98,110.38,LOW,32816860.0,NOT_AVAILABLE,NOT_AVAILABLE,,False,True,False,77.93,SWING,LONG BIAS
239,TMB,2026-08-28,886.05,Bullish,75.6,81.9,5,75,5/10,Medium,60.14,24.88,2.81,0.83,864.34,827.17,696.58,0.462,-0.2177,0.54,45.0,868.4,2.03,1.64,0.742,-0.87,0.85,4.31,4.03,-0.74,45.84,903.6,882.15,893.85,907.8,868.0,43.16,52.11,1.37,-0.99,0.29,13.03,4.61,1.59,-2.06,85.05,11,10,10,70.0,1.53,90.0,4.93,80.0,3.96,80.0,5.43,80.0,4.28,STRONG,91.0,STRONG,Trend + Momentum + VWAP + RSI,None material,0.98,4.21,894.76,923.37,868.4,MODERATE,130138665.0,NOT_AVAILABLE,NOT_AVAILABLE,,False,True,False,75.5,SWING,LONG BIAS
240,LALPATHLAB,2026-08-28,1931.1,Bullish,74.57,79.67,4,70,5/10,Medium,61.94,48.8,2.53,0.83,1895.34,1811.66,1861.82,-6.6561,0.7313,0.37,20.83,1914.64,0.86,1.59,0.541,-0.27,1.95,0.77,1.36,0.11,60.3,1948.8,1908.6,1936.4,1948.8,1875.1,47.63,48.16,1.41,-1.36,-0.0,7.11,5.79,1.59,-3.02,92.0,6,7,10,60.0,0.32,70.0,-0.0,80.0,2.63,90.0,4.63,100.0,7.59,STRONG,94.5,STRONG,Trend + Momentum + VWAP + RSI,Delivery,0.88,3.79,1948.18,2004.3,1908.6,MODERATE,475183183.0,NOT_AVAILABLE,NOT_AVAILABLE,,False,True,False,75.4,SWING,LONG BIAS
241,MCX,2026-08-28,3332.0,Bullish,76.12,78.46,5,75,5/10,Medium,70.45,97.41,2.92,0.83,3057.98,2941.86,3811.25,43.4965,-4.1518,0.47,8.33,2960.96,12.53,2.87,0.962,1.8,4.62,14.44,23.76,0.0,36.93,3362.0,3270.8,3273.0,3362.0,3132.0,52.37,43.42,2.1,-2.03,0.11,9.47,6.97,2.11,-3.98,78.43,10,7,14,50.0,1.07,71.43,2.03,78.57,3.4,85.71,7.08,85.71,10.19,STRONG,92.5,STRONG,Trend + Momentum + Structure + VWAP,None material,1.02,4.39,3366.09,3478.11,2960.96,MODERATE,8618326327.0,NOT_AVAILABLE,NOT_AVAILABLE,,False,True,False,75.0,SWING,LONG BIAS
242,AUROPHARMA,2026-08-28,1645.3,Bullish,76.07,82.4,6,80,6/10,Medium,58.4,34.49,2.1,0.83,1618.38,1578.2,1411.0,-2.6448,1.2981,0.49,15.83,1620.58,1.53,2.21,0.745,0.51,1.48,1.43,4.12,0.0,47.65,1637.0,1605.7,1637.0,1639.5,1598.8,47.11,48.55,1.46,-1.22,0.13,7.76,5.0,1.94,-2.03,78.15,9,9,11,45.45,0.74,72.73,1.89,72.73,3.67,72.73,3.89,90.91,4.7,STRONG,85.91,STRONG,Trend + Momentum + Structure + VWAP,None material,0.73,3.14,1657.37,1697.04,1605.7,MODERATE,1613777309.0,NOT_AVAILABLE,NOT_AVAILABLE,,False,True,False,74.52,SWING,LONG BIAS
243,FEDFINA,2026-08-28,158.94,Bullish,74.31,78.68,5,75,5/10,Medium,58.6,4.52,2.84,3.33,155.1,153.84,146.9,0.9045,-0.0674,0.64,40.0,153.66,3.43,3.75,0.717,0.63,1.34,5.35,3.32,-0.6,46.63,160.5,157.02,157.94,163.25,154.01,42.7,53.05,1.8,-1.37,0.38,19.72,6.81,1.92,-2.47,87.13,6,7,10,30.0,0.3,60.0,1.24,80.0,1.56,80.0,2.52,60.0,2.83,STRONG,87.32,STRONG,Trend + Momentum + VWAP + RSI,None material,0.99,4.26,160.52,165.72,153.66,MODERATE,144911121.0,NOT_AVAILABLE,NOT_AVAILABLE,,False,True,False,73.23,SWING,LONG BIAS
244,NRL,2026-08-28,125.0,Bullish,72.84,76.44,5,75,5/10,Medium,75.99,2.32,1.86,0.83,116.71,105.09,79.48,0.2301,0.0548,0.76,50.0,117.81,6.11,0.16,1.0,0.0,6.24,6.84,17.27,0.0,,125.0,122.8,125.0,125.0,117.66,43.03,51.97,2.64,-2.0,0.53,40.13,14.74,2.15,-2.63,90.94,8,8,88,48.86,0.52,60.23,1.44,70.45,3.09,67.05,4.71,70.45,7.25,STRONG,83.12,STRONG,Trend + Momentum + Structure + VWAP,None material,0.65,2.78,125.81,128.48,117.81,LOW,7497151.0,NOT_AVAILABLE,NOT_AVAILABLE,,False,False,False,73.06,WATCH,WATCH
245,WELCORP,2026-08-28,2373.8,Bullish,76.04,82.03,5,75,5/10,Medium,78.28,89.7,3.78,76.67,2062.03,1804.56,1313.34,39.578,-5.8129,0.53,21.67,2238.24,6.06,3.86,0.911,-1.33,2.68,26.72,43.81,1.01,30.58,2437.3,2313.7,2405.8,2437.3,2133.0,50.53,45.26,2.06,-1.7,0.2,13.55,7.89,2.07,-2.51,79.89,8,8,11,81.82,1.45,81.82,3.25,81.82,4.24,81.82,4.98,90.91,7.74,STRONG,92.27,STRONG,Trend + Structure + VWAP + Gap,None material,1.32,5.67,2405.19,2508.35,2238.24,HIGH,5627792104.0,NOT_AVAILABLE,NOT_AVAILABLE,,False,True,False,72.99,SWING,LONG BIAS
246,GROWWSLVR,2026-08-28,23.59,Bullish,76.13,75.91,6,80,6/10,Medium,60.52,0.63,2.67,17.5,22.86,23.3,57.17,0.0897,-0.0105,0.73,54.17,22.77,3.6,2.93,0.901,1.68,-0.97,4.1,11.48,2.5,26.22,24.07,22.94,23.2,24.07,22.94,52.6,42.2,2.41,-2.83,0.15,33.64,16.82,2.49,-4.28,54.58,7,5,100,65.0,0.53,64.0,1.99,69.0,1.74,77.0,3.56,79.0,6.27,STRONG,86.1,STRONG,Trend + Momentum + Structure + VWAP,None material,0.94,4.01,23.81,24.54,22.77,MODERATE,42909010.0,NOT_AVAILABLE,NOT_AVAILABLE,,False,False,False,72.64,WATCH,WATCH
247,SILVERBEES,2026-08-28,230.42,Bullish,73.87,79.69,6,80,6/10,Medium,60.38,4.91,2.13,15.83,223.25,221.32,212.01,0.8404,-0.0896,1.02,75.0,222.5,3.56,2.83,0.864,1.79,-1.07,4.16,11.58,-0.04,36.88,228.98,223.76,226.37,234.28,223.76,51.71,43.29,1.63,-1.5,0.26,22.37,12.76,2.34,-2.43,35.78,8,8,13,38.46,0.46,69.23,1.71,53.85,1.65,84.62,2.39,84.62,4.2,MIXED,79.62,STRONG,Trend + Momentum + Structure + VWAP,None material,0.75,3.19,232.14,237.78,222.5,MODERATE,5812659149.0,NOT_AVAILABLE,NOT_AVAILABLE,,False,True,False,71.47,SWING,LONG BIAS
248,SOLARINDS,2026-08-28,20400.0,Bullish,74.42,77.38,6,80,6/10,Medium,64.86,527.12,2.58,3.33,19622.13,18848.32,16364.4,57.5705,-3.7426,0.87,65.83,19880.77,2.61,2.07,0.905,-0.87,2.51,2.16,10.92,0.32,48.69,20649.0,20082.0,20580.0,20649.0,19612.0,50.53,45.26,1.86,-1.58,0.32,13.16,4.61,1.93,-2.44,88.04,8,7,100,58.0,0.31,55.0,0.85,58.0,1.3,74.0,4.4,72.0,7.17,POSITIVE,81.2,STRONG,Trend + Momentum + Structure + VWAP,None material,0.9,3.88,20584.49,21190.69,19880.77,MODERATE,2940228712.0,NOT_AVAILABLE,NOT_AVAILABLE,,False,False,False,71.34,WATCH,WATCH
249,KIRIINDUS,2026-08-28,492.9,Bullish,78.16,74.45,6,80,6/10,Medium,65.29,22.01,4.47,77.5,454.21,428.74,444.57,6.2401,-1.0482,0.66,36.67,464.03,6.22,3.01,0.717,2.45,3.14,19.8,18.87,0.29,52.02,518.85,473.15,481.1,528.0,458.55,45.66,50.13,2.32,-1.88,0.21,12.11,8.42,1.94,-2.13,84.96,7,9,8,87.5,1.15,75.0,1.17,75.0,3.0,87.5,20.58,75.0,25.15,STRONG,91.88,STRONG,Trend + Momentum + VWAP + RSI,None material,1.56,6.7,500.6,525.91,464.03,HIGH,493441805.0,NOT_AVAILABLE,NOT_AVAILABLE,,True,False,False,71.25,INTRADAY,LONG BIAS
250,METAL,2026-08-28,13.6,Bullish,71.35,80.9,5,75,5/10,Medium,64.71,0.35,2.57,7.5,13.28,13.08,12.24,0.034,-0.0012,0.61,20.0,13.3,2.24,1.03,0.8,0.29,2.33,3.66,5.92,0.66,57.67,13.79,13.42,13.56,13.8,13.01,51.98,41.37,1.1,-1.19,0.84,38.46,6.86,2.25,-2.63,97.22,8,6,13,69.23,0.37,53.85,0.08,84.62,0.77,76.92,1.06,84.62,2.43,STRONG,78.86,STRONG,Trend + Momentum + VWAP + RSI,None material,0.9,3.85,13.72,14.12,13.3,MODERATE,31289413.0,NOT_AVAILABLE,NOT_AVAILABLE,,False,True,False,70.89,SWING,LONG BIAS
251,NCC,2026-08-28,148.4,Bullish,74.05,71.6,5,75,5/10,Medium,56.72,4.12,2.77,23.33,145.03,145.51,158.67,0.9008,-0.0763,0.51,6.67,146.85,1.06,2.83,0.65,-1.26,-0.78,5.51,5.19,0.33,47.32,152.6,147.19,150.29,153.86,140.0,46.45,48.68,1.93,-1.77,0.22,12.89,6.18,2.07,-2.66,73.66,10,7,19,42.11,-0.43,68.42,1.12,73.68,2.08,73.68,4.47,57.89,1.76,STRONG,86.58,STRONG,Trend + Momentum + VWAP + RSI,None material,0.97,4.16,149.84,154.58,146.85,MODERATE,423700604.0,NOT_AVAILABLE,NOT_AVAILABLE,,False,False,False,70.84,WATCH,WATCH
252,MARATHON,2026-08-28,421.55,Bullish,78.88,73.88,7,85,7/10,Medium,60.53,20.21,4.79,68.33,391.11,397.51,452.72,8.0613,0.1413,0.14,0.83,409.44,2.96,2.78,0.808,-1.68,19.64,15.45,8.17,0.33,46.32,430.8,413.55,428.75,440.0,350.2,42.63,52.76,2.41,-1.87,0.13,13.55,9.47,2.11,-2.34,87.13,10,8,8,75.0,1.94,87.5,6.11,87.5,11.86,62.5,8.56,75.0,9.31,STRONG,87.5,STRONG,Trend + Momentum + Structure + VWAP,None material,1.68,7.19,428.62,451.86,409.44,HIGH,169665492.0,NOT_AVAILABLE,NOT_AVAILABLE,,True,False,False,70.2,INTRADAY,LONG BIAS
253,ADOR,2026-08-28,1635.6,Bullish,76.25,77.07,6,80,6/10,Medium,61.92,68.69,4.2,50.0,1547.19,1439.4,1196.71,-4.8266,3.5859,2.48,88.33,1575.54,3.81,6.84,0.725,6.08,1.11,6.31,13.21,0.32,43.93,1579.0,1529.0,1541.9,1696.9,1522.0,47.74,48.59,1.94,-1.49,0.18,13.28,5.37,1.89,-1.7,81.52,7,7,66,56.06,0.67,65.15,1.65,69.7,2.52,77.27,4.13,78.79,5.37,STRONG,86.44,STRONG,Trend + Momentum + Volume + Structure,None material,1.47,6.3,1659.64,1738.64,1529.0,HIGH,83096060.0,NOT_AVAILABLE,NOT_AVAILABLE,,False,False,False,70.11,WATCH,WATCH
254,NH,2026-08-28,1932.1,Bullish,76.97,74.51,8,90,8/10,Medium,57.01,40.65,2.1,0.83,1882.57,1905.6,1854.44,13.8109,3.8443,0.53,10.0,1871.59,3.23,1.79,0.693,1.49,6.4,5.43,-4.79,0.22,65.12,1922.0,1880.6,1903.8,1922.0,1803.4,46.84,48.95,1.53,-1.27,0.24,8.29,4.87,1.85,-1.99,85.01,9,8,8,25.0,-0.3,50.0,0.14,75.0,0.97,62.5,2.16,62.5,4.65,STRONG,75.64,STRONG,Trend + Momentum + Structure + VWAP,None material,0.74,3.16,1946.33,1993.07,1871.59,MODERATE,743885489.0,NOT_AVAILABLE,NOT_AVAILABLE,,False,False,False,69.85,WATCH,WATCH
255,GLOBUSSPR,2026-08-28,916.1,Bullish,72.54,72.92,5,75,5/10,Medium,57.67,21.07,2.3,0.83,901.68,900.72,937.03,3.4987,-0.216,0.59,31.67,897.48,2.07,1.48,0.738,0.42,1.07,5.17,3.69,0.43,52.27,924.0,907.05,912.3,924.15,898.4,45.53,50.26,1.93,-1.69,0.24,13.55,6.97,1.91,-2.13,83.06,8,9,20,40.0,-0.35,40.0,0.76,55.0,2.17,80.0,5.3,85.0,6.57,POSITIVE,82.25,STRONG,Trend + Momentum + VWAP + RSI,None material,0.8,3.45,923.47,947.7,897.48,MODERATE,94167569.0,NOT_AVAILABLE,NOT_AVAILABLE,,False,False,False,69.7,WATCH,WATCH
256,SAILIFE,2026-08-28,1485.0,Bullish,72.27,78.89,6,80,6/10,Medium,65.58,41.83,2.82,5.83,1424.7,1341.19,1121.41,-1.1297,0.2213,0.43,10.83,1425.98,4.14,2.18,0.889,-0.22,1.89,2.42,12.92,0.11,47.65,1498.1,1458.1,1488.2,1498.1,1420.3,50.69,46.06,1.88,-1.68,0.12,9.72,10.19,1.95,-2.02,81.1,7,5,9,33.33,-0.45,33.33,-0.68,66.67,-0.07,88.89,1.47,66.67,0.72,MIXED,75.05,STRONG,Trend + Momentum + Structure + VWAP,None material,0.99,4.23,1499.64,1547.75,1425.98,MODERATE,766285890.0,NOT_AVAILABLE,NOT_AVAILABLE,,False,True,False,69.61,SWING,LONG BIAS
257,LAURUSLABS,2026-08-28,1938.5,Bullish,74.0,78.34,7,85,7/10,Medium,74.76,40.58,2.09,1.67,1823.64,1692.05,1319.89,0.1018,3.3097,1.14,76.67,1851.49,4.7,1.47,1.0,0.47,7.57,8.46,6.73,0.02,59.11,1930.0,1878.4,1929.4,1930.0,1790.0,53.68,41.58,1.54,-1.44,0.09,6.05,6.05,1.8,-2.48,86.96,14,6,15,66.67,0.36,60.0,0.65,73.33,1.52,66.67,0.87,66.67,2.31,STRONG,73.56,STRONG,Trend + Momentum + Structure + VWAP,None material,0.73,3.14,1952.7,1999.37,1851.49,MODERATE,3633596902.0,NOT_AVAILABLE,NOT_AVAILABLE,,False,False,False,69.59,WATCH,WATCH
258,FEDERALBNK,2026-08-28,344.25,Bearish,56.25,67.27,-5,25,6/10,Medium,43.28,6.74,1.96,18.33,351.57,342.44,298.46,-2.5364,-0.0985,0.73,46.67,353.92,-2.73,1.04,0.074,-0.16,-4.64,-2.01,-4.07,-0.51,65.77,348.15,343.4,344.8,361.25,342.05,50.79,44.34,1.19,-1.08,0.16,7.63,5.39,1.8,-2.02,76.68,8,7,9,66.67,0.6,77.78,3.34,88.89,4.86,100.0,6.28,100.0,8.37,STRONG,100.0,STRONG,Liquidity,"Momentum, Structure, VWAP",-2.94,-0.69,334.14,341.89,353.92,LOW,1634580167.0,NOT_AVAILABLE,NOT_AVAILABLE,,False,False,False,69.56,WATCH,WATCH
259,FINCABLES,2026-08-28,1297.9,Bullish,75.6,76.47,6,80,6/10,Medium,65.81,49.65,3.83,18.33,1219.3,1139.15,1000.0,3.0761,-2.0238,0.21,2.5,1255.05,3.41,1.94,0.803,0.52,2.97,4.09,31.42,0.53,40.48,1315.0,1270.0,1291.15,1315.0,1244.7,44.47,51.32,1.95,-1.59,0.23,10.79,5.39,1.87,-2.5,82.63,8,13,12,58.33,1.41,66.67,2.45,66.67,3.21,75.0,3.06,66.67,1.69,STRONG,84.58,STRONG,Trend + Momentum + Structure + VWAP,None material,1.34,5.74,1315.28,1372.38,1255.05,HIGH,2606048579.0,NOT_AVAILABLE,NOT_AVAILABLE,,False,False,False,69.27,WATCH,WATCH
260,CDSL,2026-08-28,1414.7,Bullish,72.33,71.28,5,75,5/10,Medium,62.33,30.48,2.15,10.83,1371.58,1347.44,1355.45,8.2603,-0.3297,0.76,41.67,1370.0,3.26,1.44,0.771,0.28,1.86,5.23,6.13,0.0,37.26,1445.0,1405.1,1410.8,1445.0,1345.9,47.24,48.55,1.86,-1.69,0.15,10.92,6.84,2.12,-3.14,70.43,8,7,12,16.67,-0.59,50.0,0.79,75.0,3.91,58.33,5.67,75.0,5.26,STRONG,81.67,STRONG,Trend + Momentum + VWAP + RSI,None material,0.75,3.23,1425.37,1460.42,1370.0,MODERATE,1906741994.0,NOT_AVAILABLE,NOT_AVAILABLE,,False,False,False,69.0,WATCH,WATCH
261,AVALON,2026-08-28,2231.7,Bullish,75.51,74.53,6,80,6/10,Medium,67.13,106.7,4.78,24.17,2062.7,1875.29,1412.63,12.0551,-3.2473,0.42,12.5,2049.83,8.87,3.51,0.805,-1.1,2.19,14.99,23.44,-0.29,31.75,2280.0,2222.2,2256.6,2280.0,2077.0,49.08,46.58,2.29,-1.94,0.24,13.68,8.03,2.44,-2.52,85.28,8,7,22,59.09,0.91,63.64,1.99,68.18,3.99,72.73,3.73,68.18,7.77,STRONG,84.32,STRONG,Trend + Momentum + Structure + VWAP,None material,1.67,7.17,2269.04,2391.75,2049.83,HIGH,1168757738.0,NOT_AVAILABLE,NOT_AVAILABLE,,False,False,False,68.59,WATCH,WATCH
262,STLTECH,2026-08-28,723.75,Bullish,75.4,74.87,6,80,6/10,Medium,72.51,30.95,4.28,10.0,640.73,592.61,391.83,5.7085,2.8369,1.12,80.0,641.55,12.81,4.25,0.966,4.01,15.4,11.73,29.93,0.6,,695.85,682.0,695.85,695.85,601.0,47.89,47.63,2.73,-2.22,0.28,17.5,10.0,2.55,-2.99,73.26,9,6,100,56.0,0.94,63.0,2.94,69.0,5.26,71.0,10.41,72.0,16.78,STRONG,84.0,STRONG,Trend + Momentum + Structure + VWAP,None material,1.5,6.42,734.58,770.18,641.55,HIGH,1209398534.0,NOT_AVAILABLE,NOT_AVAILABLE,,False,False,False,68.58,WATCH,WATCH
263,NSLNISP,2026-08-28,49.02,Bullish,77.65,72.02,7,85,7/10,Medium,70.82,1.7,3.47,44.17,42.89,43.23,42.66,0.5399,0.4708,4.83,96.67,44.96,9.03,10.27,0.962,8.96,23.2,10.16,13.95,0.0,26.99,45.48,41.19,44.99,45.48,39.45,41.97,53.16,2.1,-1.62,0.26,11.18,6.32,2.26,-2.42,76.67,6,9,10,30.0,-0.14,50.0,0.93,60.0,3.88,80.0,4.15,60.0,2.61,POSITIVE,84.0,STRONG,Trend + Momentum + Volume + Structure,None material,1.22,5.21,49.62,51.57,41.19,HIGH,534924075.0,NOT_AVAILABLE,NOT_AVAILABLE,,False,False,False,68.4,WATCH,WATCH
264,GOLDETF,2026-08-28,153.76,Bullish,70.26,74.0,6,80,6/10,Medium,68.21,2.66,1.73,32.5,149.33,145.62,138.44,0.4863,-0.2145,0.76,51.67,150.01,2.5,2.76,0.738,0.44,-0.38,4.47,11.54,-0.39,53.64,155.49,150.84,153.09,160.07,150.84,54.47,40.79,0.85,-0.8,0.43,22.89,5.13,1.86,-2.24,75.32,13,5,100,52.0,0.24,63.0,0.81,60.0,0.9,66.0,1.65,66.0,2.14,POSITIVE,69.3,POSITIVE,Trend + Momentum + VWAP + RSI,None material,0.61,2.59,154.69,157.75,150.01,LOW,221325150.0,NOT_AVAILABLE,NOT_AVAILABLE,,False,False,False,68.1,WATCH,WATCH
265,TITAN,2026-08-28,5169.2,Bullish,70.12,74.24,6,80,6/10,Medium,71.78,78.18,1.51,0.83,5030.67,4815.49,4339.26,-9.8957,2.3631,0.64,33.33,5059.81,2.16,0.66,0.948,0.58,1.63,2.23,6.03,0.31,67.91,5186.7,5069.5,5139.3,5186.7,5011.0,48.68,46.97,1.08,-0.97,0.01,5.0,5.92,1.66,-1.76,78.5,7,8,35,62.86,0.36,71.43,0.51,77.14,0.33,65.71,0.65,51.43,0.67,STRONG,68.92,POSITIVE,Trend + Momentum + Structure + VWAP,None material,0.53,2.27,5196.56,5286.46,5059.81,LOW,4344111286.0,NOT_AVAILABLE,NOT_AVAILABLE,,False,False,False,68.04,WATCH,WATCH
266,SGMART,2026-08-28,789.3,Neutral-Range,70.37,73.44,3,65,5/10,Medium,59.5,32.86,4.16,35.0,770.65,708.39,559.08,0.745,-3.6527,1.96,87.5,771.05,2.37,4.21,0.594,-2.59,-3.78,7.26,13.19,-0.15,60.63,858.2,802.15,810.25,860.6,790.0,47.39,46.59,2.23,-1.52,0.03,12.85,10.84,2.0,-2.37,90.1,5,6,37,51.35,1.0,62.16,2.32,75.68,2.93,78.38,5.24,81.08,9.34,STRONG,88.92,STRONG,Trend + Momentum + VWAP + RSI,"Structure, Delivery",-4.16,4.16,756.44,822.16,810.25,HIGH,291522212.0,NOT_AVAILABLE,NOT_AVAILABLE,,False,False,False,67.87,WATCH,WATCH
267,GODREJAGRO,2026-08-28,609.3,Neutral-Range,69.2,67.25,3,65,5/10,Medium,60.63,17.37,2.85,50.83,584.7,575.65,594.53,5.1402,-0.5798,0.26,2.5,593.36,2.69,2.06,0.749,-0.89,6.05,4.96,9.43,-0.18,56.17,626.85,611.0,614.75,634.45,566.6,45.53,50.26,1.59,-1.34,0.19,10.26,4.61,1.74,-2.14,82.46,12,7,9,55.56,1.09,66.67,2.5,77.78,4.2,66.67,2.6,55.56,1.77,STRONG,85.56,STRONG,Trend + Momentum + VWAP + RSI,"Structure, Delivery",-2.85,2.85,591.93,626.67,614.75,MODERATE,236568876.0,NOT_AVAILABLE,NOT_AVAILABLE,,False,False,False,67.82,WATCH,WATCH
268,ATLANTAELE,2026-08-28,1745.1,Bullish,74.88,74.0,6,80,6/10,Medium,53.83,87.19,5.0,20.0,1703.52,1690.91,1426.59,6.0674,-0.6499,0.81,50.0,1727.15,1.04,4.46,0.58,4.19,-5.51,3.83,13.39,0.54,47.11,1725.9,1668.0,1674.9,1885.5,1668.0,48.74,45.38,3.02,-2.41,0.58,34.87,8.4,2.17,-2.24,84.51,7,9,14,42.86,0.71,64.29,4.29,64.29,5.1,71.43,8.54,71.43,9.23,POSITIVE,82.5,STRONG,Trend + Momentum + Structure + VWAP,None material,1.75,7.49,1775.62,1875.89,1668.0,HIGH,275388512.0,NOT_AVAILABLE,NOT_AVAILABLE,,False,False,False,67.79,WATCH,WATCH
269,ATHERENERG,2026-08-28,1616.3,Bullish,74.33,75.81,6,80,6/10,Medium,73.21,60.59,3.75,2.5,1451.58,1318.7,972.43,-2.6304,8.6739,2.94,95.83,1489.42,8.52,7.11,0.965,8.09,10.55,6.93,28.25,1.9,19.07,1513.0,1472.3,1495.3,1513.0,1430.0,54.12,42.06,2.47,-1.9,0.32,13.82,5.29,2.17,-2.27,88.54,7,7,80,52.5,0.59,57.5,1.48,65.0,1.95,66.25,3.91,76.25,7.05,STRONG,80.94,STRONG,Trend + Volume + Structure + VWAP,None material,1.31,5.62,1637.51,1707.18,1472.3,HIGH,7357935623.0,NOT_AVAILABLE,NOT_AVAILABLE,,False,False,False,67.78,WATCH,WATCH
270,ACCENTMIC,2026-08-28,605.85,Bullish,70.48,73.16,5,75,5/10,Medium,71.95,17.23,2.84,2.5,571.89,532.55,430.4,0.3703,-0.0468,0.55,23.33,568.72,6.53,2.07,0.883,2.32,0.13,3.92,19.24,0.49,59.02,599.0,584.05,592.1,621.0,578.05,46.35,49.59,2.36,-1.9,0.31,27.39,13.78,2.04,-2.07,82.26,6,8,11,63.64,0.33,63.64,2.1,54.55,1.08,63.64,4.46,72.73,3.59,MIXED,76.37,STRONG,Trend + Momentum + Structure + VWAP,None material,1.0,4.27,611.88,631.7,568.72,MODERATE,31322295.0,NOT_AVAILABLE,NOT_AVAILABLE,,False,False,False,67.68,WATCH,WATCH
271,PPLPHARMA,2026-08-28,218.68,Bullish,74.29,74.92,6,80,6/10,Medium,66.4,7.32,3.35,0.83,207.78,194.82,179.52,-0.616,0.3356,1.07,70.83,209.47,4.4,2.51,0.939,1.74,2.34,5.83,11.79,0.21,41.77,219.5,210.65,214.95,220.36,206.4,47.63,47.89,1.87,-1.59,0.22,10.66,6.97,2.13,-2.55,83.79,8,7,100,52.0,0.31,68.0,1.38,65.0,1.75,68.0,3.07,68.0,4.67,STRONG,80.83,STRONG,Trend + Momentum + Structure + VWAP,None material,1.17,5.02,221.24,229.66,209.47,HIGH,1061709454.0,NOT_AVAILABLE,NOT_AVAILABLE,,False,False,False,67.47,WATCH,WATCH
272,ETERNAL,2026-08-28,328.0,Neutral-Range,63.84,72.12,1,55,5/10,Medium,65.7,7.49,2.28,0.83,318.79,300.92,277.12,-0.436,-0.203,1.25,81.67,321.27,2.09,1.74,0.875,-0.15,0.0,2.98,8.45,0.18,68.97,330.9,325.3,328.5,332.0,323.0,48.73,47.04,1.77,-1.52,-0.02,9.3,13.8,2.49,-1.89,75.3,7,10,25,48.0,0.17,52.0,0.19,68.0,1.46,84.0,2.27,76.0,3.04,STRONG,83.12,STRONG,Trend + Structure + VWAP + RSI,"Momentum, Volume, MACD",-2.28,2.28,320.51,335.49,328.5,MODERATE,8061213471.0,NOT_AVAILABLE,NOT_AVAILABLE,,False,False,False,67.07,WATCH,WATCH
273,ELECTCAST,2026-08-28,81.5,Bullish,76.09,72.56,7,85,7/10,Medium,73.49,2.58,3.17,10.83,74.82,74.94,80.33,1.102,0.2111,2.02,90.83,75.39,8.1,4.51,0.925,3.18,10.33,15.21,15.36,0.01,40.92,81.25,77.3,78.99,81.25,71.86,43.55,51.84,2.65,-2.08,0.27,14.74,7.5,2.05,-2.48,78.16,8,8,11,54.55,1.57,54.55,2.96,54.55,2.84,72.73,7.22,81.82,11.04,MIXED,79.55,STRONG,Trend + Momentum + Volume + Structure,None material,1.11,4.76,82.4,85.38,75.39,HIGH,140837325.0,NOT_AVAILABLE,NOT_AVAILABLE,,False,False,False,66.98,WATCH,WATCH
274,BRIGADE,2026-08-28,642.25,Bullish,71.38,72.3,4,70,5/10,Medium,63.52,20.94,3.26,11.67,614.83,601.89,706.35,5.1284,-1.7736,0.43,28.33,618.9,3.77,2.64,0.731,-2.21,0.46,8.57,10.69,0.05,41.42,660.25,648.0,656.75,671.0,619.15,47.63,48.16,1.85,-1.76,0.25,14.87,7.5,2.03,-2.4,86.23,8,9,10,60.0,-0.31,50.0,0.02,80.0,1.32,80.0,2.27,80.0,2.08,STRONG,85.36,STRONG,Trend + Momentum + VWAP + RSI,Structure,1.14,4.89,649.58,673.66,618.9,HIGH,358729745.0,NOT_AVAILABLE,NOT_AVAILABLE,,False,False,False,66.94,WATCH,WATCH
275,GOLDIETF,2026-08-28,135.62,Bullish,70.9,74.27,6,80,6/10,Medium,66.72,3.33,2.45,36.67,131.6,128.33,122.03,0.4238,-0.1767,0.78,45.83,132.46,2.39,3.13,0.778,0.73,-0.27,4.65,11.78,2.5,46.6,138.0,132.65,134.64,140.0,132.65,53.55,41.97,0.96,-0.88,0.91,45.01,8.97,2.31,-2.34,86.63,6,6,100,60.0,0.23,64.0,0.94,61.0,0.95,66.0,1.97,65.0,2.71,POSITIVE,71.13,STRONG,Trend + Momentum + VWAP + RSI,None material,0.86,3.68,136.78,140.61,132.46,MODERATE,955599371.0,NOT_AVAILABLE,NOT_AVAILABLE,,False,False,False,66.83,WATCH,WATCH
276,COCHINSHIP,2026-08-28,1535.0,Bullish,71.19,67.81,5,75,5/10,Medium,62.2,34.32,2.24,0.83,1493.88,1475.39,1522.86,5.2218,-0.6244,0.37,6.67,1496.58,2.57,1.03,0.736,-0.52,3.68,2.57,7.87,0.0,41.42,1577.9,1534.0,1543.0,1577.9,1461.7,45.66,50.0,2.5,-2.07,0.24,15.13,6.32,2.19,-3.85,73.52,7,7,100,50.0,0.33,51.0,1.05,56.0,1.69,68.0,3.59,62.0,4.16,POSITIVE,78.4,STRONG,Trend + Momentum + VWAP + RSI,None material,0.78,3.35,1547.01,1586.47,1496.58,MODERATE,1663245602.0,NOT_AVAILABLE,NOT_AVAILABLE,,False,False,False,66.8,WATCH,WATCH
277,HCC,2026-08-28,24.64,Bullish,75.95,67.02,6,80,6/10,Medium,67.78,1.0,4.07,17.5,22.12,22.2,22.39,0.6221,0.0248,1.1,60.83,22.65,8.79,4.34,0.783,-1.83,17.17,24.32,14.93,0.6,35.41,26.03,24.11,25.1,26.03,20.93,45.13,50.13,2.88,-2.48,0.25,14.74,9.08,2.32,-2.88,78.53,7,12,9,55.56,0.19,77.78,2.52,66.67,4.13,77.78,7.11,44.44,4.91,STRONG,85.56,STRONG,Trend + Momentum + VWAP + RSI,None material,1.42,6.1,24.99,26.14,22.65,HIGH,854124119.0,NOT_AVAILABLE,NOT_AVAILABLE,,False,False,False,66.78,WATCH,WATCH
278,PHARMABEES,2026-08-28,27.76,Bullish,75.12,75.5,9,95,9/10,Medium,69.42,0.66,2.37,0.83,27.22,26.67,24.8,-0.001,0.0267,1.16,81.67,27.3,1.7,1.56,0.834,0.8,2.51,1.87,1.8,1.45,66.16,27.7,27.37,27.54,27.9,26.92,49.34,44.61,0.77,-0.67,0.69,35.66,9.21,2.07,-2.3,99.23,9,7,10,50.0,-0.18,60.0,0.14,50.0,0.27,70.0,1.46,50.0,1.08,MIXED,63.92,POSITIVE,Trend + Momentum + Volume + Structure,None material,0.83,3.56,27.99,28.75,27.3,MODERATE,107622930.0,NOT_AVAILABLE,NOT_AVAILABLE,,False,False,False,66.67,WATCH,WATCH
279,TATAGOLD,2026-08-28,15.36,Bullish,69.19,74.09,5,75,5/10,Medium,67.59,0.39,2.54,21.67,14.92,14.55,13.84,0.049,-0.0215,0.73,32.5,14.92,2.94,3.92,0.761,0.46,-0.32,4.49,11.47,0.0,36.92,15.54,15.06,15.29,15.88,15.06,51.42,39.49,0.99,-0.96,0.75,29.81,5.07,2.72,-3.33,89.42,9,4,100,50.0,0.18,61.0,0.88,62.0,0.86,70.0,2.01,70.0,2.81,POSITIVE,72.68,STRONG,Trend + Momentum + VWAP + RSI,None material,0.89,3.8,15.5,15.94,14.92,MODERATE,828611063.0,NOT_AVAILABLE,NOT_AVAILABLE,,False,False,False,66.65,WATCH,WATCH
280,SILVERIETF,2026-08-28,240.53,Bullish,70.92,73.08,6,80,6/10,Medium,60.56,6.1,2.54,11.67,233.06,231.04,221.19,0.8813,-0.0963,0.9,61.67,232.71,3.36,2.87,0.871,1.79,-0.96,4.16,11.5,-0.55,24.95,239.2,233.81,236.3,244.46,233.81,54.12,41.53,1.57,-1.56,0.43,25.47,9.7,2.29,-2.32,64.0,8,7,100,45.0,0.05,52.0,0.73,56.0,1.22,61.0,2.59,66.0,4.19,POSITIVE,71.19,STRONG,Trend + Momentum + Structure + VWAP,None material,0.89,3.8,242.66,249.68,232.71,MODERATE,821433505.0,NOT_AVAILABLE,NOT_AVAILABLE,,False,False,False,66.5,WATCH,WATCH
281,VINDHYATEL,2026-08-28,2585.5,Bullish,74.0,72.23,6,80,6/10,Medium,66.3,128.14,4.96,1.67,2378.37,2196.53,1773.6,-2.0947,6.6607,0.44,32.5,2417.78,6.94,2.77,0.972,2.17,5.36,7.66,30.19,-0.02,40.0,2590.0,2390.1,2530.5,2598.0,2325.6,43.03,52.5,2.25,-1.76,0.31,18.55,7.63,1.82,-2.12,87.35,8,9,91,45.05,0.09,53.85,1.07,58.24,2.11,70.33,4.8,68.13,5.35,POSITIVE,80.0,STRONG,Trend + Momentum + Structure + VWAP,None material,1.73,7.43,2630.35,2777.71,2390.1,HIGH,282774664.0,NOT_AVAILABLE,NOT_AVAILABLE,,False,False,False,66.37,WATCH,WATCH
282,WELENT,2026-08-28,670.3,Neutral-Range,69.24,71.16,3,65,5/10,Medium,68.37,23.84,3.56,46.67,620.5,596.54,541.92,11.4492,-0.9215,0.55,34.17,623.03,7.59,3.57,0.792,-0.93,6.15,19.33,13.17,0.06,56.23,696.4,675.0,676.6,700.0,582.7,48.16,47.37,2.01,-1.73,0.17,11.97,9.47,2.25,-2.12,86.33,8,9,15,53.33,-0.05,80.0,1.34,80.0,2.08,66.67,2.76,60.0,2.88,STRONG,85.69,STRONG,Trend + Momentum + VWAP + RSI,"Structure, Delivery",-3.56,3.56,646.46,694.14,676.6,HIGH,454401256.0,NOT_AVAILABLE,NOT_AVAILABLE,,False,False,False,66.04,WATCH,WATCH
283,SILKFLEX,2026-08-28,242.55,Bullish,72.86,74.74,6,80,6/10,Medium,81.56,10.48,4.32,85.0,195.67,153.36,103.01,3.3575,-0.6043,1.53,82.5,208.8,16.16,4.9,0.913,0.31,15.5,18.61,114.65,1.74,65.31,255.2,233.25,241.8,255.2,204.1,50.38,43.51,4.21,-3.26,0.72,40.84,28.63,4.16,-3.45,45.09,8,7,26,46.15,0.05,50.0,4.28,42.31,4.37,76.92,14.65,100.0,30.32,MIXED,76.73,STRONG,Trend + Volume + Structure + VWAP,None material,1.51,6.48,246.22,258.28,208.8,HIGH,6671112.0,NOT_AVAILABLE,NOT_AVAILABLE,,False,False,False,65.96,WATCH,WATCH
284,PRECWIRE,2026-08-28,507.35,Bullish,76.21,74.08,8,90,8/10,Medium,68.76,24.85,4.9,41.67,430.5,412.18,346.45,2.558,4.9391,6.53,99.17,463.41,9.48,20.26,1.0,20.0,15.7,10.69,36.16,0.0,15.95,436.55,421.2,422.8,446.9,405.45,46.97,48.29,2.76,-2.15,0.23,17.63,9.74,1.82,-2.25,85.09,7,6,12,50.0,-0.67,58.33,1.33,66.67,1.94,66.67,1.01,58.33,4.6,STRONG,73.47,STRONG,Trend + Momentum + Volume + Structure,None material,1.71,7.35,516.05,544.62,421.2,HIGH,607975796.0,NOT_AVAILABLE,NOT_AVAILABLE,,False,False,False,65.95,WATCH,WATCH
285,EIMCOELECO,2026-08-28,2196.1,Bullish,73.32,72.51,6,80,6/10,Medium,68.64,81.47,3.71,11.67,2066.01,1915.48,1778.1,14.5737,-6.6418,0.27,10.83,2094.63,4.84,2.28,0.821,-0.68,0.6,9.5,23.32,0.65,43.61,2233.9,2176.0,2211.2,2290.1,2149.0,45.92,49.87,2.82,-2.25,0.47,27.76,11.84,2.62,-2.62,87.62,8,7,100,47.0,0.48,49.0,1.61,60.0,2.66,63.0,5.5,63.0,7.05,POSITIVE,78.05,STRONG,Trend + Momentum + Structure + VWAP,None material,1.3,5.56,2224.62,2318.31,2094.63,HIGH,110255751.0,NOT_AVAILABLE,NOT_AVAILABLE,,False,False,False,65.76,WATCH,WATCH
286,MARINE,2026-08-28,406.8,Bullish,74.79,72.68,7,85,7/10,Medium,78.59,18.25,4.49,4.17,354.84,313.35,249.14,0.6132,1.2296,1.86,90.0,347.29,17.14,9.6,0.963,8.74,8.29,9.74,52.93,0.57,40.09,382.0,371.45,374.1,388.95,363.95,45.79,49.47,3.13,-2.3,0.64,37.11,12.11,2.44,-2.77,83.93,9,9,12,50.0,0.64,58.33,3.17,50.0,4.42,66.67,5.35,75.0,14.26,MIXED,75.83,STRONG,Trend + Momentum + Volume + Structure,None material,1.57,6.73,413.19,434.17,347.29,HIGH,484924904.0,NOT_AVAILABLE,NOT_AVAILABLE,,False,False,False,65.7,WATCH,WATCH
287,TNIDETF,2026-08-28,91.78,Bullish,69.96,73.46,6,80,6/10,Medium,64.89,2.29,2.49,20.83,90.05,87.44,86.59,-0.1891,0.0504,0.64,30.0,90.59,1.31,1.51,0.771,0.89,1.08,0.3,3.72,1.56,84.62,91.8,90.5,90.97,93.15,88.53,49.21,46.18,0.84,-0.79,0.52,26.45,4.21,1.71,-1.93,97.58,8,6,9,77.78,0.48,77.78,0.74,55.56,0.7,66.67,1.97,66.67,2.26,POSITIVE,68.46,POSITIVE,Trend + Momentum + VWAP + RSI,None material,0.87,3.74,92.58,95.21,90.5,MODERATE,8362911.0,NOT_AVAILABLE,NOT_AVAILABLE,,False,False,False,65.64,WATCH,WATCH
288,SILVER360,2026-08-28,236.33,Bullish,68.8,71.02,5,75,5/10,Medium,60.43,5.72,2.42,10.0,229.53,227.6,218.23,0.8458,-0.1345,0.44,24.17,231.0,2.31,2.04,0.869,1.39,-0.96,3.95,11.34,-0.15,44.4,236.46,230.69,233.1,240.0,230.69,54.75,40.78,2.12,-2.11,0.57,32.68,12.01,2.66,-2.87,58.54,7,5,71,54.93,0.45,56.34,1.6,56.34,1.43,57.75,2.73,66.2,4.09,POSITIVE,71.57,STRONG,Trend + Momentum + Structure + VWAP,None material,0.85,3.63,238.33,244.9,230.69,MODERATE,6199690.0,NOT_AVAILABLE,NOT_AVAILABLE,,False,False,False,65.34,WATCH,WATCH
289,BAFNAPH,2026-08-28,291.1,Bullish,70.74,69.27,6,80,6/10,Medium,69.81,8.21,2.82,25.0,261.26,236.81,173.66,0.9227,1.4911,0.6,52.5,281.55,3.39,4.81,0.996,4.9,20.07,12.96,10.72,0.18,,281.0,266.6,277.5,281.0,232.95,45.49,48.4,2.62,-2.08,0.63,36.89,23.16,3.43,-2.73,68.35,10,11,100,58.0,1.1,57.0,2.23,54.0,2.55,48.0,2.57,53.0,4.26,MIXED,70.7,STRONG,Trend + Momentum + Structure + VWAP,None material,0.99,4.23,293.97,303.42,266.6,MODERATE,11844232.0,NOT_AVAILABLE,NOT_AVAILABLE,,False,False,False,65.18,WATCH,WATCH
290,ABBOTINDIA,2026-08-28,26175.0,Bearish,54.4,58.86,-5,25,6/10,Medium,35.81,479.57,1.83,14.17,26859.73,27001.11,27417.77,-113.9594,8.9166,0.71,38.33,27145.73,-3.58,2.37,0.099,-0.66,-0.21,-3.27,-5.85,0.27,53.69,26695.0,26300.0,26350.0,26695.0,25905.0,43.95,50.92,1.16,-0.95,0.16,4.08,3.03,1.58,-1.86,87.59,10,7,13,38.46,0.0,69.23,0.49,76.92,1.61,100.0,2.84,92.31,1.71,STRONG,94.72,STRONG,Liquidity,"Trend, Momentum, Structure",-2.75,-0.64,25455.65,26007.15,27145.73,LOW,249909057.0,NOT_AVAILABLE,NOT_AVAILABLE,,False,False,False,65.16,WATCH,WATCH
291,NTPC,2026-08-28,330.05,Bearish,52.86,58.55,-6,20,7/10,Medium,33.47,6.03,1.83,18.33,339.06,347.11,356.62,-0.4998,-0.2322,0.88,48.33,340.28,-3.01,1.3,0.073,-0.26,-2.93,-2.93,-4.95,-0.42,58.33,335.95,328.4,330.9,344.45,328.4,48.29,46.32,1.19,-1.13,0.15,7.37,4.87,1.7,-2.08,83.4,7,6,9,77.78,0.37,88.89,1.12,100.0,2.1,88.89,1.81,88.89,1.81,STRONG,96.75,STRONG,Liquidity,"Trend, Momentum, Structure",-2.74,-0.64,321.0,327.94,340.28,LOW,2846786116.0,NOT_AVAILABLE,NOT_AVAILABLE,,False,False,False,65.11,WATCH,WATCH
292,DCBBANK,2026-08-28,212.97,Bullish,69.83,71.31,4,70,5/10,Medium,65.75,7.13,3.35,42.5,197.43,191.44,179.01,3.1377,-0.1252,0.58,18.33,204.2,4.3,2.46,0.814,-2.09,4.61,16.99,14.44,0.16,56.36,220.5,214.5,217.51,220.5,187.6,46.71,48.82,1.69,-1.41,0.19,11.97,6.32,2.1,-2.05,77.1,8,8,16,68.75,0.27,62.5,1.17,62.5,3.1,68.75,2.37,68.75,1.83,POSITIVE,80.94,STRONG,Trend + Momentum + VWAP + RSI,Delivery,1.17,5.02,215.46,223.66,204.2,HIGH,596669878.0,NOT_AVAILABLE,NOT_AVAILABLE,,False,False,False,65.08,WATCH,WATCH
293,HERITGFOOD,2026-08-28,370.55,Neutral-Range,67.09,65.14,3,65,5/10,Medium,57.91,11.0,2.97,30.83,365.46,351.19,366.49,0.5622,-1.2351,0.34,5.83,365.32,1.43,3.08,0.633,-2.01,-2.7,3.51,12.24,-0.04,53.67,383.0,375.1,378.15,392.1,372.55,46.45,49.08,1.88,-1.6,0.24,13.42,6.97,2.12,-2.63,83.97,10,7,11,63.64,1.39,72.73,1.36,54.55,1.54,72.73,4.51,63.64,5.57,MIXED,79.55,STRONG,Trend + Momentum + VWAP + RSI,"Structure, Delivery",-2.97,2.97,359.55,381.55,378.15,MODERATE,121641215.0,NOT_AVAILABLE,NOT_AVAILABLE,,False,False,False,65.06,WATCH,WATCH
294,GROWWGOLD,2026-08-28,15.43,Bullish,68.89,68.41,6,80,6/10,Medium,65.92,0.26,1.72,20.83,14.99,14.99,38.38,0.0475,-0.0211,0.73,48.33,15.0,2.84,2.61,0.807,0.65,-0.39,4.47,11.41,2.09,33.87,15.7,15.15,15.33,15.82,15.15,54.47,41.7,1.07,-1.48,0.12,25.74,10.43,1.77,-4.07,70.82,13,5,100,48.0,0.06,49.0,0.32,53.0,0.69,66.0,1.5,73.0,2.43,MIXED,65.41,POSITIVE,Trend + Momentum + Structure + VWAP,None material,0.6,2.57,15.52,15.83,15.0,LOW,38035533.0,NOT_AVAILABLE,NOT_AVAILABLE,,False,False,False,65.04,WATCH,WATCH
295,GANDHAR,2026-08-28,256.47,Neutral-Range,68.26,70.79,3,65,5/10,Medium,61.51,10.14,3.95,4.17,246.5,225.04,179.69,-0.7356,-0.0498,0.34,26.67,243.48,5.33,2.14,0.879,0.64,2.41,4.44,14.88,0.06,43.23,256.7,251.9,254.85,261.0,249.5,43.4,52.62,1.97,-1.61,0.36,18.44,6.24,1.95,-2.25,82.52,9,9,57,42.11,0.24,56.14,2.01,63.16,3.45,73.68,5.24,70.18,9.27,POSITIVE,82.89,STRONG,Trend + Structure + VWAP + RSI,"Momentum, MACD",-3.95,3.95,246.33,266.61,254.85,HIGH,398937496.0,NOT_AVAILABLE,NOT_AVAILABLE,,False,False,False,64.94,WATCH,WATCH
296,RMDRIP,2026-08-28,20.43,Bullish,73.52,68.8,6,80,6/10,Medium,69.13,0.9,4.42,0.83,18.66,19.44,78.12,0.3153,0.0575,0.61,43.33,18.14,12.63,4.04,0.981,3.18,11.21,15.75,7.81,-0.51,,19.85,19.3,19.8,19.9,17.58,53.46,39.45,2.48,-2.92,-0.17,28.18,25.12,3.0,-4.31,67.0,21,10,10,20.0,-0.16,50.0,0.61,70.0,1.27,70.0,2.39,70.0,4.18,STRONG,78.64,STRONG,Trend + Momentum + Structure + VWAP,None material,1.55,6.63,20.75,21.78,18.14,HIGH,12269817.0,NOT_AVAILABLE,NOT_AVAILABLE,,False,False,False,64.86,WATCH,WATCH
297,CGPOWER,2026-08-28,889.0,Bullish,70.82,67.63,6,80,6/10,Medium,51.68,21.59,2.43,3.33,881.58,883.9,809.43,2.2506,0.3879,0.94,63.33,877.92,1.26,2.03,0.851,-0.99,2.54,-0.13,2.97,-0.16,43.91,898.75,870.2,897.9,898.75,865.0,47.37,48.16,1.83,-1.56,0.25,12.37,6.32,2.07,-2.53,80.15,7,12,100,53.0,0.53,53.0,1.12,56.0,1.55,62.0,2.1,62.0,2.67,POSITIVE,70.9,STRONG,Trend + Momentum + Structure + VWAP,None material,0.85,3.64,896.56,921.39,870.2,MODERATE,2090766488.0,NOT_AVAILABLE,NOT_AVAILABLE,,False,False,False,64.76,WATCH,WATCH
298,MOSILVER,2026-08-28,237.69,Bullish,68.65,68.86,5,75,5/10,Medium,60.72,5.23,2.2,8.33,230.65,228.75,220.25,0.8522,-0.1117,0.5,36.67,230.09,3.3,2.25,0.855,1.49,-0.97,3.79,11.23,0.0,14.36,237.59,231.59,234.19,241.84,231.59,58.05,37.08,2.25,-2.6,0.45,35.21,15.36,2.5,-2.88,53.19,12,6,31,58.06,0.3,48.39,1.29,54.84,1.84,48.39,3.18,61.29,6.88,MIXED,71.13,STRONG,Trend + Momentum + Structure + VWAP,None material,0.77,3.3,239.52,245.53,230.09,MODERATE,13862356.0,NOT_AVAILABLE,NOT_AVAILABLE,,False,False,False,64.54,WATCH,WATCH
299,BANKNIFTY1,2026-08-28,60.0,Bullish,68.73,67.28,6,80,6/10,Medium,53.25,1.15,1.91,13.33,59.77,62.42,202.74,0.0071,0.015,0.44,45.0,59.68,0.54,1.79,0.493,0.4,0.23,0.38,0.91,0.1,86.2,61.54,59.59,59.76,61.54,59.04,50.48,45.21,0.7,-1.01,0.12,13.42,3.35,2.02,-6.23,91.75,8,7,100,55.0,0.1,65.0,0.41,65.0,0.56,60.0,0.99,59.0,0.32,STRONG,64.95,POSITIVE,Momentum + VWAP + RSI + MACD,None material,0.67,2.86,60.4,61.72,59.59,LOW,138277055.0,NOT_AVAILABLE,NOT_AVAILABLE,,False,False,False,64.54,WATCH,WATCH
300,360ONE,2026-08-28,1200.0,Bullish,66.42,70.58,4,70,5/10,Medium,58.87,28.04,2.34,0.83,1179.4,1149.06,1106.82,0.2322,-0.5658,0.53,25.83,1180.95,1.61,1.17,0.735,-0.33,0.08,1.69,5.7,0.0,55.5,1207.0,1191.7,1204.0,1219.8,1186.4,46.45,49.21,1.94,-1.57,0.15,11.97,8.16,1.95,-1.89,84.92,7,7,21,57.14,0.44,61.9,1.03,57.14,1.7,57.14,2.35,76.19,4.16,POSITIVE,71.2,STRONG,Trend + Momentum + VWAP + RSI,Delivery,0.82,3.51,1209.82,1242.07,1180.95,MODERATE,945013381.0,NOT_AVAILABLE,NOT_AVAILABLE,,False,False,False,64.4,WATCH,WATCH
301,SJS,2026-08-28,2509.5,Neutral-Range,67.15,72.45,3,65,5/10,Medium,58.47,83.51,3.33,18.33,2465.34,2341.32,1959.15,-7.598,-1.2563,0.6,25.83,2477.8,1.28,1.62,0.657,0.28,0.48,-0.91,4.93,0.26,60.8,2529.0,2485.0,2502.5,2582.9,2471.1,48.16,47.5,2.03,-1.64,0.4,18.29,5.39,2.14,-2.3,85.16,9,9,13,46.15,0.17,76.92,1.35,76.92,1.56,76.92,1.16,69.23,1.58,STRONG,79.72,STRONG,Trend + VWAP + RSI + Delivery,"Momentum, MACD",-3.33,3.33,2425.99,2593.01,2502.5,HIGH,495944254.0,NOT_AVAILABLE,NOT_AVAILABLE,,False,False,False,64.31,WATCH,WATCH
302,KALYANKJIL,2026-08-28,615.8,Bullish,70.74,71.02,5,75,5/10,Medium,60.71,20.64,3.35,12.5,599.31,546.0,474.22,-3.9793,0.084,0.6,41.67,601.43,2.39,3.58,0.73,-2.15,2.03,1.24,0.52,0.59,19.56,635.95,609.9,629.3,635.95,591.5,48.29,46.97,2.17,-1.86,0.26,12.5,6.05,2.03,-2.32,79.4,6,9,100,55.0,0.29,64.0,1.52,62.0,1.52,67.0,2.72,60.0,2.61,POSITIVE,77.11,STRONG,Trend + Momentum + VWAP + RSI,None material,1.17,5.03,623.02,646.76,601.43,HIGH,7964632237.0,NOT_AVAILABLE,NOT_AVAILABLE,,False,False,False,64.31,WATCH,WATCH
303,JSWSTEEL,2026-08-28,1334.9,Bullish,67.17,71.63,6,80,6/10,Medium,63.42,25.08,1.88,0.83,1300.69,1280.54,1222.9,4.7351,-0.2319,0.8,37.5,1305.97,2.22,1.76,0.84,-0.19,3.18,5.11,5.11,-0.17,49.94,1351.0,1330.0,1337.5,1351.0,1280.5,48.68,46.84,1.22,-1.1,0.12,6.71,5.13,1.67,-1.79,73.66,7,8,19,52.63,0.0,52.63,-0.28,52.63,-0.42,68.42,1.2,63.16,1.44,MIXED,60.49,POSITIVE,Trend + Momentum + Structure + VWAP,None material,0.66,2.82,1343.68,1372.52,1305.97,LOW,2300236924.0,NOT_AVAILABLE,NOT_AVAILABLE,,False,False,False,64.26,WATCH,WATCH
304,GRAVITA,2026-08-28,1825.8,Bullish,70.13,67.94,6,80,6/10,Medium,58.23,49.09,2.69,0.83,1790.3,1750.89,1692.1,3.3208,-0.8613,0.45,12.5,1775.22,2.85,1.43,0.867,0.07,0.23,1.76,12.95,-0.14,49.85,1850.2,1806.2,1824.5,1858.5,1789.1,45.39,50.39,2.46,-1.9,0.22,15.26,8.55,1.92,-2.53,78.6,7,8,100,39.0,0.06,40.0,0.75,49.0,2.1,48.0,3.25,50.0,6.05,MIXED,68.95,POSITIVE,Trend + Momentum + Structure + VWAP,None material,0.94,4.03,1842.98,1899.44,1775.22,MODERATE,338222587.0,NOT_AVAILABLE,NOT_AVAILABLE,,False,False,False,64.16,WATCH,WATCH
305,SONACOMS,2026-08-28,815.0,Bullish,67.6,70.98,5,75,5/10,Medium,62.43,20.52,2.52,7.5,795.99,741.47,615.35,-5.1422,0.096,0.8,44.17,808.9,0.75,2.63,0.618,-0.49,-0.32,2.9,5.93,0.46,46.43,819.0,795.0,819.0,824.3,795.0,45.66,49.87,1.71,-1.43,0.19,11.45,7.63,2.07,-2.23,80.37,7,13,99,49.49,0.14,56.57,0.46,56.57,1.27,60.61,1.76,66.67,2.72,POSITIVE,68.13,POSITIVE,Trend + Momentum + VWAP + RSI,None material,0.88,3.78,822.18,845.78,795.0,MODERATE,1709365280.0,NOT_AVAILABLE,NOT_AVAILABLE,,False,False,False,64.11,WATCH,WATCH
306,PRUDENT,2026-08-28,3421.3,Bullish,68.87,71.16,4,70,5/10,Medium,62.05,115.52,3.38,25.0,3317.87,3159.54,2817.16,-5.6089,0.7974,0.57,39.17,3347.29,2.21,3.55,0.681,-1.5,2.02,5.04,3.93,0.33,55.81,3509.9,3351.0,3473.5,3509.9,3283.1,47.89,47.76,2.32,-1.94,0.17,19.34,8.16,1.74,-2.66,89.03,8,16,100,42.0,0.07,53.0,1.1,64.0,1.44,67.0,2.9,71.0,4.31,POSITIVE,78.21,STRONG,Trend + Momentum + VWAP + RSI,Delivery,1.18,5.06,3461.73,3594.59,3347.29,HIGH,154341713.0,NOT_AVAILABLE,NOT_AVAILABLE,,False,False,False,64.06,WATCH,WATCH
307,SMALLCAP,2026-08-28,49.15,Bullish,65.49,71.3,5,75,5/10,Medium,67.06,0.76,1.55,0.83,48.46,47.49,45.29,0.0112,-0.002,0.94,61.67,48.47,1.4,0.51,0.774,0.08,0.68,1.47,4.95,0.02,65.53,49.38,49.03,49.11,49.38,48.0,53.28,42.5,0.88,-1.05,0.53,25.62,5.0,1.71,-1.73,95.13,14,8,100,57.0,0.09,59.0,0.27,60.0,0.27,65.0,0.57,68.0,1.31,POSITIVE,62.11,POSITIVE,Trend + Momentum + VWAP + RSI,None material,0.54,2.32,49.42,50.29,48.47,LOW,90775740.0,NOT_AVAILABLE,NOT_AVAILABLE,,False,False,False,64.06,WATCH,WATCH
308,ONGC,2026-08-28,232.25,Neutral-Range,56.78,57.55,-3,35,5/10,Medium,32.62,3.77,1.62,0.83,237.33,243.67,255.07,-0.4142,0.0013,0.62,29.17,237.93,-2.39,0.92,0.103,0.11,-1.76,-1.76,-4.24,0.58,58.41,234.44,231.1,232.0,239.22,230.79,47.76,47.5,1.33,-1.24,0.21,11.18,5.13,1.73,-1.96,70.67,8,8,15,53.33,0.23,60.0,0.61,73.33,1.28,80.0,4.21,86.67,4.14,STRONG,88.67,STRONG,Delivery + Liquidity,"Trend, Momentum, Structure",-1.62,1.62,228.48,236.02,232.0,LOW,2930124900.0,NOT_AVAILABLE,NOT_AVAILABLE,,False,False,False,63.97,WATCH,WATCH
309,ASAHIINDIA,2026-08-28,952.7,Bullish,67.38,71.14,5,75,5/10,Medium,60.28,24.25,2.55,0.83,933.95,909.92,885.76,1.1852,-0.9028,0.67,62.5,935.77,1.81,2.53,0.785,0.15,-1.35,1.44,8.69,0.31,48.12,961.9,941.15,951.25,970.0,936.45,45.26,50.39,1.82,-1.46,0.15,8.82,6.71,1.6,-1.92,86.51,8,6,14,50.0,0.88,57.14,0.85,64.29,1.37,50.0,1.76,71.43,3.03,POSITIVE,67.52,POSITIVE,Trend + Momentum + VWAP + RSI,None material,0.89,3.82,961.19,989.07,935.77,MODERATE,240318845.0,NOT_AVAILABLE,NOT_AVAILABLE,,False,False,False,63.94,WATCH,WATCH
310,NITINSPIN,2026-08-28,626.4,Bullish,72.13,70.31,6,80,6/10,Medium,64.88,24.24,3.87,16.67,585.54,560.12,468.67,5.9705,-0.0665,0.14,5.0,596.53,5.01,2.79,0.825,0.96,6.45,13.28,15.1,0.2,46.78,631.0,616.1,620.45,647.85,575.25,45.66,49.74,2.08,-1.65,0.22,12.76,8.82,2.37,-2.04,87.74,6,10,15,26.67,-0.6,26.67,0.26,46.67,1.37,66.67,4.88,60.0,4.51,MIXED,74.67,STRONG,Trend + Momentum + Structure + VWAP,None material,1.35,5.8,634.88,662.76,596.53,HIGH,214317477.0,NOT_AVAILABLE,NOT_AVAILABLE,,False,False,False,63.9,WATCH,WATCH
311,MUTHOOTFIN,2026-08-28,3091.0,Bullish,68.35,67.13,5,75,5/10,Medium,56.05,89.46,2.89,14.17,3022.28,3042.06,3174.58,30.0916,-6.233,0.28,4.17,2961.21,4.38,1.45,0.73,0.19,2.28,8.76,-0.92,0.18,44.88,3246.5,3059.1,3085.0,3246.5,2995.0,50.66,44.74,1.5,-1.4,0.13,8.82,6.58,2.09,-2.58,69.51,8,6,100,55.0,0.33,63.0,0.67,60.0,1.08,59.0,2.33,71.0,3.55,POSITIVE,70.29,STRONG,Trend + Momentum + VWAP + RSI,None material,1.01,4.34,3122.31,3225.19,2961.21,MODERATE,4327100208.0,NOT_AVAILABLE,NOT_AVAILABLE,,False,False,False,63.72,WATCH,WATCH
312,HDFCGOLD,2026-08-28,135.29,Bullish,65.76,70.5,4,70,5/10,Medium,67.73,3.53,2.61,78.33,131.28,128.01,121.73,0.4385,-0.1831,0.87,59.17,131.54,2.85,3.99,0.749,0.49,-0.24,4.61,11.79,-1.49,49.61,140.14,132.56,134.63,140.14,132.22,53.55,41.58,0.89,-0.82,0.51,27.5,8.16,2.21,-2.2,79.0,11,5,100,55.0,0.27,63.0,0.77,61.0,0.87,64.0,1.77,67.0,2.57,POSITIVE,69.31,POSITIVE,Trend + Momentum + VWAP + RSI,Gap,0.91,3.92,136.53,140.59,131.54,MODERATE,450034284.0,NOT_AVAILABLE,NOT_AVAILABLE,,False,False,False,63.71,WATCH,WATCH
313,ZUARI,2026-08-28,240.76,Bullish,74.38,67.06,7,85,7/10,Medium,65.53,7.89,3.28,10.0,229.09,228.64,235.99,1.6185,0.5787,3.23,99.17,229.54,4.89,5.71,0.906,4.3,6.99,9.15,2.65,0.12,42.27,237.82,230.02,230.83,238.0,223.94,46.18,49.34,2.44,-2.08,0.35,17.11,6.18,2.11,-2.25,80.06,8,9,15,66.67,1.64,66.67,2.19,53.33,3.86,60.0,8.4,60.0,9.65,MIXED,74.67,STRONG,Trend + Momentum + Volume + Structure,None material,1.15,4.91,243.52,252.59,229.54,HIGH,29098030.0,NOT_AVAILABLE,NOT_AVAILABLE,,False,False,False,63.6,WATCH,WATCH
314,CPPLUS,2026-08-28,3576.6,Bullish,70.85,68.11,5,75,6/10,Medium,52.63,154.82,4.33,29.17,3523.01,3440.27,2597.8,3.1656,5.512,0.53,27.5,3543.87,0.92,3.03,0.386,-1.46,2.91,1.64,5.47,0.01,58.89,3650.0,3500.0,3629.7,3650.0,3330.1,48.36,46.91,2.65,-1.72,0.39,19.27,4.73,2.33,-3.63,82.41,9,6,33,54.55,0.62,63.64,2.31,66.67,3.0,54.55,6.32,60.61,8.64,STRONG,77.43,STRONG,Trend + Momentum + VWAP + RSI,Delivery,1.52,6.49,3630.79,3808.83,3500.0,HIGH,921489157.0,NOT_AVAILABLE,NOT_AVAILABLE,,False,False,False,63.55,WATCH,WATCH
315,BANKINDIA,2026-08-28,144.0,Bullish,65.91,69.36,4,70,5/10,Medium,52.72,3.04,2.11,0.83,143.16,142.95,142.35,0.2061,-0.0528,0.77,37.5,143.15,0.6,1.51,0.566,-0.41,0.85,-0.07,4.39,0.2,57.88,146.45,143.7,144.6,147.9,140.68,50.53,45.13,1.62,-1.67,0.19,10.92,7.24,1.94,-2.49,71.12,8,9,100,50.0,0.06,58.0,0.77,55.0,0.91,66.0,2.19,62.0,2.79,POSITIVE,69.75,POSITIVE,Trend + Momentum + VWAP + RSI,Delivery,0.74,3.16,145.06,148.56,143.15,MODERATE,868712620.0,NOT_AVAILABLE,NOT_AVAILABLE,,False,False,False,63.52,WATCH,WATCH
316,TECHNOE,2026-08-28,1025.5,Bullish,72.7,66.98,6,80,6/10,Medium,54.48,30.99,3.02,18.33,1003.18,1027.11,1110.91,4.3764,1.8137,1.09,72.5,1009.17,1.62,4.91,0.611,2.81,3.85,5.9,4.61,0.11,45.27,1007.45,993.6,997.45,1018.8,985.5,47.37,48.42,2.3,-1.98,0.31,20.53,9.87,2.23,-2.84,83.99,6,7,100,51.0,0.8,57.0,2.2,57.0,2.55,61.0,4.34,66.0,5.92,POSITIVE,76.3,STRONG,Momentum + Structure + VWAP + RSI,None material,1.06,4.53,1036.35,1071.99,993.6,HIGH,253563191.0,NOT_AVAILABLE,NOT_AVAILABLE,,False,False,False,63.48,WATCH,WATCH
317,NAVNETEDUL,2026-08-28,134.51,Bullish,68.0,62.07,4,70,5/10,Medium,46.11,3.15,2.34,0.83,134.74,137.81,142.06,0.4909,0.0652,0.32,15.0,131.53,2.27,1.74,0.84,0.69,0.67,0.37,0.31,0.19,57.09,133.85,132.96,133.59,135.0,132.75,43.42,52.37,1.66,-1.37,0.12,10.26,8.42,1.93,-1.86,88.73,5,9,88,46.59,0.24,54.55,1.39,67.05,1.74,63.64,2.0,65.91,1.92,STRONG,75.7,STRONG,Momentum + Structure + VWAP + MACD,Trend,0.82,3.51,135.61,139.24,131.53,MODERATE,28274158.0,NOT_AVAILABLE,NOT_AVAILABLE,,False,False,False,63.45,WATCH,WATCH
318,NYKAA,2026-08-28,335.65,Neutral-Range,64.39,68.79,3,65,5/10,Medium,56.65,7.15,2.13,0.83,331.28,320.33,281.03,0.1036,-0.0528,0.25,1.67,333.1,0.76,1.61,0.554,-0.7,0.49,1.4,0.67,0.04,62.25,340.35,336.4,338.0,340.35,328.0,47.63,47.76,1.57,-1.31,0.17,11.05,6.18,1.77,-1.9,82.09,7,8,19,36.84,0.44,42.11,1.13,36.84,1.37,68.42,4.06,84.21,4.74,MIXED,71.84,STRONG,Trend + Momentum + VWAP + RSI,"Structure, Delivery",-2.13,2.13,328.5,342.8,338.0,MODERATE,2080944209.0,NOT_AVAILABLE,NOT_AVAILABLE,,False,False,False,63.41,WATCH,WATCH
319,ADANIPORTS,2026-08-28,1707.5,Bullish,67.19,63.03,5,75,6/10,Medium,48.58,30.16,1.77,0.83,1704.39,1728.42,1626.6,7.3125,0.3658,1.86,95.0,1690.97,0.98,1.44,0.804,-0.38,0.44,0.44,0.65,-0.12,67.47,1719.0,1691.2,1714.0,1719.7,1671.0,48.29,47.11,1.49,-1.29,0.23,9.87,5.79,2.11,-2.36,71.36,9,7,100,43.0,0.32,47.0,0.65,55.0,1.15,53.0,2.39,55.0,3.18,POSITIVE,66.96,POSITIVE,Trend + Momentum + Structure + VWAP,Delivery,0.62,2.65,1718.06,1752.75,1690.97,LOW,2971227666.0,NOT_AVAILABLE,NOT_AVAILABLE,,False,False,False,63.31,WATCH,WATCH
320,SCI,2026-08-28,299.05,Bullish,72.7,66.31,6,80,6/10,Medium,56.84,9.17,3.07,1.67,292.19,292.47,272.32,0.1474,0.5995,1.6,88.33,298.73,0.11,3.25,0.416,2.22,2.93,2.33,2.61,0.58,31.78,300.85,289.4,292.55,300.85,286.75,45.92,49.61,2.48,-2.01,0.31,12.76,8.68,2.39,-2.34,71.91,6,8,100,56.0,0.75,65.0,2.28,58.0,2.89,60.0,4.39,61.0,5.29,POSITIVE,76.3,STRONG,Trend + Momentum + Volume + RSI,None material,1.07,4.6,302.26,312.8,289.4,HIGH,956636400.0,NOT_AVAILABLE,NOT_AVAILABLE,,False,False,False,63.28,WATCH,WATCH
321,GOKULAGRO,2026-08-28,244.34,Bullish,70.55,68.23,5,75,5/10,Medium,62.33,9.24,3.78,19.17,236.96,228.47,220.93,0.5737,-0.3765,0.59,50.83,241.49,1.18,1.91,0.577,-0.06,0.63,5.48,8.54,-0.09,32.45,250.0,243.0,244.48,259.8,240.1,45.92,49.21,2.42,-1.9,0.21,16.45,8.42,1.88,-3.08,84.35,6,7,16,62.5,0.44,62.5,1.14,62.5,2.22,56.25,4.82,50.0,-0.03,POSITIVE,76.56,STRONG,Trend + Momentum + VWAP + RSI,None material,1.32,5.67,247.57,258.2,241.49,HIGH,198417553.0,NOT_AVAILABLE,NOT_AVAILABLE,,False,False,False,63.27,WATCH,WATCH
322,DIVISLAB,2026-08-28,9239.0,Bullish,69.65,70.22,8,90,8/10,Medium,81.08,176.83,1.91,3.33,8523.24,7904.46,6924.18,20.6726,15.8164,1.56,84.17,8636.86,6.97,2.09,0.973,1.98,7.47,8.99,14.68,0.44,58.56,9150.0,9035.0,9060.0,9150.0,8457.5,49.87,45.53,1.21,-1.04,0.09,4.74,5.0,2.03,-1.75,78.54,9,7,13,46.15,-0.12,46.15,0.3,46.15,0.21,53.85,0.97,53.85,1.32,MIXED,54.72,MIXED,Trend + Momentum + Volume + Structure,None material,0.67,2.87,9300.89,9504.25,8636.86,LOW,4290118257.0,NOT_AVAILABLE,NOT_AVAILABLE,,False,False,False,63.14,WATCH,WATCH
323,MAHSCOOTER,2026-08-28,13696.0,Bullish,66.83,70.14,5,75,5/10,Medium,58.89,383.09,2.8,25.83,13369.36,13149.02,13130.14,1.4341,19.4023,1.21,82.5,13657.51,0.28,2.75,0.618,0.97,4.3,2.75,5.28,1.0,41.04,13880.0,13502.0,13564.0,13949.0,13001.0,48.42,46.97,1.54,-1.38,0.25,11.05,5.26,1.89,-2.37,86.31,9,6,100,39.0,-0.01,47.0,0.38,47.0,0.56,62.0,2.64,71.0,4.31,MIXED,65.95,POSITIVE,Trend + Momentum + Volume + RSI,None material,0.98,4.2,13830.08,14270.64,13502.0,MODERATE,64014776.0,NOT_AVAILABLE,NOT_AVAILABLE,,False,False,False,63.08,WATCH,WATCH
324,JINDALSTEL,2026-08-28,1179.2,Bullish,69.81,70.66,7,85,7/10,Medium,68.26,24.92,2.11,3.33,1126.79,1113.52,1111.22,6.813,0.2528,0.79,49.17,1126.38,4.69,1.87,0.844,0.79,4.56,8.03,6.97,0.23,31.71,1196.4,1166.6,1170.0,1196.4,1118.9,50.13,45.66,1.42,-1.38,0.11,8.16,6.58,1.68,-1.95,75.62,9,7,8,62.5,0.1,50.0,-0.84,50.0,-0.19,75.0,0.9,37.5,0.05,MIXED,61.59,POSITIVE,Trend + Momentum + Structure + VWAP,None material,0.74,3.17,1187.92,1216.59,1126.38,MODERATE,935437332.0,NOT_AVAILABLE,NOT_AVAILABLE,,False,False,False,63.04,WATCH,WATCH
325,SML100CASE,2026-08-28,11.42,Neutral-Range,62.85,71.37,3,65,5/10,Medium,64.83,0.29,2.53,0.83,11.26,11.01,10.37,-0.0007,-0.0,0.58,27.5,11.27,1.32,0.96,0.893,0.09,0.35,1.87,3.82,0.79,76.01,11.71,11.37,11.41,11.71,11.27,48.19,43.37,0.86,-0.84,1.99,74.7,3.61,2.68,-2.03,98.45,7,5,29,55.17,0.05,51.72,0.14,51.72,0.38,79.31,1.26,82.76,2.4,MIXED,67.42,POSITIVE,Trend + Structure + VWAP + RSI,"Momentum, MACD",-2.53,2.53,11.13,11.71,11.41,MODERATE,19952359.0,NOT_AVAILABLE,NOT_AVAILABLE,,False,False,False,62.62,WATCH,WATCH
326,LGBBROSLTD,2026-08-28,1717.7,Bullish,69.19,66.0,6,80,6/10,Medium,76.92,41.05,2.39,8.33,1612.91,1592.45,1614.67,13.7491,2.5795,1.12,72.5,1604.64,7.05,2.94,0.946,1.98,6.76,7.58,8.14,0.45,57.07,1729.8,1671.4,1684.4,1729.8,1555.6,47.5,48.03,1.59,-1.39,0.22,12.89,6.84,1.87,-1.93,81.77,6,8,100,46.0,0.13,58.0,0.9,56.0,1.28,59.0,1.47,58.0,1.5,POSITIVE,66.25,POSITIVE,Trend + Momentum + Structure + VWAP,None material,0.84,3.58,1732.07,1779.27,1604.64,MODERATE,47182625.0,NOT_AVAILABLE,NOT_AVAILABLE,,False,False,False,62.62,WATCH,WATCH
327,RUBICON,2026-08-28,1804.4,Bullish,69.81,68.39,5,75,5/10,Medium,63.66,79.7,4.42,64.17,1698.61,1542.8,1122.75,4.1817,-2.2848,0.53,25.83,1747.01,3.29,5.58,0.784,-1.99,4.62,11.44,21.02,0.43,45.45,1872.0,1790.0,1841.0,1872.0,1695.2,51.77,42.48,2.37,-1.7,0.35,17.7,5.75,1.98,-1.57,86.84,8,4,55,49.09,0.51,58.18,1.23,54.55,1.43,58.18,3.75,74.55,5.73,MIXED,74.46,STRONG,Trend + Momentum + VWAP + RSI,None material,1.55,6.63,1832.29,1923.94,1747.01,HIGH,829292824.0,NOT_AVAILABLE,NOT_AVAILABLE,,False,False,False,62.58,WATCH,WATCH
328,IT,2026-08-28,34.63,Bullish,68.73,67.41,6,80,6/10,Medium,60.02,0.96,2.77,0.83,33.95,33.27,34.66,-0.1333,0.0692,1.47,84.17,34.51,0.35,3.68,0.568,2.82,2.67,-0.35,1.41,0.95,61.99,33.97,33.55,33.68,34.39,32.88,46.65,48.88,1.03,-0.99,0.51,28.91,7.51,1.86,-2.0,96.03,13,9,100,50.0,0.14,55.0,0.38,56.0,0.64,65.0,1.26,64.0,1.57,POSITIVE,64.95,POSITIVE,Trend + Momentum + Volume + Structure,None material,0.97,4.15,34.97,36.07,33.55,MODERATE,11847218.0,NOT_AVAILABLE,NOT_AVAILABLE,,False,False,False,62.58,WATCH,WATCH
329,RRKABEL,2026-08-28,2905.2,Bullish,70.9,70.0,6,80,6/10,Medium,65.89,97.61,3.36,1.67,2774.91,2567.42,1979.33,-11.6617,3.1293,1.52,82.5,2804.64,3.59,3.0,0.796,2.65,-0.48,4.29,11.62,0.47,40.99,2918.8,2790.0,2830.1,2983.8,2786.8,48.15,47.62,1.71,-1.43,0.26,13.76,7.41,2.02,-1.98,87.2,10,11,100,47.0,0.48,54.0,0.85,57.0,1.57,62.0,2.05,56.0,1.97,POSITIVE,71.13,STRONG,Trend + Momentum + Volume + VWAP,None material,1.18,5.04,2939.36,3051.61,2790.0,HIGH,1163258630.0,NOT_AVAILABLE,NOT_AVAILABLE,,False,False,False,62.55,WATCH,WATCH
330,GOLDBEES,2026-08-28,130.85,Bullish,66.17,69.31,6,80,6/10,Medium,66.98,1.96,1.5,16.67,127.02,123.88,117.85,0.4133,-0.1779,0.94,61.67,127.21,2.86,1.5,0.838,0.62,-0.36,4.57,11.73,-0.31,46.19,131.49,128.15,130.05,133.61,128.15,53.68,41.05,0.9,-0.85,0.64,30.0,5.39,2.14,-2.01,73.61,11,6,10,40.0,0.21,60.0,0.27,50.0,0.23,60.0,0.8,60.0,1.0,MIXED,57.62,POSITIVE,Trend + Momentum + Structure + VWAP,None material,0.52,2.24,131.54,133.79,127.21,LOW,3576908827.0,NOT_AVAILABLE,NOT_AVAILABLE,,False,False,False,62.55,WATCH,WATCH
331,MAHASTEEL,2026-08-28,1329.7,Bullish,71.44,67.47,6,80,6/10,Medium,82.95,54.95,4.13,4.17,1119.53,1003.51,837.7,16.9978,3.5481,1.19,65.0,1144.25,16.21,7.87,0.999,4.64,15.2,24.74,32.8,-0.06,,1284.0,1173.8,1270.7,1284.0,1132.5,52.89,41.71,2.33,-1.93,0.05,25.79,24.47,2.36,-2.38,81.6,12,10,13,53.85,0.12,46.15,0.62,53.85,2.63,53.85,6.16,61.54,8.88,MIXED,72.69,STRONG,Trend + Momentum + Volume + Structure,None material,1.45,6.2,1348.93,1412.12,1144.25,HIGH,29500079.0,NOT_AVAILABLE,NOT_AVAILABLE,,False,False,False,62.35,WATCH,WATCH
332,PTCIL,2026-08-28,22110.0,Bullish,72.75,68.25,7,85,7/10,Medium,70.09,755.22,3.42,57.5,19933.25,18862.9,17441.25,183.565,48.4465,2.24,95.0,20388.03,8.45,7.72,0.976,7.22,7.18,16.06,24.65,0.01,24.93,20888.0,20429.0,20622.0,21800.0,19501.0,45.53,50.13,2.23,-1.59,0.33,21.71,9.74,2.24,-2.33,88.37,8,7,8,75.0,4.04,75.0,4.79,37.5,8.06,62.5,17.58,50.0,16.28,MIXED,70.0,STRONG,Trend + Momentum + Volume + Structure,None material,1.2,5.12,22374.33,23242.82,20388.03,HIGH,913831470.0,NOT_AVAILABLE,NOT_AVAILABLE,,False,False,False,62.3,WATCH,WATCH
333,KANORICHEM,2026-08-28,159.25,Bullish,69.82,66.99,5,75,5/10,Medium,62.68,7.93,4.98,26.67,153.33,141.77,107.92,-0.2052,0.1042,0.27,10.83,154.96,2.77,3.33,0.828,0.29,3.48,4.57,11.85,-0.18,,161.45,150.1,158.79,163.45,150.1,43.16,52.11,2.39,-1.86,0.06,16.84,14.87,1.9,-2.14,88.68,8,7,86,46.51,0.59,54.65,1.52,53.49,2.24,59.3,4.3,63.95,6.14,MIXED,74.48,STRONG,Trend + Momentum + Structure + VWAP,None material,1.74,7.47,162.03,171.14,150.1,HIGH,5349670.0,NOT_AVAILABLE,NOT_AVAILABLE,,False,False,False,62.16,WATCH,WATCH
334,MARKSANS,2026-08-28,329.7,Bullish,70.54,69.85,6,80,6/10,Medium,66.97,13.18,4.0,25.83,308.52,282.94,232.28,0.7407,-0.3877,0.25,1.67,316.81,4.07,3.5,0.818,1.09,2.61,-0.99,27.62,0.0,35.8,332.95,323.05,326.15,332.95,313.85,46.45,49.21,2.39,-1.86,0.25,13.16,7.5,2.02,-2.65,81.83,8,9,28,53.57,0.57,53.57,0.85,50.0,0.45,60.71,3.64,64.29,4.59,MIXED,70.11,STRONG,Trend + Momentum + Structure + VWAP,None material,1.4,6.0,334.31,349.48,316.81,HIGH,1865966742.0,NOT_AVAILABLE,NOT_AVAILABLE,,False,False,False,62.14,WATCH,WATCH
335,PDMJEPAPER,2026-08-28,94.98,Bullish,71.92,64.91,6,80,6/10,Medium,58.9,4.13,4.35,60.0,90.53,89.09,90.53,-0.1325,0.5015,2.75,94.17,91.8,3.47,9.37,0.576,8.52,4.73,7.83,0.13,0.66,45.42,91.7,86.0,87.52,94.49,86.0,44.87,50.53,2.53,-1.99,0.38,24.21,10.92,2.1,-2.26,82.77,8,12,100,53.0,0.45,48.0,1.08,49.0,1.71,65.0,3.08,72.0,6.95,MIXED,74.06,STRONG,Trend + Momentum + Volume + Structure,None material,1.52,6.53,96.43,101.18,86.0,HIGH,15540239.0,NOT_AVAILABLE,NOT_AVAILABLE,,False,False,False,62.06,WATCH,WATCH
336,ADANIPOWER,2026-08-28,212.63,Bullish,68.95,64.84,6,80,6/10,Medium,54.68,5.18,2.44,6.67,208.87,211.84,228.91,1.3,0.2123,0.83,52.5,209.01,1.73,2.6,0.701,-1.1,3.47,3.6,0.62,0.43,36.44,217.4,207.3,215.0,217.4,201.43,43.82,51.71,2.09,-1.67,0.21,15.92,6.84,2.18,-4.34,82.51,8,9,100,49.0,0.38,44.0,0.74,48.0,1.13,58.0,2.24,59.0,3.89,MIXED,65.58,POSITIVE,Trend + Momentum + VWAP + RSI,None material,0.85,3.65,214.44,220.4,207.3,MODERATE,3568972074.0,NOT_AVAILABLE,NOT_AVAILABLE,,False,False,False,62.03,WATCH,WATCH
337,SILVER,2026-08-28,240.63,Bullish,66.02,69.39,5,75,6/10,Medium,60.7,6.2,2.57,18.33,233.11,231.08,221.22,0.8925,-0.0959,0.8,56.67,232.99,3.28,4.76,0.846,1.72,-0.92,4.15,11.61,-1.5,31.15,242.0,233.87,236.56,245.3,233.87,53.16,42.5,1.56,-1.5,0.4,25.13,11.05,2.32,-2.42,60.05,8,7,100,53.0,0.19,58.0,0.63,54.0,0.8,55.0,1.82,68.0,3.36,MIXED,63.63,POSITIVE,Trend + Momentum + Structure + VWAP,Gap,0.9,3.86,242.8,249.92,232.99,MODERATE,256497632.0,NOT_AVAILABLE,NOT_AVAILABLE,,False,False,False,62.03,WATCH,WATCH
338,BAJAJ-AUTO,2026-08-28,11910.0,Bullish,67.77,67.37,7,85,7/10,Medium,64.38,203.9,1.71,4.17,11622.08,11149.51,10124.66,-36.4618,8.6092,1.15,80.83,11724.74,1.58,1.75,0.876,1.62,1.79,1.79,3.38,0.77,43.77,11822.0,11618.0,11720.0,11927.0,11618.0,52.5,43.29,1.19,-1.14,0.08,5.0,5.13,1.97,-1.98,71.04,10,8,9,22.22,-0.34,33.33,-0.46,44.44,0.39,55.56,1.05,44.44,0.72,MIXED,55.76,MIXED,Trend + Momentum + Volume + Structure,None material,0.6,2.57,11981.36,12215.85,11618.0,LOW,2674409304.0,NOT_AVAILABLE,NOT_AVAILABLE,,False,False,False,61.98,WATCH,WATCH
339,SINDHUTRAD,2026-08-28,24.99,Bullish,72.22,63.44,6,80,6/10,Medium,54.42,1.14,4.57,52.5,24.47,24.65,24.2,0.1466,0.0196,1.62,78.33,24.6,1.58,3.8,0.691,0.0,5.53,5.71,2.38,-0.36,83.17,25.34,24.5,24.99,25.88,23.18,40.92,53.82,3.13,-2.28,0.39,27.11,12.24,2.25,-2.4,89.12,8,11,100,46.0,0.22,49.0,0.79,56.0,2.28,58.0,4.18,60.0,4.37,POSITIVE,74.9,STRONG,Trend + Momentum + Volume + VWAP,None material,1.6,6.86,25.39,26.7,24.5,HIGH,33213736.0,NOT_AVAILABLE,NOT_AVAILABLE,,False,False,False,61.92,WATCH,WATCH
340,DIXON,2026-08-28,14650.0,Bullish,64.43,68.73,4,70,5/10,Medium,58.69,376.0,2.57,0.83,14383.51,13717.1,12865.35,1.6762,-14.4514,0.58,20.83,14397.19,1.76,1.84,0.754,-0.41,-1.35,3.68,4.28,0.68,35.43,14849.0,14684.0,14711.0,15000.0,14400.0,51.05,44.34,1.82,-1.71,0.26,11.97,6.84,2.01,-1.98,77.65,9,8,100,53.0,-0.03,57.0,0.11,60.0,0.58,60.0,1.55,63.0,2.63,POSITIVE,65.52,POSITIVE,Trend + Momentum + VWAP + RSI,Structure,0.9,3.85,14781.6,15214.0,14397.19,MODERATE,5549950494.0,NOT_AVAILABLE,NOT_AVAILABLE,,False,False,False,61.83,WATCH,WATCH
341,EIHOTEL,2026-08-28,297.8,Bearish,52.69,54.77,-6,20,6/10,Medium,36.94,6.95,2.33,2.5,306.1,313.41,328.52,0.2625,-0.0209,0.26,17.5,304.64,-2.25,1.93,0.096,-0.75,-1.64,-0.85,-8.93,0.7,52.09,304.45,294.85,300.05,307.95,294.85,47.24,48.42,1.67,-1.53,0.19,12.37,6.97,1.85,-2.21,86.33,8,8,12,58.33,-0.17,75.0,0.11,83.33,3.03,91.67,6.87,75.0,5.98,STRONG,96.25,STRONG,No strong driver,"Trend, Momentum, Structure",-3.5,-0.82,287.37,295.37,304.64,MODERATE,60551268.0,NOT_AVAILABLE,NOT_AVAILABLE,,False,False,False,61.8,WATCH,WATCH
342,CARTRADE,2026-08-28,3014.6,Bullish,67.31,68.8,4,70,5/10,Medium,59.37,118.01,3.91,7.5,2926.45,2746.62,2369.78,20.2025,-9.5645,0.56,40.83,2966.52,1.62,2.53,0.575,-2.13,-1.9,7.75,10.85,-0.04,44.94,3254.0,3060.0,3080.2,3254.0,2890.0,47.37,48.42,2.66,-2.06,0.17,12.24,7.63,1.92,-2.23,88.46,7,7,28,32.14,0.39,46.43,0.83,46.43,2.74,64.29,3.66,78.57,9.11,MIXED,73.75,STRONG,Trend + Momentum + VWAP + RSI,Structure,1.37,5.87,3055.9,3191.62,2966.52,HIGH,1091976147.0,NOT_AVAILABLE,NOT_AVAILABLE,,False,False,False,61.77,WATCH,WATCH
343,ACUTAAS,2026-08-28,3281.6,Bullish,68.7,69.03,5,75,5/10,Medium,50.34,131.67,4.01,26.67,3267.23,3250.51,2653.68,13.5088,0.0835,0.94,67.5,3234.24,1.46,4.48,0.685,-1.43,3.55,1.42,5.69,0.92,48.71,3341.0,3257.0,3329.2,3341.0,3138.0,54.21,41.43,2.08,-1.84,0.07,7.79,8.41,2.38,-2.38,89.04,6,6,46,52.17,0.15,67.39,0.68,65.22,0.48,60.87,2.56,69.57,5.05,STRONG,71.29,STRONG,Trend + Momentum + VWAP + MACD,None material,1.4,6.02,3327.68,3479.1,3234.24,HIGH,832762379.0,NOT_AVAILABLE,NOT_AVAILABLE,,False,False,False,61.64,WATCH,WATCH
344,ITIETF,2026-08-28,34.65,Bullish,67.97,66.28,6,80,6/10,Medium,59.83,0.85,2.45,5.0,33.99,33.3,34.71,-0.1359,0.0667,0.91,66.67,34.38,0.79,2.94,0.485,2.76,1.97,-0.55,1.32,0.27,57.52,34.07,33.59,33.72,34.72,33.59,46.16,48.77,1.03,-0.98,0.6,26.77,5.5,2.18,-2.02,90.65,6,8,100,54.0,0.18,56.0,0.36,56.0,0.61,60.0,1.18,63.0,1.46,POSITIVE,62.76,POSITIVE,Trend + Momentum + Structure + VWAP,None material,0.86,3.67,34.95,35.92,33.59,MODERATE,34489495.0,NOT_AVAILABLE,NOT_AVAILABLE,,False,False,False,61.46,WATCH,WATCH
345,SHILPAMED,2026-08-28,903.8,Bullish,70.14,68.88,6,80,6/10,Medium,83.43,30.74,3.4,0.83,801.92,704.36,555.39,4.8814,0.3122,0.25,9.17,766.62,17.89,2.14,0.95,0.22,10.9,9.95,47.86,-0.09,44.78,919.0,858.65,901.85,919.0,810.3,47.5,48.03,2.39,-1.98,0.16,13.42,8.29,2.11,-2.94,87.38,8,8,100,48.0,0.11,52.0,0.95,52.0,1.53,59.0,2.25,58.0,3.04,MIXED,68.97,POSITIVE,Trend + Momentum + Structure + VWAP,None material,1.19,5.1,914.56,949.91,766.62,HIGH,2676988189.0,NOT_AVAILABLE,NOT_AVAILABLE,,False,False,False,61.45,WATCH,WATCH
346,RATNAMANI,2026-08-28,2611.1,Bullish,68.73,62.72,4,70,5/10,Medium,60.43,115.88,4.44,74.17,2474.84,2477.07,2484.48,46.4211,-5.5649,0.29,8.33,2563.02,1.88,3.67,0.662,-1.65,10.9,11.02,10.69,-0.18,40.93,2759.9,2631.0,2654.8,2843.9,2278.6,46.32,49.34,1.56,-1.42,0.09,6.45,8.16,1.89,-1.8,88.4,8,8,12,75.0,0.49,66.67,0.52,58.33,1.06,75.0,2.97,58.33,3.99,POSITIVE,77.79,STRONG,Trend + Momentum + VWAP + RSI,Structure,1.55,6.66,2651.66,2784.91,2563.02,HIGH,419315663.0,NOT_AVAILABLE,NOT_AVAILABLE,,False,False,False,61.38,WATCH,WATCH
347,MANINFRA,2026-08-28,122.81,Bullish,72.75,64.92,7,85,7/10,Medium,71.91,4.38,3.57,13.33,110.57,108.09,116.01,1.2072,0.4514,2.63,92.5,112.09,9.56,6.44,0.974,6.37,13.01,15.69,25.21,0.49,42.85,116.9,114.9,115.46,116.9,107.65,43.68,51.45,2.11,-1.77,0.18,13.29,8.16,2.02,-2.24,81.4,6,13,8,37.5,0.04,50.0,2.89,50.0,2.49,50.0,3.56,62.5,5.27,MIXED,70.0,STRONG,Trend + Momentum + Volume + Structure,None material,1.25,5.35,124.34,129.38,112.09,HIGH,315235219.0,NOT_AVAILABLE,NOT_AVAILABLE,,False,False,False,61.3,WATCH,WATCH
348,MTARTECH,2026-08-28,6997.0,Bullish,67.35,66.91,4,70,5/10,Medium,54.23,272.52,3.89,0.83,6867.35,6742.42,5277.8,11.1542,-9.7595,0.56,38.33,6947.83,0.71,2.12,0.716,-1.19,-0.46,-0.84,22.2,-0.01,,7127.0,7000.0,7081.5,7135.0,6730.5,46.58,49.21,2.34,-1.87,0.19,15.39,7.89,2.21,-3.38,76.03,7,9,100,47.0,0.49,49.0,1.8,49.0,1.99,62.0,6.24,64.0,9.5,MIXED,73.85,STRONG,Trend + Momentum + VWAP + RSI,Structure,1.36,5.84,7092.38,7405.78,6947.83,HIGH,867331169.0,NOT_AVAILABLE,NOT_AVAILABLE,,False,False,False,61.24,WATCH,WATCH
349,PENIND,2026-08-28,162.28,Bullish,70.78,65.89,6,80,6/10,Medium,52.09,5.76,3.55,20.83,160.2,161.89,171.97,0.5535,0.2481,0.78,54.17,159.75,1.58,3.05,0.596,0.86,2.19,6.46,-1.72,0.01,53.54,164.4,156.18,160.9,165.9,155.65,46.05,49.74,2.56,-2.16,0.23,15.26,8.55,2.23,-2.82,80.17,7,9,100,47.0,0.16,57.0,1.37,59.0,1.12,61.0,2.33,62.0,3.31,POSITIVE,70.8,STRONG,Trend + Momentum + VWAP + RSI,None material,1.24,5.33,164.3,170.92,156.18,HIGH,72760712.0,NOT_AVAILABLE,NOT_AVAILABLE,,False,False,False,61.2,WATCH,WATCH
350,ANTHEM,2026-08-28,900.1,Neutral-Range,62.92,66.05,3,65,5/10,Medium,62.39,26.38,2.93,38.33,871.08,829.04,758.96,0.8465,-1.1915,0.52,27.5,877.21,2.61,3.89,0.697,-2.65,3.29,1.12,11.23,0.47,53.05,942.6,918.65,924.6,942.6,868.9,44.41,50.35,1.72,-1.34,0.11,10.84,8.74,1.76,-2.11,80.88,6,9,57,49.12,0.3,66.67,1.24,63.16,1.3,56.14,1.42,54.39,1.55,POSITIVE,67.63,POSITIVE,Trend + Momentum + VWAP + RSI,"Structure, Delivery",-2.93,2.93,873.72,926.48,924.6,MODERATE,637958592.0,NOT_AVAILABLE,NOT_AVAILABLE,,False,False,False,61.1,WATCH,WATCH
351,BSE,2026-08-28,3405.0,Bullish,65.83,61.53,4,70,5/10,Medium,45.98,98.44,2.89,23.33,3415.8,3551.64,3422.95,7.9264,8.6186,1.04,58.33,3420.23,-0.45,3.22,0.406,2.31,5.06,-1.22,-6.62,-0.45,50.26,3386.6,3312.1,3328.0,3392.1,3223.0,49.87,45.79,2.55,-2.28,0.2,15.92,8.68,2.1,-3.61,74.0,9,8,100,49.0,0.32,47.0,0.61,51.0,1.45,53.0,3.08,58.0,4.93,MIXED,69.52,POSITIVE,Momentum + Structure + MACD + Delivery,Trend,1.01,4.34,3439.45,3552.65,3312.1,MODERATE,15758073876.0,NOT_AVAILABLE,NOT_AVAILABLE,,False,False,False,61.09,WATCH,WATCH
352,ACMESOLAR,2026-08-28,393.7,Bullish,69.72,68.97,6,80,6/10,Medium,57.39,14.88,3.78,13.33,384.25,369.65,312.67,1.2112,-0.3972,0.59,40.83,388.07,1.45,2.58,0.642,1.92,-1.97,5.24,8.58,1.48,45.73,400.95,376.3,386.3,411.5,376.3,46.27,50.22,2.39,-1.93,0.35,20.18,7.89,2.16,-2.55,86.47,6,8,100,49.0,0.2,58.0,0.54,58.0,1.24,53.0,2.24,60.0,3.48,POSITIVE,67.77,POSITIVE,Trend + Momentum + VWAP + RSI,None material,1.32,5.67,398.91,416.02,376.3,HIGH,779052781.0,NOT_AVAILABLE,NOT_AVAILABLE,,False,False,False,61.05,WATCH,WATCH
353,BALMLAWRIE,2026-08-28,177.8,Bullish,66.54,62.6,6,80,6/10,Medium,55.82,3.26,1.84,5.0,175.48,176.62,181.67,0.4959,0.1236,0.81,55.83,174.79,1.72,1.34,0.606,1.45,1.81,2.52,3.25,0.68,65.47,182.49,175.0,175.26,182.49,174.02,46.84,48.82,1.75,-1.61,0.16,10.53,6.18,1.91,-2.48,73.58,9,9,100,46.0,0.04,57.0,0.4,52.0,0.66,54.0,0.99,50.0,0.35,MIXED,58.7,POSITIVE,Trend + Momentum + VWAP + RSI,None material,0.64,2.75,178.94,182.69,174.79,LOW,25206981.0,NOT_AVAILABLE,NOT_AVAILABLE,,False,False,False,60.92,WATCH,WATCH
354,EGOLD,2026-08-28,158.1,Bullish,65.66,65.47,6,80,6/10,Medium,66.42,2.51,1.58,17.5,153.52,149.76,142.47,0.4876,-0.2083,0.26,25.83,153.1,3.27,1.24,0.836,0.6,-0.25,4.56,11.61,0.0,68.1,160.0,154.9,157.15,162.0,154.9,50.49,43.25,1.02,-0.88,0.41,16.83,6.26,2.44,-2.19,81.0,13,4,14,42.86,0.33,57.14,1.66,50.0,0.71,50.0,0.83,42.86,1.16,MIXED,56.16,MIXED,Trend + Momentum + Structure + VWAP,None material,0.55,2.38,158.98,161.86,153.1,LOW,27640750.0,NOT_AVAILABLE,NOT_AVAILABLE,,False,False,False,60.88,WATCH,WATCH
355,FORTIS,2026-08-28,926.75,Bullish,66.19,64.87,5,75,5/10,Medium,49.47,21.37,2.31,15.83,924.27,935.26,914.19,1.6377,0.8897,0.94,57.5,924.78,0.21,2.82,0.474,1.21,2.17,-0.24,-1.93,0.34,35.24,920.0,911.3,915.65,933.8,901.4,48.03,47.24,1.58,-1.29,0.17,7.89,5.39,1.56,-2.02,82.52,7,9,100,50.0,0.23,56.0,0.51,50.0,0.65,66.0,1.48,64.0,1.68,MIXED,64.12,POSITIVE,Trend + Momentum + Structure + MACD,None material,0.81,3.46,934.23,958.81,911.3,MODERATE,1446026052.0,NOT_AVAILABLE,NOT_AVAILABLE,,False,False,False,60.85,WATCH,WATCH
356,SOTL,2026-08-28,693.2,Bullish,68.23,62.56,4,70,5/10,Medium,55.43,33.06,4.77,43.33,678.23,628.66,494.93,-5.9057,0.7544,0.27,21.67,736.88,-5.93,3.04,0.425,2.02,2.35,-0.85,15.2,1.26,45.08,708.35,676.35,679.45,708.35,666.95,45.79,49.47,2.09,-1.67,0.2,13.95,7.76,2.04,-2.25,83.74,11,8,11,54.55,0.76,63.64,2.33,63.64,3.15,54.55,2.16,36.36,3.09,POSITIVE,76.37,STRONG,Trend + Momentum + RSI + Gap,VWAP,1.67,7.15,704.77,742.79,676.35,HIGH,487693832.0,NOT_AVAILABLE,NOT_AVAILABLE,,False,False,False,60.83,WATCH,WATCH
357,HFCL,2026-08-28,251.47,Bullish,69.43,68.98,6,80,6/10,Medium,70.04,9.71,3.86,0.83,226.77,210.21,148.2,2.6394,0.3854,0.83,52.5,221.96,13.3,3.88,0.939,2.29,10.29,12.71,29.68,0.23,32.12,247.44,237.27,245.84,247.44,223.03,47.89,47.76,2.59,-2.16,0.22,12.24,9.21,2.37,-2.5,73.68,8,6,100,49.0,0.51,53.0,0.8,49.0,1.04,56.0,2.76,67.0,6.22,MIXED,66.95,POSITIVE,Trend + Momentum + Structure + VWAP,None material,1.35,5.79,254.87,266.04,221.96,HIGH,4582015763.0,NOT_AVAILABLE,NOT_AVAILABLE,,False,False,False,60.76,WATCH,WATCH
358,BEML,2026-08-28,1984.9,Bullish,69.34,64.53,7,85,7/10,Medium,64.93,58.0,2.92,6.67,1894.55,1842.23,2038.93,4.7841,1.7546,1.0,67.5,1879.37,5.62,4.22,0.984,3.35,2.56,5.9,13.4,0.29,42.71,1949.7,1914.5,1920.6,1977.0,1902.6,48.03,47.76,2.22,-2.13,0.18,10.53,6.32,2.16,-3.6,77.88,7,8,9,77.78,2.37,77.78,1.71,44.44,0.96,44.44,2.58,66.67,6.44,MIXED,60.27,POSITIVE,Trend + Momentum + Structure + VWAP,None material,1.02,4.38,2005.2,2071.9,1879.37,MODERATE,933069647.0,NOT_AVAILABLE,NOT_AVAILABLE,,False,False,False,60.73,WATCH,WATCH
359,STLNETWORK,2026-08-28,27.28,Bullish,73.64,65.19,8,90,8/10,Medium,63.37,1.11,4.05,6.67,25.65,25.64,24.58,0.1612,0.088,1.94,92.5,26.04,4.77,6.08,0.945,4.96,5.53,5.82,12.31,0.38,73.78,26.45,25.61,25.99,26.45,24.6,42.75,50.59,2.83,-2.1,0.41,24.31,9.02,2.52,-3.22,83.51,7,7,9,66.67,0.2,55.56,4.65,44.44,10.3,44.44,9.39,44.44,6.62,MIXED,66.11,POSITIVE,Trend + Momentum + Volume + Structure,None material,1.42,6.08,27.67,28.94,25.61,HIGH,26463739.0,NOT_AVAILABLE,NOT_AVAILABLE,,False,False,False,60.68,WATCH,WATCH
360,PAYTM,2026-08-28,1650.9,Bullish,66.55,67.48,4,70,5/10,Medium,65.23,51.51,3.12,10.83,1573.06,1427.77,1231.65,0.1503,-4.5295,0.35,0.83,1576.69,4.71,3.37,0.79,-1.67,1.16,2.99,22.93,0.36,35.45,1731.0,1679.0,1679.0,1732.3,1598.0,47.76,47.89,2.37,-2.08,0.11,13.42,8.82,2.35,-3.47,73.99,8,8,22,40.91,0.1,36.36,-0.7,63.64,0.85,54.55,2.95,63.64,4.98,POSITIVE,71.57,STRONG,Trend + Momentum + VWAP + RSI,Structure,1.09,4.68,1668.93,1728.17,1576.69,HIGH,8346989650.0,NOT_AVAILABLE,NOT_AVAILABLE,,False,False,False,60.6,WATCH,WATCH
361,ESILVER,2026-08-28,240.2,Bullish,65.95,69.75,6,80,6/10,Medium,60.03,5.33,2.22,11.67,233.17,231.17,221.56,0.8637,-0.1333,1.15,67.5,232.87,3.15,2.47,0.841,1.35,-1.44,3.88,10.96,0.0,88.93,240.1,233.76,236.99,244.91,233.76,53.31,42.6,1.58,-1.52,0.32,24.4,9.03,2.11,-2.74,61.68,8,8,100,47.0,-0.17,50.0,0.33,53.0,-0.07,59.0,0.77,62.0,1.74,MIXED,57.0,POSITIVE,Trend + Momentum + Structure + VWAP,None material,0.78,3.33,242.07,248.2,232.87,MODERATE,39084470.0,NOT_AVAILABLE,NOT_AVAILABLE,,False,False,False,60.46,WATCH,WATCH
362,MANOMAY,2026-08-28,225.93,Bullish,69.3,67.74,6,80,6/10,Medium,68.09,7.78,3.44,5.0,215.39,206.12,202.34,0.0471,0.2591,1.76,74.17,218.89,3.22,1.76,0.868,-0.87,4.02,5.03,7.39,-0.06,21.19,228.8,218.4,227.91,228.8,210.6,46.05,49.74,2.27,-1.89,0.49,34.34,16.84,2.56,-2.57,92.52,7,8,76,51.32,0.7,59.21,1.35,56.58,1.04,55.26,2.07,51.32,2.65,POSITIVE,66.58,POSITIVE,Trend + Momentum + Structure + VWAP,None material,1.21,5.16,228.65,237.6,218.4,HIGH,30070160.0,NOT_AVAILABLE,NOT_AVAILABLE,,False,False,False,60.26,WATCH,WATCH
363,NMDC,2026-08-28,86.76,Bullish,67.24,64.64,6,80,6/10,Medium,55.55,2.03,2.34,26.67,85.42,85.52,85.35,0.2603,0.0154,0.72,30.83,85.36,1.64,1.85,0.709,1.21,2.54,2.8,2.02,0.36,44.73,89.1,85.72,85.72,89.1,83.49,50.0,45.39,1.63,-1.77,0.16,13.42,6.97,1.7,-3.18,72.43,8,7,100,55.0,0.25,57.0,0.83,60.0,0.95,54.0,0.5,55.0,1.4,POSITIVE,60.7,POSITIVE,Trend + Momentum + VWAP + RSI,None material,0.82,3.5,87.47,89.8,85.36,MODERATE,1680849251.0,NOT_AVAILABLE,NOT_AVAILABLE,,False,False,False,60.24,WATCH,WATCH
364,NETWEB,2026-08-28,5322.9,Bullish,69.56,66.36,6,80,6/10,Medium,59.58,243.62,4.58,45.0,5099.06,4785.04,3991.31,0.6817,-7.9302,0.93,57.5,5185.69,2.65,3.03,0.615,0.96,-4.97,6.3,17.66,1.38,10.9,5450.1,5250.0,5272.2,5813.0,5191.0,46.71,49.08,2.94,-2.18,0.48,22.89,9.34,2.53,-2.47,79.94,6,8,100,48.0,0.47,61.0,1.42,61.0,1.97,55.0,0.96,51.0,1.98,POSITIVE,67.32,POSITIVE,Trend + Momentum + VWAP + RSI,None material,1.6,6.87,5408.17,5688.34,5185.69,HIGH,10886943977.0,NOT_AVAILABLE,NOT_AVAILABLE,,False,False,False,60.11,WATCH,WATCH
365,BFINVEST,2026-08-28,442.8,Bearish,52.69,59.1,-6,20,6/10,Medium,40.34,14.52,3.28,14.17,455.13,453.92,439.89,-2.4054,0.0817,0.23,15.83,466.96,-5.17,2.03,0.086,-0.03,-1.94,-4.46,-2.65,0.01,62.08,450.9,440.0,442.95,455.0,440.0,44.08,51.18,2.0,-1.7,0.19,8.95,5.79,1.84,-2.18,80.31,8,8,20,45.0,0.98,75.0,2.67,80.0,4.33,95.0,5.12,85.0,3.24,STRONG,96.25,STRONG,No strong driver,"Trend, Momentum, Structure",-4.92,-1.15,421.02,437.72,466.96,HIGH,20225978.0,NOT_AVAILABLE,NOT_AVAILABLE,,False,False,False,60.1,WATCH,WATCH
366,MEDANTA,2026-08-28,1472.2,Bullish,64.52,67.95,5,75,6/10,Medium,59.62,43.92,2.98,38.33,1427.94,1376.83,1258.21,2.2679,0.8511,1.35,74.17,1453.02,1.32,4.59,0.562,-2.43,4.43,3.49,4.74,0.77,47.12,1544.0,1455.2,1508.9,1544.0,1393.0,47.89,47.89,1.69,-1.44,0.2,12.11,5.92,1.73,-2.36,85.59,8,8,100,41.0,0.01,48.0,-0.13,51.0,0.25,63.0,0.86,57.0,0.45,MIXED,59.34,POSITIVE,Trend + Momentum + VWAP + RSI,Volume,1.04,4.47,1487.57,1538.07,1453.02,MODERATE,434574832.0,NOT_AVAILABLE,NOT_AVAILABLE,,False,False,False,60.08,WATCH,WATCH
367,NAVINFLUOR,2026-08-28,8517.5,Bullish,64.42,67.91,5,75,6/10,Medium,63.43,227.72,2.67,1.67,8203.51,7871.92,6826.53,15.89,0.8235,0.22,5.0,8449.32,0.81,1.41,0.796,-0.58,3.79,3.43,12.55,0.25,55.1,8625.0,8428.0,8567.5,8625.0,8090.0,50.53,45.26,1.46,-1.4,0.17,7.24,5.79,2.3,-2.34,80.53,7,5,100,48.0,-0.01,51.0,-0.06,54.0,0.18,57.0,1.12,60.0,1.5,MIXED,59.05,POSITIVE,Trend + Momentum + VWAP + RSI,Delivery,0.94,4.01,8597.2,8859.07,8428.0,MODERATE,2933088684.0,NOT_AVAILABLE,NOT_AVAILABLE,,False,False,False,59.96,WATCH,WATCH
368,AGARWALTUF,2026-08-28,139.1,Bearish,53.92,59.82,-5,25,5/10,Medium,47.11,4.62,3.32,0.83,141.37,137.62,125.99,-0.753,-0.0962,0.21,10.0,145.05,-4.1,1.42,0.127,-1.21,-2.9,-2.04,4.98,0.14,50.0,143.15,139.0,140.8,145.8,138.7,45.63,49.45,2.87,-2.5,0.19,28.42,21.86,2.42,-2.36,78.13,6,5,9,44.44,0.59,88.89,3.25,77.78,7.75,88.89,7.85,88.89,8.39,STRONG,93.33,STRONG,No strong driver,"Momentum, Structure, VWAP",-4.98,-1.16,132.17,137.48,145.05,HIGH,6788514.0,NOT_AVAILABLE,NOT_AVAILABLE,,False,False,False,59.95,WATCH,WATCH
369,MID150BEES,2026-08-28,243.63,Bullish,64.19,67.26,6,80,6/10,Medium,62.76,3.64,1.49,18.33,242.04,239.12,230.03,-0.0884,0.0108,0.53,16.67,242.07,0.65,1.34,0.615,0.05,0.55,0.3,1.73,0.0,74.93,244.99,240.4,243.5,247.15,240.4,55.13,40.0,0.71,-0.81,1.07,51.32,4.87,1.93,-1.96,98.45,12,6,100,52.0,-0.0,48.0,0.03,50.0,-0.11,56.0,0.08,55.0,0.01,MIXED,51.98,MIXED,Trend + Momentum + VWAP + RSI,None material,0.52,2.24,244.9,249.09,240.4,LOW,237902373.0,NOT_AVAILABLE,NOT_AVAILABLE,,False,False,False,59.93,WATCH,WATCH
370,IOLCP,2026-08-28,194.95,Bullish,69.19,66.68,6,80,6/10,Medium,75.31,9.23,4.74,29.17,169.55,156.19,127.02,3.0679,0.5383,0.95,60.0,172.89,12.76,3.57,0.959,0.97,15.0,17.74,33.23,0.42,29.11,195.64,184.21,193.07,195.64,162.3,43.55,52.24,2.41,-1.97,0.15,10.79,7.63,2.18,-3.35,76.62,8,8,51,45.1,-0.1,54.9,0.87,52.94,1.66,56.86,1.55,60.78,3.08,MIXED,66.27,POSITIVE,Trend + Momentum + Structure + VWAP,None material,1.66,7.1,198.18,208.8,172.89,HIGH,806721049.0,NOT_AVAILABLE,NOT_AVAILABLE,,False,False,False,59.83,WATCH,WATCH
371,LODHA,2026-08-28,1274.0,Bullish,65.79,68.21,6,80,6/10,Medium,60.52,37.28,2.93,0.83,1236.07,1164.92,1065.5,-2.4331,1.0637,0.83,55.0,1239.9,2.75,2.05,0.73,2.22,2.58,2.42,2.42,1.1,37.61,1278.0,1246.3,1246.3,1306.9,1225.4,50.0,45.66,1.91,-1.89,0.26,17.11,8.82,1.9,-2.11,80.19,13,6,100,55.0,0.31,56.0,0.46,62.0,0.37,49.0,0.3,52.0,1.06,POSITIVE,56.53,MIXED,Trend + Momentum + VWAP + RSI,None material,1.02,4.39,1287.05,1329.93,1239.9,MODERATE,1495166647.0,NOT_AVAILABLE,NOT_AVAILABLE,,False,False,False,59.83,WATCH,WATCH
372,HEALTHIETF,2026-08-28,172.18,Bullish,65.68,67.22,7,85,7/10,Medium,63.93,2.37,1.38,0.83,170.0,167.68,158.14,0.0458,0.1234,1.04,70.0,170.25,1.13,1.12,0.758,0.4,2.18,1.45,0.17,1.0,68.96,171.9,169.46,171.49,171.9,167.5,52.53,43.27,0.72,-0.7,0.35,16.64,3.91,2.37,-2.9,98.27,9,7,12,58.33,0.2,58.33,-0.17,41.67,-0.47,58.33,0.42,50.0,0.16,NEGATIVE,49.8,MIXED,Trend + Momentum + Structure + VWAP,None material,0.48,2.07,173.01,175.74,169.46,LOW,16081031.0,NOT_AVAILABLE,NOT_AVAILABLE,,False,False,False,59.82,WATCH,WATCH
373,WINDLAS,2026-08-28,998.55,Bullish,70.21,67.72,7,85,7/10,Medium,65.86,42.04,4.21,81.67,944.46,898.5,853.49,4.5294,-0.6697,0.15,1.67,945.86,5.57,2.72,0.836,1.15,0.5,5.17,16.42,0.32,55.75,1010.0,972.0,987.15,1035.9,954.05,45.79,49.87,2.26,-1.73,0.27,18.16,8.29,1.87,-2.22,89.17,7,8,13,53.85,1.17,46.15,0.25,38.46,-2.62,76.92,4.46,53.85,1.96,NEGATIVE,62.74,POSITIVE,Trend + Momentum + Structure + VWAP,None material,1.47,6.32,1013.26,1061.61,945.86,HIGH,208350171.0,NOT_AVAILABLE,NOT_AVAILABLE,,False,False,False,59.56,WATCH,WATCH
374,ASKAUTOLTD,2026-08-28,633.1,Bullish,65.66,66.72,4,70,5/10,Medium,60.07,24.9,3.93,77.5,610.21,559.43,489.2,-8.271,1.3809,0.23,9.17,645.66,-1.95,5.23,0.656,4.46,1.92,-1.8,19.89,0.31,34.44,620.9,603.1,606.05,649.95,598.85,48.46,47.35,1.86,-1.64,0.21,16.62,9.36,1.85,-2.15,84.07,9,6,100,46.0,-0.15,56.0,-0.05,57.0,0.79,65.0,2.04,57.0,2.37,POSITIVE,69.02,POSITIVE,Trend + Momentum + Structure + RSI,VWAP,1.38,5.9,641.81,670.45,603.1,HIGH,1166573832.0,NOT_AVAILABLE,NOT_AVAILABLE,,False,False,False,59.47,WATCH,WATCH
375,MOGSEC,2026-08-28,65.11,Bearish,48.57,59.46,-5,25,5/10,Medium,46.75,0.75,1.14,5.0,65.32,65.11,63.91,-0.059,-0.0042,0.02,5.83,65.94,-1.26,0.5,0.119,-0.43,-0.35,-0.6,-0.69,0.02,64.59,65.74,65.08,65.39,66.0,64.81,50.26,42.5,0.33,-0.32,0.34,15.66,4.47,2.29,-1.89,97.38,6,4,100,77.0,0.31,84.0,0.41,84.0,0.41,85.0,0.57,86.0,0.64,STRONG,78.07,STRONG,No strong driver,"Momentum, Structure, VWAP",-1.72,-0.4,63.99,64.85,65.94,LOW,5653371.0,NOT_AVAILABLE,NOT_AVAILABLE,,False,False,False,59.43,WATCH,WATCH
376,INDOBORAX,2026-08-28,495.1,Bullish,72.92,69.4,6,80,6/10,Medium,61.73,28.56,5.77,76.67,460.94,424.51,331.67,5.6351,-1.5057,0.15,12.5,477.25,3.74,4.37,0.805,-1.57,-3.27,16.4,32.06,1.79,44.65,516.95,498.1,503.0,524.6,481.65,43.42,52.11,2.51,-1.74,0.23,21.84,12.37,1.83,-2.17,86.76,9,7,100,48.0,0.36,53.0,1.48,60.0,1.82,60.0,3.16,59.0,4.34,POSITIVE,76.92,STRONG,Trend + Momentum + VWAP + RSI,None material,2.02,8.65,505.1,537.94,477.25,VERY_HIGH,335663221.0,NOT_AVAILABLE,NOT_AVAILABLE,,False,False,False,59.43,WATCH,WATCH
377,LICI,2026-08-28,422.0,Bullish,66.88,63.15,6,80,6/10,Medium,51.89,9.88,2.34,23.33,416.66,445.82,635.6,2.7917,0.0362,0.75,40.83,403.04,4.71,3.02,0.795,1.94,-0.06,2.06,-0.64,0.69,60.14,421.25,412.7,413.95,428.15,412.7,47.11,48.42,1.39,-1.38,0.11,8.03,4.87,2.2,-3.61,70.45,7,9,100,46.0,0.23,52.0,0.39,48.0,0.46,55.0,1.69,56.0,3.36,MIXED,59.65,POSITIVE,Momentum + Structure + VWAP + MACD,None material,0.82,3.51,425.46,436.83,403.04,MODERATE,8577342290.0,NOT_AVAILABLE,NOT_AVAILABLE,,False,False,False,59.42,WATCH,WATCH
378,BIRLACABLE,2026-08-28,295.11,Bullish,69.66,63.45,6,80,6/10,Medium,67.94,14.08,4.77,16.67,265.6,236.11,187.61,-1.7634,1.0002,0.48,28.33,277.38,6.39,0.0,0.861,5.0,6.68,2.31,44.8,5.0,,281.06,267.1,281.06,284.0,261.0,42.11,53.42,2.53,-1.96,0.43,26.58,10.39,2.25,-2.67,85.33,10,8,58,48.28,0.73,44.83,1.53,44.83,3.1,48.28,3.91,51.72,4.41,MIXED,67.59,POSITIVE,Trend + Momentum + Structure + VWAP,None material,1.67,7.15,300.04,316.22,267.1,HIGH,46434695.0,NOT_AVAILABLE,NOT_AVAILABLE,,False,False,False,59.33,WATCH,WATCH
379,PRAJIND,2026-08-28,347.9,Bullish,66.8,61.38,4,70,5/10,Medium,55.94,11.95,3.43,31.67,340.17,340.24,356.51,2.7053,-0.6998,0.33,6.67,337.61,3.05,2.36,0.687,-1.83,1.03,3.77,11.54,-0.32,43.83,357.15,348.35,354.4,363.6,341.15,43.16,52.5,1.95,-1.67,0.21,11.97,7.76,2.05,-2.31,80.44,8,11,11,36.36,0.86,54.55,1.65,54.55,1.37,54.55,3.41,63.64,3.97,MIXED,72.3,STRONG,Trend + Momentum + VWAP + RSI,Structure,1.2,5.15,352.08,365.82,337.61,HIGH,455931287.0,NOT_AVAILABLE,NOT_AVAILABLE,,False,False,False,59.03,WATCH,WATCH
380,TATAPOWER,2026-08-28,351.85,Bearish,52.22,51.14,-4,30,5/10,Medium,21.46,6.82,1.94,25.0,372.25,380.47,389.92,-2.7911,-0.5166,0.94,55.83,371.61,-5.32,1.05,0.089,-0.04,-6.0,-7.9,-7.58,0.0,46.59,359.2,348.1,352.0,378.05,348.1,47.89,46.97,1.31,-1.22,0.14,8.68,4.87,1.78,-2.48,81.62,8,11,8,37.5,-0.67,62.5,0.82,75.0,2.35,75.0,1.29,62.5,2.27,STRONG,82.06,STRONG,Liquidity,"Trend, Momentum, Structure",-2.91,-0.68,341.62,349.46,371.61,LOW,1701313047.0,NOT_AVAILABLE,NOT_AVAILABLE,,False,False,False,59.02,WATCH,WATCH
381,ARFIN,2026-08-28,85.77,Bullish,68.26,61.69,5,75,5/10,Medium,50.08,2.99,3.49,0.83,85.28,86.85,79.59,0.2832,0.0923,0.69,19.17,85.13,0.75,1.93,0.469,0.43,0.18,2.05,-4.46,0.83,5.82,85.77,84.05,85.4,86.9,82.03,53.33,40.7,1.99,-1.84,0.39,32.98,15.44,1.94,-2.06,93.81,10,5,76,50.0,0.09,51.32,0.29,52.63,1.06,52.63,3.49,59.21,5.57,MIXED,70.04,STRONG,Trend + Momentum + VWAP + MACD,None material,1.22,5.24,86.82,90.26,84.05,HIGH,119096302.0,NOT_AVAILABLE,NOT_AVAILABLE,,False,False,False,59.0,WATCH,WATCH
382,NAZARA,2026-08-28,374.6,Bullish,65.06,62.52,5,75,5/10,Medium,73.67,11.04,2.95,12.5,349.69,329.12,369.54,-0.4656,1.1223,3.3,97.5,355.67,5.32,7.17,0.902,5.67,5.71,5.25,10.5,-0.14,40.66,359.5,351.0,354.5,360.0,343.1,47.89,47.5,1.74,-1.74,0.19,11.97,6.05,1.78,-3.4,87.04,14,6,100,49.0,0.2,44.0,0.17,43.0,0.49,56.0,2.32,67.0,4.14,MIXED,60.89,POSITIVE,Trend + Volume + Structure + VWAP,None material,1.03,4.42,378.46,391.16,351.0,MODERATE,867536071.0,NOT_AVAILABLE,NOT_AVAILABLE,,False,False,False,59.0,WATCH,WATCH
383,SUBEXLTD,2026-08-28,18.13,Bullish,70.45,70.89,5,75,5/10,Medium,72.3,1.03,5.7,61.67,15.9,14.03,12.18,0.2617,-0.0477,0.36,11.67,16.73,8.36,3.84,0.828,1.0,-2.84,30.62,47.04,-0.28,51.47,18.6,17.22,17.95,19.39,17.15,41.58,52.37,2.6,-2.13,0.36,18.16,7.24,2.07,-1.98,85.0,6,11,25,32.0,0.13,56.0,1.28,56.0,0.73,64.0,4.09,84.0,7.57,POSITIVE,76.28,STRONG,Trend + Structure + VWAP + Delivery,None material,2.0,8.55,18.49,19.68,16.73,VERY_HIGH,119153704.0,NOT_AVAILABLE,NOT_AVAILABLE,,False,False,False,58.97,WATCH,WATCH
384,APOLLOTYRE,2026-08-28,443.5,Bullish,66.12,64.16,6,80,6/10,Medium,56.18,10.07,2.27,6.67,439.02,433.24,441.79,0.0575,0.0725,0.81,57.5,441.76,0.39,2.01,0.416,0.06,0.86,-0.14,3.59,1.09,43.21,448.0,439.35,443.25,467.4,427.75,46.45,49.34,1.43,-1.27,0.14,8.16,7.5,1.8,-2.03,78.55,8,12,100,53.0,0.19,58.0,0.51,56.0,0.64,50.0,0.71,63.0,1.77,POSITIVE,57.5,POSITIVE,Trend + Momentum + RSI + MACD,None material,0.79,3.41,447.02,458.61,439.35,MODERATE,458966023.0,NOT_AVAILABLE,NOT_AVAILABLE,,False,False,False,58.96,WATCH,WATCH
385,HCLTECH,2026-08-28,1316.1,Bullish,64.38,64.63,5,75,6/10,Medium,52.72,31.33,2.38,8.33,1312.53,1277.52,1344.76,-10.8332,2.0225,1.83,92.5,1335.47,-1.45,3.45,0.362,2.66,1.04,-3.23,-2.29,0.62,48.49,1304.7,1280.0,1282.0,1325.8,1280.0,47.37,47.89,1.17,-1.13,0.03,7.11,8.68,1.78,-1.94,70.9,7,9,100,52.0,0.19,56.0,0.1,64.0,0.22,57.0,0.18,63.0,0.73,POSITIVE,58.95,POSITIVE,Trend + Momentum + Volume + Structure,VWAP,0.83,3.57,1327.07,1363.1,1280.0,MODERATE,2525743746.0,NOT_AVAILABLE,NOT_AVAILABLE,,False,False,False,58.94,WATCH,WATCH
386,CANHLIFE,2026-08-28,154.19,Neutral-Range,63.36,67.3,3,65,5/10,Medium,57.01,4.9,3.18,26.67,151.58,148.31,140.19,0.3123,-0.103,1.43,78.33,152.92,0.83,3.76,0.61,-1.72,-0.68,3.69,5.29,0.39,58.78,159.9,152.31,156.89,159.9,150.28,48.0,45.78,1.54,-1.26,0.1,12.0,9.33,2.49,-2.02,89.15,5,4,30,56.67,-0.02,46.67,0.03,53.33,0.49,73.33,1.9,70.0,3.15,MIXED,68.89,POSITIVE,Trend + Momentum + VWAP + RSI,"Volume, Delivery",-3.18,3.18,149.29,159.09,156.89,HIGH,124035376.0,NOT_AVAILABLE,NOT_AVAILABLE,,False,False,False,58.92,WATCH,WATCH
387,SOLARA,2026-08-28,623.7,Bullish,68.18,67.09,6,80,6/10,Medium,66.58,26.84,4.3,35.0,574.57,556.1,542.89,10.5163,-1.3071,0.34,11.67,615.98,1.25,3.94,0.804,1.94,1.1,21.75,21.45,0.19,32.41,620.45,601.2,611.85,653.9,601.2,45.13,50.39,2.46,-1.97,0.26,18.16,7.76,1.92,-2.65,89.12,9,10,13,46.15,0.54,53.85,0.62,69.23,2.52,53.85,-1.2,53.85,1.68,STRONG,63.36,POSITIVE,Trend + Momentum + Structure + VWAP,None material,1.51,6.46,633.09,663.96,601.2,HIGH,350355446.0,NOT_AVAILABLE,NOT_AVAILABLE,,False,False,False,58.92,WATCH,WATCH
388,DCI,2026-08-28,410.05,Bullish,71.06,68.1,5,75,5/10,Medium,73.29,23.08,5.63,80.0,367.05,331.73,292.38,2.3257,0.1049,11.85,100.0,392.68,4.42,14.98,0.638,-0.92,7.53,12.31,24.37,1.0,41.33,418.0,402.0,413.85,418.0,365.1,43.16,51.58,2.98,-2.14,0.73,39.47,16.58,2.84,-2.59,81.58,13,13,74,47.3,0.72,51.35,2.0,55.41,3.47,67.57,4.15,58.11,6.74,POSITIVE,78.04,STRONG,Trend + Momentum + VWAP + MACD,None material,1.97,8.44,418.13,444.67,392.68,VERY_HIGH,49461057.0,NOT_AVAILABLE,NOT_AVAILABLE,,False,False,False,58.76,WATCH,WATCH
389,ZIMLAB,2026-08-28,125.46,Bullish,65.83,63.62,4,70,5/10,Medium,63.16,5.46,4.35,26.67,119.26,115.48,98.21,1.4628,-0.1638,0.66,43.33,117.31,6.95,3.83,0.798,0.2,0.34,16.65,11.04,-2.4,64.01,130.4,125.0,125.21,130.4,117.5,41.97,53.42,2.32,-1.74,0.29,22.89,12.63,1.95,-2.1,89.55,7,9,94,45.74,0.37,51.06,0.99,56.38,1.45,57.45,2.22,56.38,2.16,POSITIVE,69.52,POSITIVE,Trend + Momentum + VWAP + RSI,Gap,1.52,6.53,127.37,133.65,117.31,HIGH,7680052.0,NOT_AVAILABLE,NOT_AVAILABLE,,False,False,False,58.71,WATCH,WATCH
390,VENUSPIPES,2026-08-28,1634.3,Bullish,66.76,65.84,5,75,6/10,Medium,53.48,61.42,3.76,3.33,1606.06,1600.23,1427.7,9.9597,1.9523,0.51,26.67,1594.24,2.51,2.95,0.542,-1.18,4.99,3.61,-1.91,0.07,58.59,1672.0,1608.0,1653.8,1672.0,1538.0,44.47,51.32,2.2,-1.82,0.32,20.79,9.08,2.06,-2.38,85.14,7,9,100,44.0,-0.09,45.0,0.28,49.0,0.82,58.0,2.5,56.0,3.38,MIXED,65.73,POSITIVE,Trend + Momentum + VWAP + RSI,Delivery,1.32,5.64,1655.8,1726.43,1594.24,HIGH,205430305.0,NOT_AVAILABLE,NOT_AVAILABLE,,False,False,False,58.71,WATCH,WATCH
391,INDOTECH,2026-08-28,3757.1,Neutral-Range,64.24,63.46,3,65,5/10,Medium,57.76,178.37,4.75,16.67,3668.38,3399.55,2541.7,-14.4206,-1.336,0.38,26.67,3705.25,1.4,1.89,0.598,1.21,-3.73,5.59,8.78,0.43,69.81,3844.0,3677.0,3712.2,4030.0,3677.0,46.58,49.08,3.46,-2.56,0.61,37.37,17.24,2.91,-2.93,75.31,9,8,100,42.0,-0.08,48.0,0.58,56.0,1.55,60.0,2.4,64.0,3.98,POSITIVE,71.4,STRONG,Trend + VWAP + RSI + Delivery,"Momentum, MACD",-4.75,4.75,3578.73,3935.47,3712.2,HIGH,100327616.0,NOT_AVAILABLE,NOT_AVAILABLE,,False,False,False,58.66,WATCH,WATCH
392,MAYURUNIQ,2026-08-28,766.9,Bullish,67.92,61.61,5,75,5/10,Medium,49.94,32.68,4.26,43.33,762.88,766.11,666.6,1.87,1.1988,0.71,54.17,765.09,0.24,3.92,0.468,2.34,1.29,3.02,2.12,0.6,60.53,761.0,728.05,749.4,778.35,728.05,44.47,51.32,1.8,-1.42,0.24,12.24,5.66,1.81,-1.88,84.23,5,8,10,30.0,0.33,50.0,1.31,70.0,1.95,40.0,1.94,70.0,5.61,STRONG,69.06,POSITIVE,Trend + Momentum + Structure + MACD,None material,1.49,6.39,778.34,815.92,728.05,HIGH,93177903.0,NOT_AVAILABLE,NOT_AVAILABLE,,False,False,False,58.62,WATCH,WATCH
393,LUMAXIND,2026-08-28,6071.0,Bullish,66.29,67.1,5,75,6/10,Medium,63.56,208.02,3.43,21.67,5809.11,5603.46,5224.34,19.4619,-1.0781,0.23,0.83,5873.5,3.36,1.89,0.85,-0.39,3.25,4.74,14.88,0.45,51.98,6204.0,6030.0,6094.5,6204.0,5716.0,48.29,47.37,1.99,-1.69,0.12,10.39,9.08,2.08,-2.29,85.18,10,8,23,52.17,0.0,56.52,-0.02,52.17,0.32,60.87,2.14,60.87,4.69,MIXED,64.4,POSITIVE,Trend + Momentum + Structure + VWAP,Delivery,1.2,5.14,6143.81,6383.04,5873.5,HIGH,153949503.0,NOT_AVAILABLE,NOT_AVAILABLE,,False,False,False,58.62,WATCH,WATCH
394,KEC,2026-08-28,425.8,Neutral-Range,54.66,53.44,-3,35,5/10,Medium,34.62,11.42,2.68,2.5,442.95,469.42,569.67,-0.1082,0.4605,0.43,19.17,445.05,-4.32,1.42,0.112,1.04,-2.33,-3.21,-9.2,-0.09,56.54,431.9,419.1,421.4,441.4,419.1,45.0,50.66,1.89,-1.74,0.35,14.74,6.84,2.52,-2.21,79.45,7,9,25,64.0,1.27,80.0,2.33,64.0,2.31,72.0,3.01,80.0,5.34,POSITIVE,82.6,STRONG,Delivery + Liquidity,"Trend, Momentum, Structure",-2.68,2.68,414.38,437.22,421.4,MODERATE,503779309.0,NOT_AVAILABLE,NOT_AVAILABLE,,False,False,False,58.58,WATCH,WATCH
395,JSWENERGY,2026-08-28,535.3,Bearish,49.62,54.29,-6,20,7/10,Medium,37.07,11.21,2.09,3.33,549.78,553.43,537.35,-1.8379,-0.3042,0.62,28.33,555.53,-3.64,1.24,0.127,-1.25,-1.77,-4.41,-3.49,-0.42,65.87,545.9,528.3,542.1,553.7,528.3,46.71,48.95,1.88,-1.66,0.2,13.16,5.92,1.78,-2.81,82.74,10,8,16,50.0,0.5,62.5,2.66,81.25,3.38,68.75,3.2,68.75,1.39,STRONG,87.5,STRONG,Liquidity,"Trend, Momentum, Structure",-3.14,-0.73,518.48,531.38,555.53,MODERATE,888448923.0,NOT_AVAILABLE,NOT_AVAILABLE,,False,False,False,58.55,WATCH,WATCH
396,HDFCSML250,2026-08-28,186.5,Bullish,63.06,65.98,6,80,6/10,Medium,62.42,2.45,1.31,0.83,184.55,181.36,172.0,-0.0643,0.0362,0.7,34.17,184.86,0.89,0.68,0.636,0.5,0.6,1.01,3.23,0.67,78.22,187.24,185.0,185.58,187.24,183.41,53.82,41.97,0.82,-0.9,0.8,33.16,2.5,1.97,-1.94,95.71,13,9,100,48.0,-0.05,47.0,-0.22,52.0,-0.31,51.0,-0.27,52.0,-0.3,MIXED,48.73,MIXED,Trend + Momentum + VWAP + RSI,None material,0.46,1.97,187.36,190.18,184.86,LOW,233388862.0,NOT_AVAILABLE,NOT_AVAILABLE,,False,False,False,58.39,WATCH,WATCH
397,CENTRALBK,2026-08-28,30.54,Bearish,49.3,48.06,-6,20,7/10,Medium,38.52,0.5,1.64,5.83,31.09,31.59,34.39,-0.0331,-0.014,1.12,80.0,31.08,-1.73,1.31,0.125,-0.36,-2.4,-2.74,-1.39,0.07,54.32,31.06,30.58,30.65,31.57,30.58,43.82,50.26,1.86,-1.66,0.2,9.61,6.32,2.07,-2.52,71.1,8,7,19,52.63,-0.66,73.68,1.71,73.68,2.62,73.68,2.95,63.16,1.23,STRONG,86.58,STRONG,Liquidity,"Trend, Momentum, Structure",-2.46,-0.57,29.79,30.36,31.08,LOW,178203779.0,NOT_AVAILABLE,NOT_AVAILABLE,,False,False,False,58.35,WATCH,WATCH
398,MIDCAPETF,2026-08-28,24.07,Bullish,61.53,65.6,5,75,5/10,Medium,62.15,0.43,1.77,3.33,23.91,23.62,22.72,-0.0077,0.001,0.61,30.83,23.92,0.61,1.33,0.606,0.21,0.54,0.38,1.82,0.0,69.38,24.34,24.0,24.02,24.34,23.74,54.74,39.08,0.74,-0.87,0.96,48.03,8.82,2.17,-2.16,97.9,11,6,100,59.0,0.09,54.0,0.22,52.0,-0.06,52.0,-0.09,59.0,0.06,MIXED,50.8,MIXED,Trend + Momentum + VWAP + RSI,None material,0.62,2.66,24.22,24.71,23.92,LOW,57760083.0,NOT_AVAILABLE,NOT_AVAILABLE,,False,False,False,58.34,WATCH,WATCH
399,NBCC,2026-08-28,87.5,Bearish,53.36,51.63,-4,30,5/10,Medium,32.59,1.93,2.21,2.5,90.81,94.21,98.51,0.0217,-0.0208,1.15,80.0,91.21,-4.07,2.4,0.05,-1.24,-1.55,-1.85,-7.7,0.56,47.53,89.67,88.42,88.6,90.5,87.79,43.16,52.11,2.58,-1.95,0.23,14.74,8.42,2.26,-2.9,73.62,9,8,16,62.5,1.37,75.0,2.74,68.75,2.35,75.0,4.81,68.75,5.37,STRONG,85.31,STRONG,Liquidity,"Trend, Momentum, Structure",-3.31,-0.77,84.6,86.82,91.21,MODERATE,533078821.0,NOT_AVAILABLE,NOT_AVAILABLE,,False,False,False,58.32,WATCH,WATCH
400,RAJOOENG,2026-08-28,49.27,Bearish,54.32,52.92,-5,25,5/10,Medium,35.96,1.57,3.19,0.83,50.57,51.98,63.24,-0.1149,0.0037,0.72,45.83,50.76,-2.94,1.82,0.059,-0.44,-2.16,-3.35,-6.44,0.0,,50.29,49.21,49.49,51.0,49.01,36.22,59.75,2.47,-1.94,0.31,24.77,12.69,2.22,-2.68,87.15,4,11,10,60.0,0.58,70.0,3.0,80.0,4.96,90.0,4.46,70.0,1.66,STRONG,94.5,STRONG,No strong driver,"Trend, Momentum, Structure",-4.79,-1.12,46.91,48.72,50.76,HIGH,6381110.0,NOT_AVAILABLE,NOT_AVAILABLE,,False,False,False,58.3,WATCH,WATCH
401,JMFINANCIL,2026-08-28,129.29,Bullish,63.0,61.78,4,70,5/10,Medium,53.72,3.81,2.95,4.17,128.1,127.12,131.76,0.3072,-0.1566,0.54,15.0,126.91,1.87,2.99,0.734,-0.89,0.82,2.26,5.84,0.32,46.32,133.4,130.0,130.45,133.5,128.0,48.95,46.45,2.15,-2.06,0.16,11.45,8.29,2.03,-2.9,78.28,8,6,100,51.0,0.31,54.0,0.61,55.0,0.37,59.0,1.26,59.0,1.71,POSITIVE,61.42,POSITIVE,Trend + Momentum + VWAP + RSI,Structure,1.03,4.42,130.62,135.01,126.91,MODERATE,524371672.0,NOT_AVAILABLE,NOT_AVAILABLE,,False,False,False,58.29,WATCH,WATCH
402,KIRLOSENG,2026-08-28,2123.1,Bullish,68.57,63.61,6,80,6/10,Medium,48.98,84.05,3.96,6.67,2120.49,2120.94,1724.52,1.1939,4.7957,0.74,48.33,2131.88,-0.41,2.57,0.412,1.09,1.06,1.1,-3.05,0.91,56.4,2120.0,2024.1,2100.2,2168.0,2024.1,47.11,48.42,2.24,-1.71,0.17,11.84,7.76,2.05,-2.71,83.36,7,10,100,46.0,0.21,55.0,0.74,55.0,0.97,53.0,1.95,64.0,4.39,POSITIVE,64.48,POSITIVE,Trend + Momentum + Structure + MACD,None material,1.39,5.94,2152.52,2249.18,2024.1,HIGH,958800372.0,NOT_AVAILABLE,NOT_AVAILABLE,,False,False,False,58.27,WATCH,WATCH
403,COSMOFIRST,2026-08-28,938.35,Bullish,66.21,66.14,5,75,5/10,Medium,57.5,34.19,3.64,15.83,919.32,875.33,794.77,-3.3095,0.3165,0.35,12.5,918.28,2.19,1.86,0.642,-0.39,1.67,0.0,5.16,0.0,49.9,945.5,915.75,942.05,978.8,905.0,46.84,48.95,2.23,-1.96,0.27,16.71,7.37,2.09,-2.05,87.38,11,8,100,42.0,0.15,53.0,1.1,58.0,1.44,58.0,0.7,51.0,-0.91,POSITIVE,64.16,POSITIVE,Trend + Momentum + VWAP + RSI,None material,1.28,5.47,950.32,989.63,915.75,HIGH,125723956.0,NOT_AVAILABLE,NOT_AVAILABLE,,False,False,False,58.24,WATCH,WATCH
404,LTTS,2026-08-28,3568.7,Bullish,64.34,62.21,5,75,5/10,Medium,54.27,92.43,2.59,0.83,3542.59,3486.35,3648.07,-9.4476,1.1649,0.56,45.0,3562.87,0.16,1.65,0.45,0.87,-1.0,2.64,0.37,0.2,35.58,3564.0,3525.3,3537.9,3667.9,3525.3,47.24,48.42,1.39,-1.4,0.18,10.79,6.71,1.63,-2.04,77.04,7,8,100,50.0,0.14,54.0,0.41,57.0,0.45,56.0,0.62,53.0,-0.02,POSITIVE,58.83,POSITIVE,Trend + Momentum + Structure + RSI,None material,0.91,3.89,3601.05,3707.35,3525.3,MODERATE,308328726.0,NOT_AVAILABLE,NOT_AVAILABLE,,False,False,False,58.17,WATCH,WATCH
405,POKARNA,2026-08-28,875.05,Bearish,54.6,56.62,-4,30,5/10,Medium,37.6,41.85,4.78,62.5,913.25,931.77,915.7,-7.2646,1.6307,0.56,40.0,947.51,-7.65,3.62,0.098,2.31,-2.52,-8.12,-6.7,0.8,43.24,876.25,852.95,855.3,991.5,852.95,44.21,51.45,2.68,-2.06,0.39,22.76,8.68,2.22,-2.39,85.91,7,9,13,46.15,1.72,61.54,3.54,61.54,5.15,92.31,7.69,84.62,7.19,POSITIVE,88.85,STRONG,Liquidity,"Trend, Momentum, Structure",-7.17,-1.67,812.27,860.4,947.51,HIGH,105656753.0,NOT_AVAILABLE,NOT_AVAILABLE,,False,False,False,58.08,WATCH,WATCH
406,TCPLPACK,2026-08-28,3821.7,Neutral-Range,56.58,60.4,-2,40,5/10,Medium,55.15,180.77,4.73,72.5,3789.5,3450.51,3071.45,-41.2089,-11.319,0.11,0.83,4236.06,-9.78,2.11,0.545,-0.64,-6.82,-6.53,21.19,-0.81,60.61,3921.1,3828.1,3846.4,4209.9,3828.1,44.21,51.58,2.05,-1.54,0.13,15.39,8.55,1.8,-2.19,91.38,7,6,9,22.22,-0.4,77.78,0.24,44.44,4.69,88.89,18.43,77.78,14.9,MIXED,81.67,STRONG,Trend + RSI + Liquidity,"Momentum, Structure, VWAP",-4.73,4.73,3640.93,4002.47,3846.4,HIGH,174157961.0,NOT_AVAILABLE,NOT_AVAILABLE,,False,False,False,58.01,WATCH,WATCH
407,PROZONER,2026-08-28,44.91,Bullish,71.22,58.93,7,85,7/10,Medium,57.91,2.22,4.94,11.67,43.09,44.32,47.71,0.4183,0.0644,1.04,69.17,43.27,3.79,4.86,0.715,1.58,7.62,6.88,8.01,2.35,62.86,45.88,42.91,44.21,46.59,41.15,42.89,50.92,2.73,-2.08,0.1,19.34,20.39,2.33,-2.23,70.73,9,10,8,0.0,-1.98,37.5,-1.53,25.0,2.58,62.5,12.2,50.0,8.18,MIXED,65.62,POSITIVE,Trend + Momentum + VWAP + RSI,None material,1.73,7.41,45.69,48.24,42.91,HIGH,8264209.0,NOT_AVAILABLE,NOT_AVAILABLE,,False,False,False,57.95,WATCH,WATCH
408,FIRSTCRY,2026-08-28,185.48,Bearish,55.58,52.72,-4,30,5/10,Medium,20.56,5.9,3.18,15.83,200.77,209.31,249.9,-2.0014,-0.07,0.77,71.67,202.14,-8.24,2.41,0.014,-1.48,-5.53,-10.0,-12.62,0.14,46.41,193.77,187.55,188.26,201.7,187.55,39.85,56.9,2.23,-1.92,0.23,13.6,9.39,2.15,-2.06,88.04,5,12,21,47.62,0.13,71.43,3.47,85.71,3.97,76.19,3.04,66.67,2.64,STRONG,91.66,STRONG,Liquidity,"Trend, Momentum, Structure",-4.77,-1.11,176.63,183.42,202.14,HIGH,198167570.0,NOT_AVAILABLE,NOT_AVAILABLE,,False,False,False,57.9,WATCH,WATCH
409,NEXT50,2026-08-28,763.78,Bearish,50.02,54.86,-4,30,5/10,Medium,52.22,7.67,1.0,4.17,764.32,753.78,723.47,-1.2433,-0.2707,0.8,60.0,767.62,-0.5,0.75,0.111,-0.64,0.0,-0.92,0.58,-0.22,53.03,779.49,767.07,768.67,779.49,761.34,55.53,40.0,0.78,-0.9,0.39,15.26,5.66,2.13,-1.86,86.36,11,6,100,63.0,0.26,62.0,0.5,69.0,0.96,71.0,1.98,70.0,1.99,STRONG,75.76,STRONG,RSI,"Momentum, Structure, VWAP",-1.51,-0.35,752.28,761.1,779.49,LOW,20840290.0,NOT_AVAILABLE,NOT_AVAILABLE,,False,False,False,57.9,WATCH,WATCH
410,CCL,2026-08-28,1123.1,Bullish,64.2,61.75,5,75,6/10,Medium,47.23,26.79,2.39,0.83,1124.08,1138.5,1067.51,0.2902,2.1201,0.84,58.33,1116.09,0.63,2.27,0.393,1.04,3.77,-0.91,-2.79,0.0,66.44,1115.0,1090.4,1111.5,1118.6,1075.1,44.61,51.18,1.72,-1.32,0.18,9.34,5.26,1.96,-2.08,86.17,6,6,100,50.0,0.27,53.0,0.53,55.0,0.62,51.0,0.96,57.0,2.67,POSITIVE,58.42,POSITIVE,Momentum + Structure + VWAP + MACD,Trend,0.83,3.58,1132.48,1163.29,1090.4,MODERATE,173891840.0,NOT_AVAILABLE,NOT_AVAILABLE,,False,False,False,57.89,WATCH,WATCH
411,MONIFTY500,2026-08-28,24.11,Bullish,62.97,65.66,5,75,5/10,Medium,54.08,0.62,2.58,67.5,24.07,23.87,23.48,-0.0269,0.0032,0.52,35.0,24.15,-0.15,5.02,0.461,0.08,0.75,-0.41,0.17,2.49,64.45,24.75,24.06,24.09,24.75,23.46,53.36,40.32,0.59,-0.66,0.8,34.01,3.9,2.02,-2.14,96.04,12,7,17,58.82,0.09,58.82,0.04,58.82,0.27,52.94,-0.07,47.06,-0.25,POSITIVE,54.92,MIXED,Trend + Momentum + RSI + Gap,None material,0.9,3.87,24.33,25.04,24.06,MODERATE,13626588.0,NOT_AVAILABLE,NOT_AVAILABLE,,False,False,False,57.82,WATCH,WATCH
412,HDFCMOMENT,2026-08-28,31.71,Bullish,61.13,65.11,5,75,5/10,Medium,62.65,0.41,1.31,0.83,31.32,31.08,31.01,0.0356,0.0043,0.81,48.33,31.34,1.18,0.79,0.775,0.0,1.77,1.05,2.92,0.06,57.04,31.9,31.64,31.71,31.9,31.14,51.32,42.76,0.86,-1.19,0.54,32.5,7.24,2.03,-3.67,94.33,9,8,66,54.55,0.05,62.12,0.2,53.03,0.12,43.94,0.06,63.64,1.17,MIXED,49.66,MIXED,Trend + Momentum + VWAP + RSI,None material,0.46,1.96,31.85,32.33,31.34,LOW,5121147.0,NOT_AVAILABLE,NOT_AVAILABLE,,False,False,False,57.79,WATCH,WATCH
413,IPCALAB,2026-08-28,1950.3,Bullish,64.88,68.95,5,75,6/10,Medium,66.9,61.17,3.14,30.83,1862.84,1785.57,1610.42,12.9929,-2.1409,0.39,16.67,1860.29,4.84,2.42,0.869,-0.48,2.05,12.46,11.59,-0.45,52.86,1970.3,1947.3,1959.8,1992.0,1889.1,47.11,48.68,1.54,-1.25,0.08,5.39,7.37,1.59,-2.02,91.0,7,11,13,46.15,-0.14,46.15,-0.85,61.54,-0.3,69.23,0.2,61.54,-1.27,MIXED,60.37,POSITIVE,Trend + Momentum + Structure + VWAP,Delivery,1.1,4.7,1971.71,2042.06,1860.29,HIGH,1326808033.0,NOT_AVAILABLE,NOT_AVAILABLE,,False,False,False,57.74,WATCH,WATCH
414,AARTIIND,2026-08-28,540.35,Bullish,64.05,66.94,6,80,6/10,Medium,63.89,15.94,2.95,2.5,522.88,502.94,460.47,0.9412,-0.3918,0.45,25.0,524.32,3.06,2.78,0.84,0.27,2.49,1.17,10.48,0.2,46.31,543.0,534.55,538.9,551.75,516.4,46.84,48.68,1.7,-1.57,0.15,6.58,6.84,2.38,-1.98,75.02,8,8,100,47.0,0.02,53.0,0.27,52.0,0.25,54.0,-0.38,53.0,0.38,MIXED,51.58,MIXED,Trend + Momentum + Structure + VWAP,None material,1.03,4.42,545.93,564.26,524.32,MODERATE,745432956.0,NOT_AVAILABLE,NOT_AVAILABLE,,False,False,False,57.69,WATCH,WATCH
415,HDFCPVTBAN,2026-08-28,28.32,Bullish,63.53,63.06,5,75,6/10,Medium,55.88,0.61,2.15,5.83,28.09,28.04,28.09,0.0479,0.0092,0.58,46.67,28.08,0.84,2.86,0.482,-0.07,0.75,1.8,0.82,2.47,66.76,28.88,28.22,28.34,28.88,27.92,47.37,46.05,0.74,-0.96,0.42,28.42,7.76,1.89,-3.39,94.33,10,6,100,52.0,0.08,56.0,0.24,56.0,0.3,56.0,0.28,63.0,-0.31,POSITIVE,56.52,MIXED,Trend + Momentum + VWAP + RSI,Delivery,0.75,3.22,28.53,29.23,28.08,MODERATE,6528001.0,NOT_AVAILABLE,NOT_AVAILABLE,,False,False,False,57.61,WATCH,WATCH
416,SHRINGARMS,2026-08-28,220.17,Bearish,51.42,55.64,-4,30,6/10,Medium,42.03,6.39,2.9,21.67,225.09,222.94,213.92,-1.202,-0.0818,1.49,81.67,228.16,-3.5,2.87,0.1,0.36,-4.49,-1.39,-1.2,0.17,28.77,222.98,217.75,219.37,233.5,217.75,45.12,49.59,2.09,-1.7,0.46,14.63,4.07,2.15,-1.67,69.29,5,5,71,46.48,0.08,54.93,0.73,59.15,1.27,73.24,3.34,78.87,4.68,POSITIVE,79.78,STRONG,Volume + Liquidity,"Trend, Momentum, Structure",-4.36,-1.02,210.58,217.93,228.16,MODERATE,126363404.0,NOT_AVAILABLE,NOT_AVAILABLE,,False,False,False,57.56,WATCH,WATCH
417,PARAS,2026-08-28,1439.7,Bullish,65.25,61.35,4,70,5/10,Medium,58.07,69.56,4.83,32.5,1401.08,1285.88,1004.84,0.1811,-5.0584,0.38,20.83,1426.22,0.95,2.89,0.585,-1.04,-3.99,4.52,14.58,0.29,34.04,1506.0,1451.0,1454.8,1585.0,1402.0,44.21,51.32,2.71,-2.03,0.29,17.63,6.18,2.13,-3.97,81.5,6,7,100,44.0,-0.18,52.0,0.26,49.0,0.89,57.0,3.05,49.0,1.91,MIXED,67.86,POSITIVE,Trend + Momentum + VWAP + RSI,Structure,1.69,7.25,1464.04,1544.04,1426.22,HIGH,2338179453.0,NOT_AVAILABLE,NOT_AVAILABLE,,False,False,False,57.45,WATCH,WATCH
418,QUESS,2026-08-28,372.25,Bullish,67.05,65.67,6,80,6/10,Medium,70.78,15.19,4.08,71.67,337.9,308.37,266.96,1.8589,0.7761,0.83,67.5,349.31,6.57,5.0,0.942,4.29,10.84,10.2,11.94,0.01,30.49,374.0,355.0,356.95,376.5,332.05,47.89,47.89,1.77,-1.71,0.25,16.45,5.79,1.95,-3.13,82.31,9,8,83,57.83,0.29,51.81,0.64,51.81,0.91,55.42,0.99,62.65,1.4,MIXED,60.13,POSITIVE,Trend + Momentum + Structure + VWAP,None material,1.43,6.12,377.57,395.03,349.31,HIGH,305477462.0,NOT_AVAILABLE,NOT_AVAILABLE,,False,False,False,57.35,WATCH,WATCH
419,AUTOBEES,2026-08-28,298.11,Bearish,47.34,56.04,-5,25,5/10,Medium,51.9,4.62,1.55,5.83,299.18,291.22,277.15,-1.4965,-0.1302,0.68,41.67,302.65,-1.5,1.5,0.112,-0.28,-1.11,-1.59,0.33,0.7,52.04,304.12,298.25,298.96,305.02,298.25,50.66,44.74,0.91,-0.84,0.49,21.45,4.87,1.89,-1.93,94.8,8,8,15,66.67,0.03,66.67,0.12,73.33,0.68,73.33,1.37,86.67,2.15,STRONG,74.53,STRONG,No strong driver,"Momentum, Structure, VWAP",-2.32,-0.54,291.19,296.49,304.12,LOW,75010040.0,NOT_AVAILABLE,NOT_AVAILABLE,,False,False,False,57.15,WATCH,WATCH
420,MUFIN,2026-08-28,138.27,Bullish,64.09,64.95,6,80,6/10,Medium,60.03,3.78,2.73,3.33,135.74,131.8,118.9,-0.1598,0.026,1.16,72.5,136.35,1.41,4.05,0.692,1.71,-0.87,2.01,4.96,0.4,21.61,138.38,135.01,135.95,141.5,135.01,43.29,52.42,2.42,-1.91,0.58,31.67,7.75,2.16,-2.89,85.46,9,12,100,44.0,-0.15,49.0,0.61,46.0,0.89,46.0,0.23,52.0,0.11,MIXED,51.68,MIXED,Trend + Momentum + Volume + VWAP,None material,0.96,4.1,139.59,143.94,135.01,MODERATE,167552831.0,NOT_AVAILABLE,NOT_AVAILABLE,,False,False,False,57.13,WATCH,WATCH
421,DURLAX,2026-08-28,66.0,Neutral-Range,66.28,67.92,3,65,5/10,Medium,63.18,3.83,5.8,55.83,61.48,55.71,48.29,0.3771,-0.1839,2.03,85.0,63.73,3.56,5.47,0.698,-2.37,3.37,-2.87,15.49,1.78,90.06,68.0,66.1,67.6,69.0,61.25,39.44,53.02,2.86,-2.14,0.02,26.08,25.22,2.78,-2.92,69.83,6,8,29,41.38,-0.58,44.83,0.08,55.17,1.31,65.52,3.87,86.21,9.64,POSITIVE,77.24,STRONG,Trend + Momentum + VWAP + RSI,"Structure, Delivery",-5.8,5.8,62.17,69.83,67.6,VERY_HIGH,10127355.0,NOT_AVAILABLE,NOT_AVAILABLE,,False,False,False,57.07,WATCH,WATCH
422,PVTBANIETF,2026-08-28,28.02,Bullish,61.21,62.47,5,75,5/10,Medium,54.28,0.35,1.24,0.83,27.87,27.8,27.92,0.0464,0.0001,0.5,41.67,27.85,0.62,0.71,0.7,-0.36,0.32,1.48,0.97,0.0,42.99,28.23,28.02,28.12,28.23,27.7,49.06,46.02,0.7,-0.98,0.31,21.71,4.78,1.94,-4.73,93.47,7,5,100,55.0,0.17,60.0,0.39,63.0,0.53,57.0,-2.31,58.0,-2.4,POSITIVE,49.88,MIXED,Trend + Momentum + VWAP + RSI,None material,0.43,1.86,28.14,28.54,27.85,LOW,60336464.0,NOT_AVAILABLE,NOT_AVAILABLE,,False,False,False,57.07,WATCH,WATCH
423,SUVEN,2026-08-28,364.95,Bullish,69.69,66.9,5,75,5/10,Medium,59.94,19.3,5.29,12.5,347.29,321.7,247.61,2.1181,-0.7993,0.25,2.5,349.48,4.43,1.85,0.695,-0.86,-2.2,6.6,18.84,-0.03,42.11,374.1,363.5,368.1,393.5,356.65,45.53,49.87,3.06,-2.26,0.36,21.84,11.45,2.33,-2.1,90.32,10,9,17,47.06,0.78,47.06,-0.25,47.06,0.96,64.71,7.69,64.71,12.98,MIXED,74.12,STRONG,Trend + Momentum + VWAP + RSI,None material,1.85,7.93,371.7,393.9,349.48,VERY_HIGH,291477333.0,NOT_AVAILABLE,NOT_AVAILABLE,,False,False,False,57.01,WATCH,WATCH
424,MOSMALL250,2026-08-28,18.55,Neutral-Range,56.7,61.44,2,60,5/10,Medium,61.17,0.34,1.82,3.33,18.39,18.07,17.15,-0.0045,-0.0004,0.4,13.33,18.25,1.66,3.07,0.858,0.05,0.32,0.65,2.77,-2.54,73.12,18.64,18.5,18.54,18.94,18.38,52.16,42.08,0.85,-0.94,0.89,37.92,1.92,1.96,-2.15,95.69,13,9,100,49.0,-0.07,49.0,-0.12,54.0,-0.18,61.0,0.44,50.0,0.02,MIXED,56.29,MIXED,Trend + Structure + VWAP + RSI,"Momentum, MACD, Gap",-1.82,1.82,18.21,18.89,18.54,LOW,35188628.0,NOT_AVAILABLE,NOT_AVAILABLE,,False,False,False,57.01,WATCH,WATCH
425,UNIMECH,2026-08-28,1503.1,Neutral-Range,62.36,64.29,3,65,5/10,Medium,65.36,58.3,3.88,0.83,1438.23,1318.94,1111.49,-5.8636,-0.8712,0.35,7.5,1427.76,5.28,1.97,0.837,1.19,0.78,-1.28,21.62,0.85,44.88,1527.7,1471.0,1485.4,1529.0,1435.0,43.74,53.19,2.62,-2.03,0.45,29.55,9.22,2.12,-2.97,85.93,7,7,44,40.91,0.01,52.27,0.35,54.55,0.64,56.82,2.37,65.91,4.33,MIXED,66.02,POSITIVE,Trend + Structure + VWAP + RSI,"Momentum, MACD",-3.88,3.88,1444.8,1561.4,1485.4,HIGH,405460703.0,NOT_AVAILABLE,NOT_AVAILABLE,,False,False,False,57.0,WATCH,WATCH
426,METALIETF,2026-08-28,13.56,Bullish,65.82,68.49,6,80,6/10,Medium,62.7,0.5,3.67,78.33,13.24,13.04,12.21,0.034,-0.0007,0.43,4.17,13.33,1.75,2.52,0.772,0.52,2.49,3.75,6.1,2.45,46.54,14.02,13.47,13.49,14.02,12.0,51.45,41.78,1.09,-1.14,0.69,37.72,8.12,2.04,-2.57,96.65,8,6,100,50.0,0.01,49.0,0.03,51.0,0.27,59.0,0.51,70.0,1.29,MIXED,56.62,MIXED,Trend + Momentum + VWAP + RSI,None material,1.29,5.51,13.73,14.31,13.33,HIGH,125357970.0,NOT_AVAILABLE,NOT_AVAILABLE,,False,False,False,56.95,WATCH,WATCH
427,JUBLINGREA,2026-08-28,683.5,Bearish,50.5,55.88,-6,20,7/10,Medium,36.87,23.0,3.36,20.0,716.28,710.23,684.36,-6.4121,-0.5985,0.5,29.17,727.1,-6.0,2.46,0.028,-1.1,-4.85,-7.25,-7.1,-0.01,51.97,713.05,687.1,691.1,726.95,687.1,45.26,50.53,2.06,-1.7,0.14,10.39,7.89,1.88,-1.98,85.28,7,8,14,28.57,-0.38,42.86,0.72,71.43,1.88,85.71,6.06,85.71,5.64,STRONG,90.0,STRONG,Liquidity,"Trend, Momentum, Structure",-5.05,-1.18,649.01,675.45,727.1,HIGH,206689206.0,NOT_AVAILABLE,NOT_AVAILABLE,,False,False,False,56.91,WATCH,WATCH
428,CUB,2026-08-28,222.24,Bullish,63.95,63.79,4,70,5/10,Medium,52.92,7.8,3.51,15.83,218.88,221.21,235.09,1.5363,-0.2989,0.41,13.33,214.81,3.46,3.99,0.712,-3.05,2.27,6.52,7.62,-0.08,46.51,230.7,225.14,229.23,230.7,211.34,49.34,46.45,1.65,-1.55,0.1,9.08,6.18,2.19,-2.83,83.06,12,5,9,44.44,-0.33,55.56,-0.46,66.67,-0.61,66.67,1.23,66.67,2.89,MIXED,64.15,POSITIVE,Trend + Momentum + VWAP + RSI,Structure,1.23,5.26,224.97,233.94,214.81,HIGH,570972017.0,NOT_AVAILABLE,NOT_AVAILABLE,,False,False,False,56.86,WATCH,WATCH
429,MOMENTUM50,2026-08-28,55.46,Bullish,61.93,64.38,6,80,6/10,Medium,70.08,0.84,1.51,0.83,54.26,53.5,52.39,0.0876,0.0216,0.67,37.5,53.98,2.75,0.94,0.94,0.47,2.31,1.93,5.38,-0.02,64.84,55.44,55.01,55.2,55.44,54.07,50.0,45.9,0.88,-1.01,0.69,29.1,2.25,1.83,-2.81,91.91,9,7,60,55.0,0.04,50.0,0.01,46.67,-0.09,46.67,-0.45,53.33,0.05,MIXED,45.51,MIXED,Trend + Momentum + Structure + VWAP,None material,0.53,2.27,55.75,56.72,53.98,LOW,30783963.0,NOT_AVAILABLE,NOT_AVAILABLE,,False,False,False,56.77,WATCH,WATCH
430,INNOVACAP,2026-08-28,1055.1,Bullish,65.5,63.57,5,75,5/10,Medium,59.43,42.28,4.01,40.0,1025.17,984.11,868.06,-0.6575,0.1986,0.47,28.33,1027.52,2.68,4.29,0.667,3.28,-3.07,1.84,8.3,0.0,42.56,1039.35,1011.0,1021.55,1115.4,1011.0,47.81,48.39,1.95,-1.66,0.23,17.84,10.82,1.96,-2.04,89.9,8,10,100,46.0,0.02,48.0,0.01,51.0,0.46,54.0,2.14,60.0,3.31,MIXED,62.15,POSITIVE,Trend + Momentum + Structure + VWAP,None material,1.4,6.01,1069.9,1118.51,1011.0,HIGH,91121784.0,NOT_AVAILABLE,NOT_AVAILABLE,,False,False,False,56.76,WATCH,WATCH
431,INDGN,2026-08-28,578.95,Bullish,65.63,69.1,8,90,8/10,Medium,67.23,16.36,2.83,6.67,558.18,539.26,521.68,-0.3893,0.4733,2.24,91.67,559.81,3.42,3.82,0.89,2.04,1.96,4.17,12.38,0.0,55.55,574.0,561.9,567.35,576.75,557.25,47.79,48.81,1.65,-1.56,0.17,10.71,7.65,1.74,-2.11,84.37,12,7,12,58.33,0.6,66.67,0.37,50.0,-0.73,58.33,-1.69,50.0,-1.9,MIXED,43.24,MIXED,Trend + Momentum + Volume + Structure,None material,0.99,4.24,584.68,603.49,559.81,MODERATE,472624734.0,NOT_AVAILABLE,NOT_AVAILABLE,,False,False,False,56.73,WATCH,WATCH
432,BALAJITELE,2026-08-28,94.05,Bullish,67.14,57.88,5,75,5/10,Medium,58.87,3.98,4.23,23.33,91.96,90.54,93.41,0.3108,-0.1529,0.14,5.83,93.19,0.92,1.82,0.493,0.55,-3.83,1.81,12.49,0.45,57.32,95.79,93.0,93.54,100.2,89.46,44.61,50.79,2.84,-2.28,0.31,24.87,13.16,2.18,-2.5,83.68,10,9,11,45.45,1.96,54.55,5.99,54.55,6.11,36.36,4.65,63.64,7.03,MIXED,66.82,POSITIVE,Trend + Momentum + VWAP + RSI,None material,1.48,6.35,95.44,100.02,93.0,HIGH,35642309.0,NOT_AVAILABLE,NOT_AVAILABLE,,False,False,False,56.71,WATCH,WATCH
433,MONQ50,2026-08-28,146.37,Bearish,47.45,54.15,-5,25,5/10,Medium,50.38,1.27,0.86,2.5,146.81,143.92,123.87,-0.4148,-0.0787,0.57,53.33,147.74,-0.93,0.0,0.53,-0.1,-1.61,-2.52,6.4,-0.1,100.0,146.52,146.52,146.52,148.77,146.42,53.82,41.45,0.99,-0.94,0.5,29.87,10.39,1.84,-2.08,83.0,14,8,16,56.25,0.26,68.75,0.96,56.25,1.23,87.5,1.16,75.0,1.94,POSITIVE,74.87,STRONG,No strong driver,"Momentum, Structure, VWAP",-1.3,-0.3,144.47,145.93,147.74,LOW,5642058.0,NOT_AVAILABLE,NOT_AVAILABLE,,False,False,False,56.7,WATCH,WATCH
434,KARURVYSYA,2026-08-28,346.0,Bullish,60.47,64.85,4,70,5/10,Medium,60.48,8.68,2.51,4.17,337.98,325.51,294.66,0.2426,-0.0568,0.78,56.67,340.97,1.48,1.85,0.605,-0.09,3.13,4.3,1.04,0.0,51.42,358.5,345.05,346.3,358.65,333.15,49.21,46.45,1.66,-1.43,0.2,10.66,7.5,1.76,-2.04,81.22,7,10,15,46.67,-0.17,40.0,-0.6,33.33,-0.19,60.0,1.82,73.33,3.69,NEGATIVE,54.19,MIXED,Trend + Momentum + VWAP + RSI,Delivery,0.88,3.76,349.04,359.02,340.97,MODERATE,572177462.0,NOT_AVAILABLE,NOT_AVAILABLE,,False,False,False,56.64,WATCH,WATCH
435,EBBETF0430,2026-08-28,1605.93,Bearish,46.5,57.11,-5,25,5/10,Medium,42.46,12.13,0.76,2.5,1609.7,1604.89,1576.69,-1.3092,-0.0125,1.78,85.83,1610.8,-0.3,0.67,0.125,-0.01,-0.31,-0.49,-0.16,0.3,97.02,1612.8,1602.17,1606.16,1618.0,1601.0,56.05,39.74,0.14,-0.12,0.68,28.29,7.11,2.69,-2.52,99.94,8,5,100,61.0,0.05,67.0,0.09,72.0,0.16,85.0,0.39,87.0,0.59,STRONG,72.15,STRONG,No strong driver,"Momentum, Structure, RSI",-1.13,-0.26,1587.73,1601.68,1612.8,LOW,28011910.0,NOT_AVAILABLE,NOT_AVAILABLE,,False,False,False,56.62,WATCH,WATCH
436,WABAG,2026-08-28,2086.1,Bullish,63.96,62.93,4,70,5/10,Medium,57.02,81.86,3.92,47.5,2017.68,1951.68,1647.21,18.697,-2.1544,1.04,69.17,2028.2,2.85,3.56,0.635,-2.24,4.13,9.53,5.51,0.0,47.53,2215.0,2120.0,2133.9,2215.0,1986.1,48.82,46.97,2.27,-1.85,0.28,13.29,7.63,2.43,-2.87,75.55,10,7,100,41.0,-0.11,47.0,0.32,48.0,0.68,54.0,2.69,54.0,2.97,MIXED,64.18,POSITIVE,Trend + Momentum + VWAP + RSI,Structure,1.37,5.89,2114.75,2208.89,2028.2,HIGH,1252012499.0,NOT_AVAILABLE,NOT_AVAILABLE,,False,False,False,56.61,WATCH,WATCH
437,RAYMOND,2026-08-28,626.85,Bullish,64.68,65.35,5,75,5/10,Medium,52.23,20.81,3.32,0.83,624.36,603.21,572.21,-2.6522,0.1137,0.5,19.17,628.93,-0.33,2.92,0.571,2.09,-2.53,-1.35,8.06,0.0,47.95,625.65,611.0,614.0,654.9,611.0,41.84,53.82,2.3,-1.89,0.16,14.08,5.39,2.02,-5.37,82.87,8,9,100,41.0,-0.25,47.0,0.42,51.0,0.7,57.0,1.05,58.0,-1.62,MIXED,59.8,POSITIVE,Trend + Momentum + Structure + RSI,None material,1.16,4.98,634.13,658.07,611.0,HIGH,355567635.0,NOT_AVAILABLE,NOT_AVAILABLE,,False,False,False,56.46,WATCH,WATCH
438,STOVEKRAFT,2026-08-28,797.5,Bullish,64.46,60.47,4,70,5/10,Medium,53.69,32.82,4.11,35.83,787.07,757.8,660.04,1.9419,-0.7157,0.15,0.83,790.27,0.92,2.99,0.577,-1.43,2.84,6.23,2.45,0.74,49.78,821.6,798.0,809.05,826.8,763.25,45.26,50.26,2.19,-1.8,0.25,14.74,5.79,1.81,-1.94,91.12,10,7,100,48.0,0.36,51.0,0.84,49.0,1.28,54.0,2.36,48.0,2.58,MIXED,65.61,POSITIVE,Trend + Momentum + VWAP + RSI,Structure,1.44,6.17,808.99,846.72,790.27,HIGH,283568099.0,NOT_AVAILABLE,NOT_AVAILABLE,,False,False,False,56.38,WATCH,WATCH
439,TECH,2026-08-28,34.05,Bullish,62.64,61.57,5,75,5/10,Medium,56.56,0.96,2.81,0.83,33.55,32.85,34.12,-0.1586,0.058,0.3,40.83,34.15,-0.29,3.22,0.402,2.5,1.55,-0.7,1.19,0.03,52.17,33.55,33.08,33.22,34.0,33.04,46.05,49.21,1.03,-0.95,0.68,40.0,7.63,1.86,-1.98,94.67,10,8,21,47.62,0.03,42.86,-0.01,42.86,-0.25,66.67,0.41,57.14,0.35,NEGATIVE,53.98,MIXED,Trend + Momentum + Structure + RSI,None material,0.98,4.22,34.38,35.49,33.08,MODERATE,10225478.0,NOT_AVAILABLE,NOT_AVAILABLE,,False,False,False,56.26,WATCH,WATCH
440,EVINDIA,2026-08-28,33.58,Bullish,58.65,63.03,4,70,5/10,Medium,58.21,0.67,2.0,10.0,33.5,32.67,31.09,-0.1471,0.0049,0.7,31.67,33.84,-0.77,2.75,0.327,0.24,-0.27,-1.7,2.28,2.48,78.84,34.37,33.36,33.5,34.37,33.3,49.08,46.31,0.81,-0.85,0.69,26.57,4.06,2.04,-1.89,95.52,8,8,17,64.71,0.12,52.94,0.0,41.18,0.11,47.06,0.67,70.59,1.46,MIXED,49.0,MIXED,Trend + Momentum + RSI + Gap,VWAP,0.7,3.0,33.82,34.59,33.36,LOW,12785421.0,NOT_AVAILABLE,NOT_AVAILABLE,,False,False,False,56.25,WATCH,WATCH
441,POLYPLEX,2026-08-28,1184.4,Bullish,66.17,64.78,6,80,6/10,Medium,57.16,38.08,3.22,14.17,1160.08,1101.19,992.69,-6.1387,1.0146,0.56,52.5,1185.99,-0.13,3.56,0.54,3.06,-0.81,0.25,7.16,0.07,66.7,1181.5,1147.1,1149.2,1215.3,1147.1,43.29,52.5,1.93,-1.54,0.14,10.13,5.79,1.79,-2.32,80.88,5,8,100,47.0,0.05,43.0,0.28,46.0,0.48,51.0,1.69,54.0,1.95,MIXED,57.63,POSITIVE,Trend + Momentum + Structure + RSI,None material,1.13,4.82,1197.73,1241.52,1147.1,HIGH,152567620.0,NOT_AVAILABLE,NOT_AVAILABLE,,False,False,False,56.19,WATCH,WATCH
442,OPTIEMUS,2026-08-28,579.6,Bullish,64.52,59.57,4,70,5/10,Medium,53.17,25.04,4.32,9.17,572.49,549.71,497.43,0.3792,0.349,0.72,50.83,585.74,-1.05,5.01,0.347,0.55,7.29,3.3,-9.1,0.0,42.59,587.4,574.4,576.45,609.95,537.4,44.87,50.79,2.76,-2.19,0.35,18.55,9.08,2.22,-2.2,84.57,7,9,100,39.0,-0.03,46.0,0.47,50.0,1.25,48.0,2.87,46.0,3.2,MIXED,65.78,POSITIVE,Trend + Momentum + RSI + MACD,VWAP,1.51,6.48,588.36,617.16,574.4,HIGH,189677341.0,NOT_AVAILABLE,NOT_AVAILABLE,,False,False,False,56.17,WATCH,WATCH
443,NHPC,2026-08-28,74.82,Bearish,47.41,47.17,-6,20,7/10,Medium,33.99,1.41,1.88,5.0,76.91,77.67,78.77,-0.1053,-0.0812,1.06,75.83,77.53,-3.49,2.05,0.0,-2.26,-1.75,-2.7,-4.97,-0.46,56.93,76.55,75.24,76.55,77.3,75.24,47.24,48.16,1.59,-1.43,0.19,10.13,7.24,1.96,-2.1,77.62,7,7,10,70.0,0.34,70.0,1.8,90.0,2.98,50.0,1.31,70.0,1.53,STRONG,81.16,STRONG,Liquidity,"Trend, Momentum, Structure",-2.82,-0.66,72.71,74.33,77.53,LOW,703471658.0,NOT_AVAILABLE,NOT_AVAILABLE,,False,False,False,56.16,WATCH,WATCH
444,ISGEC,2026-08-28,789.05,Bullish,65.51,61.51,5,75,5/10,Medium,46.36,26.39,3.34,28.33,788.98,838.35,912.49,6.3597,1.4447,0.45,18.33,767.63,2.79,2.1,0.535,1.11,4.5,7.77,-4.47,-0.69,64.58,783.0,759.3,780.4,793.9,750.25,46.71,48.95,2.07,-1.88,0.21,13.29,6.18,1.88,-2.44,86.49,9,11,100,46.0,0.29,55.0,0.94,60.0,1.31,50.0,0.86,62.0,2.84,POSITIVE,62.18,POSITIVE,Momentum + Structure + VWAP + MACD,None material,1.17,5.02,798.29,828.64,759.3,HIGH,70085717.0,NOT_AVAILABLE,NOT_AVAILABLE,,False,False,False,56.15,WATCH,WATCH
445,PVTBANKADD,2026-08-28,28.15,Neutral-Range,57.63,60.76,3,65,5/10,Medium,53.68,0.4,1.43,0.83,28.0,27.94,27.72,0.0477,0.0001,0.07,25.83,27.8,1.25,0.81,0.784,-0.46,0.29,1.3,0.9,-0.32,69.66,28.4,28.24,28.28,28.4,27.24,49.08,45.69,0.75,-0.73,0.28,18.31,6.15,1.69,-2.1,93.37,9,6,100,46.0,0.06,51.0,0.15,54.0,0.21,50.0,0.07,47.0,-0.48,MIXED,52.52,MIXED,Trend + Momentum + VWAP + RSI,"Structure, Delivery",-1.43,1.43,27.75,28.55,28.28,LOW,16760201.0,NOT_AVAILABLE,NOT_AVAILABLE,,False,False,False,56.15,WATCH,WATCH
446,JPPOWER,2026-08-28,16.82,Bearish,50.43,53.71,-4,30,5/10,Medium,36.04,0.41,2.46,0.83,17.27,17.53,17.49,-0.0715,0.0012,0.45,25.83,17.96,-6.35,1.3,0.024,-0.59,-1.64,-3.28,-8.04,0.12,41.74,17.13,16.89,16.92,17.47,16.89,41.97,51.45,2.7,-1.97,0.38,22.24,8.16,2.15,-3.06,80.39,6,10,17,47.06,0.44,64.71,0.67,64.71,0.3,64.71,3.86,70.59,7.0,POSITIVE,76.94,STRONG,Liquidity,"Trend, Momentum, Structure",-3.69,-0.86,16.2,16.68,17.96,MODERATE,786559654.0,NOT_AVAILABLE,NOT_AVAILABLE,,False,False,False,55.98,WATCH,WATCH
447,MRF,2026-08-28,132080.0,Bearish,47.45,51.65,-5,25,6/10,Medium,47.43,1978.57,1.5,5.0,132980.08,132251.08,134967.0,-117.6425,-86.5096,0.57,18.33,132758.06,-0.51,1.56,0.406,-1.14,-0.44,-1.06,-0.52,0.0,59.24,133790.0,132500.0,133600.0,135755.0,131400.0,46.58,49.08,1.09,-0.97,0.19,5.92,2.76,1.65,-1.63,78.69,10,12,14,57.14,0.32,71.43,0.77,78.57,1.09,71.43,0.75,50.0,0.33,STRONG,74.86,STRONG,Liquidity,"Trend, Momentum, Structure",-2.25,-0.52,129112.15,131387.5,133790.0,LOW,523133122.0,NOT_AVAILABLE,NOT_AVAILABLE,,False,False,False,55.94,WATCH,WATCH
448,KPRMILL,2026-08-28,1130.2,Bullish,62.14,62.13,5,75,5/10,Medium,55.39,33.26,2.94,15.83,1114.1,1093.65,1020.95,2.493,-0.7167,1.03,80.0,1104.24,2.35,3.32,0.681,0.33,-1.86,1.82,7.66,0.26,36.56,1147.1,1120.0,1126.5,1167.5,1100.1,44.34,51.05,1.89,-1.48,0.16,10.66,7.24,1.96,-2.1,86.65,7,8,100,39.0,-0.22,50.0,0.23,48.0,0.32,46.0,0.84,41.0,-0.83,MIXED,52.54,MIXED,Trend + Momentum + VWAP + RSI,None material,1.03,4.41,1141.84,1180.09,1104.24,MODERATE,290050510.0,NOT_AVAILABLE,NOT_AVAILABLE,,False,False,False,55.92,WATCH,WATCH
449,NAUKRI,2026-08-28,1354.0,Bullish,63.59,62.54,6,80,6/10,Medium,63.46,34.97,2.58,0.83,1314.51,1228.43,1363.93,-7.6693,0.4764,0.95,65.0,1328.38,1.93,2.29,0.78,1.8,0.29,0.82,10.42,0.68,49.49,1345.6,1318.0,1330.0,1367.8,1318.0,46.84,48.95,1.6,-1.59,0.02,8.82,7.5,1.76,-3.04,79.08,8,7,100,45.0,0.06,48.0,0.16,55.0,-0.51,56.0,-0.39,54.0,0.1,MIXED,50.25,MIXED,Trend + Momentum + Structure + VWAP,None material,0.9,3.87,1366.24,1406.45,1318.0,MODERATE,2523365134.0,NOT_AVAILABLE,NOT_AVAILABLE,,False,False,False,55.9,WATCH,WATCH
450,UCOBANK,2026-08-28,25.48,Bearish,46.7,43.27,-7,15,7/10,Medium,39.54,0.44,1.72,5.0,25.98,26.15,27.49,-0.0385,-0.0161,1.22,85.83,26.06,-2.23,1.41,0.092,-0.04,-0.93,-2.0,-2.64,0.24,46.71,26.23,25.45,25.49,26.44,25.45,42.89,52.24,1.91,-1.6,0.23,11.97,5.53,1.93,-2.66,75.65,8,8,9,66.67,2.81,66.67,2.93,66.67,3.35,77.78,4.87,44.44,3.16,STRONG,85.56,STRONG,No strong driver,"Trend, Momentum, Volume",-2.58,-0.6,24.82,25.33,26.23,LOW,77351725.0,NOT_AVAILABLE,NOT_AVAILABLE,,False,False,False,55.88,WATCH,WATCH
451,FORCEMOT,2026-08-28,17370.0,Bearish,51.92,48.28,-4,30,5/10,Medium,39.91,467.87,2.69,0.83,17887.02,18201.12,18603.3,-108.3807,4.5884,0.55,17.5,18354.47,-5.36,1.09,0.043,-0.03,-2.25,-5.4,-2.97,-0.12,43.92,17537.0,17301.0,17375.0,18011.0,17276.0,46.7,49.28,2.8,-2.07,0.44,16.38,6.75,2.43,-2.26,77.59,9,9,100,45.0,0.41,58.0,1.89,61.0,2.79,71.0,3.67,60.0,2.97,POSITIVE,81.2,STRONG,Liquidity,"Trend, Momentum, Structure",-4.04,-0.94,16668.19,17206.24,18354.47,MODERATE,1331578242.0,NOT_AVAILABLE,NOT_AVAILABLE,,False,False,False,55.86,WATCH,WATCH
452,BHARTIARTL,2026-08-28,1882.4,Bearish,48.47,53.27,-4,30,6/10,Medium,40.74,33.49,1.78,11.67,1928.05,1918.25,1904.95,-9.7151,-1.0462,0.94,60.83,1943.39,-3.14,1.42,0.091,0.22,-3.27,-5.51,-4.54,-0.14,67.24,1915.0,1878.3,1878.3,1954.9,1878.3,50.39,45.13,1.04,-0.93,0.09,6.84,5.79,1.57,-1.46,80.17,8,9,100,55.0,0.21,61.0,0.61,63.0,0.87,71.0,1.49,69.0,2.24,POSITIVE,71.34,STRONG,Delivery + Liquidity,"Trend, Momentum, Structure",-2.67,-0.62,1832.17,1870.68,1943.39,LOW,12641822853.0,NOT_AVAILABLE,NOT_AVAILABLE,,False,False,False,55.86,WATCH,WATCH
453,RECLTD,2026-08-28,316.8,Bearish,51.31,50.3,-4,30,5/10,Medium,24.84,7.38,2.33,25.83,337.23,346.84,357.38,-2.4619,0.059,0.73,35.0,340.65,-7.0,1.85,0.013,-1.28,-3.02,-5.43,-15.06,0.0,55.36,324.55,317.3,320.9,330.45,317.3,49.34,45.92,1.77,-1.76,0.18,11.32,7.5,1.89,-1.95,76.91,8,8,11,72.73,-0.09,54.55,-0.46,72.73,2.06,63.64,2.12,72.73,3.56,STRONG,79.45,STRONG,Liquidity,"Trend, Momentum, Structure",-3.49,-0.82,305.73,314.22,340.65,MODERATE,2032852866.0,NOT_AVAILABLE,NOT_AVAILABLE,,False,False,False,55.85,WATCH,WATCH
454,MOGOLD,2026-08-28,156.85,Bullish,60.46,60.84,5,75,5/10,Medium,67.74,2.44,1.56,25.0,151.87,148.16,141.56,0.5147,-0.1725,0.23,20.0,148.89,5.35,1.64,0.806,0.97,-0.13,4.6,12.04,0.39,44.63,158.9,153.85,155.35,161.0,153.85,53.96,40.29,1.29,-1.27,0.42,24.1,6.83,2.12,-2.43,64.52,9,4,39,53.85,-0.12,51.28,0.31,46.15,0.02,38.46,0.76,46.15,0.04,MIXED,47.73,MIXED,Trend + Momentum + Structure + VWAP,None material,0.54,2.33,157.7,160.51,148.89,LOW,8824690.0,NOT_AVAILABLE,NOT_AVAILABLE,,False,False,False,55.82,WATCH,WATCH
455,JAGSNPHARM,2026-08-28,239.06,Bullish,63.86,65.67,5,75,5/10,Medium,56.95,8.59,3.59,28.33,234.57,228.59,217.63,0.5317,-0.1022,0.89,74.17,234.98,1.74,2.82,0.642,0.87,1.07,5.52,3.58,0.32,50.32,242.66,235.1,236.99,248.0,232.8,45.53,50.0,2.33,-2.1,0.22,20.13,8.68,1.98,-2.87,85.27,6,7,100,47.0,-0.35,51.0,-0.14,53.0,-0.68,57.0,1.67,61.0,1.54,MIXED,57.46,POSITIVE,Trend + Momentum + VWAP + RSI,None material,1.26,5.39,242.07,251.95,234.98,HIGH,24335153.0,NOT_AVAILABLE,NOT_AVAILABLE,,False,False,False,55.72,WATCH,WATCH
456,SYNCOMF,2026-08-28,19.46,Bullish,73.64,65.19,8,90,8/10,Medium,80.22,0.99,5.09,86.67,15.89,14.84,14.5,0.3797,0.104,5.21,97.5,16.79,15.9,17.99,0.877,12.23,20.57,30.43,48.32,1.9,22.74,18.34,17.13,17.34,18.34,15.4,41.32,52.37,2.73,-1.86,0.61,28.68,6.58,2.32,-2.55,86.61,8,8,9,44.44,1.45,44.44,0.63,44.44,-0.42,44.44,6.38,44.44,4.74,NEGATIVE,66.11,POSITIVE,Trend + Momentum + Volume + Structure,None material,1.78,7.64,19.81,20.95,16.79,VERY_HIGH,184039963.0,NOT_AVAILABLE,NOT_AVAILABLE,,False,False,False,55.68,WATCH,WATCH
457,BALAMINES,2026-08-28,2390.5,Bullish,66.61,61.5,6,80,6/10,Medium,63.73,104.94,4.39,15.0,2218.34,2133.38,1729.17,39.6453,-0.6614,0.58,39.17,2191.64,9.07,2.89,0.854,-1.46,15.03,12.03,12.06,-0.53,34.24,2458.7,2381.7,2425.8,2461.0,2060.0,42.76,53.03,2.18,-1.67,0.18,11.97,7.89,2.0,-2.22,80.11,7,9,100,39.0,0.02,48.0,0.8,53.0,1.24,45.0,1.16,42.0,1.36,MIXED,58.9,POSITIVE,Trend + Momentum + Structure + VWAP,None material,1.54,6.58,2427.23,2547.91,2191.64,HIGH,469417321.0,NOT_AVAILABLE,NOT_AVAILABLE,,False,False,False,55.66,WATCH,WATCH
458,CONCOR,2026-08-28,516.0,Bullish,64.04,59.93,6,80,6/10,Medium,53.15,13.71,2.66,56.67,512.15,502.32,511.64,-2.5704,0.6346,2.67,96.67,517.92,-0.37,3.58,0.453,4.65,0.18,-2.09,-1.81,1.89,32.05,518.0,493.05,493.05,524.25,493.05,46.58,48.55,1.41,-1.39,0.18,9.08,4.87,1.7,-2.45,72.37,8,9,100,51.0,-0.01,48.0,0.08,46.0,0.13,52.0,0.43,46.0,-0.18,MIXED,51.54,MIXED,Trend + Momentum + Volume + RSI,None material,0.93,3.98,520.8,536.56,493.05,MODERATE,837030285.0,NOT_AVAILABLE,NOT_AVAILABLE,,False,False,False,55.58,WATCH,WATCH
459,RKFORGE,2026-08-28,751.25,Bullish,65.55,64.6,6,80,6/10,Medium,65.68,23.56,3.14,25.83,715.38,664.07,600.6,-5.7372,1.3714,1.04,66.67,722.33,4.0,4.58,0.835,4.83,1.93,2.55,15.37,0.6,45.71,741.3,713.35,716.65,748.7,713.35,45.39,50.39,1.89,-1.64,0.19,11.97,7.37,1.74,-2.23,80.52,8,9,93,48.39,0.14,55.91,0.87,56.99,0.81,47.31,0.28,47.31,0.49,POSITIVE,55.87,MIXED,Trend + Momentum + Structure + VWAP,None material,1.1,4.7,759.5,786.59,713.35,HIGH,946069983.0,NOT_AVAILABLE,NOT_AVAILABLE,,False,False,False,55.51,WATCH,WATCH
460,COALINDIA,2026-08-28,401.0,Neutral-Range,58.0,51.75,2,60,5/10,Medium,33.91,6.31,1.57,11.67,408.46,420.39,427.44,0.2237,0.0171,5.07,98.33,406.57,-1.37,2.21,0.239,0.25,-1.04,-1.5,-3.18,0.25,79.38,404.95,398.4,400.0,410.95,398.4,50.0,45.26,1.21,-1.2,0.16,6.71,4.61,1.76,-2.39,74.85,8,7,57,64.91,0.25,56.14,0.5,61.4,0.63,57.89,0.18,43.86,0.08,POSITIVE,59.99,POSITIVE,Momentum + Volume + MACD + Delivery,"Trend, VWAP, RSI",-1.57,1.57,394.69,407.31,400.0,LOW,3085782126.0,NOT_AVAILABLE,NOT_AVAILABLE,,False,False,False,55.42,WATCH,WATCH
461,SOUTHBANK,2026-08-28,45.37,Bearish,49.05,50.79,-5,25,6/10,Medium,46.26,1.06,2.33,4.17,45.76,45.48,41.4,-0.0258,-0.0023,0.54,20.0,45.95,-1.27,2.01,0.307,-0.79,0.89,-0.81,-2.85,0.04,52.88,47.04,45.65,45.73,47.04,44.26,45.92,47.5,1.85,-1.55,0.21,12.5,7.24,1.84,-2.57,75.57,6,7,26,46.15,0.05,61.54,2.35,61.54,2.72,65.38,4.79,61.54,5.31,POSITIVE,79.42,STRONG,Liquidity,"Trend, Momentum, Structure",-3.49,-0.81,43.79,45.0,47.04,MODERATE,300013333.0,NOT_AVAILABLE,NOT_AVAILABLE,,False,False,False,55.31,WATCH,WATCH
462,INDIAGLYCO,2026-08-28,1178.3,Bullish,62.49,62.69,4,70,5/10,Medium,58.32,45.0,3.82,56.67,1139.69,1103.09,1056.11,8.1907,-1.1862,0.72,34.17,1141.48,3.23,3.03,0.767,-2.08,2.77,11.05,2.69,-0.69,49.37,1210.0,1182.2,1203.3,1219.0,1105.0,45.39,50.26,2.26,-1.78,0.18,13.82,6.32,1.87,-3.06,83.08,7,13,100,46.0,0.45,48.0,0.27,46.0,0.55,58.0,1.59,55.0,3.74,MIXED,59.96,POSITIVE,Trend + Momentum + VWAP + RSI,Structure,1.34,5.73,1194.05,1245.8,1141.48,HIGH,366007804.0,NOT_AVAILABLE,NOT_AVAILABLE,,False,False,False,55.04,WATCH,WATCH
463,ENIL,2026-08-28,104.89,Bullish,64.97,59.4,5,75,5/10,Medium,52.36,3.83,3.65,54.17,103.74,105.57,114.96,0.5297,0.0637,0.4,25.0,102.53,2.3,5.01,0.305,0.46,2.45,3.84,-2.88,0.55,65.09,108.1,103.5,104.41,108.95,100.75,45.39,50.13,1.96,-1.8,0.36,22.37,8.16,1.74,-1.83,88.68,6,10,19,36.84,-0.0,52.63,0.4,52.63,1.07,57.89,0.67,47.37,1.25,MIXED,60.64,POSITIVE,Momentum + VWAP + RSI + MACD,None material,1.28,5.48,106.23,110.63,102.53,HIGH,5233380.0,NOT_AVAILABLE,NOT_AVAILABLE,,False,False,False,54.97,WATCH,WATCH
464,HOMEFIRST,2026-08-28,1198.3,Bullish,60.99,62.84,5,75,6/10,Medium,54.43,27.91,2.33,0.83,1189.25,1179.6,1148.52,1.7142,0.3024,0.8,58.33,1185.17,1.11,1.39,0.588,-0.16,0.39,1.85,0.78,-0.02,60.7,1204.3,1183.0,1200.2,1227.9,1176.0,45.92,49.74,2.0,-1.7,0.12,11.97,8.03,1.9,-2.48,85.72,11,8,100,49.0,0.28,57.0,0.12,53.0,0.41,48.0,-0.68,43.0,-0.38,MIXED,49.27,MIXED,Trend + Momentum + VWAP + RSI,Delivery,0.82,3.49,1208.07,1240.16,1183.0,MODERATE,133807892.0,NOT_AVAILABLE,NOT_AVAILABLE,,False,False,False,54.97,WATCH,WATCH
465,APS,2026-08-28,259.1,Bullish,66.09,55.49,5,75,5/10,Medium,49.13,12.2,4.71,60.83,256.83,273.71,326.88,3.3296,0.046,0.65,27.5,251.59,2.98,3.87,0.592,0.84,-0.29,5.78,-4.37,0.02,70.0,258.0,247.0,256.95,280.5,242.25,42.83,52.32,3.35,-2.6,0.43,29.96,18.99,3.26,-3.09,78.04,6,10,100,42.0,0.47,47.0,0.76,51.0,1.7,42.0,2.37,47.0,4.39,MIXED,63.83,POSITIVE,Momentum + Structure + VWAP + MACD,None material,1.65,7.06,263.37,277.4,247.0,HIGH,5786619.0,NOT_AVAILABLE,NOT_AVAILABLE,,False,False,False,54.93,WATCH,WATCH
466,ESAFSFB,2026-08-28,44.71,Bullish,65.07,64.03,6,80,6/10,Medium,67.67,2.17,4.84,50.0,41.57,38.11,31.99,0.1676,0.0093,0.21,8.33,41.4,8.0,2.71,0.967,1.68,1.75,15.77,6.33,0.93,,44.8,43.7,43.97,44.8,42.0,41.86,51.74,1.8,-1.52,0.35,18.78,5.98,1.82,-2.35,88.86,7,10,61,47.54,-0.29,44.26,-0.43,45.9,0.22,50.82,1.19,67.21,3.34,MIXED,54.49,MIXED,Trend + Momentum + Structure + VWAP,None material,1.7,7.27,45.47,47.96,41.4,HIGH,96463153.0,NOT_AVAILABLE,NOT_AVAILABLE,,False,False,False,54.85,WATCH,WATCH
467,NESCO,2026-08-28,1048.4,Bullish,63.53,59.18,6,80,6/10,Medium,50.07,24.93,2.38,5.0,1041.9,1069.12,1130.93,1.5186,1.8543,6.55,100.0,1042.25,0.59,4.95,0.451,3.08,1.22,1.0,-1.54,1.37,28.77,1030.0,1015.0,1017.1,1048.0,1015.0,45.13,50.53,1.68,-1.36,0.22,10.26,6.45,1.76,-1.71,83.15,7,7,100,44.0,-0.2,44.0,0.01,42.0,0.19,50.0,0.53,48.0,0.58,MIXED,50.08,MIXED,Momentum + Volume + Structure + VWAP,None material,0.83,3.57,1057.13,1085.8,1015.0,MODERATE,34944105.0,NOT_AVAILABLE,NOT_AVAILABLE,,False,False,False,54.83,WATCH,WATCH
468,BLUEJET,2026-08-28,577.65,Bearish,52.9,51.43,-4,30,5/10,Medium,45.74,18.7,3.24,0.83,588.74,568.68,532.03,-3.1223,-0.5743,0.37,18.33,590.63,-2.2,2.6,0.095,-1.36,-3.1,-1.17,-7.76,-0.1,58.08,593.95,582.5,585.6,615.6,582.5,46.56,48.9,2.36,-2.07,0.33,19.42,9.23,2.17,-2.28,86.45,8,5,10,70.0,0.56,60.0,0.56,70.0,1.54,70.0,4.52,50.0,1.01,STRONG,84.0,STRONG,Liquidity,"Momentum, Structure, VWAP",-4.86,-1.13,549.6,571.11,593.95,HIGH,600603850.0,NOT_AVAILABLE,NOT_AVAILABLE,,False,False,False,54.8,WATCH,WATCH
469,ASTRAZEN,2026-08-28,7106.5,Bearish,51.06,47.65,-4,30,5/10,Medium,21.37,179.56,2.53,13.33,7568.89,7894.1,8307.06,-59.8079,6.6373,0.18,5.0,7624.89,-6.8,1.25,0.025,-0.41,-4.17,-8.34,-12.27,0.06,52.81,7200.0,7070.0,7136.0,7580.0,7070.0,45.92,49.61,1.64,-1.33,0.05,8.55,6.71,1.82,-2.52,90.27,8,6,100,53.0,0.26,54.0,1.16,59.0,1.75,66.0,3.56,65.0,4.43,POSITIVE,78.75,STRONG,Liquidity,"Trend, Momentum, Structure",-3.79,-0.88,6837.16,7043.65,7624.89,MODERATE,110496044.0,NOT_AVAILABLE,NOT_AVAILABLE,,False,False,False,54.8,WATCH,WATCH
470,WALCHANNAG,2026-08-28,221.09,Neutral-Range,55.93,51.64,-2,40,5/10,Medium,39.33,8.96,4.05,0.83,226.86,233.9,217.22,0.2804,0.0565,0.64,36.67,226.95,-2.58,1.7,0.179,-0.53,-2.64,-1.65,-4.7,0.33,51.63,230.99,220.2,222.26,231.76,219.0,42.37,53.42,3.37,-2.42,0.5,31.97,14.74,2.45,-2.62,77.41,11,9,100,52.0,0.65,61.0,2.11,62.0,3.03,66.0,5.96,57.0,6.08,POSITIVE,79.8,STRONG,Momentum + MACD + Liquidity,"Trend, Structure, VWAP",-4.05,4.05,212.13,230.05,222.26,HIGH,138372693.0,NOT_AVAILABLE,NOT_AVAILABLE,,False,False,False,54.72,WATCH,WATCH
471,INDIACEM,2026-08-28,369.75,Neutral-Range,52.18,48.96,-3,35,5/10,Medium,39.9,8.67,2.35,0.83,377.29,383.69,389.38,-1.0141,0.3924,1.82,92.5,382.15,-3.24,2.38,0.198,0.19,-0.31,-1.48,-7.1,0.08,73.15,374.4,368.15,369.05,374.4,362.3,48.16,46.71,1.62,-1.51,0.09,7.76,8.29,1.98,-1.74,83.34,8,8,83,48.19,0.36,53.01,0.73,59.04,1.7,66.27,2.46,65.06,3.06,POSITIVE,75.5,STRONG,Volume + Delivery,"Trend, Momentum, Structure",-2.35,2.35,361.08,378.42,369.05,MODERATE,49413499.0,NOT_AVAILABLE,NOT_AVAILABLE,,False,False,False,54.72,WATCH,WATCH
472,NRBBEARING,2026-08-28,469.65,Neutral-Range,61.24,60.31,3,65,5/10,Medium,55.86,17.58,3.74,0.83,463.71,437.9,355.88,-2.0827,-0.5613,0.32,22.5,467.26,0.51,1.96,0.608,0.65,-3.38,2.34,14.58,0.32,57.94,480.0,465.0,466.6,494.0,465.0,46.58,49.21,1.97,-1.66,0.27,15.0,6.84,1.78,-1.92,82.69,7,9,100,48.0,0.04,48.0,0.57,51.0,1.42,49.0,1.79,51.0,1.21,MIXED,62.84,POSITIVE,Trend + VWAP + RSI + Delivery,"Momentum, MACD",-3.74,3.74,452.07,487.23,466.6,HIGH,274687174.0,NOT_AVAILABLE,NOT_AVAILABLE,,False,False,False,54.68,WATCH,WATCH
473,MOREPENLAB,2026-08-28,106.19,Bullish,65.42,62.16,6,80,6/10,Medium,81.05,5.21,4.91,40.83,86.33,72.4,54.96,1.1349,0.3154,1.09,67.5,83.75,26.79,10.66,0.996,9.81,10.6,26.13,86.17,0.04,30.44,99.75,95.5,96.7,99.75,92.18,43.42,51.71,2.79,-1.98,0.32,14.21,5.92,2.03,-2.57,79.08,12,8,80,45.0,0.22,41.25,0.45,47.5,0.34,45.0,1.69,56.25,4.36,MIXED,55.49,MIXED,Trend + Momentum + Structure + VWAP,None material,1.72,7.36,108.01,114.01,83.75,HIGH,2989919185.0,NOT_AVAILABLE,NOT_AVAILABLE,,False,False,False,54.65,WATCH,WATCH
474,HINDPETRO,2026-08-28,364.0,Bearish,49.27,47.43,-5,25,6/10,Medium,36.33,8.04,2.21,4.17,377.06,384.11,397.22,-0.7203,-0.1921,0.58,19.17,382.74,-4.9,1.9,0.045,-1.89,0.21,-2.54,-6.61,-0.27,46.71,376.25,368.9,371.0,381.7,362.25,50.66,44.74,1.77,-1.82,0.17,16.84,9.74,1.9,-2.5,71.06,9,8,9,44.44,0.32,44.44,1.45,77.78,2.45,55.56,2.15,66.67,6.71,STRONG,80.07,STRONG,Liquidity,"Trend, Momentum, Structure",-3.31,-0.77,351.94,361.19,382.74,MODERATE,2081609881.0,NOT_AVAILABLE,NOT_AVAILABLE,,False,False,False,54.53,WATCH,WATCH
475,SRHHYPOLTD,2026-08-28,473.95,Bearish,50.47,48.73,-4,30,5/10,Medium,41.6,13.65,2.88,16.67,482.65,488.21,501.32,-2.2119,0.5286,0.64,35.83,490.24,-3.32,2.65,0.142,1.11,0.17,-4.55,-2.16,0.86,85.51,482.85,466.0,468.75,483.3,466.0,43.68,52.11,2.04,-1.71,0.22,16.84,9.87,1.55,-1.88,85.39,7,8,11,36.36,-0.53,54.55,-0.91,63.64,1.07,81.82,1.72,54.55,2.55,POSITIVE,77.07,STRONG,Delivery,"Trend, Momentum, Structure",-4.32,-1.01,453.47,469.17,490.24,MODERATE,5430736.0,NOT_AVAILABLE,NOT_AVAILABLE,,False,False,False,54.53,WATCH,WATCH
476,NAHARSPING,2026-08-28,288.4,Bearish,50.65,52.35,-5,25,5/10,Medium,45.49,11.79,4.09,50.83,295.72,285.83,251.2,-2.874,-0.2025,0.2,6.67,309.85,-6.92,2.35,0.078,-0.98,-3.8,-4.5,2.6,0.0,79.15,298.5,290.0,291.25,305.05,290.0,44.47,50.79,2.18,-1.83,0.33,21.97,9.08,1.84,-2.07,83.46,7,8,20,55.0,0.75,65.0,1.22,65.0,2.79,75.0,7.72,85.0,8.35,STRONG,84.0,STRONG,No strong driver,"Momentum, Structure, VWAP",-6.13,-1.43,270.72,284.27,309.85,HIGH,21616368.0,NOT_AVAILABLE,NOT_AVAILABLE,,False,False,False,54.4,WATCH,WATCH
477,PRIVISCL,2026-08-28,3458.0,Neutral-Range,49.72,56.1,-3,35,5/10,Medium,39.8,76.3,2.21,1.67,3509.48,3516.43,3188.68,-6.7473,2.6236,0.36,7.5,3534.93,-2.18,2.53,0.169,0.04,-0.62,-0.69,-4.4,-0.19,63.57,3489.0,3450.0,3456.6,3510.0,3420.2,49.34,46.32,1.78,-1.54,0.2,15.39,5.66,1.51,-2.22,88.94,9,9,28,42.86,0.03,42.86,-0.39,39.29,-0.28,78.57,3.34,96.43,5.99,NEGATIVE,68.49,POSITIVE,Delivery + Liquidity,"Trend, Momentum, Structure",-2.21,2.21,3381.7,3534.3,3456.6,MODERATE,212053537.0,NOT_AVAILABLE,NOT_AVAILABLE,,False,False,False,54.37,WATCH,WATCH
478,NUVAMA,2026-08-28,1805.0,Bullish,67.83,63.75,8,90,8/10,Medium,57.69,56.83,3.15,9.17,1755.63,1743.71,2491.4,12.7049,1.7715,0.74,46.67,1708.17,5.67,2.41,0.866,1.18,3.52,8.08,0.07,0.0,52.22,1793.0,1758.0,1784.0,1793.0,1702.1,49.2,46.68,2.24,-2.15,0.14,17.02,8.51,1.98,-3.75,83.02,10,8,11,54.55,0.31,63.64,0.61,72.73,1.27,27.27,-1.39,63.64,3.38,STRONG,49.52,MIXED,Trend + Momentum + Structure + VWAP,None material,1.1,4.72,1824.89,1890.25,1708.17,HIGH,565406708.0,NOT_AVAILABLE,NOT_AVAILABLE,,False,False,False,54.35,WATCH,WATCH
479,KAYNES,2026-08-28,3943.1,Bullish,63.11,58.09,4,70,5/10,Medium,61.48,138.31,3.51,15.0,3796.08,3631.93,3975.01,8.7504,-4.7888,0.52,19.17,3828.09,3.0,3.07,0.7,-1.88,1.37,7.73,3.64,0.41,28.19,4113.2,4004.0,4018.8,4117.9,3798.0,48.55,47.24,2.33,-2.11,0.37,18.68,8.16,2.2,-2.56,82.94,7,7,20,55.0,0.44,40.0,-0.01,50.0,0.19,60.0,1.87,50.0,1.04,MIXED,61.74,POSITIVE,Trend + Momentum + VWAP + RSI,Structure,1.23,5.26,3991.51,4150.56,3828.09,HIGH,4931071401.0,NOT_AVAILABLE,NOT_AVAILABLE,,False,False,False,54.3,WATCH,WATCH
480,RISHABH,2026-08-28,691.6,Bullish,63.96,60.52,5,75,5/10,Medium,58.27,32.68,4.73,28.33,671.87,637.23,517.11,0.3335,-0.3097,0.46,27.5,679.7,1.75,4.16,0.659,0.16,3.33,6.62,13.27,0.64,46.47,704.95,686.05,690.5,722.1,657.05,44.21,51.05,2.42,-1.9,0.3,20.79,10.53,1.93,-2.17,86.76,9,8,17,41.18,-0.18,52.94,1.06,52.94,2.15,41.18,0.3,52.94,1.45,MIXED,57.74,POSITIVE,Trend + Momentum + VWAP + RSI,None material,1.65,7.09,703.04,740.62,679.7,HIGH,269114701.0,NOT_AVAILABLE,NOT_AVAILABLE,,False,False,False,54.28,WATCH,WATCH
481,TEAMLEASE,2026-08-28,1272.7,Bullish,61.5,58.86,5,75,5/10,Medium,49.93,30.95,2.43,30.0,1262.03,1299.54,1421.93,7.1636,1.665,0.81,58.33,1250.04,1.81,3.75,0.735,1.6,2.21,1.41,3.06,0.58,59.01,1263.9,1229.7,1252.7,1263.9,1224.8,45.26,50.13,1.42,-1.43,0.23,10.26,5.39,1.72,-1.74,90.31,10,12,100,52.0,0.15,49.0,-0.05,48.0,-0.11,54.0,0.11,48.0,-0.13,MIXED,50.7,MIXED,Momentum + Structure + VWAP + MACD,None material,0.85,3.65,1283.53,1319.13,1229.7,MODERATE,25667722.0,NOT_AVAILABLE,NOT_AVAILABLE,,False,False,False,54.28,WATCH,WATCH
482,THERMAX,2026-08-28,3944.2,Bearish,50.57,52.09,-5,25,6/10,Medium,36.08,125.28,3.18,0.83,4082.93,4261.1,3972.29,11.8496,-0.4034,0.19,3.33,4057.45,-2.79,1.63,0.026,-0.47,-0.59,-2.49,-8.4,0.91,58.37,4029.9,3954.0,3962.7,4063.4,3941.0,47.5,48.16,1.83,-1.65,0.19,12.76,6.18,1.78,-2.37,84.19,8,7,12,66.67,0.73,91.67,1.49,83.33,2.13,75.0,1.21,50.0,0.06,STRONG,83.78,STRONG,Liquidity,"Trend, Momentum, Structure",-4.76,-1.11,3756.27,3900.35,4057.45,HIGH,769030989.0,NOT_AVAILABLE,NOT_AVAILABLE,,False,False,False,54.24,WATCH,WATCH
483,PRIMESECU,2026-08-28,287.85,Bullish,62.63,59.22,4,70,5/10,Medium,55.06,9.7,3.37,15.83,282.37,282.88,280.96,-0.0265,0.6213,0.31,25.83,289.39,-0.53,5.7,0.369,2.84,4.05,2.09,3.95,0.52,83.31,284.05,275.2,279.9,284.05,272.0,49.34,46.45,1.92,-1.79,0.07,16.58,13.16,1.91,-1.85,93.25,9,7,10,50.0,-0.28,50.0,-0.55,60.0,-0.3,50.0,2.02,60.0,1.65,MIXED,60.38,POSITIVE,Trend + Momentum + Structure + RSI,VWAP,1.18,5.06,291.25,302.41,275.2,HIGH,12762606.0,NOT_AVAILABLE,NOT_AVAILABLE,,False,False,False,54.15,WATCH,WATCH
484,SWARAJENG,2026-08-28,3544.8,Bearish,46.23,44.27,-6,20,6/10,Medium,34.14,48.39,1.37,0.83,3592.09,3658.83,3724.86,0.4183,-0.1898,0.63,45.83,3595.91,-1.42,0.7,0.077,-0.1,-0.7,-2.57,-2.31,0.1,61.17,3576.8,3535.0,3548.3,3596.0,3535.0,48.03,47.76,1.5,-1.31,0.29,13.03,4.61,1.8,-1.78,87.29,11,10,100,51.0,0.24,62.0,0.8,66.0,1.59,65.0,2.65,61.0,4.01,STRONG,77.81,STRONG,No strong driver,"Trend, Momentum, Structure",-2.05,-0.48,3472.22,3527.86,3595.91,LOW,18952413.0,NOT_AVAILABLE,NOT_AVAILABLE,,False,False,False,54.1,WATCH,WATCH
485,PAGEIND,2026-08-28,35985.0,Bearish,48.74,52.98,-4,30,5/10,Medium,37.14,883.13,2.45,14.17,37015.55,38193.73,38177.74,-78.9181,84.7574,0.39,10.83,36830.97,-2.3,1.33,0.159,0.52,1.42,-2.08,-10.87,0.0,45.37,36215.0,35160.0,35800.0,36215.0,35100.0,46.84,48.95,1.16,-1.12,0.1,3.68,2.89,1.79,-1.86,82.98,8,7,9,55.56,0.58,66.67,0.22,55.56,0.29,77.78,2.32,66.67,3.02,POSITIVE,72.11,STRONG,Liquidity,"Trend, Momentum, Structure",-3.68,-0.86,34660.3,35675.9,36830.97,MODERATE,1223210026.0,NOT_AVAILABLE,NOT_AVAILABLE,,False,False,False,54.04,WATCH,WATCH
486,INOXINDIA,2026-08-28,2126.2,Bullish,65.11,61.08,6,80,6/10,Medium,65.05,89.26,4.2,28.33,1973.0,1902.83,1565.82,17.6265,6.5127,1.89,84.17,2092.62,1.6,7.01,0.681,-2.37,10.15,9.43,11.44,-0.13,16.42,2224.0,1916.9,2177.9,2224.0,1880.3,47.1,48.84,1.9,-1.53,0.11,10.58,8.41,1.88,-2.15,87.84,8,7,84,34.52,0.11,41.67,0.07,44.05,0.59,44.05,1.6,53.57,3.03,MIXED,54.59,MIXED,Trend + Momentum + VWAP + RSI,None material,1.47,6.3,2157.44,2260.09,1916.9,HIGH,813391150.0,NOT_AVAILABLE,NOT_AVAILABLE,,False,False,False,54.0,WATCH,WATCH
487,CHALET,2026-08-28,901.2,Bullish,60.42,61.53,5,75,5/10,Medium,66.05,25.98,2.88,24.17,862.19,838.83,828.95,7.2188,-0.6145,1.11,79.17,873.75,3.14,3.33,0.796,-1.0,4.55,9.22,11.07,-0.47,36.51,913.15,890.5,910.3,923.95,846.05,46.05,49.61,1.7,-1.41,0.14,9.87,7.11,1.83,-1.91,88.76,7,11,100,46.0,0.14,46.0,-0.04,52.0,0.06,48.0,-0.65,36.0,-0.98,MIXED,47.64,MIXED,Trend + Momentum + VWAP + RSI,None material,1.01,4.32,910.29,940.18,873.75,MODERATE,160212819.0,NOT_AVAILABLE,NOT_AVAILABLE,,False,False,False,54.0,WATCH,WATCH
488,STARCEMENT,2026-08-28,187.79,Bearish,48.72,47.46,-5,25,6/10,Medium,22.14,4.4,2.34,35.0,196.49,202.15,214.17,-0.8375,-0.1146,1.41,82.5,196.61,-4.49,3.54,0.115,-0.47,-3.51,-6.13,-7.39,1.22,43.42,192.6,186.0,188.68,196.2,186.0,44.47,51.05,1.63,-1.33,0.16,11.71,7.37,1.79,-2.22,89.45,7,8,100,48.0,0.22,54.0,0.71,65.0,1.49,70.0,2.57,67.0,2.94,STRONG,78.49,STRONG,Gap,"Trend, Momentum, Volume",-3.52,-0.82,181.19,186.25,196.61,MODERATE,46838157.0,NOT_AVAILABLE,NOT_AVAILABLE,,False,False,False,53.98,WATCH,WATCH
489,VADILALIND,2026-08-28,7900.0,Bullish,62.91,62.99,5,75,5/10,Medium,71.35,276.06,3.49,42.5,7378.53,6891.54,5733.2,-12.7798,29.5967,1.07,72.5,7591.69,4.06,8.53,0.602,6.12,6.5,1.95,9.5,-0.46,40.69,7480.0,7401.0,7444.5,7551.0,7335.0,45.53,50.13,2.23,-1.66,0.24,18.16,7.89,1.92,-2.42,90.88,7,9,100,48.0,0.32,49.0,0.1,51.0,0.52,51.0,0.49,52.0,1.43,MIXED,54.74,MIXED,Trend + Momentum + Structure + VWAP,None material,1.22,5.24,7996.62,8314.09,7401.0,HIGH,305235572.0,NOT_AVAILABLE,NOT_AVAILABLE,,False,False,False,53.96,WATCH,WATCH
490,REFEX,2026-08-28,287.55,Bearish,50.85,49.99,-5,25,5/10,Medium,39.3,10.52,3.66,2.5,297.43,303.97,300.38,0.219,-0.1463,0.61,40.0,296.41,-2.99,2.33,0.093,-0.64,-2.18,-3.26,-5.04,0.31,48.41,296.15,286.5,289.4,299.5,285.1,44.61,50.79,2.76,-2.34,0.24,25.26,11.71,2.19,-3.79,80.63,7,8,12,66.67,1.28,75.0,2.12,75.0,3.28,66.67,3.51,50.0,1.5,STRONG,84.58,STRONG,No strong driver,"Trend, Momentum, Structure",-5.49,-1.28,271.76,283.87,296.41,HIGH,95563417.0,NOT_AVAILABLE,NOT_AVAILABLE,,False,False,False,53.9,WATCH,WATCH
491,ITI,2026-08-28,275.5,Bearish,46.9,47.85,-6,20,6/10,Medium,39.55,6.65,2.41,0.83,279.66,283.84,290.06,-0.1287,-0.091,0.52,65.0,282.1,-2.34,1.8,0.067,0.11,-1.34,-0.45,-0.43,0.27,24.57,278.8,274.6,275.2,281.85,274.6,42.76,52.89,2.57,-1.89,0.29,14.21,8.29,2.19,-2.26,75.24,7,6,18,50.0,0.53,44.44,0.67,55.56,1.04,72.22,5.9,88.89,11.89,POSITIVE,79.72,STRONG,No strong driver,"Trend, Momentum, Structure",-3.62,-0.84,265.52,273.17,282.1,MODERATE,95427998.0,NOT_AVAILABLE,NOT_AVAILABLE,,False,False,False,53.86,WATCH,WATCH
492,GOLDIAM,2026-08-28,348.55,Bearish,48.76,51.42,-6,20,7/10,Medium,37.44,14.51,4.16,0.83,363.28,377.31,376.58,-0.2347,-0.4975,0.27,5.83,370.4,-5.9,2.76,0.047,-1.19,-3.27,-4.68,-7.23,0.64,50.3,360.05,350.1,352.75,366.5,350.1,43.95,51.71,2.94,-2.12,0.28,16.58,9.74,2.18,-2.46,85.9,7,13,10,70.0,0.44,80.0,0.28,80.0,0.24,80.0,3.27,70.0,7.32,STRONG,85.04,STRONG,Liquidity,"Trend, Momentum, Structure",-6.24,-1.46,326.79,343.47,370.4,HIGH,460354912.0,NOT_AVAILABLE,NOT_AVAILABLE,,False,False,False,53.81,WATCH,WATCH
493,RAMRAT,2026-08-28,591.9,Bullish,65.85,63.29,7,85,7/10,Medium,82.63,24.18,4.08,10.0,490.41,455.18,442.19,10.4119,3.3014,2.54,92.5,523.42,13.08,7.08,0.943,3.92,24.0,24.6,31.97,0.16,25.0,580.5,526.0,569.6,580.5,475.0,49.08,46.71,2.09,-1.87,0.26,20.26,10.39,2.12,-2.55,88.78,8,9,10,70.0,-0.39,80.0,0.54,50.0,1.26,50.0,-1.19,50.0,0.74,MIXED,50.28,MIXED,Trend + Momentum + Volume + Structure,None material,1.43,6.13,600.36,628.17,523.42,HIGH,271842621.0,NOT_AVAILABLE,NOT_AVAILABLE,,False,False,False,53.81,WATCH,WATCH
494,CEATLTD,2026-08-28,3511.5,Bearish,47.13,52.14,-5,25,6/10,Medium,43.87,86.27,2.46,1.67,3582.24,3563.15,3538.12,-17.5462,-0.6441,0.45,23.33,3651.33,-3.83,1.54,0.162,0.03,-1.46,-4.81,2.38,0.11,41.93,3599.1,3500.0,3510.6,3633.8,3500.0,46.84,48.82,1.79,-1.53,0.22,12.5,6.84,1.91,-2.63,80.47,9,8,21,61.9,0.23,57.14,0.44,47.62,1.07,85.71,2.0,71.43,2.6,MIXED,73.95,STRONG,Liquidity,"Trend, Momentum, Structure",-3.69,-0.86,3382.1,3481.31,3651.33,MODERATE,267997658.0,NOT_AVAILABLE,NOT_AVAILABLE,,False,False,False,53.77,WATCH,WATCH
495,MAHABANK,2026-08-28,83.8,Bullish,58.79,60.84,4,70,5/10,Medium,58.31,2.16,2.58,11.67,81.58,81.4,74.16,0.6433,-0.0374,0.74,46.67,81.77,2.49,2.29,0.673,-1.05,4.41,4.59,5.63,0.24,49.92,86.19,84.05,84.69,87.0,79.85,45.79,49.47,1.94,-1.57,0.19,10.39,6.84,1.9,-2.69,72.94,7,7,100,39.0,-0.23,45.0,-0.16,44.0,-0.01,48.0,0.56,50.0,1.27,NEGATIVE,49.4,MIXED,Trend + Momentum + VWAP + RSI,Structure,0.9,3.87,84.56,87.05,81.77,MODERATE,1092082960.0,NOT_AVAILABLE,NOT_AVAILABLE,,False,False,False,53.74,WATCH,WATCH
496,LEMONTREE,2026-08-28,108.53,Neutral-Range,56.61,51.84,1,55,5/10,Medium,43.7,2.31,2.13,4.17,109.43,111.27,121.59,0.0815,0.0362,2.9,98.33,109.74,-1.1,3.42,0.323,0.78,0.18,-0.36,-0.7,-2.03,56.03,109.53,107.26,107.69,110.5,107.26,46.18,48.68,1.67,-1.57,0.31,14.21,6.05,1.83,-2.07,81.16,7,8,58,44.83,0.04,53.45,0.77,62.07,1.22,55.17,0.39,56.9,1.38,POSITIVE,62.47,POSITIVE,Momentum + Volume + MACD + Delivery,"Trend, VWAP, RSI",-2.13,2.13,106.22,110.84,107.69,MODERATE,346951016.0,NOT_AVAILABLE,NOT_AVAILABLE,,False,False,False,53.65,WATCH,WATCH
497,BANKBETF,2026-08-28,58.49,Bearish,44.08,49.95,-6,20,6/10,Medium,50.38,0.79,1.35,7.5,58.5,58.21,57.51,-0.0147,-0.0036,1.4,76.67,58.79,-0.51,0.72,0.445,-0.14,-0.17,-0.09,0.69,0.0,97.87,60.0,58.5,58.57,60.0,58.17,50.98,44.8,0.72,-0.72,0.39,20.36,5.13,1.9,-2.0,91.66,8,7,100,52.0,0.13,59.0,0.25,69.0,0.72,69.0,1.37,66.0,1.06,STRONG,71.66,STRONG,No strong driver,"Momentum, Volume, Structure",-2.03,-0.47,57.3,58.21,60.0,LOW,10345091.0,NOT_AVAILABLE,NOT_AVAILABLE,,False,False,False,53.62,WATCH,WATCH
498,DEEPAKNTR,2026-08-28,1762.9,Bullish,60.23,60.91,5,75,5/10,Medium,55.56,50.41,2.86,3.33,1741.06,1708.74,1692.8,-2.0735,0.134,0.32,5.83,1754.9,0.46,2.0,0.548,0.58,0.9,2.3,6.06,0.0,50.75,1787.0,1738.2,1752.8,1800.9,1707.2,47.89,47.89,1.37,-1.41,0.09,5.92,5.53,2.07,-2.31,83.13,8,10,100,57.0,-0.06,48.0,0.14,46.0,-0.07,46.0,0.04,40.0,-0.3,MIXED,47.08,MIXED,Trend + Momentum + RSI + Delivery,None material,1.0,4.29,1780.54,1838.51,1738.2,MODERATE,1032774018.0,NOT_AVAILABLE,NOT_AVAILABLE,,False,False,False,53.61,WATCH,WATCH
499,HDFCBSE500,2026-08-28,37.87,Bearish,46.55,52.05,-4,30,5/10,Medium,50.24,0.65,1.7,1.67,37.92,37.61,36.99,-0.0493,-0.003,0.34,11.67,38.19,-0.84,1.88,0.161,0.03,-0.05,-0.53,0.19,-1.06,90.56,38.12,37.84,37.86,38.49,37.64,52.89,41.05,0.7,-0.78,0.53,27.24,6.18,1.8,-1.7,97.39,9,6,100,51.0,0.11,60.0,0.26,63.0,0.51,66.0,0.92,71.0,1.0,POSITIVE,65.87,POSITIVE,Delivery,"Momentum, Structure, VWAP",-2.56,-0.6,36.9,37.64,38.19,LOW,40551327.0,NOT_AVAILABLE,NOT_AVAILABLE,,False,False,False,53.55,WATCH,WATCH
500,TATACHEM,2026-08-28,655.75,Bullish,59.69,57.16,4,70,5/10,Medium,47.04,16.67,2.54,13.33,654.24,677.59,734.54,1.0184,1.7434,2.02,89.17,661.43,-0.86,4.7,0.374,1.8,4.63,-2.22,-2.64,0.12,31.4,647.35,635.0,644.15,647.35,624.0,44.74,50.92,1.41,-1.33,0.15,7.5,5.66,2.04,-2.58,78.67,7,13,100,50.0,0.33,58.0,0.39,52.0,0.07,47.0,0.51,50.0,0.47,MIXED,51.97,MIXED,Momentum + Volume + Structure + MACD,VWAP,0.89,3.81,661.58,680.75,635.0,MODERATE,472430720.0,NOT_AVAILABLE,NOT_AVAILABLE,,False,False,False,53.55,WATCH,WATCH
501,HNGSNGBEES,2026-08-28,473.21,Neutral-Range,50.85,49.53,-3,35,5/10,Medium,39.74,9.96,2.11,5.0,480.07,485.77,493.1,-1.1132,0.087,0.64,20.0,482.17,-1.86,1.43,0.174,0.15,-2.07,-1.96,-4.9,1.0,60.43,487.75,470.86,472.5,487.75,464.95,49.08,46.32,1.34,-1.22,0.5,29.47,7.11,1.94,-2.67,86.64,9,6,89,56.18,0.2,61.8,0.64,66.29,0.89,67.42,1.59,65.17,1.56,STRONG,71.72,STRONG,Gap + Delivery,"Trend, Momentum, Structure",-2.11,2.11,463.25,483.17,472.5,MODERATE,50143305.0,NOT_AVAILABLE,NOT_AVAILABLE,,False,False,False,53.54,WATCH,WATCH
502,GLAND,2026-08-28,2888.0,Neutral-Range,57.4,59.46,3,65,5/10,Medium,64.47,85.27,2.95,2.5,2783.18,2599.7,2165.31,-8.1552,-0.2954,0.19,2.5,2856.06,1.12,1.67,0.722,0.5,2.44,-2.77,15.39,0.0,58.69,2924.4,2855.6,2873.5,2924.4,2776.1,45.92,49.87,1.55,-1.24,0.21,11.58,6.58,2.18,-2.16,89.1,6,9,100,55.0,0.41,49.0,0.61,43.0,0.62,48.0,0.63,51.0,1.36,MIXED,51.85,MIXED,Trend + VWAP + RSI + Delivery,"Momentum, MACD",-2.95,2.95,2802.73,2973.27,2873.5,MODERATE,2487894978.0,NOT_AVAILABLE,NOT_AVAILABLE,,False,False,False,53.52,WATCH,WATCH
503,JSL,2026-08-28,705.15,Neutral-Range,50.8,49.52,-3,35,5/10,Medium,41.46,15.34,2.17,1.67,718.68,720.85,732.14,-3.6046,0.3521,0.84,50.0,728.54,-3.21,1.5,0.143,0.02,0.54,-4.43,-4.04,-0.14,53.53,714.0,702.05,705.0,720.0,696.65,50.26,45.26,1.66,-1.7,0.15,11.05,6.45,1.71,-2.44,81.32,11,8,100,54.0,0.13,55.0,0.56,60.0,0.88,68.0,2.06,71.0,3.28,POSITIVE,71.56,STRONG,Delivery + Liquidity,"Trend, Momentum, Structure",-2.17,2.17,689.81,720.49,705.0,MODERATE,268076261.0,NOT_AVAILABLE,NOT_AVAILABLE,,False,False,False,53.49,WATCH,WATCH
504,JAYNECOIND,2026-08-28,99.1,Bullish,61.75,59.84,4,70,5/10,Medium,59.46,3.88,3.91,12.5,95.14,92.71,84.99,0.9749,-0.2982,0.84,47.5,96.04,3.19,4.74,0.68,-1.97,-0.79,11.44,15.19,0.0,48.6,103.62,100.67,101.09,105.17,93.78,45.66,49.74,2.84,-2.25,0.47,30.53,11.18,2.17,-2.48,86.08,6,8,100,39.0,-0.04,48.0,0.66,46.0,0.79,49.0,1.61,45.0,2.71,MIXED,57.85,POSITIVE,Trend + Momentum + VWAP + RSI,Structure,1.37,5.87,100.46,104.92,96.04,HIGH,462929722.0,NOT_AVAILABLE,NOT_AVAILABLE,,False,False,False,53.44,WATCH,WATCH
505,MANGLMCEM,2026-08-28,1062.9,Bullish,64.02,62.79,6,80,6/10,Medium,73.22,36.57,3.44,64.17,980.83,947.88,873.14,16.7075,-0.4363,0.44,29.17,995.96,6.72,3.18,0.884,0.44,3.4,18.58,11.83,2.44,63.54,1089.4,1046.6,1058.2,1089.4,980.05,49.61,46.05,1.8,-1.58,0.11,13.03,8.82,1.71,-2.21,90.61,7,7,100,49.0,0.11,54.0,0.34,53.0,0.58,43.0,0.14,47.0,-0.4,MIXED,51.48,MIXED,Trend + Structure + VWAP + Gap,None material,1.2,5.16,1075.7,1117.76,995.96,HIGH,232633800.0,NOT_AVAILABLE,NOT_AVAILABLE,,False,False,False,53.41,WATCH,WATCH
506,VENKEYS,2026-08-28,1571.9,Bullish,61.16,61.46,4,70,5/10,Medium,58.58,51.42,3.27,27.5,1543.16,1514.54,1487.18,2.8594,-0.2992,0.15,0.83,1546.96,1.61,1.42,0.487,-0.23,4.28,2.87,4.84,0.47,50.74,1621.3,1565.1,1575.6,1621.3,1502.1,44.34,51.32,1.48,-1.3,0.23,10.0,3.68,1.68,-2.1,87.88,7,8,100,48.0,0.06,54.0,0.2,59.0,0.39,48.0,0.54,47.0,0.24,POSITIVE,56.17,MIXED,Trend + Momentum + VWAP + RSI,Delivery,1.14,4.91,1589.9,1649.03,1546.96,HIGH,150820475.0,NOT_AVAILABLE,NOT_AVAILABLE,,False,False,False,53.33,WATCH,WATCH
507,NIFTYETF,2026-08-28,262.96,Bearish,46.33,51.95,-4,30,5/10,Medium,46.09,3.35,1.27,28.33,264.15,263.01,263.51,-0.4208,-0.0042,0.36,18.33,265.61,-1.0,1.3,0.477,0.03,-0.46,-1.03,-0.94,-1.0,42.62,265.9,261.91,262.89,266.09,257.4,50.66,45.13,0.58,-0.59,0.37,13.95,4.47,2.08,-2.28,94.0,8,7,15,26.67,-0.25,53.33,0.22,66.67,0.42,66.67,0.47,66.67,0.43,STRONG,65.23,POSITIVE,Liquidity,"Trend, Momentum, VWAP",-1.91,-0.45,257.93,261.79,265.9,LOW,115195415.0,NOT_AVAILABLE,NOT_AVAILABLE,,False,False,False,53.29,WATCH,WATCH
508,NLCINDIA,2026-08-28,270.6,Neutral-Range,50.34,50.32,-3,35,5/10,Medium,35.8,7.14,2.64,2.5,279.19,291.87,286.71,-0.0545,0.2798,0.5,25.83,283.15,-4.43,1.36,0.164,0.67,0.3,-1.74,-9.16,0.04,55.65,272.7,268.0,268.8,276.8,268.0,45.26,50.53,2.26,-1.77,0.22,12.89,7.63,2.1,-2.5,82.9,7,8,100,51.0,0.6,60.0,0.96,60.0,1.48,59.0,1.92,50.0,1.3,POSITIVE,70.25,STRONG,Delivery + Liquidity,"Trend, Momentum, Structure",-2.64,2.64,263.46,277.74,268.8,MODERATE,520778462.0,NOT_AVAILABLE,NOT_AVAILABLE,,False,False,False,53.26,WATCH,WATCH
509,PRSMJOHNSN,2026-08-28,111.18,Bullish,63.58,58.41,5,75,5/10,Medium,54.28,4.27,3.84,87.5,109.21,111.65,123.39,0.7115,0.0274,0.06,0.83,110.56,0.56,0.72,0.415,0.02,2.97,5.76,4.43,0.4,45.23,112.19,110.9,111.16,113.65,106.26,42.37,52.24,1.85,-1.49,0.2,11.18,5.79,1.78,-2.01,84.86,6,8,100,42.0,-0.09,57.0,0.31,57.0,0.66,50.0,0.39,48.0,0.68,POSITIVE,56.65,MIXED,Momentum + VWAP + RSI + MACD,None material,1.34,5.76,112.67,117.59,110.56,HIGH,595504459.0,NOT_AVAILABLE,NOT_AVAILABLE,,False,False,False,53.26,WATCH,WATCH
510,YATHARTH,2026-08-28,967.4,Bullish,62.29,62.6,5,75,5/10,Medium,73.9,32.3,3.34,36.67,890.53,860.34,775.44,12.7478,0.5186,2.71,95.83,903.02,7.13,7.04,0.714,-0.58,13.13,14.53,18.2,0.61,33.19,982.0,942.75,973.05,982.0,846.0,48.82,46.84,1.94,-1.69,0.36,20.0,6.58,1.78,-2.2,87.68,6,14,100,47.0,0.2,52.0,0.71,50.0,0.41,48.0,0.51,55.0,1.0,MIXED,52.98,MIXED,Trend + Momentum + VWAP + MACD,None material,1.17,5.01,978.7,1015.85,903.02,HIGH,458595884.0,NOT_AVAILABLE,NOT_AVAILABLE,,False,False,False,53.21,WATCH,WATCH
511,GHCL,2026-08-28,441.45,Bullish,59.33,55.79,5,75,5/10,Medium,54.63,8.79,1.99,3.33,438.39,440.28,483.37,0.5554,-0.0106,0.44,14.17,438.79,0.61,1.33,0.483,0.3,-0.21,2.9,0.76,0.0,52.15,442.35,438.0,440.15,458.0,437.0,45.0,50.66,1.62,-1.5,0.13,10.26,7.11,1.72,-2.19,83.1,7,8,100,48.0,0.02,50.0,0.31,43.0,-0.27,45.0,-0.05,46.0,-0.01,NEGATIVE,44.52,MIXED,Trend + Momentum + VWAP + RSI,None material,0.7,2.99,444.53,454.64,438.0,LOW,62599581.0,NOT_AVAILABLE,NOT_AVAILABLE,,False,False,False,53.17,WATCH,WATCH
512,HTMEDIA,2026-08-28,26.78,Neutral-Range,53.31,55.19,-2,40,5/10,Medium,52.9,1.27,4.72,33.33,26.62,25.59,23.75,-0.0716,-0.0231,0.28,19.17,27.95,-4.18,5.21,0.353,-1.0,-2.87,1.55,8.64,2.03,60.12,27.68,26.92,27.05,28.25,26.61,45.53,48.95,2.1,-1.84,0.26,21.05,13.03,1.96,-2.0,92.97,7,10,92,44.57,0.27,53.26,0.28,51.09,1.53,65.22,2.62,66.3,1.28,MIXED,72.31,STRONG,Trend + RSI + Gap,"Momentum, Structure, VWAP",-4.72,4.72,25.51,28.05,27.05,HIGH,10960625.0,NOT_AVAILABLE,NOT_AVAILABLE,,False,False,False,53.13,WATCH,WATCH
513,PFOCUS,2026-08-28,294.4,Neutral-Range,58.69,63.75,3,65,5/10,Medium,55.02,13.27,4.51,4.17,288.78,278.18,252.71,0.5814,-0.4334,0.18,3.33,290.93,1.19,2.4,0.606,-0.42,-0.86,9.2,2.54,0.42,50.84,303.3,295.0,295.65,314.6,282.25,45.79,49.74,3.05,-2.35,0.26,21.71,12.63,2.12,-2.26,88.55,7,7,8,62.5,1.62,75.0,2.91,62.5,0.97,50.0,-0.68,87.5,5.66,POSITIVE,55.53,MIXED,Trend + Momentum + VWAP + RSI,"Structure, Delivery",-4.51,4.51,281.13,307.67,295.65,HIGH,273167100.0,NOT_AVAILABLE,NOT_AVAILABLE,,False,False,False,53.11,WATCH,WATCH
514,TI,2026-08-28,567.2,Neutral-Range,60.28,58.3,3,65,5/10,Medium,67.41,19.26,3.39,48.33,542.98,502.62,457.54,-1.9533,-0.8852,0.29,0.83,539.22,5.19,3.76,0.79,1.69,-1.47,-0.27,21.94,-0.3,46.16,565.9,546.25,557.8,594.55,546.25,45.66,49.87,2.35,-1.79,0.29,12.24,6.45,2.41,-2.45,76.97,12,9,100,45.0,0.13,46.0,0.58,47.0,1.29,51.0,1.41,41.0,0.91,MIXED,60.1,POSITIVE,Trend + Structure + VWAP + RSI,"Momentum, MACD",-3.39,3.39,547.94,586.46,557.8,HIGH,769031921.0,NOT_AVAILABLE,NOT_AVAILABLE,,False,False,False,53.1,WATCH,WATCH
515,VOLTAMP,2026-08-28,11038.5,Bullish,61.73,64.09,5,75,5/10,Medium,64.84,380.72,3.45,27.5,10447.1,10071.74,9316.76,98.599,-17.9732,0.42,23.33,10519.92,4.93,3.01,0.658,-1.69,1.55,8.85,11.24,-0.09,44.52,11378.5,10700.0,11228.5,11699.0,10344.5,45.39,50.39,2.41,-1.88,0.32,18.29,6.84,1.8,-2.49,84.49,11,9,100,40.0,-0.24,46.0,-0.16,42.0,-0.25,52.0,1.12,72.0,4.73,NEGATIVE,51.38,MIXED,Trend + Momentum + VWAP + RSI,None material,1.21,5.17,11171.75,11609.58,10519.92,HIGH,483626534.0,NOT_AVAILABLE,NOT_AVAILABLE,,False,False,False,53.09,WATCH,WATCH
516,ESABINDIA,2026-08-28,6162.0,Bullish,59.75,60.71,5,75,5/10,Medium,60.41,166.35,2.7,26.67,6035.59,5935.88,5781.84,5.5437,-4.7854,0.55,33.33,6082.96,1.3,2.9,0.651,1.09,-0.77,-1.12,9.48,0.27,52.24,6194.0,6056.5,6095.5,6370.0,6056.5,42.89,52.76,1.5,-1.15,0.18,10.92,5.79,1.68,-1.94,91.63,7,10,100,41.0,-0.13,44.0,-0.54,47.0,-0.32,46.0,-0.14,39.0,-1.1,MIXED,45.71,MIXED,Trend + Momentum + VWAP + RSI,None material,0.94,4.05,6220.22,6411.53,6056.5,MODERATE,58788451.0,NOT_AVAILABLE,NOT_AVAILABLE,,False,False,False,53.07,WATCH,WATCH
517,ASTERDM,2026-08-28,748.4,Bearish,49.15,52.91,-5,25,6/10,Medium,32.16,25.61,3.42,62.5,789.93,791.95,718.19,-8.8769,0.4779,0.31,5.83,793.66,-5.7,2.78,0.03,-0.85,-1.73,-8.99,-8.97,0.67,62.06,762.5,751.0,754.8,775.5,744.0,46.84,48.82,1.68,-1.34,0.24,11.97,5.0,2.15,-2.82,83.23,9,11,21,28.57,-0.4,38.1,-0.58,57.14,0.15,85.71,3.53,76.19,4.14,POSITIVE,79.72,STRONG,Liquidity,"Trend, Momentum, Structure",-5.13,-1.2,709.99,739.44,793.66,HIGH,4562741662.0,NOT_AVAILABLE,NOT_AVAILABLE,,False,False,False,53.05,WATCH,WATCH
518,NATCOPHARM,2026-08-28,853.8,Bearish,46.43,46.75,-6,20,7/10,Medium,33.02,24.2,2.83,10.83,891.67,921.17,951.76,-4.0872,-0.0438,0.83,66.67,901.29,-5.27,1.88,0.075,-0.44,-3.24,-5.46,-6.89,0.02,57.26,869.9,853.0,857.6,900.0,853.0,48.42,47.11,1.63,-1.62,0.29,11.45,5.26,1.95,-2.63,82.37,10,10,10,50.0,-0.13,70.0,0.18,60.0,0.46,80.0,3.13,70.0,4.13,POSITIVE,78.36,STRONG,Liquidity,"Trend, Momentum, Structure",-4.25,-0.99,817.5,845.33,901.29,MODERATE,436677460.0,NOT_AVAILABLE,NOT_AVAILABLE,,False,False,False,53.04,WATCH,WATCH
519,AGARWALEYE,2026-08-28,507.8,Bullish,62.18,62.24,5,75,6/10,Medium,53.94,15.97,3.15,35.83,503.17,493.32,470.68,-2.3762,0.8768,0.24,13.33,511.06,-0.64,4.67,0.337,2.25,1.52,0.26,6.23,-0.7,53.23,501.7,493.55,496.65,502.95,493.0,47.49,49.25,1.55,-1.34,-0.08,10.55,10.55,1.87,-2.37,89.39,7,8,73,50.68,0.31,49.32,0.22,54.79,0.12,50.68,0.07,45.21,-0.44,MIXED,52.67,MIXED,Trend + Momentum + Structure + RSI,VWAP,1.1,4.72,513.39,531.76,493.55,HIGH,1422534423.0,NOT_AVAILABLE,NOT_AVAILABLE,,False,False,False,52.99,WATCH,WATCH
520,MARICO,2026-08-28,829.65,Bearish,43.22,50.71,-6,20,7/10,Medium,38.78,14.96,1.8,2.5,848.93,845.6,797.95,-3.7551,-0.2076,1.63,91.67,854.4,-2.9,1.71,0.069,-0.46,-2.31,-4.11,-4.71,-0.17,71.32,837.75,825.8,833.5,862.15,825.8,47.89,47.63,1.06,-0.95,0.1,5.0,4.21,1.93,-1.8,83.94,8,6,8,50.0,0.03,62.5,0.94,62.5,0.52,75.0,1.0,75.0,2.5,POSITIVE,69.2,POSITIVE,Liquidity,"Trend, Momentum, Structure",-2.71,-0.63,807.2,824.41,854.4,LOW,1290470374.0,NOT_AVAILABLE,NOT_AVAILABLE,,False,False,False,52.98,WATCH,WATCH
521,ALPHA,2026-08-28,55.39,Bullish,59.02,61.46,6,80,6/10,Medium,71.27,0.68,1.24,0.83,53.95,52.69,50.17,0.0798,0.0145,0.86,50.0,53.91,2.74,0.94,0.945,0.56,2.31,2.63,6.66,0.49,68.98,55.59,55.0,55.08,55.59,53.86,53.35,42.33,0.93,-1.06,0.33,16.93,7.03,1.98,-1.95,93.5,12,9,85,58.82,0.18,47.06,-0.05,38.82,-0.28,38.82,-0.96,56.47,0.46,NEGATIVE,37.21,NEGATIVE,Trend + Momentum + Structure + VWAP,None material,0.43,1.85,55.63,56.42,53.91,LOW,48936110.0,NOT_AVAILABLE,NOT_AVAILABLE,,False,False,False,52.95,WATCH,WATCH
522,SILVER1,2026-08-28,23.42,Bullish,63.08,59.0,5,75,5/10,Medium,60.43,0.81,3.46,22.5,22.66,23.61,64.38,0.0928,-0.0078,1.04,70.83,22.58,3.73,2.87,0.693,1.96,-1.01,4.41,11.74,1.87,42.58,24.53,22.71,22.97,24.53,22.71,53.87,41.85,1.71,-2.06,0.2,26.19,12.19,2.46,-4.05,65.33,8,7,100,55.0,0.17,65.0,0.42,55.0,0.38,51.0,0.4,55.0,0.31,POSITIVE,55.22,MIXED,Momentum + VWAP + RSI + Gap,None material,1.21,5.19,23.7,24.64,22.58,HIGH,174639539.0,NOT_AVAILABLE,NOT_AVAILABLE,,False,False,False,52.93,WATCH,WATCH
523,MENONBE,2026-08-28,284.62,Bullish,66.51,63.95,5,75,5/10,Medium,71.72,14.98,5.26,51.67,253.11,220.92,163.01,1.6722,0.0286,0.99,65.83,257.47,10.54,2.44,0.91,0.45,3.63,23.92,35.15,-0.19,,284.85,266.0,283.35,291.9,249.39,47.89,47.37,1.92,-1.69,0.09,13.95,11.71,2.05,-1.76,92.25,8,7,96,50.0,0.37,56.25,0.91,50.0,0.99,54.17,2.4,60.42,5.08,MIXED,65.02,POSITIVE,Trend + Momentum + Structure + VWAP,None material,1.84,7.89,289.86,307.09,257.47,VERY_HIGH,20148117.0,NOT_AVAILABLE,NOT_AVAILABLE,,False,False,False,52.89,WATCH,WATCH
524,ENDURANCE,2026-08-28,2929.2,Neutral-Range,49.75,51.0,-3,35,5/10,Medium,52.88,74.89,2.56,1.67,2932.55,2824.89,2636.97,-13.1421,-4.0855,0.76,35.83,2951.87,-0.77,2.42,0.581,-0.53,-3.31,1.04,6.2,0.03,63.77,2990.0,2935.0,2944.8,3072.0,2935.0,46.45,49.34,1.64,-1.34,0.17,8.95,6.18,1.93,-1.99,85.21,8,8,100,51.0,0.45,67.0,1.46,64.0,1.63,55.0,1.35,57.0,2.33,POSITIVE,68.57,POSITIVE,RSI + Liquidity,"Momentum, Structure, VWAP",-2.56,2.56,2854.31,3004.09,2944.8,MODERATE,462624457.0,NOT_AVAILABLE,NOT_AVAILABLE,,False,False,False,52.87,WATCH,WATCH
525,JINDALSAW,2026-08-28,308.6,Bullish,62.79,65.06,6,80,6/10,Medium,71.13,10.86,3.52,15.0,280.89,267.44,236.15,3.9646,0.2737,0.4,27.5,290.68,6.16,1.98,0.869,-0.53,5.81,15.54,20.1,0.0,39.06,316.95,303.4,310.25,316.95,271.2,47.76,48.03,2.27,-2.15,0.17,12.5,6.97,1.99,-3.29,79.09,9,8,100,50.0,0.03,44.0,-0.17,45.0,0.2,50.0,-0.27,69.0,0.16,MIXED,47.97,MIXED,Trend + Momentum + Structure + VWAP,None material,1.23,5.28,312.4,324.9,290.68,HIGH,830979250.0,NOT_AVAILABLE,NOT_AVAILABLE,,False,False,False,52.85,WATCH,WATCH
526,COMSYN,2026-08-28,282.0,Neutral-Range,62.66,60.46,2,60,5/10,Medium,69.22,15.3,5.42,68.33,264.82,229.09,178.26,-1.4708,-0.9907,1.19,77.5,260.43,8.28,7.3,0.829,-0.62,-1.46,-2.2,31.28,0.0,48.02,290.04,277.49,283.75,294.0,271.35,47.3,48.2,2.26,-1.75,0.45,30.33,13.96,2.36,-2.23,90.17,12,11,95,48.42,0.57,54.74,1.34,54.74,1.77,54.74,3.4,58.95,6.14,MIXED,73.32,STRONG,Trend + Structure + VWAP + RSI,"Momentum, Volume, MACD",-5.42,5.42,266.7,297.3,283.75,VERY_HIGH,232065207.0,NOT_AVAILABLE,NOT_AVAILABLE,,False,False,False,52.77,WATCH,WATCH
527,ANTELOPUS,2026-08-28,787.3,Bearish,51.43,49.6,-4,30,5/10,Medium,44.98,35.01,4.45,0.83,805.77,805.63,694.85,-2.8541,0.4369,0.31,5.0,821.11,-4.12,2.09,0.111,0.78,-1.6,0.6,-4.16,0.0,47.3,793.85,778.0,781.2,816.4,773.7,47.33,47.33,3.22,-2.76,0.26,25.1,10.29,2.37,-3.64,81.57,6,8,100,47.0,0.49,54.0,1.92,59.0,2.2,69.0,4.88,68.0,5.53,POSITIVE,79.8,STRONG,Liquidity,"Trend, Momentum, Structure",-6.67,-1.56,734.79,775.05,821.11,HIGH,114123259.0,NOT_AVAILABLE,NOT_AVAILABLE,,False,False,False,52.76,WATCH,WATCH
528,RBZJEWEL,2026-08-28,146.2,Bullish,61.11,59.73,4,70,5/10,Medium,53.16,6.78,4.64,22.5,143.74,142.39,139.01,0.5097,0.1296,0.29,3.33,144.96,0.85,1.54,0.565,-0.18,5.87,3.81,-1.87,-0.99,53.27,150.79,145.68,146.46,155.97,135.4,43.88,51.75,2.55,-1.98,0.4,30.17,15.31,2.38,-2.28,71.56,10,11,73,43.84,-0.05,42.47,0.12,53.42,0.54,53.42,0.37,49.32,0.45,MIXED,56.03,MIXED,Trend + Momentum + VWAP + RSI,Delivery,1.62,6.96,148.57,156.37,144.96,HIGH,21275507.0,NOT_AVAILABLE,NOT_AVAILABLE,,False,False,False,52.76,WATCH,WATCH
529,BHAGYANGR,2026-08-28,391.05,Bullish,64.43,59.23,6,80,6/10,Medium,52.91,18.63,4.76,2.5,385.37,372.89,271.29,0.0089,0.4076,0.63,40.83,386.38,1.21,4.82,0.653,2.13,-0.87,7.34,2.83,-0.51,54.12,391.7,380.0,382.9,401.9,380.0,45.26,50.39,3.01,-2.16,0.42,31.58,16.58,2.4,-2.46,82.88,7,8,100,39.0,-0.43,36.0,-0.2,43.0,0.16,44.0,1.64,43.0,1.62,MIXED,52.65,MIXED,Trend + Momentum + VWAP + RSI,None material,1.67,7.14,397.57,418.99,380.0,HIGH,50439092.0,NOT_AVAILABLE,NOT_AVAILABLE,,False,False,False,52.76,WATCH,WATCH
530,IDEA,2026-08-28,14.68,Bullish,60.82,60.65,4,70,5/10,Medium,62.1,0.44,3.02,20.0,14.06,13.7,11.98,0.1666,-0.035,0.81,41.67,13.99,4.93,3.34,0.751,-1.94,5.31,4.04,12.84,0.4,30.58,15.26,14.91,14.97,15.37,13.92,43.55,49.34,2.74,-2.22,0.46,20.39,6.84,2.42,-2.35,82.05,7,8,100,51.0,0.23,54.0,0.59,55.0,0.57,44.0,0.82,50.0,0.98,POSITIVE,55.21,MIXED,Trend + Momentum + VWAP + RSI,Structure,1.06,4.54,14.84,15.35,13.99,HIGH,6474815179.0,NOT_AVAILABLE,NOT_AVAILABLE,,False,False,False,52.74,WATCH,WATCH
531,VGUARD,2026-08-28,333.25,Neutral-Range,60.1,57.62,3,65,5/10,Medium,59.5,10.01,3.0,40.83,326.77,318.67,325.05,-0.5412,-0.0855,0.3,12.5,326.44,2.09,2.38,0.619,0.53,0.38,1.99,5.96,-0.44,68.46,335.4,328.5,331.5,343.1,327.15,45.13,50.26,1.36,-1.17,0.16,8.95,5.26,1.74,-2.12,91.49,7,12,100,44.0,-0.03,54.0,0.06,55.0,0.17,60.0,0.91,57.0,1.17,POSITIVE,59.57,POSITIVE,Trend + VWAP + RSI + Delivery,"Momentum, MACD",-3.0,3.0,323.24,343.26,331.5,HIGH,381140042.0,NOT_AVAILABLE,NOT_AVAILABLE,,False,False,False,52.71,WATCH,WATCH
532,VSTTILLERS,2026-08-28,4381.6,Bearish,49.47,45.63,-4,30,6/10,Medium,42.42,107.93,2.46,8.33,4446.29,4515.96,4852.42,-7.8536,-0.4297,0.5,20.83,4507.95,-2.8,2.18,0.075,0.15,-0.65,-2.88,-1.67,1.83,72.02,4438.5,4365.5,4375.0,4479.6,4355.1,45.26,50.53,1.65,-1.38,0.29,15.26,6.71,1.86,-1.91,84.89,8,8,100,42.0,-0.08,43.0,0.42,49.0,0.9,63.0,4.11,68.0,4.98,MIXED,74.2,STRONG,Gap + Delivery,"Trend, Momentum, Structure",-3.69,-0.86,4219.71,4343.83,4507.95,MODERATE,55188755.0,NOT_AVAILABLE,NOT_AVAILABLE,,False,False,False,52.58,WATCH,WATCH
533,KOTAKBANK,2026-08-28,423.7,Bullish,58.14,57.82,5,75,6/10,Medium,74.12,7.64,1.8,9.17,401.24,397.16,721.3,3.3167,0.386,1.61,89.17,403.96,4.89,1.23,0.903,-0.12,5.19,8.32,8.56,0.09,75.46,427.7,415.0,424.2,427.7,398.15,48.42,46.84,1.01,-1.2,-0.12,5.0,6.97,1.71,-3.32,70.87,9,6,100,48.0,-0.22,42.0,-0.71,39.0,-0.79,51.0,-0.56,63.0,0.13,NEGATIVE,41.1,NEGATIVE,Trend + Momentum + Structure + VWAP,Delivery,0.63,2.7,426.37,435.16,403.96,LOW,4744974801.0,NOT_AVAILABLE,NOT_AVAILABLE,,False,False,False,52.56,WATCH,WATCH
534,VTL,2026-08-28,592.75,Bearish,48.01,50.45,-4,30,5/10,Medium,42.21,15.46,2.61,0.83,601.62,608.51,561.94,0.8808,-0.4135,0.54,30.0,598.19,-0.91,1.84,0.426,-0.31,-1.68,0.36,1.19,-0.44,55.4,607.5,592.65,594.6,609.0,589.35,46.84,48.55,1.74,-1.51,0.2,11.71,5.53,1.88,-2.16,85.04,6,6,12,66.67,0.44,50.0,-0.1,50.0,0.1,66.67,3.45,66.67,3.77,MIXED,70.03,STRONG,Liquidity,"Trend, Momentum, VWAP",-3.91,-0.91,569.56,587.34,607.5,MODERATE,115140172.0,NOT_AVAILABLE,NOT_AVAILABLE,,False,False,False,52.55,WATCH,WATCH
535,TASTYBITE,2026-08-28,10073.0,Neutral-Range,59.25,59.54,3,65,5/10,Medium,59.7,405.31,4.02,52.5,9762.49,9232.74,8495.62,-21.1539,-0.8207,0.23,12.5,9957.97,1.16,3.67,0.693,2.61,-0.62,0.68,9.06,-0.17,50.08,10172.5,9755.0,9816.5,10300.0,9755.0,42.5,53.16,1.73,-1.45,0.32,18.55,6.45,1.77,-1.87,90.57,8,8,63,41.27,0.02,52.38,0.36,49.21,0.34,57.14,0.89,60.32,2.31,MIXED,57.14,POSITIVE,Trend + VWAP + RSI + Delivery,"Momentum, MACD",-4.02,4.02,9667.69,10478.31,9816.5,HIGH,182959720.0,NOT_AVAILABLE,NOT_AVAILABLE,,False,False,False,52.42,WATCH,WATCH
536,SAMBHV,2026-08-28,127.41,Bullish,61.88,61.31,5,75,5/10,Medium,56.74,5.08,3.99,29.17,124.01,119.66,111.06,0.2271,-0.1087,0.53,26.67,124.62,2.24,3.77,0.651,2.63,-1.5,5.25,6.12,0.43,40.43,128.9,123.0,124.14,133.8,123.0,44.82,50.5,2.41,-1.88,0.24,17.06,8.7,2.03,-2.55,79.29,7,5,47,36.17,0.14,46.81,-0.42,51.06,0.25,55.32,-0.36,38.3,-1.88,MIXED,51.79,MIXED,Trend + Momentum + VWAP + RSI,None material,1.4,5.98,129.19,135.03,123.0,HIGH,247825766.0,NOT_AVAILABLE,NOT_AVAILABLE,,False,False,False,52.4,WATCH,WATCH
537,COMMOIETF,2026-08-28,99.82,Bearish,44.7,49.0,-5,25,5/10,Medium,45.71,1.24,1.25,0.83,100.25,100.61,98.81,-0.0139,-0.0125,0.51,21.67,100.74,-0.91,1.0,0.23,-0.38,0.26,-0.24,-0.8,0.16,66.27,100.99,99.79,100.2,100.99,99.46,53.11,42.4,0.77,-0.85,0.44,17.22,2.89,1.82,-1.71,90.1,8,7,100,53.0,0.14,58.0,0.37,59.0,0.78,66.0,1.28,64.0,0.97,POSITIVE,66.99,POSITIVE,No strong driver,"Trend, Momentum, VWAP",-1.87,-0.44,97.95,99.38,100.99,LOW,8039845.0,NOT_AVAILABLE,NOT_AVAILABLE,,False,False,False,52.36,WATCH,WATCH
538,BANDHANBNK,2026-08-28,168.25,Bearish,48.27,48.86,-4,30,5/10,Medium,36.28,4.85,2.88,0.83,174.6,182.32,179.27,0.6294,-0.2621,0.49,23.33,173.59,-3.08,1.58,0.047,-0.85,-3.91,-3.61,-3.38,0.19,46.64,174.5,169.5,169.7,180.74,169.5,46.84,48.55,1.72,-1.7,0.16,10.26,7.11,1.98,-2.14,70.28,8,7,34,44.12,0.06,64.71,0.78,70.59,1.0,58.82,1.62,41.18,-0.54,STRONG,70.77,STRONG,Liquidity,"Trend, Momentum, Structure",-4.32,-1.01,160.98,166.55,174.5,MODERATE,1232407177.0,NOT_AVAILABLE,NOT_AVAILABLE,,False,False,False,52.33,WATCH,WATCH
539,DEEPAKFERT,2026-08-28,1436.3,Bearish,49.58,48.89,-5,25,6/10,Medium,38.26,47.54,3.31,6.67,1491.92,1501.31,1371.02,-3.8655,-0.5928,0.34,11.67,1531.05,-6.19,2.4,0.025,-1.31,-0.89,-4.02,-7.5,0.66,47.66,1484.6,1450.0,1455.3,1508.0,1437.0,46.32,49.47,2.26,-1.83,0.11,8.55,7.63,1.96,-2.83,83.37,8,10,16,56.25,0.94,68.75,2.43,75.0,3.47,56.25,3.45,56.25,6.5,STRONG,80.94,STRONG,Liquidity,"Trend, Momentum, Structure",-4.96,-1.16,1364.99,1419.66,1531.05,HIGH,520888247.0,NOT_AVAILABLE,NOT_AVAILABLE,,False,False,False,52.28,WATCH,WATCH
540,UNOMINDA,2026-08-28,1276.0,Bullish,59.26,59.56,5,75,6/10,Medium,63.91,26.76,2.1,0.83,1247.39,1202.49,1157.42,-2.8838,0.3379,0.67,31.67,1255.5,1.63,1.54,0.803,-0.31,0.87,2.9,8.09,0.16,55.56,1285.0,1252.1,1280.0,1285.0,1240.5,47.76,47.76,1.74,-1.5,0.18,8.55,6.71,2.07,-2.28,82.1,11,7,8,37.5,-0.31,37.5,-0.72,37.5,-0.26,50.0,-0.07,37.5,-1.13,NEGATIVE,44.3,MIXED,Trend + Momentum + Structure + VWAP,Delivery,0.73,3.15,1285.36,1316.13,1252.1,MODERATE,1040495928.0,NOT_AVAILABLE,NOT_AVAILABLE,,False,False,False,52.22,WATCH,WATCH
541,HDFCNIFIT,2026-08-28,33.25,Bullish,59.44,58.91,5,75,5/10,Medium,59.72,0.82,2.47,4.17,32.67,32.02,33.79,-0.1402,0.0644,1.73,90.0,33.2,0.15,3.43,0.564,2.85,1.81,-0.57,1.19,0.0,43.4,32.66,32.15,32.33,33.27,32.1,46.84,48.29,1.01,-1.22,0.45,27.76,6.84,1.96,-3.34,91.76,11,7,100,44.0,-0.96,62.0,-0.36,53.0,-0.55,52.0,-1.18,52.0,-1.17,MIXED,44.83,MIXED,Trend + Momentum + Volume + Structure,None material,0.87,3.71,33.54,34.48,32.15,MODERATE,5267529.0,NOT_AVAILABLE,NOT_AVAILABLE,,False,False,False,52.21,WATCH,WATCH
542,SHK,2026-08-28,152.43,Bearish,51.04,48.89,-4,30,5/10,Medium,44.67,5.91,3.88,9.17,157.55,151.32,156.51,-2.7404,0.1162,0.48,25.83,165.42,-7.85,1.58,0.09,0.67,-3.2,-10.71,-7.39,0.0,53.67,157.0,150.0,151.41,160.07,150.0,45.66,49.87,2.27,-2.01,0.26,14.74,7.11,2.06,-2.56,85.72,9,7,13,76.92,0.36,76.92,0.65,76.92,2.44,53.85,2.04,46.15,0.35,STRONG,78.69,STRONG,Delivery,"Trend, Momentum, Structure",-5.82,-1.36,143.56,150.36,165.42,HIGH,76613746.0,NOT_AVAILABLE,NOT_AVAILABLE,,False,False,False,52.15,WATCH,WATCH
543,MHRIL,2026-08-28,211.39,Bearish,51.52,47.18,-4,30,6/10,Medium,33.82,6.51,3.08,11.67,220.77,225.34,257.54,-1.1728,-0.2174,1.29,81.67,222.59,-5.03,2.79,0.079,0.08,-4.69,-6.72,-3.21,0.2,60.57,219.59,209.22,211.23,225.65,209.22,42.37,53.03,1.47,-1.3,0.2,10.26,5.26,1.96,-1.8,88.22,8,13,18,44.44,0.85,55.56,1.93,61.11,2.24,72.22,2.36,66.67,2.75,POSITIVE,80.07,STRONG,Volume + Delivery,"Trend, Momentum, Structure",-4.62,-1.08,201.63,209.11,222.59,HIGH,25749111.0,NOT_AVAILABLE,NOT_AVAILABLE,,False,False,False,52.13,WATCH,WATCH
544,GMRP&UI,2026-08-28,93.35,Bearish,46.42,43.67,-6,20,6/10,Medium,36.54,2.73,2.92,32.5,96.56,98.63,104.6,-0.2558,-0.1164,3.34,99.17,96.48,-3.24,6.42,0.136,-1.26,-3.34,-3.83,-5.86,0.8,37.67,96.0,93.99,94.54,98.58,93.99,45.0,50.53,2.74,-2.12,0.49,26.05,10.13,2.56,-2.71,77.94,8,9,84,52.38,0.77,65.48,1.86,59.52,2.97,64.29,4.5,63.1,4.39,POSITIVE,78.33,STRONG,No strong driver,"Trend, Momentum, Structure",-4.39,-1.02,89.26,92.39,96.48,MODERATE,95570747.0,NOT_AVAILABLE,NOT_AVAILABLE,,False,False,False,52.11,WATCH,WATCH
545,SBCL,2026-08-28,1049.2,Bullish,61.06,57.68,4,70,6/10,Medium,68.36,48.94,4.66,25.0,972.14,866.12,661.94,-2.1271,-0.9051,0.43,30.83,1022.7,2.59,4.97,0.844,0.48,5.63,0.87,40.0,1.12,45.46,1079.6,1032.1,1044.2,1079.6,986.5,46.71,49.08,2.16,-1.8,0.21,14.87,8.68,2.0,-2.03,87.15,8,8,100,44.0,0.1,47.0,0.0,46.0,0.53,49.0,1.38,46.0,1.41,MIXED,55.89,MIXED,Trend + Structure + VWAP + RSI,"Momentum, MACD",1.63,7.0,1066.33,1122.6,1022.7,HIGH,1237993451.0,NOT_AVAILABLE,NOT_AVAILABLE,,False,False,False,52.09,WATCH,WATCH
546,ATGL,2026-08-28,636.5,Bearish,48.64,45.93,-4,30,5/10,Medium,36.61,15.62,2.45,0.83,653.75,667.65,641.39,0.1462,-0.3306,0.31,19.17,658.98,-3.41,1.57,0.028,-1.37,-1.49,-2.68,-2.29,-0.21,44.06,647.25,639.05,645.35,659.8,635.45,41.45,54.21,2.07,-1.5,0.35,14.47,4.87,2.49,-3.04,80.61,5,7,19,57.89,0.19,57.89,1.52,63.16,3.98,42.11,13.55,42.11,24.61,POSITIVE,71.84,STRONG,Liquidity,"Trend, Momentum, Structure",-3.68,-0.86,613.08,631.03,658.98,MODERATE,652181691.0,NOT_AVAILABLE,NOT_AVAILABLE,,False,False,False,51.83,WATCH,WATCH
547,VOLTAS,2026-08-28,1200.0,Bearish,46.1,43.61,-6,20,7/10,Medium,33.03,32.15,2.68,10.83,1256.17,1285.15,1337.89,-5.7898,-0.516,0.79,43.33,1264.3,-5.09,2.46,0.031,-1.44,-2.83,-9.13,-9.7,0.62,51.14,1235.6,1211.6,1217.5,1245.0,1207.0,50.39,45.26,1.47,-1.51,0.08,7.24,6.58,2.09,-2.06,77.29,9,7,8,62.5,0.09,50.0,0.79,50.0,1.04,75.0,3.63,62.5,3.08,MIXED,77.43,STRONG,Liquidity,"Trend, Momentum, Structure",-4.02,-0.94,1151.78,1188.75,1264.3,MODERATE,1223127450.0,NOT_AVAILABLE,NOT_AVAILABLE,,False,False,False,51.77,WATCH,WATCH
548,THELEELA,2026-08-28,555.25,Bullish,62.86,61.0,6,80,6/10,Medium,68.2,18.55,3.34,30.83,528.3,501.25,456.28,2.8549,-0.5804,0.62,45.0,525.65,5.63,2.42,0.755,0.26,-1.15,8.86,12.26,-0.42,58.29,558.1,541.05,553.8,576.0,532.45,45.79,49.22,1.59,-1.29,-0.01,14.02,14.02,1.63,-1.84,93.37,6,7,33,48.48,0.37,42.42,-0.21,33.33,-0.49,60.61,0.56,39.39,-0.33,NEGATIVE,48.16,MIXED,Trend + Momentum + VWAP + RSI,None material,1.17,5.01,561.74,583.08,525.65,HIGH,387067504.0,NOT_AVAILABLE,NOT_AVAILABLE,,False,False,False,51.7,WATCH,WATCH
549,KSCL,2026-08-28,786.8,Bullish,59.35,57.53,5,75,5/10,Medium,46.52,22.19,2.82,0.83,786.54,817.39,893.68,5.1296,0.3156,0.41,21.67,778.54,1.06,1.26,0.592,0.23,3.51,0.88,0.56,0.62,53.65,787.95,772.05,785.0,793.6,757.45,46.45,49.08,1.95,-1.69,0.16,10.79,6.97,1.9,-2.08,90.67,7,8,100,50.0,0.23,48.0,0.01,48.0,-0.15,48.0,-0.86,51.0,-0.0,MIXED,44.56,MIXED,Momentum + VWAP + MACD + Delivery,None material,0.99,4.23,794.57,820.08,772.05,MODERATE,135172703.0,NOT_AVAILABLE,NOT_AVAILABLE,,False,False,False,51.7,WATCH,WATCH
550,CENTENKA,2026-08-28,547.4,Bearish,49.46,52.08,-4,30,5/10,Medium,38.0,18.16,3.32,20.83,568.85,555.66,500.93,-6.6784,0.3986,0.36,30.83,592.21,-7.57,1.64,0.039,0.02,-3.82,-3.82,-10.33,0.2,60.29,560.0,545.1,547.3,580.0,545.1,48.03,47.63,1.74,-1.63,0.22,12.89,6.97,1.66,-1.77,88.48,10,7,17,52.94,-0.05,70.59,0.17,64.71,-0.09,70.59,3.04,70.59,0.58,MIXED,74.16,STRONG,Delivery,"Trend, Momentum, Structure",-4.98,-1.16,520.16,541.04,592.21,HIGH,34566064.0,NOT_AVAILABLE,NOT_AVAILABLE,,False,False,False,51.5,WATCH,WATCH
551,GILLETTE,2026-08-28,7316.0,Bearish,45.61,42.39,-5,25,6/10,Medium,28.06,121.76,1.66,8.33,7533.82,7653.52,8043.57,-19.3988,-3.1284,1.04,67.5,7539.18,-2.96,1.92,0.125,-1.26,-2.43,-3.74,-4.04,0.3,66.37,7460.0,7324.0,7409.0,7555.0,7250.0,43.42,52.37,1.47,-1.14,0.21,7.5,3.82,1.72,-1.93,85.04,8,8,100,54.0,0.48,57.0,0.71,57.0,1.5,62.0,1.74,55.0,1.49,POSITIVE,69.61,POSITIVE,Liquidity,"Trend, Momentum, Structure",-2.5,-0.58,7133.36,7273.38,7539.18,LOW,107586307.0,NOT_AVAILABLE,NOT_AVAILABLE,,False,False,False,51.3,WATCH,WATCH
552,ASTRAL,2026-08-28,1532.3,Bullish,57.83,55.83,4,70,5/10,Medium,58.28,33.76,2.2,0.83,1506.27,1484.53,1501.98,0.064,-0.9491,0.71,50.83,1559.13,-1.72,1.76,0.628,0.2,0.25,-1.54,5.78,0.42,61.14,1547.5,1521.3,1529.2,1547.6,1519.0,46.97,48.55,1.34,-1.32,0.12,6.71,5.0,1.56,-2.27,82.98,8,7,100,42.0,-0.05,47.0,0.01,49.0,-0.05,45.0,-0.26,51.0,0.29,MIXED,46.66,MIXED,Trend + Momentum + RSI + Delivery,VWAP,0.77,3.31,1544.12,1582.94,1521.3,MODERATE,1541450854.0,NOT_AVAILABLE,NOT_AVAILABLE,,False,False,False,51.26,WATCH,WATCH
553,NAM-INDIA,2026-08-28,1194.4,Bearish,46.95,49.68,-4,30,5/10,Medium,49.92,32.74,2.74,5.83,1200.87,1172.95,1031.67,-0.4122,-2.3727,0.48,9.17,1209.0,-1.21,2.03,0.344,-0.8,-4.52,2.27,2.84,-0.61,55.32,1234.0,1195.8,1204.0,1269.5,1195.8,46.84,48.82,2.18,-1.69,0.22,11.05,6.58,2.08,-2.13,74.42,7,7,21,38.1,-0.55,57.14,1.02,42.86,1.18,71.43,1.82,66.67,2.4,MIXED,67.0,POSITIVE,Liquidity,"Momentum, Structure, VWAP",-4.11,-0.96,1145.29,1182.94,1234.0,MODERATE,1270699076.0,NOT_AVAILABLE,NOT_AVAILABLE,,False,False,False,51.24,WATCH,WATCH
554,EBBETF0431,2026-08-28,1432.21,Bearish,41.51,50.45,-6,20,6/10,Medium,38.51,8.58,0.6,20.83,1438.5,1434.48,1408.67,-1.5993,-0.0734,1.08,71.67,1439.94,-0.54,0.51,0.3,-0.05,-0.54,-0.7,-0.63,-0.2,96.79,1434.98,1430.0,1432.87,1448.0,1425.06,57.89,37.63,0.14,-0.14,0.14,2.24,0.13,2.5,-2.0,99.87,9,4,100,59.0,0.06,66.0,0.08,66.0,0.15,70.0,0.28,80.0,0.53,STRONG,64.32,POSITIVE,No strong driver,"Trend, Momentum, VWAP",-0.9,-0.21,1419.35,1429.21,1439.94,LOW,11475115.0,NOT_AVAILABLE,NOT_AVAILABLE,,False,False,False,51.17,WATCH,WATCH
555,SILGO,2026-08-28,75.63,Bullish,63.31,57.62,6,80,6/10,Medium,68.76,2.58,3.42,7.5,71.86,72.76,71.82,0.7961,0.1234,0.29,4.17,70.57,7.18,3.11,0.961,2.16,4.46,8.38,8.14,0.18,36.16,75.07,72.55,74.03,75.07,70.44,44.61,50.66,2.81,-2.06,0.72,41.32,17.11,2.74,-2.61,87.96,6,8,100,44.0,0.21,50.0,0.71,45.0,0.39,48.0,0.09,51.0,1.65,MIXED,49.47,MIXED,Trend + Momentum + Structure + VWAP,None material,1.2,5.12,76.53,79.5,70.57,HIGH,14358312.0,NOT_AVAILABLE,NOT_AVAILABLE,,False,False,False,51.15,WATCH,WATCH
556,HEMIPROP,2026-08-28,129.98,Bearish,45.03,44.82,-6,20,6/10,Medium,39.54,3.03,2.33,6.67,132.55,134.93,137.36,-0.2562,0.0727,0.52,29.17,135.16,-3.84,1.69,0.11,-0.44,-0.46,-1.78,-3.23,0.04,69.59,133.88,129.46,130.56,133.88,128.5,44.74,50.92,2.11,-1.75,0.23,12.37,8.03,2.34,-1.94,73.57,7,8,15,53.33,0.87,60.0,0.94,46.67,1.19,80.0,2.57,73.33,2.39,MIXED,74.37,STRONG,No strong driver,"Trend, Momentum, Structure",-3.49,-0.82,125.44,128.92,135.16,MODERATE,53725099.0,NOT_AVAILABLE,NOT_AVAILABLE,,False,False,False,51.05,WATCH,WATCH
557,CANFINHOME,2026-08-28,815.5,Bullish,58.96,51.06,4,70,5/10,Medium,45.78,18.85,2.31,8.33,820.13,835.64,846.58,0.6288,0.5478,1.15,74.17,817.66,-0.26,1.85,0.361,1.46,-1.8,-0.65,-0.62,0.11,61.59,809.35,799.0,803.8,852.35,794.7,48.68,46.71,1.38,-1.4,0.19,7.76,4.61,1.62,-1.82,84.64,7,9,72,48.61,-0.0,44.44,-0.09,44.44,0.01,48.61,0.57,50.0,0.6,MIXED,49.89,MIXED,Momentum + Structure + MACD + Delivery,Trend,0.81,3.47,822.1,843.77,799.0,MODERATE,160428136.0,NOT_AVAILABLE,NOT_AVAILABLE,,False,False,False,50.98,WATCH,WATCH
558,MONTECARLO,2026-08-28,539.55,Bullish,59.19,55.65,5,75,5/10,Medium,53.8,15.41,2.86,26.67,532.86,535.47,567.86,2.5984,-0.4471,0.47,15.83,518.05,4.15,2.81,0.602,2.11,-1.52,6.13,3.16,0.69,61.28,546.9,525.0,528.4,569.0,525.0,43.82,51.71,1.69,-1.48,0.21,12.37,5.92,1.72,-2.15,84.42,11,8,18,50.0,-0.18,66.67,0.47,61.11,-0.26,38.89,-1.21,33.33,-0.48,MIXED,44.12,MIXED,Trend + Momentum + VWAP + RSI,None material,1.0,4.28,544.94,562.67,518.05,MODERATE,47061773.0,NOT_AVAILABLE,NOT_AVAILABLE,,False,False,False,50.98,WATCH,WATCH
559,ASAL,2026-08-28,488.2,Bearish,47.1,47.14,-6,20,6/10,Medium,40.67,15.1,3.09,0.83,499.36,504.18,498.92,-1.1999,0.0416,0.55,35.0,501.86,-2.72,1.49,0.064,-0.05,-2.38,-2.18,-2.4,-0.5,50.37,495.0,485.7,488.45,507.85,485.7,41.32,54.47,2.52,-1.79,0.27,17.37,8.29,2.02,-2.2,85.39,7,8,17,58.82,0.56,70.59,2.22,82.35,3.92,47.06,6.07,58.82,5.98,STRONG,80.29,STRONG,No strong driver,"Trend, Momentum, Structure",-4.64,-1.08,465.55,482.92,501.86,HIGH,9988930.0,NOT_AVAILABLE,NOT_AVAILABLE,,False,False,False,50.84,WATCH,WATCH
560,TEXINFRA,2026-08-28,111.41,Bullish,58.23,58.19,5,75,5/10,Medium,53.24,3.15,2.83,21.67,110.58,109.73,103.9,0.0996,0.1268,0.52,35.83,111.49,-0.07,1.81,0.685,0.78,3.13,3.34,-2.26,0.71,54.53,112.16,110.0,110.55,114.5,107.04,45.66,49.61,2.19,-1.82,0.2,14.08,10.13,1.88,-1.83,88.7,7,9,100,41.0,-0.15,43.0,-0.23,39.0,-0.54,40.0,0.22,39.0,0.68,NEGATIVE,41.37,NEGATIVE,Trend + Momentum + RSI + MACD,None material,0.99,4.25,112.51,116.14,110.0,MODERATE,14461535.0,NOT_AVAILABLE,NOT_AVAILABLE,,False,False,False,50.77,WATCH,WATCH
561,MOMIDMTM,2026-08-28,65.49,Bullish,55.1,56.67,4,70,5/10,Medium,61.03,1.02,1.56,2.5,64.84,64.24,63.15,0.0486,-0.0076,0.35,9.17,64.8,1.07,2.38,0.554,-0.29,1.16,0.69,2.38,1.96,84.09,65.93,65.43,65.68,65.93,64.42,47.65,47.65,0.83,-0.8,0.75,34.23,2.68,1.83,-1.54,94.0,5,6,62,46.77,0.02,50.0,-0.04,41.94,-0.14,37.1,-0.81,43.55,-0.97,NEGATIVE,38.86,NEGATIVE,Trend + Momentum + VWAP + RSI,Delivery,0.55,2.34,65.85,67.02,64.8,LOW,6106240.0,NOT_AVAILABLE,NOT_AVAILABLE,,False,False,False,50.75,WATCH,WATCH
562,BANARISUG,2026-08-28,3930.7,Bullish,59.36,58.82,4,70,5/10,Medium,62.21,149.85,3.81,100.0,3718.41,3616.46,3598.07,27.6451,-1.9567,1.28,72.5,4080.55,-3.67,6.97,0.594,4.36,-2.21,13.93,13.1,0.83,25.29,3857.5,3756.1,3766.4,4249.0,3756.1,44.47,50.53,1.24,-0.97,0.21,17.5,8.42,1.5,-2.2,94.83,7,7,90,45.56,-0.25,41.11,-0.09,43.33,0.22,46.67,0.91,50.0,1.3,MIXED,51.02,MIXED,Trend + Momentum + Volume + Structure,VWAP,1.33,5.72,3983.15,4155.48,3756.1,HIGH,27643887.0,NOT_AVAILABLE,NOT_AVAILABLE,,False,False,False,50.71,WATCH,WATCH
563,GLOBAL,2026-08-28,108.99,Bullish,60.07,56.19,4,70,5/10,Medium,58.03,4.58,4.21,26.67,106.38,104.64,97.89,0.5182,-0.129,0.5,27.5,106.08,2.74,2.42,0.901,-1.79,1.88,2.41,4.74,0.01,81.38,112.0,108.71,110.98,112.0,104.4,44.21,51.58,2.61,-2.21,0.16,28.68,18.42,2.27,-2.86,87.28,8,11,100,40.0,0.01,44.0,0.37,45.0,0.83,46.0,0.72,42.0,-0.4,MIXED,53.05,MIXED,Trend + Momentum + Structure + VWAP,Delivery,1.47,6.31,110.59,115.86,106.08,HIGH,10586919.0,NOT_AVAILABLE,NOT_AVAILABLE,,False,False,False,50.64,WATCH,WATCH
564,UCAL,2026-08-28,156.73,Bullish,61.07,58.03,5,75,5/10,Medium,73.09,7.6,4.85,69.17,138.0,125.97,117.27,1.8103,0.1035,0.57,47.5,144.95,8.12,8.84,0.864,0.37,9.35,12.07,36.85,-0.64,,156.15,151.0,156.15,156.15,136.05,43.42,51.97,2.16,-1.7,0.46,28.42,8.42,2.02,-2.29,91.2,7,7,61,40.98,0.22,57.38,0.4,55.74,0.9,40.98,-0.74,40.98,-2.47,POSITIVE,49.49,MIXED,Trend + Momentum + Structure + VWAP,None material,1.7,7.27,159.39,168.12,144.95,HIGH,10548454.0,NOT_AVAILABLE,NOT_AVAILABLE,,False,False,False,50.6,WATCH,WATCH
565,INDRAMEDCO,2026-08-28,368.05,Bearish,46.41,43.93,-5,25,6/10,Medium,45.38,9.15,2.49,4.17,371.99,375.67,401.41,-0.3469,-0.1445,0.2,2.5,379.01,-2.89,1.75,0.161,-0.34,-0.45,-1.43,0.46,0.05,60.12,371.95,366.25,369.3,378.1,366.25,44.34,51.05,2.52,-1.89,0.46,24.61,6.71,2.18,-2.73,88.26,7,8,100,45.0,0.06,52.0,0.2,51.0,0.58,64.0,3.58,68.0,5.94,MIXED,71.89,STRONG,Liquidity,"Trend, Momentum, Structure",-3.73,-0.87,354.32,364.85,379.01,MODERATE,229773011.0,NOT_AVAILABLE,NOT_AVAILABLE,,False,False,False,50.57,WATCH,WATCH
566,GVT&D,2026-08-28,4339.2,Neutral-Range,59.01,54.08,3,65,5/10,Medium,50.85,162.31,3.74,2.5,4292.35,4401.41,3998.37,28.1053,3.1952,0.54,15.83,4293.53,1.06,1.94,0.6,-1.56,5.14,-0.25,0.37,-0.09,51.9,4539.0,4359.6,4407.8,4539.0,4025.0,49.57,47.19,2.36,-1.98,0.21,19.26,11.69,2.07,-2.62,79.72,10,7,100,45.0,0.32,50.0,0.12,53.0,0.68,50.0,0.67,46.0,0.03,MIXED,56.45,MIXED,Trend + Momentum + VWAP + MACD,"Structure, Delivery",-3.74,3.74,4176.89,4501.51,4407.8,HIGH,4168044501.0,NOT_AVAILABLE,NOT_AVAILABLE,,False,False,False,50.54,WATCH,WATCH
567,EQUITASBNK,2026-08-28,73.9,Bearish,45.8,45.6,-5,25,6/10,Medium,43.28,2.14,2.9,0.83,75.42,75.29,69.71,-0.1014,-0.0581,0.47,27.5,75.48,-2.09,1.36,0.234,-0.36,-3.52,-0.83,-1.74,0.0,55.94,75.63,73.66,74.17,78.15,73.66,43.29,52.37,1.72,-1.41,0.2,10.79,6.32,1.91,-2.31,83.46,10,9,10,50.0,0.59,60.0,1.51,70.0,1.05,60.0,1.36,30.0,-0.71,STRONG,70.14,STRONG,Liquidity,"Trend, Momentum, VWAP",-4.35,-1.02,70.68,73.15,75.63,MODERATE,145341800.0,NOT_AVAILABLE,NOT_AVAILABLE,,False,False,False,50.46,WATCH,WATCH
568,MAXHEALTH,2026-08-28,1014.1,Neutral-Range,55.74,49.45,2,60,5/10,Medium,42.05,25.64,2.53,13.33,1027.56,1047.88,1055.49,0.6355,1.4066,0.93,59.17,1025.34,-1.1,1.56,0.253,0.51,1.41,0.55,-7.68,0.01,70.55,1012.0,999.1,1009.0,1023.8,980.3,49.34,46.32,1.65,-1.56,0.09,11.97,9.47,1.7,-2.18,86.39,8,7,79,41.77,-0.03,41.77,0.15,39.24,0.19,53.16,1.36,60.76,2.8,MIXED,53.54,MIXED,Momentum + Structure + MACD + Delivery,"Trend, VWAP, RSI",-2.53,2.53,988.46,1039.74,1009.0,MODERATE,1987490760.0,NOT_AVAILABLE,NOT_AVAILABLE,,False,False,False,50.44,WATCH,WATCH
569,RPSGVENT,2026-08-28,857.15,Bearish,44.25,45.39,-6,20,6/10,Medium,37.22,25.66,2.99,2.5,882.34,890.68,861.01,-4.0782,0.3583,0.67,56.67,898.24,-4.57,1.38,0.036,-0.49,-1.05,-3.71,-8.35,0.33,62.72,869.15,857.0,861.35,879.95,853.05,42.76,53.03,2.44,-1.82,0.1,16.18,10.39,1.67,-2.31,88.06,8,8,13,61.54,0.7,61.54,2.14,61.54,2.85,53.85,1.34,53.85,-0.96,POSITIVE,72.15,STRONG,No strong driver,"Trend, Momentum, Structure",-4.49,-1.05,818.66,848.17,898.24,MODERATE,26123423.0,NOT_AVAILABLE,NOT_AVAILABLE,,False,False,False,50.43,WATCH,WATCH
570,GSMFOILS,2026-08-28,117.6,Bullish,66.69,49.52,4,70,6/10,Medium,37.58,9.1,7.74,83.33,125.98,167.35,180.53,5.6433,1.5406,0.26,19.17,94.31,24.7,0.0,0.409,5.0,27.48,20.37,-38.59,5.0,100.0,112.0,112.0,112.0,112.0,84.05,46.84,45.99,5.4,-2.85,0.9,21.94,24.89,8.34,-3.57,67.21,7,18,9,44.44,-0.37,55.56,1.05,55.56,3.36,55.56,1.16,55.56,4.81,POSITIVE,71.97,STRONG,Momentum + Structure + VWAP + MACD,"Trend, RSI",2.71,11.61,120.79,131.26,94.31,VERY_HIGH,38460676.0,NOT_AVAILABLE,NOT_AVAILABLE,,False,False,False,50.36,WATCH,WATCH
571,TATACAP,2026-08-28,375.7,Bullish,57.58,59.02,5,75,6/10,Medium,62.85,8.07,2.15,0.83,366.14,357.57,340.56,0.4327,0.3244,0.7,45.83,371.13,1.23,1.29,0.587,-0.08,2.92,3.16,2.82,0.03,64.08,378.0,372.0,376.0,378.0,360.5,41.48,52.84,1.5,-1.05,-0.0,6.99,6.99,1.95,-1.78,74.44,4,8,19,36.84,-0.04,26.32,-0.32,42.11,-0.34,42.11,-0.9,42.11,-1.33,NEGATIVE,39.52,NEGATIVE,Trend + Momentum + VWAP + RSI,Delivery,0.75,3.22,378.52,387.8,371.13,MODERATE,615278444.0,NOT_AVAILABLE,NOT_AVAILABLE,,False,False,False,50.36,WATCH,WATCH
572,FOSECOIND,2026-08-28,6362.0,Bullish,62.19,58.77,6,80,6/10,Medium,78.84,259.26,4.08,70.83,5615.3,5373.36,5085.95,75.7908,26.0942,5.35,97.5,5889.98,8.01,8.41,0.854,4.12,19.0,12.5,23.93,0.85,22.94,6190.0,5931.5,6110.5,6190.0,5257.0,43.82,51.97,1.95,-1.43,0.28,16.18,8.16,1.7,-1.85,85.56,8,9,74,47.3,-0.13,44.59,-0.1,44.59,-0.03,44.59,0.04,44.59,0.75,NEGATIVE,46.25,MIXED,Trend + Momentum + Volume + Structure,None material,1.43,6.11,6452.74,6750.89,5889.98,HIGH,94599819.0,NOT_AVAILABLE,NOT_AVAILABLE,,False,False,False,50.35,WATCH,WATCH
573,SUPREMEPWR,2026-08-28,226.2,Neutral-Range,62.18,59.37,3,65,5/10,Medium,58.11,12.61,5.57,15.0,217.14,202.49,190.64,0.9789,-0.5219,0.6,43.33,213.69,5.85,3.41,0.69,-0.53,-2.58,22.47,8.7,1.58,65.93,234.8,226.75,227.4,239.0,224.0,46.2,48.02,3.8,-3.16,0.27,33.13,18.54,2.82,-3.73,83.59,8,9,59,50.85,-0.03,50.85,0.2,38.98,-0.17,54.24,4.64,62.71,8.84,NEGATIVE,65.51,POSITIVE,Trend + Momentum + VWAP + RSI,"Structure, Delivery",-5.57,5.57,213.59,238.81,227.4,VERY_HIGH,16085801.0,NOT_AVAILABLE,NOT_AVAILABLE,,False,False,False,50.34,WATCH,WATCH
574,SHRIRAMPPS,2026-08-28,75.97,Bearish,47.27,44.81,-6,20,6/10,Medium,33.16,2.4,3.15,7.5,79.81,82.84,84.2,-0.1823,0.014,0.99,70.0,79.95,-4.97,3.57,0.084,-1.0,-2.49,-2.74,-9.59,0.0,62.16,78.04,76.55,76.74,79.0,75.95,43.82,51.58,2.31,-1.92,0.29,12.5,6.58,2.05,-2.22,79.64,7,8,13,53.85,0.43,61.54,1.49,61.54,1.74,69.23,3.64,76.92,5.67,POSITIVE,80.77,STRONG,No strong driver,"Trend, Momentum, Structure",-4.73,-1.1,72.38,75.13,79.95,HIGH,36561032.0,NOT_AVAILABLE,NOT_AVAILABLE,,False,False,False,50.32,WATCH,WATCH
575,PDSL,2026-08-28,369.75,Bullish,60.11,60.25,5,75,5/10,Medium,53.96,12.56,3.4,0.83,366.43,356.42,340.81,-0.7568,0.1639,2.14,93.33,370.65,-0.24,2.16,0.495,0.87,0.01,-0.03,1.71,0.2,72.97,375.45,359.65,366.55,375.45,358.85,41.97,53.68,2.15,-1.67,0.18,15.13,7.76,1.89,-2.28,86.77,8,11,66,43.94,-0.06,43.94,0.02,40.91,0.22,48.48,-0.11,53.03,-0.11,MIXED,46.73,MIXED,Trend + Momentum + Volume + RSI,None material,1.19,5.1,374.15,388.59,359.65,HIGH,44843824.0,NOT_AVAILABLE,NOT_AVAILABLE,,False,False,False,50.29,WATCH,WATCH
576,DLF,2026-08-28,679.8,Bullish,58.93,59.41,6,80,6/10,Medium,57.35,15.39,2.26,0.83,669.03,653.22,646.75,0.6813,-0.1577,0.34,2.5,662.58,2.6,1.55,0.808,0.54,0.25,2.23,3.11,0.57,43.19,687.5,673.55,676.15,690.4,672.5,50.66,45.0,1.46,-1.53,0.17,8.29,5.92,2.09,-1.9,72.64,9,8,100,41.0,-0.19,39.0,-0.33,42.0,-0.84,39.0,-0.76,38.0,-0.14,NEGATIVE,36.95,NEGATIVE,Trend + Momentum + Structure + VWAP,None material,0.79,3.4,685.19,702.89,662.58,MODERATE,2077389337.0,NOT_AVAILABLE,NOT_AVAILABLE,,False,False,False,50.24,WATCH,WATCH
577,VINYAS,2026-08-28,1573.8,Bullish,67.18,58.14,6,80,6/10,Medium,62.15,96.29,6.12,98.33,1462.81,1376.25,1209.18,19.7831,-4.8527,0.4,22.5,1448.85,8.62,7.0,0.7,1.09,-2.36,13.75,25.63,-0.5,61.36,1564.3,1525.0,1556.8,1730.0,1458.95,46.47,48.36,3.02,-2.29,0.18,30.46,19.97,2.88,-3.53,74.76,7,9,100,48.0,0.41,50.0,1.1,53.0,0.97,48.0,1.57,42.0,1.4,MIXED,60.51,POSITIVE,Trend + Momentum + Structure + VWAP,None material,2.14,9.18,1607.5,1718.23,1448.85,VERY_HIGH,31642926.0,NOT_AVAILABLE,NOT_AVAILABLE,,False,False,False,50.22,WATCH,WATCH
578,RAINBOW,2026-08-28,1442.8,Neutral-Range,46.81,51.99,-3,35,5/10,Medium,42.46,39.95,2.77,32.5,1469.05,1457.27,1373.19,-7.0976,1.1024,0.67,40.83,1505.51,-4.17,1.89,0.167,0.12,0.67,-1.3,-5.41,0.0,55.77,1449.9,1423.9,1441.0,1471.0,1409.4,46.45,49.34,1.55,-1.33,0.16,12.89,6.84,1.54,-2.11,91.56,8,8,14,57.14,0.11,50.0,0.73,71.43,0.72,57.14,-0.68,64.29,-0.28,STRONG,60.16,POSITIVE,Delivery + Liquidity,"Trend, Momentum, Structure",-2.77,2.77,1402.85,1482.75,1441.0,MODERATE,154178808.0,NOT_AVAILABLE,NOT_AVAILABLE,,False,False,False,50.18,WATCH,WATCH
579,CONTROLPR,2026-08-28,598.2,Bullish,61.4,55.48,5,75,5/10,Medium,53.07,18.26,3.05,12.5,588.85,601.44,642.57,5.4248,-0.2331,1.45,86.67,583.94,2.44,3.13,0.696,0.25,4.25,2.32,4.49,-0.45,65.87,605.95,593.05,596.7,614.3,563.0,42.5,53.03,1.77,-1.44,0.13,10.26,7.76,1.85,-2.05,89.33,7,10,100,41.0,0.09,49.0,0.25,48.0,0.32,46.0,0.31,46.0,0.23,MIXED,50.42,MIXED,Momentum + Volume + VWAP + RSI,None material,1.07,4.58,604.59,625.59,583.94,HIGH,12578735.0,NOT_AVAILABLE,NOT_AVAILABLE,,False,False,False,50.17,WATCH,WATCH
580,ANDHRAPAP,2026-08-28,61.07,Bullish,58.18,55.97,5,75,5/10,Medium,51.23,1.78,2.92,29.17,60.66,61.37,68.31,0.076,0.0604,0.69,51.67,60.62,0.74,2.46,0.347,1.6,1.85,2.31,0.07,0.5,66.0,60.99,59.81,60.11,63.33,59.33,43.29,52.11,1.45,-1.53,0.1,10.79,6.97,1.92,-3.42,85.26,6,10,100,45.0,0.07,45.0,-0.33,40.0,-0.59,50.0,-0.73,49.0,-2.29,NEGATIVE,41.22,NEGATIVE,Momentum + Structure + VWAP + MACD,None material,1.02,4.38,61.69,63.75,59.81,MODERATE,12050979.0,NOT_AVAILABLE,NOT_AVAILABLE,,False,False,False,50.05,WATCH,WATCH
581,UDS,2026-08-28,222.48,Bullish,60.77,62.4,6,80,6/10,Medium,68.2,6.97,3.13,0.83,213.73,202.8,194.62,0.4556,-0.0707,0.39,15.0,214.4,3.77,1.63,0.909,0.3,3.16,5.19,9.45,0.08,58.18,223.44,218.11,221.82,224.46,210.82,43.16,52.55,2.14,-1.76,0.36,21.58,6.7,1.78,-2.53,89.48,6,8,95,40.0,-0.14,44.21,-0.62,49.47,-0.81,44.21,-0.59,56.84,1.52,MIXED,42.19,NEGATIVE,Trend + Momentum + Structure + VWAP,None material,1.1,4.7,224.92,232.93,214.4,HIGH,74846271.0,NOT_AVAILABLE,NOT_AVAILABLE,,False,False,False,50.0,WATCH,WATCH
582,AIIL,2026-08-28,545.9,Bearish,49.69,46.06,-4,30,5/10,Medium,47.35,21.23,3.89,6.67,555.38,546.35,927.87,-2.7111,-0.4825,0.23,15.83,573.25,-4.77,2.7,0.232,-1.44,-1.15,-3.36,1.22,-0.66,44.96,567.3,550.3,553.9,573.95,532.2,47.67,49.0,2.58,-2.33,0.13,18.77,11.63,2.31,-3.44,82.95,7,7,10,40.0,-1.17,40.0,-0.08,40.0,1.85,80.0,2.61,40.0,0.1,MIXED,74.84,STRONG,Liquidity,"Trend, Momentum, Structure",-5.83,-1.36,514.05,538.47,573.25,HIGH,284049423.0,NOT_AVAILABLE,NOT_AVAILABLE,,False,False,False,49.94,WATCH,WATCH
583,AEROFLEX,2026-08-28,542.1,Bullish,63.6,63.12,8,90,8/10,Medium,69.14,24.51,4.52,2.5,481.04,451.27,344.1,8.1447,0.5502,1.41,83.33,480.99,12.7,5.21,0.963,3.83,7.77,17.89,24.49,-0.05,31.15,539.2,515.3,522.1,542.0,472.3,45.0,50.39,2.75,-2.03,0.29,17.5,8.82,2.04,-2.49,82.52,6,8,8,50.0,-0.65,37.5,-2.25,50.0,-1.92,50.0,-1.22,50.0,-5.79,MIXED,37.44,NEGATIVE,Trend + Momentum + Volume + Structure,None material,1.58,6.78,550.68,578.87,480.99,HIGH,713400558.0,NOT_AVAILABLE,NOT_AVAILABLE,,False,False,False,49.88,WATCH,WATCH
584,MEIL,2026-08-28,299.4,Bullish,62.12,51.97,5,75,6/10,Medium,61.95,13.2,4.41,36.67,281.43,287.68,323.25,4.6989,0.6025,0.73,45.0,286.16,4.63,3.63,0.828,-1.61,15.35,9.87,5.4,0.89,57.81,308.0,298.0,304.3,308.0,258.0,38.08,56.92,2.29,-1.86,0.22,19.23,12.31,2.18,-2.18,81.79,5,7,76,40.79,-0.13,40.79,-0.06,42.11,0.69,40.79,1.43,43.42,1.1,MIXED,52.5,MIXED,Trend + Momentum + Structure + VWAP,Delivery,1.54,6.61,304.02,319.2,286.16,HIGH,29620141.0,NOT_AVAILABLE,NOT_AVAILABLE,,False,False,False,49.85,WATCH,WATCH
585,WHIRLPOOL,2026-08-28,813.25,Bullish,59.67,54.75,4,70,5/10,Medium,56.35,26.04,3.2,46.67,789.35,797.2,902.17,4.155,1.2754,1.53,81.67,819.11,-0.72,3.44,0.578,-3.32,5.82,4.41,1.29,-0.73,19.75,858.7,772.0,841.15,858.7,761.65,45.66,50.0,1.56,-1.56,0.04,7.63,7.63,1.98,-2.59,80.71,7,9,100,48.0,0.1,46.0,0.18,47.0,0.32,49.0,0.51,50.0,0.93,MIXED,51.92,MIXED,Trend + Momentum + RSI + MACD,VWAP,1.12,4.8,822.36,852.3,772.0,HIGH,477508715.0,NOT_AVAILABLE,NOT_AVAILABLE,,False,False,False,49.81,WATCH,WATCH
586,APEX,2026-08-28,381.25,Bearish,49.63,45.81,-4,30,5/10,Medium,44.77,15.39,4.04,25.83,389.81,395.55,372.65,-0.7211,-0.5549,0.1,0.83,417.25,-8.63,2.09,0.241,-0.57,-4.59,-10.58,2.62,0.5,39.84,390.0,381.0,383.45,402.75,380.25,43.42,51.58,2.57,-1.94,0.29,13.68,8.95,2.6,-2.09,81.6,7,11,45,40.0,0.37,57.78,1.18,48.89,1.31,64.44,4.74,60.0,6.18,MIXED,74.67,STRONG,Liquidity,"Trend, Momentum, VWAP",-6.06,-1.41,358.16,375.86,417.25,HIGH,290821167.0,NOT_AVAILABLE,NOT_AVAILABLE,,False,False,False,49.8,WATCH,WATCH
587,MASPTOP50,2026-08-28,79.78,Bearish,41.78,50.11,-5,25,5/10,Medium,50.16,0.55,0.69,2.5,79.9,79.3,74.54,-0.1416,-0.0107,0.12,1.67,80.47,-0.86,0.0,0.615,-0.23,-0.81,-1.16,5.7,-0.23,100.0,79.96,79.96,79.96,80.43,79.58,54.08,40.53,1.01,-1.03,0.39,26.97,9.74,1.78,-2.22,78.79,8,8,15,33.33,-0.34,60.0,-0.35,66.67,-0.27,66.67,-0.48,73.33,0.84,MIXED,58.67,POSITIVE,No strong driver,"Momentum, Structure, VWAP",-1.03,-0.24,78.96,79.59,80.47,LOW,10608604.0,NOT_AVAILABLE,NOT_AVAILABLE,,False,False,False,49.73,WATCH,WATCH
588,TECHERA,2026-08-28,169.1,Bearish,49.59,45.22,-4,30,5/10,Medium,50.55,7.91,4.68,6.67,169.77,167.68,179.39,-0.8126,-0.2425,0.66,40.0,173.1,-2.31,5.61,0.472,-0.06,-4.27,-0.18,12.17,2.16,61.19,173.55,168.7,169.2,181.0,168.0,52.0,44.4,3.63,-4.0,0.47,42.0,25.2,3.51,-4.15,70.38,11,8,100,46.0,0.13,52.0,1.65,55.0,3.4,58.0,4.44,56.0,5.44,POSITIVE,74.55,STRONG,Gap,"Trend, Momentum, VWAP",-7.02,-1.64,157.23,166.33,173.55,HIGH,14062674.0,NOT_AVAILABLE,NOT_AVAILABLE,,False,False,False,49.58,WATCH,WATCH
589,TPLPLASTEH,2026-08-28,73.4,Bearish,46.56,44.61,-6,20,6/10,Medium,38.06,3.4,4.63,34.17,77.9,76.59,72.19,-0.4199,-0.3151,1.75,90.83,78.19,-6.12,7.09,0.043,-5.22,-11.14,-5.08,-7.45,0.75,45.48,79.03,77.0,77.44,84.5,76.0,43.55,51.84,2.59,-1.93,0.55,33.03,12.63,2.22,-2.3,91.0,7,9,100,40.0,0.16,51.0,1.18,58.0,2.03,67.0,4.71,61.0,5.65,POSITIVE,78.75,STRONG,No strong driver,"Trend, Momentum, Structure",-6.95,-1.62,68.3,72.21,79.03,HIGH,11544876.0,NOT_AVAILABLE,NOT_AVAILABLE,,False,False,False,49.54,WATCH,WATCH
590,BOMDYEING,2026-08-28,118.4,Bullish,59.11,56.48,6,80,6/10,Medium,53.44,3.47,2.93,12.5,115.89,119.48,126.66,0.5812,0.4195,1.21,81.67,116.84,1.33,3.93,0.565,1.24,6.05,3.5,-2.58,-0.22,28.53,121.9,111.36,116.95,121.9,109.21,46.18,49.47,2.17,-2.01,0.15,9.08,9.21,2.18,-2.09,75.04,10,8,100,44.0,-0.09,46.0,-0.51,42.0,-0.76,41.0,-0.89,51.0,0.66,NEGATIVE,37.45,NEGATIVE,Momentum + Volume + VWAP + RSI,None material,1.02,4.39,119.61,123.6,111.36,MODERATE,130107813.0,NOT_AVAILABLE,NOT_AVAILABLE,,False,False,False,49.54,WATCH,WATCH
591,DALMIASUG,2026-08-28,477.95,Bullish,63.87,61.55,5,75,5/10,Medium,64.47,26.08,5.46,83.33,446.63,406.63,363.37,1.0278,-1.221,0.17,20.0,436.61,9.47,3.61,0.751,0.72,-4.02,13.15,36.21,0.9,33.22,489.35,471.2,474.55,520.0,454.3,42.5,52.89,2.17,-1.67,0.23,13.68,7.37,2.01,-2.42,86.01,7,11,89,46.07,0.1,48.31,0.02,46.07,0.32,55.06,1.45,53.93,2.59,MIXED,57.48,POSITIVE,Trend + Momentum + VWAP + RSI,None material,1.91,8.18,487.08,517.07,436.61,VERY_HIGH,604499892.0,NOT_AVAILABLE,NOT_AVAILABLE,,False,False,False,49.5,WATCH,WATCH
592,HIMATSEIDE,2026-08-28,71.31,Neutral-Range,51.18,44.88,-3,35,5/10,Medium,34.62,2.39,3.35,5.0,74.55,78.39,92.74,0.0744,0.0279,0.55,33.33,74.52,-4.31,2.21,0.175,-0.72,-1.12,-2.25,-10.0,0.58,51.77,73.06,71.52,71.83,74.99,71.06,44.74,50.79,2.28,-2.12,0.34,15.0,8.03,2.12,-2.18,79.31,10,8,100,47.0,0.13,55.0,0.58,60.0,1.22,61.0,2.61,57.0,2.75,POSITIVE,72.67,STRONG,Momentum + MACD,"Trend, Structure, VWAP",-3.35,3.35,68.92,73.7,71.83,HIGH,38400316.0,NOT_AVAILABLE,NOT_AVAILABLE,,False,False,False,49.49,WATCH,WATCH
593,RPGLIFE,2026-08-28,2537.6,Bearish,41.92,49.36,-8,10,8/10,Medium,37.19,93.89,3.7,21.67,2658.15,2614.4,2359.71,-23.52,-0.7081,1.18,75.83,2719.93,-6.7,3.59,0.126,-1.17,-3.75,-8.79,-8.33,0.57,60.93,2617.0,2560.0,2567.6,2672.9,2560.0,44.34,51.45,2.1,-1.58,0.05,10.26,11.58,1.78,-2.11,90.45,10,13,12,33.33,0.67,58.33,0.22,66.67,1.18,75.0,2.26,91.67,5.51,STRONG,78.34,STRONG,No strong driver,"Trend, Momentum, Volume",-5.55,-1.29,2396.76,2504.74,2719.93,HIGH,35441750.0,NOT_AVAILABLE,NOT_AVAILABLE,,False,False,False,49.47,WATCH,WATCH
594,GMRAIRPORT,2026-08-28,98.31,Bearish,44.21,47.59,-5,25,6/10,Medium,30.11,2.21,2.25,5.0,102.08,104.11,100.02,-0.3249,0.0458,2.36,95.0,102.18,-3.79,1.26,0.031,-0.37,-1.32,-3.15,-6.6,0.63,86.29,100.2,98.52,98.68,101.4,98.0,49.2,47.37,1.35,-1.31,0.13,9.61,6.18,1.97,-2.1,79.62,8,7,100,57.0,0.14,58.0,0.36,52.0,0.8,63.0,1.79,65.0,2.9,MIXED,65.61,POSITIVE,Liquidity,"Trend, Momentum, Structure",-3.38,-0.79,94.99,97.54,102.18,MODERATE,1009890458.0,NOT_AVAILABLE,NOT_AVAILABLE,,False,False,False,49.44,WATCH,WATCH
595,PCJEWELLER,2026-08-28,10.94,Bullish,61.17,48.46,4,70,5/10,Medium,64.89,0.46,4.24,48.33,10.23,9.81,11.25,0.1363,-0.0182,1.39,77.5,10.41,5.05,3.81,0.753,-0.64,7.05,13.49,18.14,-0.54,13.14,11.32,10.92,11.01,11.5,9.59,44.34,50.26,3.03,-2.44,0.47,30.13,9.21,2.45,-3.99,79.14,7,11,100,44.0,0.39,39.0,1.06,38.0,1.55,38.0,2.1,33.0,1.01,MIXED,56.2,MIXED,Trend + Momentum + VWAP + RSI,Volume,1.48,6.35,11.1,11.64,10.41,HIGH,2706404809.0,NOT_AVAILABLE,NOT_AVAILABLE,,False,False,False,49.44,WATCH,WATCH
596,PGHL,2026-08-28,5670.5,Bearish,45.3,49.01,-4,30,5/10,Medium,27.26,137.05,2.42,26.67,5969.33,6110.9,5821.16,-15.0746,0.2026,0.67,49.17,5995.42,-5.42,1.92,0.029,-0.91,-2.71,-4.41,-14.14,0.48,62.81,5781.5,5713.0,5722.5,5919.5,5713.0,48.16,47.37,1.05,-1.01,0.1,4.87,3.42,2.0,-2.13,90.32,5,7,16,56.25,0.29,56.25,0.36,56.25,0.7,56.25,1.28,68.75,1.49,POSITIVE,62.3,POSITIVE,Liquidity,"Trend, Momentum, Structure",-3.63,-0.85,5464.92,5622.53,5995.42,MODERATE,109137972.0,NOT_AVAILABLE,NOT_AVAILABLE,,False,False,False,49.37,WATCH,WATCH
597,BFUTILITIE,2026-08-28,510.25,Bearish,48.47,42.86,-5,25,5/10,Medium,32.97,18.96,3.72,25.83,537.68,566.61,655.82,-2.3358,0.5542,0.76,70.83,538.61,-5.27,2.96,0.143,1.53,-2.6,-4.38,-10.54,0.0,48.17,533.0,496.0,502.55,533.15,496.0,43.32,53.08,2.73,-2.18,0.23,13.7,7.19,1.94,-2.99,80.07,8,11,18,55.56,0.19,44.44,1.39,66.67,2.91,55.56,3.51,61.11,5.21,STRONG,77.78,STRONG,No strong driver,"Trend, Momentum, Structure",-5.57,-1.3,481.8,503.61,538.61,HIGH,35323345.0,NOT_AVAILABLE,NOT_AVAILABLE,,False,False,False,49.34,WATCH,WATCH
598,RELTD,2026-08-28,156.76,Bearish,49.1,46.07,-4,30,5/10,Medium,38.53,6.9,4.4,14.17,163.22,162.34,151.03,-1.1299,0.0545,0.75,68.33,165.19,-5.1,5.75,0.086,0.23,-6.48,-4.82,-6.68,4.86,49.69,159.0,155.25,156.4,170.0,155.25,46.62,50.19,2.84,-2.31,0.55,36.09,14.85,2.63,-2.96,84.18,18,7,100,48.0,-0.06,53.0,0.82,50.0,1.97,59.0,4.31,68.0,7.84,MIXED,73.15,STRONG,Gap,"Trend, Momentum, Structure",-6.6,-1.54,146.41,154.34,165.19,HIGH,31495871.0,NOT_AVAILABLE,NOT_AVAILABLE,,False,False,False,49.34,WATCH,WATCH
599,AXISBANK,2026-08-28,1265.0,Bullish,58.75,55.01,7,85,7/10,Medium,54.93,20.11,1.59,0.83,1247.97,1265.36,1267.0,5.7144,0.781,0.68,25.0,1243.57,1.72,1.37,0.89,0.72,1.54,3.91,2.89,0.0,68.03,1268.7,1251.4,1256.0,1268.7,1229.8,48.03,47.76,1.1,-1.03,0.01,6.05,5.0,1.82,-2.21,69.11,8,7,11,36.36,0.01,63.64,0.19,36.36,-0.6,36.36,-2.01,45.45,-1.48,NEGATIVE,30.01,NEGATIVE,Momentum + Structure + VWAP + RSI,None material,0.56,2.38,1272.04,1295.17,1243.57,LOW,5952104335.0,NOT_AVAILABLE,NOT_AVAILABLE,,False,False,False,49.13,WATCH,WATCH
600,SIGNATURE,2026-08-28,779.25,Bearish,46.47,44.08,-4,30,5/10,Medium,42.99,20.82,2.67,0.83,795.74,801.25,882.26,-3.3702,0.0335,0.8,51.67,803.09,-2.97,1.27,0.136,-0.54,-2.02,-3.71,-5.02,-0.32,4.36,788.35,771.1,783.5,809.4,770.0,50.07,45.81,1.61,-1.55,0.27,12.12,5.33,2.0,-1.8,84.15,15,9,100,47.0,0.07,54.0,0.17,53.0,0.73,59.0,2.13,66.0,1.89,MIXED,65.64,POSITIVE,Liquidity,"Trend, Momentum, Structure",-4.01,-0.94,748.02,771.96,803.09,MODERATE,166660898.0,NOT_AVAILABLE,NOT_AVAILABLE,,False,False,False,49.08,WATCH,WATCH
601,SOUTHWEST,2026-08-28,209.06,Bearish,48.06,48.69,-4,30,5/10,Medium,39.78,10.31,4.93,13.33,219.35,226.25,212.84,-1.5056,0.2087,0.26,12.5,219.65,-4.82,1.71,0.15,1.05,-4.99,-5.08,-12.26,0.8,50.56,211.35,205.0,206.89,224.0,202.1,44.47,51.05,2.89,-2.28,0.69,38.29,11.84,2.33,-2.38,90.63,7,8,20,45.0,-0.42,60.0,0.58,65.0,1.05,65.0,1.37,70.0,5.05,STRONG,70.18,STRONG,Delivery,"Trend, Momentum, Structure",-7.4,-1.73,193.6,205.45,219.65,HIGH,60274371.0,NOT_AVAILABLE,NOT_AVAILABLE,,False,False,False,49.07,WATCH,WATCH
602,SUNCLAY,2026-08-28,1280.5,Bullish,62.25,54.23,6,80,6/10,Medium,49.87,43.71,3.41,5.83,1274.76,1299.78,1389.59,5.5155,0.3865,1.45,92.5,1255.65,1.98,4.9,0.699,0.65,-0.28,2.45,2.15,-0.85,67.34,1279.9,1242.0,1272.2,1289.6,1242.0,46.35,49.85,1.89,-1.74,0.26,20.18,11.99,2.08,-1.93,92.77,6,7,100,47.0,-0.16,52.0,-0.11,47.0,0.4,38.0,0.02,37.0,-0.07,MIXED,46.43,MIXED,Momentum + Volume + Structure + VWAP,None material,1.19,5.12,1295.8,1346.07,1242.0,HIGH,7913493.0,NOT_AVAILABLE,NOT_AVAILABLE,,False,False,False,49.05,WATCH,WATCH
603,BGRENERGY,2026-08-28,256.3,Neutral-Range,52.0,40.45,-3,35,5/10,Medium,46.2,12.73,4.97,40.0,258.72,275.91,287.61,2.6793,0.2523,1.33,82.5,258.17,-0.72,3.95,0.412,-4.99,7.24,-0.45,-10.88,-2.13,,269.75,261.5,269.75,269.75,230.0,45.13,50.0,3.28,-2.49,0.29,33.55,28.29,2.96,-2.57,53.17,22,12,28,50.0,0.29,57.14,2.03,57.14,4.03,57.14,13.29,42.86,22.12,POSITIVE,75.0,STRONG,Momentum + MACD,"Trend, Volume, Structure",-4.97,4.97,243.57,269.03,269.75,HIGH,13583511.0,NOT_AVAILABLE,NOT_AVAILABLE,,False,False,False,48.98,WATCH,WATCH
604,WELSPUNLIV,2026-08-28,190.46,Bullish,59.08,59.34,5,75,5/10,Medium,70.64,7.01,3.68,58.33,178.13,167.5,146.66,2.0736,-0.4515,0.29,7.5,173.69,9.65,3.31,0.885,-0.95,0.66,16.09,22.14,0.0,31.98,192.8,187.6,192.29,195.0,185.68,45.18,50.5,2.28,-1.91,0.24,13.09,8.06,2.13,-2.17,76.56,9,9,90,41.11,-0.06,41.11,0.0,40.0,-0.48,47.78,0.0,51.11,1.49,NEGATIVE,43.8,MIXED,Trend + Momentum + Structure + VWAP,None material,1.29,5.52,192.91,200.97,173.69,HIGH,1818087077.0,NOT_AVAILABLE,NOT_AVAILABLE,,False,False,False,48.98,WATCH,WATCH
605,CONSUMBEES,2026-08-28,132.58,Bearish,42.05,46.66,-5,25,5/10,Medium,45.32,1.85,1.4,12.5,133.75,132.1,129.6,-0.4264,-0.0465,1.1,73.33,134.72,-1.59,1.39,0.196,-0.48,-1.04,-2.17,-1.45,0.01,60.23,134.28,133.01,133.22,135.51,133.0,51.97,43.55,0.62,-0.63,0.45,16.45,2.5,1.87,-1.76,92.89,9,8,100,58.0,0.13,62.0,0.27,60.0,0.32,61.0,0.2,59.0,0.21,POSITIVE,59.43,POSITIVE,No strong driver,"Momentum, Structure, VWAP",-2.09,-0.49,129.81,131.93,134.72,LOW,11651834.0,NOT_AVAILABLE,NOT_AVAILABLE,,False,False,False,48.97,WATCH,WATCH
606,BIOCON,2026-08-28,411.1,Bearish,43.22,43.86,-6,20,7/10,Medium,42.0,8.44,2.05,2.5,418.76,419.16,398.24,-0.5724,-0.167,0.68,40.83,422.75,-2.76,2.07,0.115,-1.74,-1.07,-1.41,-3.43,-0.48,51.31,421.6,415.0,418.4,421.6,407.0,50.66,44.74,1.49,-1.53,0.22,9.08,5.0,1.78,-2.05,80.88,7,7,18,50.0,-0.91,61.11,0.66,66.67,2.33,61.11,0.04,33.33,-1.75,STRONG,69.2,POSITIVE,Liquidity,"Trend, Momentum, Structure",-3.08,-0.72,398.45,408.15,422.75,MODERATE,1369474495.0,NOT_AVAILABLE,NOT_AVAILABLE,,False,False,False,48.92,WATCH,WATCH
607,NIFTYBEES,2026-08-28,275.62,Bearish,41.96,46.76,-5,25,6/10,Medium,46.63,3.2,1.16,29.17,276.67,275.42,276.0,-0.4063,-0.0083,0.64,17.5,277.99,-0.85,0.97,0.118,-0.04,-0.41,-0.98,-0.65,0.63,59.24,283.94,275.4,275.74,283.94,275.01,51.05,44.61,0.55,-0.56,0.42,12.89,2.11,2.08,-2.0,92.36,9,8,100,47.0,0.05,59.0,0.18,57.0,0.22,62.0,0.41,62.0,0.34,POSITIVE,59.17,POSITIVE,Liquidity,"Trend, Momentum, Structure",-1.74,-0.41,270.83,274.5,283.94,LOW,1371928589.0,NOT_AVAILABLE,NOT_AVAILABLE,,False,False,False,48.91,WATCH,WATCH
608,DYNAMATECH,2026-08-28,11436.0,Bullish,59.45,57.87,5,75,5/10,Medium,57.28,441.51,3.86,11.67,11258.59,10938.3,10038.17,0.0402,-17.4539,0.2,0.83,11201.49,2.09,1.96,0.563,-0.53,-1.31,2.22,10.61,0.0,43.48,11848.0,11411.0,11497.0,11879.0,11397.0,45.79,49.87,2.31,-1.76,0.26,17.76,7.24,1.73,-2.24,85.79,7,8,15,53.33,1.1,46.67,0.43,53.33,0.8,33.33,-0.92,40.0,-1.16,MIXED,44.85,MIXED,Trend + Momentum + VWAP + RSI,None material,1.35,5.79,11590.53,12098.26,11201.49,HIGH,238223706.0,NOT_AVAILABLE,NOT_AVAILABLE,,False,False,False,48.91,WATCH,WATCH
609,MANORAMA,2026-08-28,1889.4,Bullish,60.53,59.16,6,80,6/10,Medium,64.17,68.8,3.64,21.67,1806.88,1691.15,1494.31,5.7309,-4.7614,0.12,1.67,1840.42,2.66,1.88,0.662,0.12,-1.97,8.77,17.76,0.6,50.4,1920.6,1882.0,1887.2,1988.7,1881.0,50.92,44.61,2.31,-2.28,0.37,28.82,8.82,2.14,-3.81,89.4,7,7,100,53.0,0.14,45.0,-0.22,45.0,-0.42,44.0,-0.74,38.0,-1.51,MIXED,41.51,NEGATIVE,Trend + Momentum + VWAP + RSI,None material,1.27,5.46,1913.48,1992.59,1840.42,HIGH,1805595830.0,NOT_AVAILABLE,NOT_AVAILABLE,,False,False,False,48.78,WATCH,WATCH
610,SANGHVIMOV,2026-08-28,444.1,Bearish,51.73,51.42,-4,30,5/10,Medium,42.13,22.77,5.13,64.17,469.29,448.19,378.71,-8.2452,-0.5705,0.63,37.5,477.23,-6.94,4.07,0.273,-0.12,-7.35,-9.19,8.37,0.29,49.27,458.45,442.1,444.65,494.6,442.1,45.53,50.26,2.77,-2.46,0.23,19.08,8.68,2.12,-3.22,84.91,7,8,23,69.57,1.18,56.52,1.93,60.87,3.83,69.57,7.98,78.26,9.09,POSITIVE,80.65,STRONG,Liquidity,"Trend, Momentum, VWAP",-7.69,-1.79,409.95,436.13,477.23,VERY_HIGH,273530139.0,NOT_AVAILABLE,NOT_AVAILABLE,,False,False,False,48.61,WATCH,WATCH
611,TATATECH,2026-08-28,834.35,Bullish,57.26,58.88,4,70,5/10,Medium,58.41,28.95,3.47,55.83,808.58,774.43,703.51,-5.895,2.4106,1.08,74.17,842.9,-1.01,5.38,0.604,4.38,1.66,-3.87,11.6,0.08,30.4,807.9,786.6,799.35,834.85,784.65,44.4,51.49,1.38,-1.28,0.18,9.08,6.38,1.64,-1.93,76.96,7,10,36,52.78,0.16,55.56,-0.5,44.44,-0.62,44.44,0.35,58.33,1.22,NEGATIVE,45.03,MIXED,Trend + Momentum + Structure + RSI,VWAP,1.21,5.2,844.48,877.77,786.6,HIGH,1989844363.0,NOT_AVAILABLE,NOT_AVAILABLE,,False,False,False,48.6,WATCH,WATCH
612,GICL,2026-08-28,23.73,Bullish,61.01,51.45,5,75,5/10,Medium,69.88,0.99,4.16,9.17,22.24,22.51,42.55,0.1015,-0.0564,0.34,23.33,22.12,7.3,3.34,0.894,1.67,-0.34,2.95,38.21,0.0,42.6,23.8,22.65,23.34,24.25,22.65,48.61,43.86,2.94,-3.08,-0.15,32.08,30.61,3.36,-4.06,68.27,15,12,100,46.0,0.25,42.0,0.05,39.0,0.47,46.0,0.67,41.0,2.24,MIXED,49.31,MIXED,Trend + Momentum + Structure + VWAP,None material,1.46,6.24,24.08,25.21,22.12,HIGH,6398347.0,NOT_AVAILABLE,NOT_AVAILABLE,,False,False,False,48.57,WATCH,WATCH
613,RAMCOSYS,2026-08-28,578.4,Neutral-Range,60.02,55.2,2,60,5/10,Medium,43.6,31.08,5.37,34.17,594.63,619.48,549.08,1.4994,2.5272,0.92,76.67,594.33,-2.68,4.99,0.3,3.99,6.39,-2.9,-0.43,0.01,51.16,565.6,552.25,556.2,570.8,537.15,44.61,50.79,2.9,-2.23,0.22,17.11,9.74,2.22,-2.36,87.86,9,9,100,47.0,0.19,53.0,0.3,56.0,0.89,56.0,2.0,63.0,1.65,POSITIVE,65.76,POSITIVE,Momentum + Structure + MACD + Delivery,"Trend, VWAP, RSI",-5.37,5.37,547.32,609.48,556.2,VERY_HIGH,115041897.0,NOT_AVAILABLE,NOT_AVAILABLE,,False,False,False,48.51,WATCH,WATCH
614,RANASUG,2026-08-28,15.31,Bullish,63.42,59.78,5,75,6/10,Medium,66.69,0.79,5.13,66.67,13.98,13.21,13.05,0.1578,-0.0153,0.81,51.67,14.6,4.85,6.78,0.754,3.8,2.34,17.32,29.64,-2.03,63.31,15.02,14.52,14.75,16.45,14.36,40.79,50.92,1.83,-1.57,0.39,25.92,8.95,1.97,-2.39,90.37,9,7,37,37.84,-0.08,54.05,0.79,56.76,0.65,48.65,0.43,37.84,-0.04,POSITIVE,56.21,MIXED,Trend + Momentum + Structure + VWAP,Gap,1.8,7.7,15.58,16.49,14.52,VERY_HIGH,14559500.0,NOT_AVAILABLE,NOT_AVAILABLE,,False,False,False,48.51,WATCH,WATCH
615,GULFOILLUB,2026-08-28,1143.9,Neutral-Range,46.78,51.78,-2,40,5/10,Medium,53.24,29.15,2.55,0.83,1143.89,1097.25,1069.02,-7.2041,-0.8188,0.48,16.67,1164.63,-1.78,1.56,0.451,-0.9,0.35,-1.33,6.98,0.0,66.69,1170.0,1150.0,1154.3,1173.9,1129.0,45.39,50.13,2.0,-1.56,0.23,11.84,6.58,2.0,-2.45,84.82,5,9,100,44.0,0.23,52.0,0.26,46.0,0.29,48.0,1.15,54.0,0.85,MIXED,53.66,MIXED,Trend + RSI + Liquidity,"Momentum, Structure, VWAP",-2.55,2.55,1114.75,1173.05,1154.3,MODERATE,134246172.0,NOT_AVAILABLE,NOT_AVAILABLE,,False,False,False,48.48,WATCH,WATCH
616,BBTC,2026-08-28,1563.2,Bullish,56.36,51.47,4,70,5/10,Medium,61.73,41.41,2.65,46.67,1485.43,1496.58,1605.49,11.9033,4.6227,0.81,50.83,1606.18,-2.68,2.91,0.655,-3.12,9.51,6.47,4.42,-0.91,12.04,1639.0,1449.0,1613.6,1639.0,1419.2,44.87,50.66,1.94,-1.6,0.17,8.82,6.32,1.79,-1.81,84.5,7,8,100,45.0,-0.09,44.0,0.07,46.0,0.09,36.0,-0.4,35.0,-0.79,MIXED,42.46,NEGATIVE,Trend + Momentum + RSI + MACD,VWAP,0.93,3.97,1577.69,1625.32,1449.0,MODERATE,1251617337.0,NOT_AVAILABLE,NOT_AVAILABLE,,False,False,False,48.46,WATCH,WATCH
617,SUBROS,2026-08-28,726.2,Bearish,44.97,41.72,-5,25,5/10,Medium,29.7,18.72,2.58,0.83,754.8,771.28,785.81,-3.2758,0.715,0.83,65.0,771.2,-5.84,2.06,0.065,-0.37,-0.95,-4.23,-11.36,-0.04,56.9,736.75,725.05,728.9,747.95,725.05,46.45,49.34,2.25,-1.88,0.29,16.84,8.03,1.83,-2.18,83.02,9,6,100,55.0,0.39,53.0,0.98,53.0,1.2,61.0,2.02,57.0,3.12,MIXED,67.78,POSITIVE,No strong driver,"Trend, Momentum, Structure",-3.87,-0.9,698.12,719.65,771.2,MODERATE,36593914.0,NOT_AVAILABLE,NOT_AVAILABLE,,False,False,False,48.45,WATCH,WATCH
618,BORORENEW,2026-08-28,502.25,Bearish,46.7,45.86,-5,25,6/10,Medium,25.48,17.04,3.39,15.83,547.92,559.8,541.69,-4.7433,-1.0834,2.38,95.83,547.72,-8.3,3.67,0.015,-2.96,-8.58,-12.96,-9.62,-0.59,63.86,530.65,515.0,517.55,557.15,515.0,43.42,52.11,2.28,-1.8,0.17,12.63,10.79,2.25,-2.2,79.06,7,7,100,48.0,0.49,58.0,1.78,57.0,1.66,61.0,2.44,56.0,1.72,POSITIVE,72.7,STRONG,Liquidity,"Trend, Momentum, Structure",-5.09,-1.19,476.69,496.29,547.72,HIGH,227647998.0,NOT_AVAILABLE,NOT_AVAILABLE,,False,False,False,48.44,WATCH,WATCH
619,TIIL,2026-08-28,3292.6,Bullish,57.87,56.18,4,70,5/10,Medium,66.59,146.94,4.46,80.83,3083.54,2831.43,2564.12,24.6916,-14.6601,0.41,20.0,3107.97,5.94,4.81,0.725,-1.07,-0.79,6.6,27.6,0.24,49.8,3435.0,3310.5,3328.1,3565.3,3177.0,45.0,50.79,2.3,-1.83,0.17,15.92,11.58,2.26,-1.96,88.03,8,9,100,45.0,0.05,40.0,-0.48,45.0,-0.62,51.0,0.16,44.0,0.73,MIXED,46.76,MIXED,Trend + Momentum + VWAP + RSI,Structure,1.56,6.69,3344.03,3513.02,3107.97,HIGH,277912007.0,NOT_AVAILABLE,NOT_AVAILABLE,,False,False,False,48.4,WATCH,WATCH
620,GODREJCP,2026-08-28,915.0,Bearish,44.78,42.17,-5,25,6/10,Medium,30.05,22.57,2.47,27.5,963.14,1004.04,1075.31,-2.7719,0.7855,0.36,9.17,941.54,-2.82,1.76,0.045,-0.87,-1.93,-2.07,-14.52,0.52,59.25,930.0,912.0,923.0,945.8,912.0,45.39,50.13,1.26,-1.14,0.12,6.97,5.92,1.74,-2.08,74.18,9,8,16,31.25,-0.51,43.75,-0.05,56.25,1.28,50.0,2.48,68.75,3.22,POSITIVE,67.23,POSITIVE,Liquidity,"Trend, Momentum, Structure",-3.7,-0.86,881.15,907.1,941.54,MODERATE,2465879441.0,NOT_AVAILABLE,NOT_AVAILABLE,,False,False,False,48.39,WATCH,WATCH
621,LUMAXTECH,2026-08-28,1985.5,Bullish,58.06,55.33,4,70,5/10,Medium,64.58,70.46,3.55,8.33,1885.79,1753.66,1562.59,-12.4729,0.0455,0.48,22.5,2005.61,-1.0,3.72,0.766,2.84,-0.17,-1.98,26.6,0.45,47.52,1959.5,1908.4,1930.6,2065.6,1900.0,48.55,47.24,2.4,-1.9,0.25,17.5,9.34,2.0,-2.26,84.4,10,8,100,47.0,-0.03,45.0,0.02,43.0,0.48,41.0,0.25,34.0,-1.43,MIXED,47.32,MIXED,Trend + Momentum + Structure + RSI,VWAP,1.24,5.32,2010.16,2091.18,1908.4,HIGH,977202262.0,NOT_AVAILABLE,NOT_AVAILABLE,,False,False,False,48.35,WATCH,WATCH
622,PARKHOTELS,2026-08-28,112.33,Bearish,49.29,42.01,-4,30,6/10,Medium,32.03,3.81,3.39,38.33,117.29,119.71,125.88,-0.5231,-0.0115,1.43,77.5,117.46,-4.37,3.11,0.05,0.2,-2.84,-4.56,-8.21,0.7,59.68,114.59,111.71,112.11,120.59,111.71,44.1,52.07,1.97,-1.79,0.32,18.99,7.96,1.81,-2.07,89.54,7,7,19,31.58,-0.0,57.89,2.01,52.63,3.27,57.89,3.16,57.89,2.05,MIXED,73.68,STRONG,Volume + Delivery,"Trend, Momentum, Structure",-5.09,-1.19,106.62,111.0,117.46,HIGH,17669987.0,NOT_AVAILABLE,NOT_AVAILABLE,,False,False,False,48.31,WATCH,WATCH
623,SEJALLTD,2026-08-28,673.35,Bearish,45.55,43.62,-6,20,6/10,Medium,40.23,29.22,4.34,0.83,691.5,710.68,696.53,-0.2087,0.5055,0.38,25.83,698.87,-3.65,1.53,0.166,-0.47,1.42,-0.96,-10.84,-0.02,83.87,686.9,664.0,676.5,693.0,652.55,46.64,48.92,2.7,-2.19,0.72,39.38,20.3,3.15,-2.64,82.29,12,10,22,54.55,0.38,63.64,1.56,63.64,1.85,72.73,1.43,45.45,-2.46,POSITIVE,75.85,STRONG,No strong driver,"Trend, Momentum, Structure",-6.51,-1.52,629.52,663.12,698.87,HIGH,5321833.0,NOT_AVAILABLE,NOT_AVAILABLE,,False,False,False,48.21,WATCH,WATCH
624,IDBI,2026-08-28,92.66,Bullish,61.32,54.36,6,80,6/10,Medium,69.18,2.78,3.01,16.67,86.25,84.13,85.56,1.2215,0.0524,0.95,74.17,89.36,3.69,2.44,0.772,0.46,12.67,12.38,10.64,0.05,28.42,95.88,91.5,92.24,96.25,81.27,46.58,48.42,2.03,-1.79,0.25,11.71,7.11,1.95,-2.37,74.63,8,8,100,44.0,0.25,45.0,0.28,45.0,0.05,35.0,0.14,46.0,1.8,MIXED,43.76,MIXED,Trend + Momentum + VWAP + RSI,None material,1.05,4.51,93.63,96.84,89.36,HIGH,981294154.0,NOT_AVAILABLE,NOT_AVAILABLE,,False,False,False,48.14,WATCH,WATCH
625,ANANDRATHI,2026-08-28,2213.4,Bullish,61.89,58.46,9,95,9/10,Medium,63.18,44.47,2.01,1.67,2155.73,2208.19,2641.37,4.5175,1.0018,1.9,89.17,2147.73,3.06,2.75,0.866,1.4,1.16,1.78,6.74,0.55,51.54,2195.0,2169.2,2182.9,2198.8,2151.3,51.97,43.82,1.51,-1.49,0.07,12.76,7.89,1.85,-3.53,88.01,7,7,9,22.22,0.38,33.33,-4.99,55.56,-10.2,33.33,-21.82,33.33,-20.78,MIXED,26.11,NEGATIVE,Trend + Momentum + Volume + Structure,None material,0.7,3.01,2228.96,2280.11,2147.73,MODERATE,472944950.0,NOT_AVAILABLE,NOT_AVAILABLE,,False,False,False,48.13,WATCH,WATCH
626,NAVKARCORP,2026-08-28,96.88,Neutral-Range,47.53,42.65,-3,35,5/10,Medium,38.98,2.63,2.71,0.83,99.11,100.96,101.92,0.024,0.0083,0.58,35.83,99.54,-2.67,1.34,0.1,-0.5,-0.16,-2.62,-5.69,0.13,65.38,98.4,97.02,97.37,99.0,96.0,44.47,50.79,2.68,-2.12,0.33,15.92,7.11,2.08,-2.11,86.09,9,8,100,44.0,0.22,57.0,0.58,47.0,1.27,53.0,1.79,58.0,2.13,MIXED,62.24,POSITIVE,Momentum + MACD,"Trend, Structure, VWAP",-2.71,2.71,94.25,99.51,97.37,MODERATE,24129325.0,NOT_AVAILABLE,NOT_AVAILABLE,,False,False,False,48.11,WATCH,WATCH
627,BSLNIFTY,2026-08-28,28.38,Bearish,44.11,48.73,-4,30,5/10,Medium,46.37,0.81,2.85,3.33,28.5,28.37,28.41,-0.0437,-0.0013,0.98,70.83,28.63,-0.88,2.43,0.322,-0.07,-0.42,-0.98,-0.77,1.37,67.35,28.8,28.32,28.4,29.25,28.1,49.47,44.08,0.57,-0.57,0.95,46.58,12.76,2.34,-2.01,99.29,13,8,100,46.0,-0.02,59.0,0.15,56.0,0.15,63.0,0.41,64.0,0.56,POSITIVE,58.89,POSITIVE,Gap,"Trend, Momentum, VWAP",-4.27,-1.0,27.17,28.1,28.8,MODERATE,24243316.0,NOT_AVAILABLE,NOT_AVAILABLE,,False,False,False,48.07,WATCH,WATCH
628,SILVERTUC,2026-08-28,178.22,Bearish,50.34,48.88,-5,25,5/10,Medium,34.66,9.44,5.3,22.5,190.34,196.29,406.97,-2.8922,0.158,0.83,38.33,194.18,-8.22,4.2,0.123,-0.2,-4.15,-14.85,-11.68,-0.59,30.61,182.35,176.0,178.58,196.8,173.11,48.95,46.58,1.81,-1.81,0.42,29.21,9.47,2.12,-3.53,91.43,10,9,8,37.5,0.3,50.0,0.1,62.5,1.57,75.0,4.51,100.0,9.28,POSITIVE,83.12,STRONG,No strong driver,"Trend, Momentum, Structure",-7.94,-1.85,164.06,174.92,194.18,VERY_HIGH,93633136.0,NOT_AVAILABLE,NOT_AVAILABLE,,False,False,False,48.05,WATCH,WATCH
629,LLOYDSME,2026-08-28,1810.2,Neutral-Range,48.65,48.66,-3,35,5/10,Medium,37.65,56.55,3.12,35.83,1895.37,1874.89,1624.03,-22.1759,1.5026,0.84,46.67,1950.34,-7.19,2.87,0.063,0.65,-2.99,-5.65,-11.57,0.13,53.93,1853.0,1789.0,1798.5,1899.9,1789.0,47.89,47.76,2.0,-1.63,0.26,14.34,8.29,2.0,-2.14,82.54,7,6,100,49.0,0.38,57.0,0.9,57.0,1.13,57.0,1.5,63.0,2.96,POSITIVE,65.42,POSITIVE,Delivery + Liquidity,"Trend, Momentum, Structure",-3.12,3.12,1753.65,1866.75,1798.5,HIGH,998902612.0,NOT_AVAILABLE,NOT_AVAILABLE,,False,False,False,48.05,WATCH,WATCH
630,MSUMI,2026-08-28,37.74,Bearish,46.21,41.57,-4,30,5/10,Medium,36.35,1.02,2.72,5.0,39.16,39.66,41.91,-0.3085,0.0466,0.53,28.33,39.57,-4.63,1.19,0.211,-0.47,-1.62,-6.47,-7.07,0.0,56.71,38.07,37.13,37.92,39.27,36.54,43.95,51.18,1.45,-1.34,0.19,11.58,5.26,1.73,-3.19,85.73,7,9,20,35.0,-0.43,35.0,-0.84,50.0,0.13,70.0,1.84,40.0,0.37,MIXED,64.88,POSITIVE,Liquidity,"Trend, Momentum, VWAP",-4.07,-0.95,36.2,37.38,39.57,MODERATE,450775712.0,NOT_AVAILABLE,NOT_AVAILABLE,,False,False,False,48.05,WATCH,WATCH
631,ALPHAETF,2026-08-28,27.31,Bullish,53.36,53.58,4,70,5/10,Medium,65.31,0.37,1.37,0.83,26.8,26.39,25.55,0.0597,-0.0041,0.46,12.5,26.86,1.69,0.69,0.836,-0.33,2.25,2.4,4.32,-0.15,72.72,27.61,27.31,27.4,27.61,26.65,52.4,42.39,0.95,-1.0,0.43,23.05,7.0,1.83,-2.16,93.87,9,8,100,46.0,-0.07,42.0,-0.27,36.0,-0.48,35.0,-1.01,34.0,-1.32,NEGATIVE,33.89,NEGATIVE,Trend + Momentum + Structure + VWAP,Delivery,0.48,2.05,27.44,27.87,26.86,LOW,15353137.0,NOT_AVAILABLE,NOT_AVAILABLE,,False,False,False,48.05,WATCH,WATCH
632,JAMNAAUTO,2026-08-28,120.8,Neutral-Range,49.49,45.72,-3,35,5/10,Medium,39.57,4.06,3.36,16.67,125.01,127.83,123.11,-0.5559,0.2302,0.33,3.33,132.03,-8.51,2.37,0.109,0.77,-0.5,-1.88,-7.91,0.0,51.09,121.5,119.52,119.88,122.85,117.38,47.5,47.76,1.8,-1.73,0.25,12.5,6.18,1.9,-2.41,75.05,7,8,23,52.17,-0.11,52.17,0.32,47.83,1.12,47.83,3.72,56.52,6.59,MIXED,67.84,POSITIVE,Delivery + Liquidity,"Trend, Momentum, Structure",-3.36,3.36,116.74,124.86,119.88,HIGH,356278103.0,NOT_AVAILABLE,NOT_AVAILABLE,,False,False,False,48.02,WATCH,WATCH
633,MMFL,2026-08-28,641.7,Bullish,60.0,58.27,6,80,6/10,Medium,59.19,29.53,4.6,45.83,618.4,570.87,479.51,-4.5431,0.2851,0.69,39.17,635.42,0.99,4.91,0.665,2.54,-1.67,8.81,17.34,0.33,39.71,634.55,612.0,625.8,664.0,612.0,44.74,50.53,2.01,-1.76,0.15,13.82,6.71,1.81,-3.11,85.68,7,9,100,46.0,0.36,51.0,0.04,49.0,-0.38,43.0,-1.42,45.0,-2.73,MIXED,40.0,NEGATIVE,Trend + Momentum + Structure + VWAP,None material,1.61,6.9,652.04,686.0,612.0,HIGH,158850789.0,NOT_AVAILABLE,NOT_AVAILABLE,,False,False,False,47.98,WATCH,WATCH
634,KSL,2026-08-28,888.35,Bullish,59.7,53.88,5,75,5/10,Medium,53.38,38.34,4.32,75.83,873.67,865.83,816.05,5.0051,-0.2318,2.75,94.17,874.97,1.53,5.84,0.585,0.8,0.82,5.89,1.64,0.0,45.85,939.7,873.1,881.3,939.7,849.0,47.76,47.76,2.02,-1.81,0.16,8.95,8.95,1.94,-2.04,85.93,8,13,100,42.0,0.03,41.0,-0.09,44.0,0.43,36.0,0.21,31.0,-1.04,MIXED,45.56,MIXED,Trend + Momentum + Volume + VWAP,None material,1.51,6.47,901.77,945.86,873.1,HIGH,63244467.0,NOT_AVAILABLE,NOT_AVAILABLE,,False,False,False,47.96,WATCH,WATCH
635,MUNJALSHOW,2026-08-28,130.97,Bearish,41.4,46.78,-6,20,6/10,Medium,42.38,3.62,2.77,30.83,133.77,133.76,131.14,-0.6065,0.0359,0.2,3.33,139.68,-6.23,1.75,0.028,-0.23,-0.04,-5.24,-4.65,0.95,79.11,133.7,131.0,131.27,135.09,130.5,45.79,49.47,1.73,-1.58,0.32,17.5,7.11,1.8,-1.98,84.91,8,8,18,55.56,-0.33,44.44,-0.18,50.0,0.54,66.67,1.5,72.22,3.24,MIXED,63.99,POSITIVE,No strong driver,"Trend, Momentum, Structure",-4.15,-0.97,125.54,129.7,139.68,MODERATE,14438284.0,NOT_AVAILABLE,NOT_AVAILABLE,,False,False,False,47.95,WATCH,WATCH
636,SILVERADD,2026-08-28,23.21,Bearish,47.93,45.92,-7,15,7/10,Medium,9.55,19.61,84.48,100.0,205.18,214.91,211.54,-12.4836,-13.4464,5.06,100.0,173.74,-86.64,0.69,0.004,-89.84,-90.11,-89.6,-88.85,-89.51,59.69,231.23,225.75,228.41,237.07,225.75,54.0,42.0,1.68,-1.97,0.35,27.38,10.46,2.38,-3.58,57.2,8,7,11,45.45,-0.38,72.73,2.62,90.91,4.01,63.64,3.06,72.73,3.27,STRONG,89.09,STRONG,No strong driver,"Trend, Momentum, Structure",-126.72,-29.57,-6.2,16.35,231.23,VERY_HIGH,69706424.0,NOT_AVAILABLE,NOT_AVAILABLE,,False,False,False,47.93,WATCH,WATCH
637,GALLANTT,2026-08-28,577.85,Bearish,48.86,42.17,-4,30,5/10,Medium,41.69,20.6,3.56,0.83,589.14,617.38,625.39,1.9159,-0.0378,0.23,25.0,603.56,-4.26,1.92,0.188,0.17,-1.12,-0.72,-5.98,0.45,55.72,589.0,573.25,576.85,599.0,573.25,47.37,48.16,2.62,-1.98,0.37,28.16,13.29,2.31,-2.64,88.38,9,8,100,53.0,0.36,54.0,0.77,49.0,1.61,58.0,4.16,64.0,8.44,MIXED,72.45,STRONG,Delivery,"Trend, Momentum, Structure",-5.35,-1.25,546.96,570.64,603.56,HIGH,45134219.0,NOT_AVAILABLE,NOT_AVAILABLE,,False,False,False,47.92,WATCH,WATCH
638,CREDITACC,2026-08-28,1391.7,Bearish,46.05,45.58,-5,25,6/10,Medium,32.11,43.97,3.16,21.67,1488.21,1481.38,1371.15,-17.5946,-1.3177,1.9,94.17,1490.03,-6.6,3.89,0.102,-2.4,-6.98,-10.18,-12.63,-0.62,46.58,1446.2,1408.6,1425.9,1534.0,1404.0,44.74,51.05,2.0,-1.69,0.09,11.05,6.84,1.76,-2.74,82.2,7,8,100,46.0,0.32,53.0,0.98,59.0,1.54,59.0,2.1,56.0,1.37,POSITIVE,70.86,STRONG,Liquidity,"Trend, Momentum, Structure",-4.74,-1.11,1325.74,1376.31,1490.03,HIGH,382100297.0,NOT_AVAILABLE,NOT_AVAILABLE,,False,False,False,47.7,WATCH,WATCH
639,GRMOVER,2026-08-28,86.38,Bearish,47.86,44.82,-4,30,5/10,Medium,39.02,3.3,3.83,29.17,89.35,97.17,165.49,0.1843,-0.1211,0.67,30.83,90.4,-4.44,3.02,0.036,-1.57,-0.38,-3.66,-3.73,-0.79,20.83,89.94,87.0,87.76,92.29,86.4,46.32,49.34,2.15,-2.05,0.28,18.82,6.32,1.87,-3.26,89.48,6,9,17,35.29,0.08,35.29,-0.02,35.29,0.06,88.24,2.78,70.59,2.31,MIXED,69.6,POSITIVE,Liquidity,"Trend, Momentum, Structure",-5.74,-1.34,81.42,85.22,90.4,HIGH,129551525.0,NOT_AVAILABLE,NOT_AVAILABLE,,False,False,False,47.7,WATCH,WATCH
640,NILKAMAL,2026-08-28,2071.9,Bullish,60.64,54.82,6,80,6/10,Medium,67.54,90.71,4.38,68.33,1919.17,1711.04,1495.51,3.1852,-2.8681,0.16,8.33,1956.68,5.89,2.37,0.902,-0.47,0.89,11.39,15.25,0.6,40.1,2118.6,2062.1,2081.6,2118.6,2005.0,41.32,54.21,1.36,-1.04,0.19,6.58,5.79,1.94,-1.79,89.56,8,9,33,48.48,-0.3,45.45,-0.45,36.36,-0.1,33.33,0.71,39.39,2.16,NEGATIVE,41.83,NEGATIVE,Trend + Momentum + Structure + VWAP,None material,1.53,6.57,2103.65,2207.97,1956.68,HIGH,273578939.0,NOT_AVAILABLE,NOT_AVAILABLE,,False,False,False,47.6,WATCH,WATCH
641,AFCONS,2026-08-28,286.65,Bullish,56.62,53.03,5,75,5/10,Medium,55.32,8.39,2.93,3.33,280.71,288.84,327.1,2.6618,-0.0138,0.61,62.5,275.11,4.19,2.81,0.837,0.56,2.78,6.64,5.72,-0.37,28.8,288.8,284.0,285.05,290.9,277.5,43.2,53.13,1.7,-1.54,0.02,8.86,10.8,2.36,-2.05,74.58,5,14,100,52.0,0.04,48.0,-0.03,46.0,-0.39,38.0,-1.52,38.0,-1.85,MIXED,36.76,NEGATIVE,Momentum + Structure + VWAP + RSI,None material,1.02,4.39,289.59,299.23,275.11,MODERATE,326435982.0,NOT_AVAILABLE,NOT_AVAILABLE,,False,False,False,47.58,WATCH,WATCH
642,KPITTECH,2026-08-28,609.4,Bullish,56.25,54.21,5,75,5/10,Medium,52.41,17.83,2.93,0.83,600.37,621.95,800.45,-0.0171,1.5711,3.13,95.0,611.95,-0.42,4.09,0.509,3.64,3.41,-0.75,1.84,0.34,27.92,592.9,579.65,588.0,596.2,577.0,45.13,50.39,1.75,-1.68,0.17,11.97,8.03,1.85,-2.27,78.47,7,8,100,45.0,-0.1,47.0,-0.41,41.0,-1.0,44.0,-1.26,47.0,-0.44,NEGATIVE,35.71,NEGATIVE,Momentum + Volume + Structure + RSI,None material,1.02,4.39,615.64,636.15,579.65,MODERATE,1103541077.0,NOT_AVAILABLE,NOT_AVAILABLE,,False,False,False,47.57,WATCH,WATCH
643,VILAS,2026-08-28,360.95,Bullish,59.9,51.64,5,75,5/10,Medium,50.38,14.13,3.92,5.0,358.66,366.0,385.08,1.241,0.2002,0.29,5.83,359.13,0.51,2.09,0.419,1.78,4.58,-3.53,3.44,2.04,84.62,366.65,353.9,354.65,373.9,340.0,43.92,52.38,3.19,-2.52,0.15,30.42,20.63,2.51,-3.2,85.24,6,10,100,39.0,-0.32,37.0,-0.52,40.0,0.03,38.0,0.93,38.0,0.4,MIXED,46.14,MIXED,Momentum + VWAP + MACD + Gap,None material,1.37,5.87,365.9,382.15,353.9,HIGH,7932242.0,NOT_AVAILABLE,NOT_AVAILABLE,,False,False,False,47.5,WATCH,WATCH
644,NUVOCO,2026-08-28,324.85,Bearish,45.5,42.06,-4,30,5/10,Medium,43.58,8.72,2.68,0.83,329.89,330.84,334.75,-1.1253,0.4645,0.95,73.33,334.35,-2.84,2.02,0.193,0.22,0.87,-2.02,-5.74,0.05,51.79,329.85,321.5,324.15,329.85,319.3,45.53,50.0,1.48,-1.35,0.14,10.13,7.24,2.04,-2.02,82.88,9,9,100,51.0,0.29,54.0,0.67,51.0,1.1,56.0,1.5,59.0,2.09,MIXED,62.85,POSITIVE,Delivery,"Trend, Momentum, Structure",-4.03,-0.94,311.77,321.8,334.35,MODERATE,82853765.0,NOT_AVAILABLE,NOT_AVAILABLE,,False,False,False,47.48,WATCH,WATCH
645,IOB,2026-08-28,32.81,Bearish,40.91,40.04,-6,20,6/10,Medium,36.65,0.54,1.65,0.83,33.43,33.76,35.17,-0.0746,0.0018,0.6,35.83,33.69,-2.62,1.16,0.08,-0.27,-0.61,-2.32,-3.22,0.3,51.3,33.23,32.8,32.9,33.53,32.8,42.24,53.03,2.02,-1.57,0.2,11.45,6.97,1.93,-2.37,77.07,6,7,31,45.16,-0.11,51.61,0.33,58.06,1.41,54.84,0.61,64.52,1.79,POSITIVE,62.59,POSITIVE,No strong driver,"Trend, Momentum, Structure",-2.47,-0.58,32.0,32.62,33.69,LOW,72439159.0,NOT_AVAILABLE,NOT_AVAILABLE,,False,False,False,47.43,WATCH,WATCH
646,BRITANNIA,2026-08-28,5308.5,Neutral-Range,43.86,45.96,-3,35,5/10,Medium,41.99,104.05,1.96,40.83,5421.86,5419.3,5543.24,-32.8551,1.5073,0.73,35.83,5471.22,-2.97,1.48,0.077,0.2,-1.05,-4.49,-1.99,0.0,65.59,5360.5,5277.5,5298.0,5533.0,5277.5,50.66,45.13,0.91,-0.96,0.05,3.55,3.29,1.97,-2.03,80.39,8,8,14,42.86,0.23,42.86,-0.08,57.14,0.97,50.0,-1.16,50.0,-1.12,POSITIVE,51.74,MIXED,Delivery + Liquidity,"Trend, Momentum, Structure",-1.96,1.96,5204.45,5412.55,5298.0,LOW,1855903214.0,NOT_AVAILABLE,NOT_AVAILABLE,,False,False,False,47.38,WATCH,WATCH
647,ERIS,2026-08-28,1314.8,Neutral-Range,46.81,42.2,-3,35,5/10,Medium,35.51,31.65,2.41,0.83,1348.33,1376.31,1416.92,-3.006,0.9443,1.07,70.83,1357.47,-3.14,2.29,0.172,0.2,-1.01,-3.22,-2.95,-0.17,68.96,1332.5,1306.9,1312.2,1337.4,1304.0,49.21,46.58,1.46,-1.37,0.09,8.82,7.24,1.72,-2.17,93.45,11,10,79,50.63,0.25,55.7,0.44,58.23,0.74,50.63,1.03,48.1,0.31,POSITIVE,60.18,POSITIVE,Delivery + Liquidity,"Trend, Momentum, Structure",-2.41,2.41,1283.15,1346.45,1312.2,MODERATE,109763807.0,NOT_AVAILABLE,NOT_AVAILABLE,,False,False,False,47.25,WATCH,WATCH
648,SAKHTISUG,2026-08-28,20.71,Bullish,65.04,55.43,6,80,6/10,Medium,60.57,1.16,5.6,80.0,19.33,18.3,18.51,0.206,-0.0597,0.84,60.83,20.51,0.96,6.38,0.641,4.91,-1.99,21.47,22.62,1.27,52.39,21.05,19.53,19.74,23.29,19.53,43.03,51.58,2.2,-1.89,0.61,31.32,7.76,2.09,-2.32,90.44,11,10,100,43.0,0.03,45.0,0.15,41.0,0.7,48.0,1.36,48.0,1.21,MIXED,54.39,MIXED,Trend + Momentum + VWAP + RSI,None material,1.96,8.39,21.12,22.45,19.53,VERY_HIGH,10308231.0,NOT_AVAILABLE,NOT_AVAILABLE,,False,False,False,47.24,WATCH,WATCH
649,FIEMIND,2026-08-28,2087.7,Bearish,46.49,47.6,-4,30,5/10,Medium,34.18,77.2,3.7,70.83,2251.5,2284.82,2200.91,-36.7497,2.9754,0.31,0.83,2379.94,-12.28,1.72,0.045,0.99,-5.05,-11.18,-10.14,0.17,46.24,2117.9,2060.0,2067.2,2231.8,2060.0,48.42,47.24,1.76,-1.66,0.19,15.0,7.5,1.81,-2.83,82.09,8,5,11,45.45,-0.56,54.55,0.56,54.55,-0.28,63.64,2.61,63.64,6.7,MIXED,65.69,POSITIVE,Liquidity,"Trend, Momentum, Structure",-5.55,-1.29,1971.9,2060.68,2379.94,HIGH,346015064.0,NOT_AVAILABLE,NOT_AVAILABLE,,False,False,False,47.15,WATCH,WATCH
650,FINIETF,2026-08-28,33.26,Bearish,41.05,43.99,-5,25,5/10,Medium,50.87,0.64,1.92,8.33,33.3,32.9,31.79,-0.0346,-0.0167,0.49,28.33,33.48,-0.67,0.78,0.393,-0.54,-0.78,-0.03,-0.83,0.03,75.02,34.55,33.39,33.44,34.55,33.25,50.8,43.42,0.93,-0.93,0.72,29.67,3.18,2.18,-1.91,93.08,9,7,19,63.16,0.29,84.21,1.22,63.16,0.66,47.37,0.06,52.63,0.87,POSITIVE,56.57,MIXED,No strong driver,"Momentum, Structure, VWAP",-2.87,-0.67,32.3,33.04,34.55,LOW,10937972.0,NOT_AVAILABLE,NOT_AVAILABLE,,False,False,False,47.15,WATCH,WATCH
651,OIL,2026-08-28,482.85,Bullish,55.99,58.95,6,80,6/10,Medium,61.97,12.17,2.52,13.33,467.39,458.29,453.99,-0.3031,0.5606,0.65,49.17,464.27,4.0,2.76,0.916,2.77,1.65,3.06,5.29,0.78,41.75,472.95,465.1,469.85,482.0,458.7,50.66,44.61,1.87,-1.87,0.27,14.34,6.05,1.79,-2.48,72.87,7,7,100,48.0,-0.24,49.0,-0.56,51.0,-1.78,40.0,-2.8,34.0,-3.7,MIXED,28.53,NEGATIVE,Trend + Momentum + Structure + VWAP,None material,0.88,3.78,487.11,501.11,464.27,MODERATE,1365311732.0,NOT_AVAILABLE,NOT_AVAILABLE,,False,False,False,47.11,WATCH,WATCH
652,BSLGOLDETF,2026-08-28,139.62,Bullish,55.93,53.69,5,75,5/10,Medium,69.07,3.06,2.19,60.83,135.22,131.81,125.31,0.4806,-0.1752,0.22,9.17,136.49,2.29,1.76,0.742,0.63,0.14,4.83,12.0,0.0,42.91,144.46,136.65,138.75,144.94,136.65,53.55,41.45,0.93,-0.87,0.58,30.13,8.42,2.12,-1.89,83.41,11,5,12,50.0,0.1,58.33,-0.17,25.0,-1.26,41.67,0.38,25.0,0.39,NEGATIVE,34.81,NEGATIVE,Trend + Momentum + VWAP + RSI,None material,0.77,3.29,140.69,144.21,136.49,MODERATE,137014521.0,NOT_AVAILABLE,NOT_AVAILABLE,,False,False,False,47.09,WATCH,WATCH
653,CONFIPET,2026-08-28,79.87,Bullish,63.27,60.74,6,80,6/10,Medium,56.99,4.14,5.19,5.83,76.41,74.3,60.45,0.457,0.1784,0.37,15.83,77.78,2.69,3.09,0.625,1.09,6.78,10.95,0.26,-0.14,43.04,80.86,78.22,79.01,82.5,71.21,41.18,53.68,2.57,-1.9,0.37,16.71,6.58,2.15,-2.29,86.9,7,9,100,42.0,0.13,37.0,-0.13,43.0,-0.37,50.0,0.82,52.0,3.56,NEGATIVE,49.35,MIXED,Trend + Momentum + VWAP + RSI,None material,1.82,7.78,81.32,86.09,77.78,VERY_HIGH,299736703.0,NOT_AVAILABLE,NOT_AVAILABLE,,False,False,False,47.04,WATCH,WATCH
654,HEIDELBERG,2026-08-28,160.99,Bullish,53.93,47.63,4,70,5/10,Medium,58.09,2.66,1.65,0.83,159.05,157.58,164.42,0.3685,-0.0894,1.67,91.67,159.23,1.1,1.3,0.833,-0.44,1.26,1.74,5.44,0.0,74.92,162.5,160.41,161.7,162.5,158.52,44.34,51.05,1.27,-1.12,0.15,8.68,6.18,1.79,-1.76,81.77,10,10,100,43.0,-0.14,45.0,-0.22,44.0,-0.21,28.0,-0.96,24.0,-1.2,NEGATIVE,35.52,NEGATIVE,Trend + Momentum + Structure + VWAP,Delivery,0.58,2.48,161.92,164.98,159.23,LOW,12973078.0,NOT_AVAILABLE,NOT_AVAILABLE,,False,False,False,46.85,WATCH,WATCH
655,UPL,2026-08-28,571.0,Bearish,44.68,42.64,-4,30,5/10,Medium,44.45,11.74,2.06,4.17,578.24,590.56,634.12,1.9704,-0.5887,0.55,21.67,577.16,-1.07,1.82,0.202,-1.23,0.35,1.42,-5.51,0.33,49.87,591.0,578.1,578.1,591.0,563.8,49.08,46.32,1.29,-1.36,0.13,6.05,4.34,1.64,-2.28,78.38,7,7,100,49.0,0.09,54.0,0.28,52.0,0.35,64.0,0.88,57.0,0.94,MIXED,60.52,POSITIVE,Liquidity,"Trend, Momentum, Structure",-3.08,-0.72,553.39,566.89,591.0,MODERATE,1229586807.0,NOT_AVAILABLE,NOT_AVAILABLE,,False,False,False,46.83,WATCH,WATCH
656,SHREECEM,2026-08-28,24000.0,Bearish,43.63,40.61,-5,25,6/10,Medium,35.0,556.72,2.32,39.17,25000.68,25429.07,25927.33,-74.9069,-5.6088,0.71,44.17,25053.2,-4.2,2.39,0.033,-1.96,-1.15,-3.21,-7.89,0.0,49.55,24945.0,24425.0,24480.0,25255.0,23880.0,45.79,49.21,1.11,-1.04,0.14,6.45,3.29,1.6,-1.92,77.35,10,8,100,49.0,0.1,52.0,0.19,55.0,0.74,58.0,1.61,54.0,1.67,POSITIVE,63.95,POSITIVE,Liquidity,"Trend, Momentum, Structure",-3.48,-0.81,23164.92,23805.15,25053.2,MODERATE,706700625.0,NOT_AVAILABLE,NOT_AVAILABLE,,False,False,False,46.76,WATCH,WATCH
657,UJJIVANSFB,2026-08-28,67.85,Bearish,45.14,45.19,-5,25,6/10,Medium,43.57,2.09,3.08,2.5,69.86,66.93,59.28,-0.7881,-0.0666,0.53,25.0,70.86,-4.25,2.38,0.039,-1.05,-5.86,-6.38,-5.44,0.19,58.52,69.82,67.81,68.57,72.67,67.81,45.26,50.0,1.87,-1.56,0.19,15.39,6.71,1.86,-2.56,78.45,6,12,100,54.0,0.37,51.0,0.85,55.0,1.21,64.0,1.69,55.0,0.55,POSITIVE,68.25,POSITIVE,Liquidity,"Momentum, Structure, VWAP",-4.61,-1.08,64.72,67.12,70.86,HIGH,919370578.0,NOT_AVAILABLE,NOT_AVAILABLE,,False,False,False,46.66,WATCH,WATCH
658,SHRIRAMFIN,2026-08-28,1086.9,Bearish,42.91,47.55,-4,30,5/10,Medium,47.46,27.04,2.49,10.0,1104.94,1070.58,1004.7,-6.3397,-1.9913,0.56,17.5,1119.45,-2.91,2.13,0.346,-1.28,-3.81,-3.13,3.84,0.36,61.43,1127.5,1091.5,1101.0,1142.0,1091.5,49.21,46.18,1.76,-1.74,0.04,10.66,7.37,1.88,-3.56,68.38,8,7,100,48.0,0.2,63.0,0.03,62.0,-0.07,60.0,-0.49,56.0,-1.85,MIXED,55.46,MIXED,Liquidity,"Momentum, Structure, VWAP",-3.73,-0.87,1046.34,1077.44,1127.5,MODERATE,4400134584.0,NOT_AVAILABLE,NOT_AVAILABLE,,False,False,False,46.5,WATCH,WATCH
659,VHLTD,2026-08-28,117.95,Bearish,46.32,40.16,-5,25,5/10,Medium,40.25,5.38,4.56,70.0,123.67,128.08,131.31,-0.9238,0.1591,0.69,57.5,125.75,-6.2,2.54,0.145,-0.03,-1.51,-5.75,-12.06,-0.08,,118.95,114.55,117.99,120.6,114.55,49.19,46.86,1.96,-1.59,1.45,56.37,8.08,3.0,-3.49,88.39,20,8,100,43.0,0.12,49.0,1.01,60.0,1.54,64.0,1.77,61.0,1.76,POSITIVE,71.64,STRONG,No strong driver,"Trend, Momentum, Structure",-6.84,-1.6,109.88,116.07,125.75,HIGH,7065088.0,NOT_AVAILABLE,NOT_AVAILABLE,,False,False,False,46.35,WATCH,WATCH
660,NDRAUTO,2026-08-28,714.85,Bearish,44.97,39.2,-6,20,6/10,Medium,28.0,27.6,3.86,27.5,776.27,797.97,808.52,-8.323,-0.4392,1.1,75.0,810.59,-11.81,4.7,0.06,-2.52,-5.46,-12.5,-12.56,0.45,59.16,749.95,730.0,733.3,780.05,724.2,44.74,50.92,2.74,-2.17,0.37,28.68,13.68,2.29,-2.47,80.4,9,8,100,48.0,0.22,49.0,0.59,51.0,0.89,61.0,5.09,61.0,5.73,MIXED,74.2,STRONG,No strong driver,"Trend, Momentum, Structure",-5.79,-1.35,673.45,705.19,810.59,HIGH,25936324.0,NOT_AVAILABLE,NOT_AVAILABLE,,False,False,False,46.3,WATCH,WATCH
661,JTEKTINDIA,2026-08-28,126.38,Bearish,45.55,42.56,-5,25,5/10,Medium,34.22,3.95,3.13,0.83,131.06,133.69,137.05,-0.776,0.1828,0.32,20.0,134.12,-5.77,1.58,0.073,0.16,0.22,-4.05,-10.18,0.0,48.9,128.12,125.82,126.18,130.05,125.0,45.66,50.0,1.92,-1.72,0.12,8.68,8.16,1.8,-2.06,83.86,7,10,21,57.14,0.42,52.38,-0.18,47.62,0.31,71.43,2.88,71.43,4.37,MIXED,69.43,POSITIVE,No strong driver,"Trend, Momentum, Structure",-4.69,-1.09,120.46,125.0,134.12,HIGH,27753871.0,NOT_AVAILABLE,NOT_AVAILABLE,,False,False,False,46.29,WATCH,WATCH
662,SALSTEEL,2026-08-28,75.16,Bullish,62.71,54.77,5,75,5/10,Medium,62.77,4.72,6.28,84.17,69.68,63.96,51.51,0.1214,-0.0903,0.39,9.17,70.62,6.42,5.11,0.742,4.99,-4.78,13.16,30.58,-0.13,62.8,75.22,70.05,71.59,80.96,70.05,45.26,48.42,2.94,-2.22,0.42,38.03,24.87,2.64,-2.44,73.47,10,20,100,54.0,0.34,50.0,0.55,50.0,0.75,46.0,0.64,42.0,-0.31,MIXED,54.16,MIXED,Trend + Momentum + VWAP + RSI,None material,2.2,9.42,76.81,82.24,70.05,VERY_HIGH,52380447.0,NOT_AVAILABLE,NOT_AVAILABLE,,False,False,False,46.28,WATCH,WATCH
663,CEMPRO,2026-08-28,1268.1,Neutral-Range,55.2,47.4,2,60,5/10,Medium,43.84,52.47,4.14,5.83,1297.8,1289.87,1022.78,1.2201,0.7,0.33,20.0,1281.86,-1.07,2.57,0.517,1.35,-0.65,-2.36,-7.29,1.02,58.25,1293.0,1241.1,1251.2,1296.0,1241.1,47.56,47.15,2.69,-2.23,0.04,14.23,12.6,2.19,-2.6,80.54,9,7,100,43.0,-0.03,41.0,-0.11,43.0,0.39,46.0,1.07,43.0,2.8,MIXED,51.99,MIXED,Momentum + MACD + Gap + Delivery,"Trend, VWAP, RSI",-4.14,4.14,1215.63,1320.57,1251.2,HIGH,506986436.0,NOT_AVAILABLE,NOT_AVAILABLE,,False,False,False,46.28,WATCH,WATCH
664,JAIBALAJI,2026-08-28,69.23,Neutral-Range,56.43,48.58,3,65,5/10,Medium,57.42,3.27,4.72,36.67,66.59,66.51,86.34,0.3548,0.0342,1.23,76.67,67.46,2.63,3.36,0.734,-1.33,8.9,-1.94,19.96,0.2,58.34,71.9,69.16,70.16,71.9,63.11,42.89,52.63,2.64,-2.28,0.24,25.66,12.5,2.32,-3.26,85.09,8,10,100,48.0,0.5,53.0,0.37,46.0,0.34,41.0,0.57,44.0,2.56,MIXED,49.09,MIXED,Trend + Momentum + VWAP + RSI,"Volume, Delivery",-4.72,4.72,65.96,72.5,70.16,HIGH,54242172.0,NOT_AVAILABLE,NOT_AVAILABLE,,False,False,False,46.28,WATCH,WATCH
665,SHARDACROP,2026-08-28,783.75,Neutral-Range,47.94,40.32,-2,40,5/10,Medium,39.98,22.42,2.86,14.17,798.27,842.17,902.31,3.8511,0.4208,0.62,32.5,796.4,-1.59,2.5,0.291,-1.17,3.0,-0.34,-4.39,0.12,57.68,803.0,784.55,793.05,803.7,757.0,47.11,48.55,2.32,-2.01,0.2,11.45,7.63,1.99,-2.26,85.75,11,8,48,41.67,-0.2,43.75,-0.28,43.75,0.51,52.08,1.6,37.5,0.85,MIXED,56.98,MIXED,Momentum + MACD + Liquidity,"Trend, Structure, VWAP",-2.86,2.86,761.33,806.17,793.05,MODERATE,153336224.0,NOT_AVAILABLE,NOT_AVAILABLE,,False,False,False,46.22,WATCH,WATCH
666,DEN,2026-08-28,28.31,Bullish,56.49,54.16,6,80,6/10,Medium,56.26,0.82,2.89,11.67,27.82,27.95,29.27,0.1257,0.009,0.61,38.33,27.68,2.26,2.38,0.628,0.68,0.5,2.91,3.28,-0.43,57.14,28.88,27.71,28.12,29.24,27.2,42.63,52.5,1.98,-1.65,0.2,9.34,6.97,2.17,-2.01,83.15,7,12,100,39.0,-0.08,39.0,-0.79,38.0,-0.73,36.0,-2.0,51.0,-0.75,NEGATIVE,29.98,NEGATIVE,Trend + Momentum + VWAP + RSI,None material,1.01,4.33,28.6,29.54,27.68,MODERATE,8772177.0,NOT_AVAILABLE,NOT_AVAILABLE,,False,False,False,46.19,WATCH,WATCH
667,NPST,2026-08-28,1701.1,Bullish,58.7,56.49,6,80,6/10,Medium,63.38,84.57,4.97,9.17,1598.85,1549.64,1493.11,10.8964,3.7364,1.1,66.67,1608.22,5.78,7.18,0.817,3.8,7.09,7.24,11.5,0.38,40.12,1690.0,1625.3,1638.8,1764.8,1545.6,44.74,51.19,3.4,-2.66,0.54,35.9,15.57,2.76,-3.53,79.72,9,8,61,57.38,0.23,54.1,-0.43,50.82,-0.04,36.07,-2.24,40.98,-2.14,MIXED,36.29,NEGATIVE,Trend + Momentum + Structure + VWAP,None material,1.74,7.46,1730.7,1827.96,1608.22,HIGH,90568493.0,NOT_AVAILABLE,NOT_AVAILABLE,,False,False,False,46.13,WATCH,WATCH
668,20MICRONS,2026-08-28,222.0,Bullish,57.08,56.51,5,75,5/10,Medium,67.16,8.62,3.88,15.0,204.62,198.77,192.56,3.2619,0.107,1.11,77.5,208.12,6.67,3.64,0.776,2.6,8.72,16.29,15.35,0.45,45.6,223.39,215.1,216.37,233.53,202.73,41.32,54.08,2.7,-1.84,0.32,22.89,11.84,1.98,-2.24,75.24,12,13,87,40.23,-0.27,39.08,-0.62,41.38,-0.73,37.93,-0.44,44.83,0.45,NEGATIVE,38.08,NEGATIVE,Trend + Momentum + VWAP + RSI,None material,1.36,5.82,225.02,234.92,208.12,HIGH,45306189.0,NOT_AVAILABLE,NOT_AVAILABLE,,False,False,False,46.1,WATCH,WATCH
669,SBFC,2026-08-28,98.75,Bullish,56.99,52.11,6,80,6/10,Medium,63.46,2.7,2.73,28.33,94.77,93.48,95.04,0.5695,0.0626,0.86,63.33,97.02,1.78,2.97,0.648,0.14,5.13,5.0,9.24,-0.31,49.73,103.37,97.7,98.61,103.37,91.52,45.26,49.47,1.63,-1.41,0.2,11.84,6.84,2.04,-2.37,81.79,7,8,100,46.0,-0.02,42.0,-0.39,37.0,-0.77,34.0,-1.34,37.0,-1.07,NEGATIVE,31.41,NEGATIVE,Trend + Momentum + VWAP + RSI,None material,0.96,4.1,99.7,102.8,97.02,MODERATE,244425264.0,NOT_AVAILABLE,NOT_AVAILABLE,,False,False,False,46.08,WATCH,WATCH
670,DCAL,2026-08-28,174.77,Bearish,46.42,38.87,-5,25,5/10,Medium,42.53,7.3,4.17,20.0,179.96,183.13,196.33,-0.8145,0.2401,0.61,44.17,180.42,-3.13,2.87,0.221,-1.38,0.71,-8.33,-6.51,0.0,72.88,177.74,174.61,177.22,181.57,170.9,47.37,47.89,2.57,-2.39,0.22,15.79,10.39,2.27,-2.19,84.28,7,6,100,48.0,0.21,55.0,1.02,54.0,1.65,55.0,3.04,66.0,4.82,MIXED,71.91,STRONG,No strong driver,"Trend, Momentum, VWAP",-6.26,-1.46,163.83,172.22,180.42,HIGH,74571229.0,NOT_AVAILABLE,NOT_AVAILABLE,,False,False,False,46.06,WATCH,WATCH
671,RELIANCE,2026-08-28,1287.0,Neutral-Range,43.96,41.12,-3,35,5/10,Medium,42.89,19.19,1.49,4.17,1305.79,1310.1,1371.01,-3.7324,-0.6237,0.68,23.33,1309.67,-1.73,0.92,0.253,0.37,-2.2,-1.76,-1.59,0.21,59.33,1308.4,1282.2,1282.2,1320.0,1282.2,48.42,47.24,0.97,-1.1,-0.01,4.08,3.82,1.93,-3.27,68.01,7,7,100,51.0,-0.38,54.0,-0.2,56.0,-0.1,50.0,0.08,52.0,0.53,MIXED,52.02,MIXED,Delivery + Liquidity,"Trend, Momentum, VWAP",-1.49,1.49,1267.81,1306.19,1282.2,LOW,13066913133.0,NOT_AVAILABLE,NOT_AVAILABLE,,False,False,False,46.03,WATCH,WATCH
672,INDOSTAR,2026-08-28,258.85,Bullish,57.98,58.6,6,80,6/10,Medium,54.94,9.61,3.71,0.83,253.22,250.14,240.99,1.5954,-0.0369,0.57,47.5,245.99,5.23,2.9,0.849,1.49,2.25,8.19,3.54,-0.67,68.89,259.5,248.4,255.05,264.75,248.4,45.26,50.26,2.49,-2.06,0.19,18.16,11.71,2.18,-2.28,87.59,8,7,100,44.0,-0.25,43.0,-0.55,43.0,-1.1,43.0,-1.62,45.0,-1.25,NEGATIVE,34.22,NEGATIVE,Trend + Momentum + Structure + VWAP,None material,1.3,5.57,262.21,273.26,245.99,HIGH,35733292.0,NOT_AVAILABLE,NOT_AVAILABLE,,False,False,False,46.03,WATCH,WATCH
673,INFRABEES,2026-08-28,955.87,Bearish,38.89,42.01,-6,20,6/10,Medium,38.78,11.06,1.16,1.67,967.54,967.58,959.03,-1.8131,-0.3948,1.77,96.67,970.26,-1.48,1.21,0.126,-0.35,-1.41,-2.16,-1.66,0.0,45.37,966.49,958.0,959.2,976.86,958.0,51.32,44.47,0.76,-0.75,0.26,9.87,2.89,1.82,-2.23,85.16,8,8,18,55.56,0.16,38.89,-0.04,38.89,0.11,66.67,1.11,55.56,1.44,MIXED,56.83,MIXED,No strong driver,"Trend, Momentum, Structure",-1.74,-0.4,939.28,952.0,970.26,LOW,8223311.0,NOT_AVAILABLE,NOT_AVAILABLE,,False,False,False,45.98,WATCH,WATCH
674,HINDUNILVR,2026-08-28,2010.4,Neutral-Range,43.7,41.85,-3,35,5/10,Medium,37.37,31.24,1.55,0.83,2051.44,2097.27,2217.56,-2.0797,0.5162,0.86,58.33,2057.12,-2.27,1.02,0.092,0.07,-0.23,-3.21,-4.33,0.45,55.22,2028.0,2004.3,2009.0,2051.9,2004.3,45.92,49.74,0.91,-0.89,0.03,3.16,3.42,1.77,-1.55,77.93,5,8,14,42.86,-0.19,42.86,-0.68,42.86,-0.27,57.14,0.59,64.29,2.03,NEGATIVE,51.28,MIXED,Delivery + Liquidity,"Trend, Momentum, Structure",-1.55,1.55,1979.16,2041.64,2009.0,LOW,2235384588.0,NOT_AVAILABLE,NOT_AVAILABLE,,False,False,False,45.98,WATCH,WATCH
675,NESTLEIND,2026-08-28,1454.6,Neutral-Range,44.52,45.69,-3,35,5/10,Medium,43.77,29.57,2.03,5.0,1474.82,1461.81,1467.54,-6.8575,0.5112,0.26,0.83,1496.0,-2.77,1.28,0.144,0.32,-1.52,-2.97,-3.64,0.3,60.7,1465.0,1440.3,1450.0,1485.4,1440.3,48.03,47.63,0.96,-1.26,-0.11,2.37,3.16,1.68,-7.38,81.4,8,9,100,53.0,0.13,50.0,0.0,52.0,-0.01,54.0,0.39,47.0,-0.15,MIXED,53.62,MIXED,Delivery + Liquidity,"Trend, Momentum, Structure",-2.03,2.03,1425.03,1484.17,1450.0,MODERATE,2599857026.0,NOT_AVAILABLE,NOT_AVAILABLE,,False,False,False,45.97,WATCH,WATCH
676,SUPREMEIND,2026-08-28,3636.9,Bullish,59.15,55.02,8,90,8/10,Medium,60.46,85.16,2.34,3.33,3551.02,3508.0,3635.32,2.0331,1.7131,1.51,85.83,3553.38,2.35,3.6,0.776,1.45,-0.14,2.19,4.95,0.85,39.53,3633.5,3540.0,3585.0,3674.8,3540.0,46.05,49.74,1.69,-1.56,0.09,9.08,6.97,1.82,-1.86,85.12,7,9,9,33.33,-0.44,22.22,-1.21,44.44,-0.32,11.11,-2.11,55.56,-0.45,NEGATIVE,24.72,NEGATIVE,Trend + Momentum + Volume + Structure,None material,0.82,3.51,3666.71,3764.64,3540.0,MODERATE,631865273.0,NOT_AVAILABLE,NOT_AVAILABLE,,False,False,False,45.93,WATCH,WATCH
677,PIDILITIND,2026-08-28,1629.5,Bearish,39.56,44.93,-5,25,6/10,Medium,46.2,29.49,1.81,5.83,1650.61,1614.51,1652.45,-7.5594,-1.3201,0.46,14.17,1663.26,-2.03,2.51,0.261,-1.6,-1.18,-3.75,1.12,0.0,62.56,1668.5,1640.0,1656.0,1669.6,1636.6,47.63,47.76,1.03,-1.07,0.04,5.66,4.08,1.76,-3.19,73.17,7,8,100,41.0,-0.09,54.0,0.23,60.0,0.44,57.0,-1.35,58.0,-1.07,POSITIVE,52.31,MIXED,Liquidity,"Trend, Momentum, Structure",-2.72,-0.63,1585.26,1619.18,1668.5,LOW,1640525590.0,NOT_AVAILABLE,NOT_AVAILABLE,,False,False,False,45.92,WATCH,WATCH
678,AURIONPRO,2026-08-28,707.6,Neutral-Range,55.25,46.02,2,60,5/10,Medium,40.8,23.25,3.29,3.33,722.58,764.48,905.14,2.7635,1.1185,1.11,83.33,718.13,-1.47,3.26,0.387,2.85,1.73,-3.6,-3.52,0.7,57.51,703.5,685.0,688.0,725.0,685.0,41.97,53.68,2.69,-2.11,0.4,27.5,9.87,2.24,-3.18,86.98,7,9,100,36.0,0.22,45.0,0.38,48.0,0.55,47.0,0.42,49.0,1.1,MIXED,52.13,MIXED,Momentum + Structure + MACD + Delivery,"Trend, VWAP, RSI",-3.29,3.29,684.35,730.85,688.0,HIGH,131691816.0,NOT_AVAILABLE,NOT_AVAILABLE,,False,False,False,45.91,WATCH,WATCH
679,HINDOILEXP,2026-08-28,162.66,Bullish,56.38,52.54,4,70,5/10,Medium,55.63,4.89,3.01,0.83,158.97,159.24,158.05,0.6413,0.1821,0.52,35.83,158.96,2.33,2.15,0.675,-0.47,4.14,6.94,0.85,0.38,51.6,164.8,158.43,163.43,164.8,155.43,45.39,50.26,2.1,-1.82,0.26,13.42,6.71,1.83,-2.33,86.85,6,6,100,45.0,-0.12,44.0,-0.0,47.0,-0.13,45.0,-1.04,48.0,-0.96,MIXED,42.52,NEGATIVE,Trend + Momentum + VWAP + RSI,Delivery,1.05,4.51,164.37,170.0,158.43,HIGH,79665938.0,NOT_AVAILABLE,NOT_AVAILABLE,,False,False,False,45.81,WATCH,WATCH
680,SSEGL,2026-08-28,415.95,Bullish,63.72,54.99,6,80,6/10,Medium,66.82,23.09,5.55,91.67,366.74,348.49,374.25,9.079,-0.8382,0.55,19.17,368.91,12.75,5.13,0.839,2.01,14.59,36.6,30.35,-0.67,66.01,433.55,405.0,407.75,439.0,352.55,42.67,54.0,3.19,-2.38,0.36,29.78,13.11,2.25,-2.47,82.37,8,10,100,36.0,-0.21,44.0,0.15,45.0,0.35,49.0,0.33,44.0,-0.29,MIXED,50.62,MIXED,Trend + Momentum + Structure + VWAP,None material,1.94,8.33,424.03,450.59,368.91,VERY_HIGH,27085084.0,NOT_AVAILABLE,NOT_AVAILABLE,,False,False,False,45.77,WATCH,WATCH
681,ASIANENE,2026-08-28,480.8,Bullish,60.98,58.84,5,75,5/10,Medium,64.23,25.21,5.24,62.5,441.27,402.72,343.84,3.6332,-0.9232,0.93,55.83,445.33,7.97,8.73,0.745,-2.42,2.23,28.42,20.64,0.76,40.15,498.0,476.2,492.7,498.0,448.6,46.05,49.34,2.84,-2.24,0.64,34.08,10.13,2.22,-2.17,88.99,8,10,100,45.0,0.26,49.0,0.08,44.0,-0.75,52.0,0.91,48.0,0.55,NEGATIVE,49.24,MIXED,Trend + Momentum + VWAP + RSI,None material,1.84,7.87,489.62,518.62,445.33,VERY_HIGH,336543178.0,NOT_AVAILABLE,NOT_AVAILABLE,,False,False,False,45.76,WATCH,WATCH
682,BAHETI,2026-08-28,847.0,Bullish,54.11,55.36,5,75,5/10,Medium,78.18,22.59,2.67,17.5,795.49,745.91,643.11,3.5831,-0.0429,0.74,35.0,793.23,6.78,4.31,0.83,1.39,3.91,7.76,17.75,4.74,50.0,844.0,832.25,835.4,855.0,802.0,50.5,43.65,2.32,-2.03,0.77,40.51,13.69,2.54,-2.48,79.97,10,8,100,47.0,0.01,42.0,-0.8,36.0,-1.22,35.0,-1.34,39.0,-0.05,NEGATIVE,29.61,NEGATIVE,Trend + Structure + VWAP + Gap,None material,0.93,4.0,854.91,880.89,793.23,MODERATE,21655238.0,NOT_AVAILABLE,NOT_AVAILABLE,,False,False,False,45.74,WATCH,WATCH
683,DICIND,2026-08-28,605.6,Bullish,57.43,53.35,5,75,5/10,Medium,70.32,26.01,4.3,6.67,569.02,543.23,533.41,3.9353,-0.6231,0.13,5.83,578.32,4.72,2.22,0.81,0.72,1.97,6.39,17.67,-0.03,68.48,619.9,593.55,601.3,619.9,578.3,46.05,49.34,1.73,-1.48,0.51,29.87,11.32,2.42,-2.29,92.53,10,8,98,43.88,-0.17,43.88,0.07,36.73,0.15,33.67,-0.29,43.88,0.97,MIXED,39.08,NEGATIVE,Trend + Momentum + Structure + VWAP,None material,1.5,6.44,614.7,644.62,578.32,HIGH,12267085.0,NOT_AVAILABLE,NOT_AVAILABLE,,False,False,False,45.5,WATCH,WATCH
684,INFLUX,2026-08-28,302.75,Bullish,57.91,56.98,6,80,6/10,Medium,57.2,9.84,3.25,0.83,295.25,286.43,246.78,0.5987,0.0949,0.93,63.33,297.22,1.86,1.38,0.775,0.87,3.68,5.73,2.13,0.92,71.05,303.0,296.0,300.15,309.0,287.05,46.93,47.81,3.07,-2.34,0.2,28.95,22.37,2.63,-2.62,80.14,5,5,21,33.33,-0.96,33.33,-2.11,38.1,-1.2,33.33,-0.29,47.62,0.56,NEGATIVE,34.04,NEGATIVE,Trend + Momentum + VWAP + RSI,None material,1.14,4.88,306.19,317.51,296.0,HIGH,7311492.0,NOT_AVAILABLE,NOT_AVAILABLE,,False,False,False,45.48,WATCH,WATCH
685,ALKYLAMINE,2026-08-28,2047.9,Bullish,56.75,55.55,5,75,5/10,Medium,61.69,69.73,3.41,2.5,1969.82,1886.58,1751.2,10.9728,-2.9864,0.24,23.33,1963.62,4.29,2.21,0.796,0.14,-0.23,6.83,14.69,0.45,40.51,2089.4,2026.7,2045.0,2115.0,1915.0,40.53,55.13,1.87,-1.37,0.1,8.03,6.97,1.72,-1.92,85.86,6,11,100,35.0,0.04,40.0,-0.21,45.0,-0.42,34.0,-0.96,39.0,-0.57,MIXED,37.13,NEGATIVE,Trend + Momentum + VWAP + RSI,None material,1.19,5.11,2072.31,2152.5,1963.62,HIGH,358811800.0,NOT_AVAILABLE,NOT_AVAILABLE,,False,False,False,45.47,WATCH,WATCH
686,NAHARINDUS,2026-08-28,135.99,Bullish,60.49,54.03,4,70,5/10,Medium,59.92,7.46,5.49,98.33,127.59,122.01,114.27,1.6094,-0.2772,0.33,5.83,134.78,0.9,3.12,0.565,-1.53,8.26,11.43,20.02,1.06,65.74,140.7,135.0,138.1,154.0,117.94,44.47,51.32,2.06,-1.74,0.43,26.84,9.61,2.0,-1.98,89.21,7,8,13,53.85,-0.08,53.85,0.87,53.85,0.87,38.46,0.87,23.08,1.41,MIXED,54.27,MIXED,Trend + Momentum + VWAP + RSI,Delivery,1.92,8.23,138.6,147.18,134.78,VERY_HIGH,12627904.0,NOT_AVAILABLE,NOT_AVAILABLE,,False,False,False,45.42,WATCH,WATCH
687,RHETAN,2026-08-28,20.31,Bearish,49.0,44.58,-5,25,6/10,Medium,31.61,1.75,8.6,97.5,24.1,26.22,26.08,-0.3747,0.015,1.21,71.67,24.64,-17.58,10.46,0.01,-4.33,-16.14,-3.52,-33.78,0.52,17.52,22.24,21.2,21.23,24.23,20.4,53.14,40.59,1.71,-2.15,0.6,32.64,5.02,2.05,-1.83,82.78,11,4,49,46.94,0.1,57.14,1.2,59.18,1.58,67.35,3.57,75.51,6.36,POSITIVE,79.29,STRONG,Liquidity,"Trend, Momentum, Volume",-12.89,-3.01,17.69,19.7,24.64,VERY_HIGH,462764904.0,NOT_AVAILABLE,NOT_AVAILABLE,,False,False,False,45.4,WATCH,WATCH
688,ALPL30IETF,2026-08-28,27.96,Bearish,37.52,44.47,-6,20,6/10,Medium,44.58,0.33,1.19,15.83,28.13,27.86,27.97,-0.0704,-0.002,0.82,66.67,28.23,-0.95,1.03,0.129,-0.29,-0.39,-1.38,-1.48,0.04,49.73,28.41,27.78,28.04,28.41,27.78,51.37,42.55,0.6,-0.96,0.15,11.72,3.04,2.16,-6.17,94.78,9,7,100,58.0,-0.8,61.0,-0.67,58.0,-0.61,63.0,-0.5,63.0,-2.39,MIXED,52.91,MIXED,No strong driver,"Trend, Momentum, Structure",-1.79,-0.42,27.46,27.84,28.41,LOW,11635442.0,NOT_AVAILABLE,NOT_AVAILABLE,,False,False,False,45.32,WATCH,WATCH
689,ICICIGI,2026-08-28,1562.0,Bearish,40.66,40.28,-6,20,7/10,Medium,31.18,34.66,2.22,8.33,1624.5,1673.1,1782.38,-2.2638,-2.1214,0.82,50.83,1628.43,-4.08,2.45,0.054,-1.64,-3.4,-4.17,-3.8,0.0,62.65,1606.0,1585.4,1588.1,1634.8,1585.4,47.24,48.55,1.15,-1.06,0.06,5.13,5.26,1.73,-1.93,83.05,8,7,10,40.0,0.6,60.0,0.94,40.0,0.92,60.0,2.05,80.0,3.21,MIXED,61.88,POSITIVE,Liquidity,"Trend, Momentum, Structure",-3.33,-0.78,1510.0,1549.87,1628.43,MODERATE,1706646660.0,NOT_AVAILABLE,NOT_AVAILABLE,,False,False,False,45.25,WATCH,WATCH
690,DSSL,2026-08-28,1069.9,Bearish,44.11,38.5,-6,20,6/10,Medium,31.02,45.21,4.23,11.67,1147.88,1212.07,1160.98,-8.3168,1.3409,0.41,16.67,1160.14,-7.78,1.59,0.066,-0.75,-2.48,-10.57,-13.23,0.32,74.34,1094.3,1069.2,1078.0,1119.9,1055.0,42.5,53.29,2.79,-2.01,0.54,28.03,8.55,2.36,-2.65,87.32,6,7,100,44.0,0.29,49.0,1.14,52.0,1.81,53.0,3.82,43.0,3.06,MIXED,71.75,STRONG,No strong driver,"Trend, Momentum, Structure",-6.34,-1.48,1002.08,1054.08,1160.14,HIGH,31489279.0,NOT_AVAILABLE,NOT_AVAILABLE,,False,False,False,45.22,WATCH,WATCH
691,KRSNAA,2026-08-28,564.05,Bullish,59.04,52.32,6,80,6/10,Medium,54.14,18.49,3.28,39.17,557.26,555.24,612.32,0.2927,0.1497,0.46,12.5,560.32,0.67,2.51,0.631,1.14,0.43,-1.96,6.94,0.14,63.04,570.6,554.1,557.7,575.5,541.85,44.74,51.05,1.71,-1.5,0.27,17.24,6.71,1.85,-1.81,89.23,7,7,100,44.0,-0.18,37.0,-0.59,36.0,-0.91,46.0,-0.7,36.0,-2.25,NEGATIVE,37.26,NEGATIVE,Trend + Momentum + VWAP + RSI,None material,1.15,4.92,570.52,591.79,554.1,HIGH,52560122.0,NOT_AVAILABLE,NOT_AVAILABLE,,False,False,False,45.22,WATCH,WATCH
692,CAMLINFINE,2026-08-28,103.52,Neutral-Range,54.34,41.95,-2,40,5/10,Medium,34.43,5.18,5.0,16.67,112.18,119.31,136.94,-0.6238,0.1029,0.38,20.83,111.92,-7.51,1.84,0.073,0.56,-5.42,-0.23,-18.96,1.13,52.65,106.59,102.5,102.94,111.38,102.5,43.95,51.84,2.64,-2.25,0.09,14.74,14.34,2.16,-2.42,82.24,7,8,20,35.0,-0.69,50.0,-0.21,55.0,1.7,60.0,3.33,40.0,-0.02,POSITIVE,75.25,STRONG,Gap + Delivery + Liquidity,"Trend, Momentum, Structure",-5.0,5.0,98.34,108.7,102.94,VERY_HIGH,191611286.0,NOT_AVAILABLE,NOT_AVAILABLE,,False,False,False,45.2,WATCH,WATCH
693,KSOLVES,2026-08-28,269.35,Neutral-Range,45.15,40.92,-3,35,6/10,Medium,39.8,8.01,2.97,3.33,275.07,280.66,306.75,-0.0916,-0.0284,1.17,80.0,275.24,-2.14,3.53,0.198,0.56,-0.99,-2.8,-4.32,2.48,53.8,275.45,266.05,267.85,278.0,266.05,42.76,52.76,1.86,-1.74,0.35,25.53,8.68,1.95,-3.2,88.06,5,9,19,47.37,-0.05,52.63,-0.61,52.63,-0.83,52.63,1.73,47.37,1.22,MIXED,55.44,MIXED,Volume + Gap + Delivery,"Trend, Momentum, Structure",-2.97,2.97,261.34,277.36,267.85,MODERATE,8153157.0,NOT_AVAILABLE,NOT_AVAILABLE,,False,False,False,45.18,WATCH,WATCH
694,FAZE3Q,2026-08-28,491.05,Bearish,46.05,42.04,-4,30,5/10,Medium,39.12,23.01,4.69,64.17,510.7,529.08,506.68,-1.1156,0.9633,0.46,24.17,520.42,-5.64,3.6,0.114,1.09,-1.57,0.76,-8.55,0.59,67.36,494.0,485.4,485.75,507.0,483.0,41.32,54.34,2.98,-2.09,0.25,21.97,14.74,2.36,-2.19,88.73,8,10,23,43.48,-0.19,47.83,0.17,47.83,-0.13,52.17,3.74,56.52,4.37,MIXED,64.44,POSITIVE,Delivery,"Trend, Momentum, Structure",-7.03,-1.64,456.54,483.0,520.42,HIGH,25668888.0,NOT_AVAILABLE,NOT_AVAILABLE,,False,False,False,45.04,WATCH,WATCH
695,CONSUMER,2026-08-28,12.23,Neutral-Range,41.49,46.08,-3,35,5/10,Medium,56.23,0.21,1.73,27.5,12.21,11.92,11.49,-0.0226,-0.008,0.27,8.33,12.26,-0.21,2.19,0.282,-0.65,-0.41,-0.49,1.24,-1.95,82.78,12.61,12.29,12.31,12.74,12.27,48.34,45.5,0.88,-0.9,0.75,31.75,2.84,2.11,-2.0,91.17,7,6,64,42.19,0.01,50.0,0.02,45.31,-0.04,42.19,-0.12,40.62,-0.28,MIXED,44.98,MIXED,Trend + RSI,"Momentum, Structure, MACD",-1.73,1.73,12.02,12.44,12.31,LOW,5334763.0,NOT_AVAILABLE,NOT_AVAILABLE,,False,False,False,45.02,WATCH,WATCH
696,BOROLTD,2026-08-28,239.81,Bearish,47.4,48.57,-5,25,6/10,Medium,45.82,12.13,5.06,82.5,246.58,241.93,257.85,-0.635,-0.9586,0.56,41.67,258.72,-7.31,5.56,0.177,-1.75,-5.65,0.53,1.43,0.21,50.64,254.9,241.25,244.07,289.0,241.25,42.5,52.76,1.89,-1.6,0.11,12.63,9.34,1.91,-2.14,85.78,7,8,28,57.14,0.29,57.14,0.11,60.71,0.69,75.0,2.36,71.43,2.83,POSITIVE,74.7,STRONG,Liquidity,"Trend, Momentum, Structure",-7.59,-1.77,221.61,235.56,258.72,VERY_HIGH,303105569.0,NOT_AVAILABLE,NOT_AVAILABLE,,False,False,False,44.97,WATCH,WATCH
697,JSLL,2026-08-28,512.5,Bearish,47.19,37.83,-4,30,5/10,Medium,41.33,20.72,4.04,10.0,527.51,556.2,670.67,-0.1751,0.9475,0.54,43.33,537.53,-4.66,2.47,0.154,2.11,1.41,-1.7,-12.57,0.62,46.46,515.95,500.1,501.9,536.0,500.1,47.25,48.47,2.85,-2.58,0.22,29.36,14.07,2.38,-3.98,79.97,5,8,17,52.94,-0.09,58.82,0.38,52.94,0.44,70.59,1.92,35.29,-0.73,MIXED,67.68,POSITIVE,Liquidity,"Trend, Momentum, Structure",-6.06,-1.42,481.42,505.25,537.53,HIGH,359635536.0,NOT_AVAILABLE,NOT_AVAILABLE,,False,False,False,44.93,WATCH,WATCH
698,DMART,2026-08-28,3830.6,Bearish,42.29,38.97,-5,25,6/10,Medium,36.84,87.12,2.27,9.17,3940.02,4010.32,4083.91,-14.1713,-1.3505,0.61,34.17,3938.01,-2.73,0.83,0.258,-0.44,-1.93,-5.65,-2.31,0.07,62.14,3874.4,3818.0,3847.4,3990.0,3737.2,46.71,48.95,1.22,-1.14,0.13,6.71,4.47,1.84,-2.5,81.16,14,11,100,52.0,0.15,47.0,0.33,48.0,0.77,53.0,1.67,58.0,2.17,MIXED,60.11,POSITIVE,Liquidity,"Trend, Momentum, VWAP",-3.41,-0.8,3699.92,3800.11,3938.01,MODERATE,1793477590.0,NOT_AVAILABLE,NOT_AVAILABLE,,False,False,False,44.91,WATCH,WATCH
699,ZOTA,2026-08-28,1082.7,Neutral-Range,49.37,41.03,-2,40,5/10,Medium,30.29,46.85,4.33,61.67,1151.84,1220.19,1260.96,-4.5432,2.5294,1.6,81.67,1145.89,-5.51,2.9,0.125,0.13,-0.43,-4.3,-15.37,0.0,67.82,1111.0,1080.0,1081.3,1142.3,1064.6,45.53,50.0,2.2,-1.68,0.35,18.55,6.71,1.8,-1.87,88.4,8,9,64,45.31,0.03,56.25,0.44,51.56,0.81,51.56,1.68,60.94,4.23,MIXED,61.05,POSITIVE,Volume + Delivery + Liquidity,"Trend, Momentum, Structure",-4.33,4.33,1035.85,1129.55,1081.3,HIGH,113819038.0,NOT_AVAILABLE,NOT_AVAILABLE,,False,False,False,44.88,WATCH,WATCH
700,FCL,2026-08-28,50.03,Bullish,63.24,53.46,6,80,6/10,Medium,66.89,2.65,5.29,45.83,45.18,41.71,60.79,0.6134,-0.0385,0.85,49.17,45.39,10.23,5.53,0.897,3.18,5.48,15.38,27.24,0.33,33.53,51.03,48.2,48.49,51.38,43.43,45.0,50.66,2.31,-2.13,0.25,16.71,7.24,2.34,-4.17,81.35,6,8,100,41.0,-0.03,40.0,-0.05,44.0,0.42,41.0,0.71,43.0,1.0,MIXED,49.27,MIXED,Trend + Momentum + Structure + VWAP,None material,1.85,7.93,50.96,54.0,45.39,VERY_HIGH,636376687.0,NOT_AVAILABLE,NOT_AVAILABLE,,False,False,False,44.83,WATCH,WATCH
701,SAMMAANCAP,2026-08-28,145.8,Bearish,42.34,43.04,-6,20,7/10,Medium,32.23,4.9,3.36,26.67,154.08,158.96,155.44,-0.7413,-0.0235,0.51,26.67,155.24,-6.08,2.47,0.033,-1.05,-3.14,-4.32,-10.24,0.64,52.53,150.67,146.8,147.34,153.35,146.8,44.38,52.25,2.22,-1.86,0.2,10.3,6.37,1.92,-2.22,74.76,6,10,11,81.82,1.09,63.64,2.04,54.55,0.13,63.64,2.45,54.55,1.62,MIXED,66.69,POSITIVE,Liquidity,"Trend, Momentum, Structure",-5.04,-1.18,138.45,144.08,155.24,HIGH,1316009879.0,NOT_AVAILABLE,NOT_AVAILABLE,,False,False,False,44.79,WATCH,WATCH
702,ANUP,2026-08-28,1800.5,Bearish,44.3,41.72,-5,25,6/10,Medium,31.37,67.34,3.74,7.5,1882.25,1980.15,2068.69,-0.1327,3.6066,0.34,15.0,1937.67,-7.08,2.59,0.115,-0.04,-0.46,-2.82,-17.14,-0.02,53.9,1819.7,1775.6,1801.3,1846.4,1736.0,45.0,50.79,2.34,-1.99,0.21,18.55,8.95,1.91,-2.9,84.81,8,8,17,47.06,0.77,47.06,-0.54,58.82,0.08,58.82,2.34,70.59,3.76,POSITIVE,65.85,POSITIVE,Liquidity,"Trend, Momentum, Structure",-5.61,-1.31,1699.49,1776.93,1937.67,HIGH,121865792.0,NOT_AVAILABLE,NOT_AVAILABLE,,False,False,False,44.77,WATCH,WATCH
703,SETFGOLD,2026-08-28,135.02,Bullish,57.27,51.82,7,85,7/10,Medium,67.04,3.69,2.73,69.17,131.09,127.82,121.57,0.4246,-0.1853,0.8,55.0,129.9,3.94,3.27,0.734,0.5,-0.46,4.62,11.73,2.49,57.93,139.87,132.11,134.35,140.37,132.11,52.89,42.24,0.9,-0.81,0.88,44.08,9.87,2.35,-2.36,87.97,8,7,13,38.46,-0.18,30.77,-0.28,23.08,-0.83,30.77,-1.19,7.69,-2.96,NEGATIVE,25.77,NEGATIVE,Trend + Momentum + VWAP + RSI,None material,0.96,4.09,136.31,140.55,129.9,MODERATE,649344533.0,NOT_AVAILABLE,NOT_AVAILABLE,,False,False,False,44.67,WATCH,WATCH
704,GENUSPOWER,2026-08-28,349.7,Bullish,59.91,58.2,8,90,8/10,Medium,66.41,12.64,3.61,18.33,325.38,318.44,307.32,3.4667,0.4935,3.19,95.83,330.62,5.77,7.59,0.927,5.27,3.48,13.13,11.83,0.15,28.16,342.95,330.0,332.2,348.65,330.0,46.58,49.08,2.32,-2.05,0.43,22.37,8.68,2.21,-2.46,80.12,7,7,10,40.0,-0.79,40.0,-1.22,60.0,-0.62,20.0,-3.41,30.0,-4.26,MIXED,26.88,NEGATIVE,Trend + Momentum + Volume + Structure,None material,1.26,5.42,354.12,368.65,330.0,HIGH,926278149.0,NOT_AVAILABLE,NOT_AVAILABLE,,False,False,False,44.65,WATCH,WATCH
705,ASALCBR,2026-08-28,714.5,Bearish,43.36,38.97,-6,20,6/10,Medium,35.73,21.68,3.03,0.83,736.71,771.39,847.31,2.1591,-0.1739,0.43,15.0,733.51,-2.59,1.59,0.173,-0.27,-1.64,0.08,-6.39,0.45,65.89,732.45,711.85,716.4,735.0,711.85,43.95,51.58,2.31,-1.76,0.21,16.84,8.95,1.93,-2.52,87.68,6,12,17,52.94,0.04,58.82,0.82,64.71,1.55,58.82,1.29,52.94,2.86,POSITIVE,69.6,POSITIVE,No strong driver,"Trend, Momentum, Structure",-4.55,-1.06,681.98,706.91,733.51,HIGH,21751469.0,NOT_AVAILABLE,NOT_AVAILABLE,,False,False,False,44.6,WATCH,WATCH
706,CPSEETF,2026-08-28,92.76,Bearish,41.85,37.97,-4,30,6/10,Medium,34.99,1.69,1.83,4.17,93.94,95.61,97.21,-0.0017,-0.0209,1.0,66.67,93.8,-1.11,2.58,0.083,0.18,-1.6,-1.16,-2.27,2.49,70.31,93.78,92.41,92.59,94.98,92.41,51.84,43.55,0.93,-0.91,0.7,35.39,7.89,2.0,-2.19,98.29,10,7,85,50.59,-0.03,52.94,0.43,52.94,0.47,45.88,0.24,48.24,0.7,MIXED,52.43,MIXED,Gap + Delivery,"Trend, Momentum, Structure",-2.74,-0.64,90.22,92.17,93.8,LOW,91736869.0,NOT_AVAILABLE,NOT_AVAILABLE,,False,False,False,44.55,WATCH,WATCH
707,POLICYBZR,2026-08-28,1811.5,Neutral-Range,49.49,56.03,3,65,5/10,Medium,66.7,46.98,2.59,1.67,1742.12,1678.73,1650.24,7.8731,-3.086,0.26,6.67,1725.6,4.98,2.18,0.786,-1.44,0.91,4.05,13.11,0.26,61.34,1852.0,1821.1,1837.9,1875.0,1757.0,48.16,47.24,2.01,-1.75,0.08,10.92,9.74,2.01,-1.93,84.65,9,13,12,50.0,0.14,58.33,0.03,50.0,-1.06,33.33,-2.67,58.33,-0.37,MIXED,29.25,NEGATIVE,Trend + Momentum + VWAP + RSI,"Structure, Delivery",-2.59,2.59,1764.52,1858.48,1837.9,MODERATE,2267982859.0,NOT_AVAILABLE,NOT_AVAILABLE,,False,False,False,44.47,WATCH,WATCH
708,GKENERGY,2026-08-28,138.46,Bullish,58.48,51.1,6,80,6/10,Medium,60.52,5.22,3.77,3.33,130.83,132.66,136.53,1.7744,0.3847,0.81,50.0,134.76,2.75,3.32,0.746,-0.85,12.3,8.48,7.02,0.93,38.01,144.35,137.4,139.65,144.35,122.43,42.68,51.88,3.05,-2.56,0.57,32.22,10.04,2.22,-2.72,84.24,6,6,75,38.67,-0.19,45.33,-0.4,44.0,-0.27,34.67,-1.45,32.0,-2.99,NEGATIVE,35.65,NEGATIVE,Trend + Momentum + VWAP + RSI,None material,1.32,5.65,140.29,146.28,134.76,HIGH,111958409.0,NOT_AVAILABLE,NOT_AVAILABLE,,False,False,False,44.29,WATCH,WATCH
709,SURAKSHA,2026-08-28,340.2,Bullish,55.74,55.01,5,75,5/10,Medium,73.72,14.26,4.19,50.0,303.46,285.38,282.93,4.7877,-0.34,0.38,19.17,299.81,13.47,3.44,0.971,1.43,4.42,11.58,34.92,-0.04,53.49,340.0,332.35,335.4,340.5,305.0,45.0,51.14,1.69,-1.53,-0.19,12.05,18.41,1.64,-1.99,89.55,7,8,28,53.57,0.14,50.0,-0.31,39.29,-0.87,35.71,-0.88,57.14,0.61,NEGATIVE,34.25,NEGATIVE,Trend + Structure + VWAP + Delivery,None material,1.47,6.29,345.19,361.59,299.81,HIGH,111105030.0,NOT_AVAILABLE,NOT_AVAILABLE,,False,False,False,44.29,WATCH,WATCH
710,NUCLEUS,2026-08-28,745.2,Bullish,55.61,50.72,6,80,6/10,Medium,58.16,21.08,2.83,0.83,728.22,736.17,813.6,5.3286,-0.2246,0.6,60.0,717.31,3.89,2.21,0.818,0.96,0.65,5.87,8.62,-0.64,64.08,742.0,734.55,738.1,758.9,724.0,41.84,53.55,2.02,-1.59,0.27,19.21,10.53,2.25,-2.23,86.27,6,11,100,41.0,-0.18,38.0,-0.89,36.0,-1.69,30.0,-0.97,36.0,-1.05,NEGATIVE,27.46,NEGATIVE,Trend + Momentum + Structure + VWAP,None material,0.99,4.24,752.58,776.82,717.31,MODERATE,24198962.0,NOT_AVAILABLE,NOT_AVAILABLE,,False,False,False,44.26,WATCH,WATCH
711,APLLTD,2026-08-28,813.45,Bearish,41.99,43.11,-4,30,5/10,Medium,47.75,21.23,2.61,4.17,819.69,809.45,806.43,-1.8188,-0.2335,0.7,55.0,823.06,-1.17,2.11,0.33,-1.28,-1.01,-2.14,2.06,0.0,68.55,848.95,816.1,824.0,848.95,801.05,46.05,49.61,1.56,-1.39,0.09,8.16,6.58,1.84,-2.03,90.09,6,6,21,42.86,0.08,52.38,0.71,42.86,0.33,57.14,0.38,47.62,0.75,MIXED,52.84,MIXED,Liquidity,"Momentum, Structure, VWAP",-3.92,-0.91,781.6,806.02,848.95,MODERATE,105132702.0,NOT_AVAILABLE,NOT_AVAILABLE,,False,False,False,44.24,WATCH,WATCH
712,MAHLIFE,2026-08-28,367.55,Bearish,36.8,44.56,-7,15,7/10,Medium,38.39,10.13,2.75,11.67,377.73,372.64,364.26,-2.5457,-0.1107,0.21,5.0,381.83,-3.74,1.3,0.016,-0.3,-3.23,-4.51,-6.39,0.33,62.62,376.45,368.0,368.65,386.65,368.0,45.53,49.61,1.55,-1.5,0.17,11.97,7.5,1.69,-1.89,85.06,9,10,14,64.29,-0.08,42.86,-0.38,42.86,-0.21,64.29,1.41,85.71,4.02,NEGATIVE,57.3,POSITIVE,No strong driver,"Trend, Momentum, Structure",-4.13,-0.96,352.36,364.01,381.83,MODERATE,48946534.0,NOT_AVAILABLE,NOT_AVAILABLE,,False,False,False,44.23,WATCH,WATCH
713,HARSHA,2026-08-28,438.85,Bullish,55.76,54.73,5,75,5/10,Medium,58.87,14.61,3.33,18.33,427.26,419.47,401.99,1.4514,-0.0749,0.75,50.0,422.86,3.78,2.54,0.781,0.07,0.29,6.45,9.43,0.76,52.71,440.0,422.8,438.55,448.65,422.8,44.61,50.39,1.75,-1.5,0.09,11.45,6.18,1.62,-2.12,86.02,7,8,100,41.0,-0.33,37.0,-0.68,37.0,-0.81,39.0,-1.01,39.0,-0.57,NEGATIVE,34.32,NEGATIVE,Trend + Momentum + VWAP + RSI,None material,1.17,4.99,443.96,460.77,422.8,HIGH,83880509.0,NOT_AVAILABLE,NOT_AVAILABLE,,False,False,False,44.23,WATCH,WATCH
714,LOWVOLIETF,2026-08-28,22.26,Bearish,36.95,47.81,-5,25,6/10,Medium,44.74,0.41,1.85,14.17,22.4,22.25,22.29,-0.0543,0.0029,0.46,36.67,22.59,-1.47,2.15,0.142,-0.27,-0.18,-1.46,-2.02,1.12,73.02,22.58,22.23,22.32,22.59,22.15,48.19,44.72,0.57,-0.83,1.36,64.4,5.5,2.37,-4.97,98.82,7,10,100,61.0,0.19,64.0,-0.61,61.0,-1.4,70.0,-2.6,74.0,-4.89,MIXED,44.85,MIXED,Gap,"Trend, Momentum, Structure",-2.78,-0.65,21.64,22.12,22.59,LOW,46783005.0,NOT_AVAILABLE,NOT_AVAILABLE,,False,False,False,44.14,WATCH,WATCH
715,ORISSAMINE,2026-08-28,4462.2,Bearish,46.18,38.6,-4,30,5/10,Medium,51.96,177.05,3.97,50.0,4486.45,4277.25,4326.6,-45.3045,-7.6221,0.13,3.33,4771.79,-6.49,4.16,0.383,-1.79,-3.36,-8.62,11.94,0.2,62.87,4625.8,4515.3,4543.5,4780.0,4455.2,42.11,53.55,2.31,-1.75,0.3,15.92,5.92,1.95,-2.18,81.39,7,9,13,53.85,0.18,46.15,2.08,53.85,3.13,38.46,1.24,23.08,-1.39,MIXED,64.79,POSITIVE,Liquidity,"Momentum, Structure, VWAP",-5.95,-1.39,4196.63,4400.23,4771.79,HIGH,263028690.0,NOT_AVAILABLE,NOT_AVAILABLE,,False,False,False,44.13,WATCH,WATCH
716,ESCONET,2026-08-28,198.2,Bullish,62.46,48.2,5,75,6/10,Medium,64.51,15.1,7.62,93.33,174.68,152.67,157.58,-0.0287,0.1802,0.35,13.33,180.81,9.62,10.21,0.691,6.53,7.25,-7.08,51.47,-2.12,77.03,191.0,181.85,186.05,201.9,180.5,45.82,48.0,4.19,-3.71,0.69,42.18,25.09,3.6,-3.3,67.23,10,11,100,45.0,0.04,48.0,0.45,47.0,0.45,44.0,1.2,36.0,2.25,MIXED,53.45,MIXED,Trend + Momentum + Structure + VWAP,Gap,2.67,11.43,203.48,220.85,180.81,VERY_HIGH,15184248.0,NOT_AVAILABLE,NOT_AVAILABLE,,False,False,False,44.06,WATCH,WATCH
717,PONNIERODE,2026-08-28,396.95,Bullish,59.78,57.25,5,75,5/10,Medium,64.64,20.63,5.2,98.33,369.3,343.56,313.08,2.8672,-1.0205,0.36,25.0,382.64,3.74,3.74,0.622,3.91,-5.39,14.96,31.16,0.97,42.33,395.25,379.95,382.0,455.0,379.95,44.47,51.05,1.73,-1.48,0.39,21.58,7.24,1.82,-1.99,89.17,8,9,100,43.0,-0.01,41.0,-0.03,45.0,-0.1,40.0,0.36,51.0,1.14,MIXED,45.79,MIXED,Trend + Momentum + Structure + VWAP,None material,1.82,7.8,404.17,427.9,379.95,VERY_HIGH,40665305.0,NOT_AVAILABLE,NOT_AVAILABLE,,False,False,False,44.06,WATCH,WATCH
718,DCW,2026-08-28,46.4,Bullish,57.74,52.83,6,80,6/10,Medium,53.17,1.48,3.18,11.67,45.67,46.33,51.07,0.2473,0.0496,0.93,69.17,45.44,2.12,2.37,0.629,0.98,3.73,5.33,0.45,0.0,56.53,47.0,45.68,45.95,47.9,43.95,42.89,52.11,2.46,-2.01,0.18,10.26,8.68,2.33,-2.4,81.79,8,9,100,48.0,0.21,52.0,-0.14,45.0,-0.32,34.0,-1.96,47.0,-1.7,MIXED,33.53,NEGATIVE,Trend + Momentum + VWAP + RSI,None material,1.11,4.77,46.92,48.61,45.44,HIGH,47710953.0,NOT_AVAILABLE,NOT_AVAILABLE,,False,False,False,44.05,WATCH,WATCH
719,EDELWEISS,2026-08-28,125.42,Bullish,56.48,51.7,5,75,5/10,Medium,55.88,4.61,3.67,14.17,123.25,120.74,115.21,0.3599,-0.1705,0.71,43.33,123.99,1.15,2.91,0.593,0.65,-2.53,2.82,8.62,0.32,48.16,128.64,124.1,124.61,132.4,123.92,45.79,49.87,2.54,-2.02,0.22,13.82,6.45,2.1,-3.24,82.45,6,7,10,70.0,1.37,50.0,0.44,50.0,1.11,30.0,-2.77,10.0,-3.62,MIXED,36.36,NEGATIVE,Trend + Momentum + VWAP + RSI,None material,1.29,5.51,127.03,132.33,123.99,HIGH,589456629.0,NOT_AVAILABLE,NOT_AVAILABLE,,False,False,False,44.04,WATCH,WATCH
720,HDFCNIFTY,2026-08-28,272.45,Bearish,37.12,41.23,-6,20,6/10,Medium,46.59,5.23,1.92,20.0,273.57,272.34,273.01,-0.3924,-0.0248,0.54,33.33,274.36,-0.69,0.52,0.114,-0.12,-0.48,-0.99,-0.68,-0.07,70.34,274.01,272.01,272.77,280.61,272.01,51.84,43.68,0.55,-0.58,0.49,17.37,3.82,2.17,-2.33,93.51,13,8,100,47.0,-0.02,47.0,-0.02,49.0,-0.03,54.0,0.21,58.0,0.3,MIXED,51.77,MIXED,No strong driver,"Trend, Momentum, Structure",-2.88,-0.67,264.61,270.62,274.36,LOW,45998279.0,NOT_AVAILABLE,NOT_AVAILABLE,,False,False,False,43.95,WATCH,WATCH
721,BIRLACORPN,2026-08-28,881.2,Bearish,39.81,38.7,-6,20,6/10,Medium,38.33,19.18,2.18,2.5,899.9,926.72,998.27,1.4109,-0.1645,0.74,62.5,898.34,-1.91,2.36,0.102,-0.2,-0.91,-2.62,-1.04,0.0,60.76,898.8,881.0,883.0,899.9,878.0,46.18,49.47,1.59,-1.53,0.24,11.71,4.87,1.91,-2.3,83.77,10,8,24,50.0,-0.48,58.33,0.29,54.17,0.6,50.0,1.4,66.67,3.13,MIXED,59.46,POSITIVE,No strong driver,"Trend, Momentum, Structure",-3.27,-0.76,852.43,874.49,898.8,MODERATE,39558760.0,NOT_AVAILABLE,NOT_AVAILABLE,,False,False,False,43.92,WATCH,WATCH
722,INDUSINDBK,2026-08-28,994.0,Bearish,38.16,42.6,-5,25,6/10,Medium,43.61,18.33,1.84,2.5,1010.08,993.43,927.11,-3.8297,-0.5817,1.02,68.33,1014.66,-2.04,1.33,0.132,-0.89,-1.15,-2.63,-1.82,-0.59,55.07,1005.3,994.5,1002.9,1022.0,989.4,48.16,47.24,1.31,-1.39,0.05,6.71,6.71,1.74,-2.19,75.07,9,6,100,57.0,0.06,52.0,-0.2,52.0,-0.49,57.0,-0.72,53.0,-1.25,MIXED,48.31,MIXED,Liquidity,"Momentum, Structure, VWAP",-2.77,-0.65,966.51,987.59,1014.66,LOW,1025316879.0,NOT_AVAILABLE,NOT_AVAILABLE,,False,False,False,43.81,WATCH,WATCH
723,MANORG,2026-08-28,510.6,Bullish,60.83,52.26,8,90,8/10,Medium,60.57,20.12,3.94,0.83,482.98,496.07,492.53,9.2044,0.6732,0.56,35.83,463.84,10.08,3.54,0.873,2.12,8.47,13.49,5.21,1.02,77.11,514.0,499.0,500.0,522.45,453.05,42.76,52.89,2.54,-1.9,0.34,28.55,16.97,2.43,-2.34,77.49,8,12,14,21.43,-0.59,28.57,-2.18,21.43,-0.63,35.71,-0.74,42.86,0.93,NEGATIVE,29.52,NEGATIVE,Trend + Momentum + Structure + VWAP,None material,1.38,5.91,517.64,540.78,463.84,HIGH,7336649.0,NOT_AVAILABLE,NOT_AVAILABLE,,False,False,False,43.81,WATCH,WATCH
724,NIVABUPA,2026-08-28,81.8,Bearish,36.96,42.61,-7,15,7/10,Medium,36.6,1.92,2.34,0.83,83.76,84.26,81.16,-0.2218,-0.0,0.43,44.17,84.52,-3.22,1.82,0.2,-0.85,-0.99,-1.11,-5.99,0.0,51.46,82.89,82.11,82.5,84.2,80.08,43.52,52.31,1.7,-1.32,0.07,12.31,10.77,1.96,-2.36,83.38,5,5,9,44.44,0.23,66.67,1.66,66.67,1.21,44.44,-0.25,66.67,0.45,STRONG,57.73,POSITIVE,No strong driver,"Trend, Momentum, Structure",-3.51,-0.82,78.93,81.13,84.52,MODERATE,64503429.0,NOT_AVAILABLE,NOT_AVAILABLE,,False,False,False,43.8,WATCH,WATCH
725,INTERARCH,2026-08-28,1701.4,Neutral-Range,49.43,42.4,-1,45,5/10,Medium,40.66,52.09,3.06,10.0,1727.71,1778.21,1888.59,-0.0437,2.1122,1.3,80.83,1734.35,-1.9,3.32,0.159,0.94,1.5,-2.0,-5.94,2.01,51.85,1703.4,1672.0,1685.6,1719.0,1667.0,46.0,50.88,2.42,-1.97,0.28,19.69,9.16,2.07,-2.76,83.46,6,8,77,40.26,-0.11,50.65,-0.05,44.16,0.12,53.25,1.31,55.84,2.09,MIXED,54.81,MIXED,Volume + Gap + Delivery + Liquidity,"Trend, Momentum, Structure",-3.06,3.06,1649.31,1753.49,1685.6,HIGH,118165113.0,NOT_AVAILABLE,NOT_AVAILABLE,,False,False,False,43.75,WATCH,WATCH
726,MAHICKRA,2026-08-28,297.0,Bullish,63.44,54.56,7,85,7/10,Medium,62.67,20.04,6.75,75.0,274.91,253.03,192.2,0.7334,0.6962,0.53,47.5,265.64,11.8,10.54,0.84,1.02,14.96,4.19,11.4,-0.68,66.67,302.0,294.0,294.0,308.8,255.0,48.59,42.61,2.91,-2.63,-0.57,26.58,42.61,4.75,-4.27,67.81,7,4,9,11.11,-3.97,22.22,-3.55,33.33,-1.26,33.33,2.53,55.56,4.0,NEGATIVE,43.41,MIXED,Trend + Momentum + Structure + VWAP,None material,2.36,10.12,304.01,327.06,265.64,VERY_HIGH,5638311.0,NOT_AVAILABLE,NOT_AVAILABLE,,False,False,False,43.75,WATCH,WATCH
727,ROSSTECH,2026-08-28,1104.6,Bullish,55.88,52.45,5,75,5/10,Medium,59.75,52.19,4.72,2.5,1068.16,1031.11,874.32,-0.2539,0.7971,0.28,3.33,1083.03,1.99,2.54,0.673,0.11,2.83,2.9,15.77,0.77,44.22,1149.0,1096.5,1103.4,1149.0,1032.75,46.92,49.66,2.99,-2.36,0.4,29.61,12.76,2.11,-2.22,75.4,11,7,8,37.5,0.67,25.0,1.67,25.0,0.32,50.0,-1.97,37.5,-0.94,MIXED,34.65,NEGATIVE,Trend + Momentum + VWAP + RSI,None material,1.65,7.09,1122.87,1182.88,1083.03,HIGH,332446634.0,NOT_AVAILABLE,NOT_AVAILABLE,,False,False,False,43.66,WATCH,WATCH
728,KELLTONTEC,2026-08-28,15.07,Bullish,57.12,53.1,6,80,6/10,Medium,65.74,0.57,3.8,36.67,14.06,14.46,22.76,0.1726,0.0649,3.59,97.5,14.64,2.95,5.99,0.738,1.41,11.14,9.92,6.28,0.0,17.51,15.45,13.3,14.86,15.45,13.3,40.66,54.74,2.61,-2.11,0.31,17.37,6.97,2.23,-3.93,79.66,7,9,100,41.0,-0.04,45.0,-0.41,38.0,-0.98,46.0,-2.18,46.0,-5.54,NEGATIVE,31.76,NEGATIVE,Trend + Momentum + Volume + VWAP,None material,1.33,5.7,15.27,15.93,13.3,HIGH,74428094.0,NOT_AVAILABLE,NOT_AVAILABLE,,False,False,False,43.51,WATCH,WATCH
729,MOBIKWIK,2026-08-28,192.33,Bearish,45.39,38.93,-4,30,5/10,Medium,39.54,6.28,3.26,0.83,199.25,201.76,216.18,-1.0016,0.0503,0.24,8.33,208.52,-7.76,2.33,0.068,0.41,-2.28,-5.35,-6.28,0.73,32.68,196.4,190.1,191.55,199.0,190.1,40.05,56.71,2.69,-2.2,0.2,13.19,10.65,2.42,-2.45,82.3,4,9,19,57.89,1.41,63.16,3.35,73.68,1.68,42.11,0.07,42.11,-3.58,STRONG,62.53,POSITIVE,Liquidity,"Trend, Momentum, Structure",-4.9,-1.14,182.91,190.13,208.52,HIGH,399440890.0,NOT_AVAILABLE,NOT_AVAILABLE,,False,False,False,43.43,WATCH,WATCH
730,SYMPHONY,2026-08-28,591.15,Bearish,41.17,37.78,-5,25,5/10,Medium,27.95,14.66,2.48,5.83,624.45,658.75,773.03,-1.4568,0.1624,0.64,32.5,642.11,-7.94,2.03,0.01,-1.32,-3.49,-4.85,-14.1,0.0,60.84,605.0,597.0,599.05,617.95,592.05,43.29,52.37,1.6,-1.38,0.17,9.74,6.71,1.95,-2.09,83.51,8,8,41,36.59,-0.22,48.78,0.02,51.22,0.3,56.1,0.79,46.34,0.08,MIXED,56.92,MIXED,No strong driver,"Trend, Momentum, Structure",-3.72,-0.87,569.16,586.02,642.11,MODERATE,63076677.0,NOT_AVAILABLE,NOT_AVAILABLE,,False,False,False,43.42,WATCH,WATCH
731,TORNTPOWER,2026-08-28,1217.7,Bearish,41.05,38.19,-5,25,6/10,Medium,23.98,29.83,2.45,6.67,1290.26,1353.39,1408.32,-4.1665,-0.0241,0.77,44.17,1296.74,-6.1,2.02,0.024,-1.01,-2.4,-6.98,-13.84,0.59,58.73,1262.9,1227.0,1230.1,1273.9,1227.0,47.37,48.42,1.82,-1.59,0.17,10.26,5.53,2.23,-2.89,83.3,7,8,14,71.43,0.24,57.14,0.73,57.14,0.86,57.14,-0.47,42.86,0.45,POSITIVE,56.56,MIXED,Liquidity,"Trend, Momentum, Structure",-3.67,-0.86,1172.95,1207.26,1296.74,MODERATE,360716552.0,NOT_AVAILABLE,NOT_AVAILABLE,,False,False,False,43.41,WATCH,WATCH
732,CHAMBLFERT,2026-08-28,421.55,Bearish,39.53,36.59,-5,25,6/10,Medium,29.26,8.31,1.97,4.17,436.32,445.59,460.42,-1.4409,-0.1138,0.67,40.0,438.73,-3.92,1.38,0.01,-0.75,-2.23,-4.78,-3.95,0.22,61.46,429.3,424.1,424.75,446.9,424.1,47.89,47.63,1.73,-1.58,0.14,8.03,6.18,1.82,-1.97,81.87,10,8,10,20.0,-0.38,50.0,0.21,40.0,-0.07,60.0,0.63,50.0,0.16,NEGATIVE,52.24,MIXED,Liquidity,"Trend, Momentum, Structure",-2.96,-0.69,409.08,418.64,438.73,LOW,220908821.0,NOT_AVAILABLE,NOT_AVAILABLE,,False,False,False,43.4,WATCH,WATCH
733,AIAENG,2026-08-28,4234.2,Neutral-Range,45.1,45.14,-3,35,5/10,Medium,31.67,128.96,3.05,16.67,4423.44,4494.51,4149.38,-27.7111,4.1943,0.66,50.83,4520.73,-6.34,1.62,0.061,0.04,-2.64,-5.55,-7.77,0.0,50.17,4300.0,4223.0,4232.3,4425.5,4223.0,48.55,47.11,1.29,-1.25,0.03,6.58,5.66,1.45,-2.02,85.45,8,8,100,53.0,-0.0,57.0,0.32,52.0,0.3,51.0,0.76,59.0,1.11,MIXED,55.29,MIXED,Delivery + Liquidity,"Trend, Momentum, Structure",-3.05,3.05,4105.24,4363.16,4232.3,HIGH,232939940.0,NOT_AVAILABLE,NOT_AVAILABLE,,False,False,False,43.39,WATCH,WATCH
734,HONASA,2026-08-28,470.65,Bearish,43.49,45.14,-4,30,5/10,Medium,49.57,15.63,3.32,23.33,475.16,456.52,379.16,-1.4383,-0.9677,0.32,25.0,490.13,-3.97,3.42,0.46,-2.93,-2.33,-6.39,4.69,-0.22,54.13,491.75,476.75,484.85,493.5,474.0,46.26,48.75,2.07,-1.79,0.18,15.1,10.39,2.16,-2.41,83.48,7,6,26,46.15,0.56,50.0,-0.12,50.0,0.48,53.85,0.96,69.23,3.66,MIXED,57.11,POSITIVE,Liquidity,"Momentum, Structure, VWAP",-4.98,-1.16,447.2,465.18,491.75,HIGH,1033522037.0,NOT_AVAILABLE,NOT_AVAILABLE,,False,False,False,43.37,WATCH,WATCH
735,NIACL,2026-08-28,186.34,Bullish,54.96,54.52,5,75,5/10,Medium,58.84,5.62,3.02,1.67,182.25,177.69,168.76,0.4259,-0.0952,0.82,65.83,183.34,1.64,3.46,0.729,0.62,1.2,4.05,7.33,0.97,25.06,188.0,184.34,185.2,191.16,182.11,46.18,49.21,2.29,-1.96,0.22,14.08,6.45,1.94,-2.72,79.63,12,8,100,45.0,-0.32,44.0,-0.59,35.0,-1.2,39.0,-1.02,42.0,-0.48,NEGATIVE,32.02,NEGATIVE,Trend + Momentum + VWAP + RSI,None material,1.06,4.52,188.31,194.77,183.34,HIGH,525274773.0,NOT_AVAILABLE,NOT_AVAILABLE,,False,False,False,43.35,WATCH,WATCH
736,RHIM,2026-08-28,369.35,Bearish,43.68,38.73,-5,25,6/10,Medium,37.38,11.73,3.18,5.0,382.72,389.11,409.96,-2.1857,0.3576,0.17,12.5,395.13,-6.52,1.39,0.066,-0.26,-1.57,-2.76,-4.94,0.46,58.42,373.5,364.85,370.3,381.95,364.85,41.71,53.68,1.78,-1.51,0.1,8.95,6.32,1.66,-2.15,82.7,6,8,31,58.06,-0.11,48.39,0.12,58.06,1.02,54.84,1.37,54.84,1.48,POSITIVE,64.08,POSITIVE,Liquidity,"Trend, Momentum, Structure",-4.77,-1.11,351.75,365.24,395.13,HIGH,292230684.0,NOT_AVAILABLE,NOT_AVAILABLE,,False,False,False,43.24,WATCH,WATCH
737,CESC,2026-08-28,148.11,Bearish,40.41,39.74,-5,25,6/10,Medium,26.6,3.76,2.54,28.33,158.87,163.32,165.93,-1.3956,-0.2051,1.02,72.5,161.83,-8.48,2.93,0.012,-2.64,-4.5,-11.75,-10.55,0.05,66.32,154.17,151.5,152.13,157.79,151.5,47.89,47.76,1.75,-1.57,0.19,8.95,6.45,1.96,-2.15,80.11,6,7,96,51.04,0.12,51.04,0.03,56.25,-0.23,57.29,0.23,57.29,1.54,MIXED,54.74,MIXED,Liquidity,"Trend, Momentum, Structure",-3.81,-0.89,142.47,146.8,161.83,MODERATE,273536336.0,NOT_AVAILABLE,NOT_AVAILABLE,,False,False,False,43.23,WATCH,WATCH
738,DATAMATICS,2026-08-28,791.9,Bearish,39.94,41.09,-5,25,5/10,Medium,34.89,23.73,3.0,0.83,824.27,823.98,790.38,-7.1426,0.3324,0.51,35.83,852.1,-7.06,2.72,0.036,0.14,-3.34,-8.58,-4.83,0.0,39.13,801.55,787.55,790.8,828.95,787.55,45.13,50.53,2.33,-1.93,0.26,16.71,8.29,1.92,-1.97,82.99,11,9,20,55.0,-0.2,50.0,0.53,55.0,0.24,45.0,0.61,45.0,3.4,POSITIVE,53.4,MIXED,No strong driver,"Trend, Momentum, Structure",-4.49,-1.05,756.31,783.6,852.1,MODERATE,90777380.0,NOT_AVAILABLE,NOT_AVAILABLE,,False,False,False,43.16,WATCH,WATCH
739,IRFC,2026-08-28,83.9,Bearish,41.47,34.61,-4,30,5/10,Medium,29.96,1.43,1.7,11.67,86.7,89.31,101.47,-0.1902,-0.0563,0.99,64.17,87.18,-3.76,1.58,0.035,-0.89,-2.89,-4.19,-5.89,0.0,46.74,86.16,84.5,84.65,87.25,84.5,43.03,52.63,1.96,-1.53,0.3,14.74,7.63,2.21,-2.4,73.68,7,10,26,50.0,-0.08,57.69,1.05,50.0,1.34,34.62,0.34,38.46,1.91,MIXED,51.34,MIXED,Liquidity,"Trend, Momentum, Structure",-2.55,-0.6,81.76,83.4,87.18,LOW,605637935.0,NOT_AVAILABLE,NOT_AVAILABLE,,False,False,False,43.16,WATCH,WATCH
740,NIFTY1,2026-08-28,268.17,Bearish,36.63,40.22,-6,20,6/10,Medium,45.53,4.81,1.79,26.67,269.4,268.23,268.85,-0.4013,-0.0228,0.17,1.67,269.61,-0.53,0.65,0.084,-0.06,-0.55,-0.99,-0.73,0.0,53.13,272.5,267.2,268.32,276.7,267.0,50.32,45.37,0.56,-0.57,0.13,8.95,3.99,2.32,-2.15,97.73,12,7,100,44.0,0.01,55.0,0.14,51.0,0.05,48.0,0.13,56.0,0.05,MIXED,50.37,MIXED,No strong driver,"Trend, Momentum, Structure",-2.69,-0.63,260.95,266.49,272.5,LOW,43893512.0,NOT_AVAILABLE,NOT_AVAILABLE,,False,False,False,43.15,WATCH,WATCH
741,MUKKA,2026-08-28,25.06,Bearish,44.39,35.96,-5,25,5/10,Medium,51.27,1.13,4.51,75.0,25.19,24.37,24.42,-0.1038,-0.0689,0.39,2.5,25.86,-3.1,2.97,0.427,-0.91,-5.75,-5.43,11.18,-0.16,66.43,26.14,25.1,25.29,27.09,25.1,38.43,56.06,2.07,-1.51,0.3,20.16,9.92,2.34,-2.85,84.91,5,9,9,33.33,0.81,33.33,5.36,44.44,4.56,44.44,4.87,33.33,1.31,MIXED,66.11,POSITIVE,No strong driver,"Momentum, Structure, VWAP",-6.76,-1.58,23.37,24.66,26.14,HIGH,17641749.0,NOT_AVAILABLE,NOT_AVAILABLE,,False,False,False,43.13,WATCH,WATCH
742,SIEMENS,2026-08-28,4089.0,Bullish,51.62,53.91,5,75,6/10,Medium,64.62,97.62,2.39,0.83,3958.72,3825.94,3608.2,4.6247,-0.162,0.6,26.67,4010.69,1.95,1.29,0.867,-0.15,4.31,3.78,8.75,-0.14,53.32,4128.8,4050.0,4095.0,4149.4,3879.9,51.58,44.21,1.44,-1.58,0.13,7.5,5.39,1.94,-3.38,80.35,10,8,14,50.0,0.31,78.57,0.82,57.14,-0.65,21.43,-5.47,28.57,-8.04,MIXED,22.5,NEGATIVE,Trend + Momentum + Structure + VWAP,Delivery,0.84,3.58,4123.17,4235.43,4010.69,MODERATE,1878311274.0,NOT_AVAILABLE,NOT_AVAILABLE,,False,False,False,42.78,WATCH,WATCH
743,BHAGERIA,2026-08-28,238.75,Bullish,55.58,50.47,5,75,6/10,Medium,71.83,9.79,4.1,13.33,215.3,208.8,188.82,3.2951,0.8489,3.74,94.17,220.87,8.09,6.05,1.0,5.0,12.25,19.82,12.52,-1.05,,232.1,218.32,227.39,233.0,207.0,45.13,50.39,2.37,-1.93,0.48,29.87,9.08,2.01,-2.25,87.74,7,8,73,35.62,0.11,34.25,-0.25,38.36,-0.49,32.88,-1.04,27.4,-2.25,NEGATIVE,33.81,NEGATIVE,Trend + Momentum + Volume + Structure,Gap,1.43,6.15,242.18,253.43,218.32,HIGH,10911685.0,NOT_AVAILABLE,NOT_AVAILABLE,,False,False,False,42.77,WATCH,WATCH
744,HSCL,2026-08-28,672.95,Bearish,42.69,40.27,-5,25,6/10,Medium,37.88,29.95,4.45,45.83,713.65,706.12,598.04,-12.4507,1.7922,1.19,65.0,716.17,-6.04,2.39,0.159,-0.21,2.83,-13.84,-10.35,0.42,37.97,676.6,657.5,674.35,711.0,650.0,48.29,47.37,1.98,-1.67,0.21,12.89,8.03,1.96,-2.37,85.72,9,8,100,48.0,-0.01,49.0,0.04,58.0,0.97,51.0,1.06,51.0,1.32,POSITIVE,61.27,POSITIVE,Liquidity,"Trend, Momentum, Volume",-6.68,-1.56,628.02,662.47,716.17,HIGH,5082163956.0,NOT_AVAILABLE,NOT_AVAILABLE,,False,False,False,42.71,WATCH,WATCH
745,TTML,2026-08-28,38.84,Bullish,56.18,48.18,5,75,5/10,Medium,50.84,1.23,3.16,15.83,38.35,39.71,44.37,0.0668,0.1361,13.39,100.0,38.7,0.37,11.14,0.556,6.53,2.81,0.65,-2.78,0.0,7.62,37.68,36.3,36.46,38.36,36.3,38.29,56.84,2.26,-1.68,0.22,12.89,7.5,2.07,-2.31,82.01,7,9,100,37.0,0.34,38.0,0.29,34.0,0.61,28.0,-0.91,40.0,-0.36,MIXED,35.5,NEGATIVE,Momentum + Volume + Structure + MACD,None material,1.11,4.74,39.27,40.68,36.3,HIGH,147224965.0,NOT_AVAILABLE,NOT_AVAILABLE,,False,False,False,42.68,WATCH,WATCH
746,SIMPLEXINF,2026-08-28,277.59,Bullish,58.53,56.27,8,90,8/10,Medium,67.68,10.98,3.95,5.0,254.45,250.4,242.94,1.9312,1.302,3.75,97.5,259.16,7.11,8.28,0.965,7.31,8.56,10.99,17.45,0.32,68.31,262.5,253.04,258.67,262.5,245.05,46.84,48.55,2.79,-2.16,0.36,33.29,21.32,2.54,-2.42,69.91,9,9,9,55.56,-0.11,22.22,-2.75,22.22,-4.09,44.44,0.24,33.33,3.37,NEGATIVE,22.93,NEGATIVE,Trend + Momentum + Volume + Structure,None material,1.38,5.93,281.43,294.05,253.04,HIGH,37584919.0,NOT_AVAILABLE,NOT_AVAILABLE,,False,False,False,42.67,WATCH,WATCH
747,GARFIBRES,2026-08-28,799.0,Bullish,53.65,51.04,4,70,5/10,Medium,57.29,30.23,3.78,64.17,780.15,755.01,762.7,0.9877,0.0696,0.34,21.67,803.48,-0.56,2.64,0.506,0.81,-0.45,5.76,9.02,-0.95,53.17,802.9,783.95,792.55,827.0,745.0,43.42,52.37,1.84,-1.61,0.02,9.61,7.89,2.06,-3.38,80.38,6,9,8,50.0,-0.18,37.5,-0.49,37.5,-0.61,25.0,0.07,75.0,2.54,NEGATIVE,34.72,NEGATIVE,Trend + Momentum + RSI + MACD,VWAP,1.32,5.67,809.58,844.34,783.95,HIGH,70509085.0,NOT_AVAILABLE,NOT_AVAILABLE,,False,False,False,42.59,WATCH,WATCH
748,PFC,2026-08-28,352.0,Bearish,40.71,36.56,-5,25,6/10,Medium,20.21,7.69,2.18,11.67,377.98,397.43,409.19,-1.9055,-0.0361,0.72,23.33,379.6,-7.27,1.63,0.023,-1.08,-3.03,-6.38,-17.05,0.04,59.52,362.3,352.35,355.85,369.15,352.35,48.29,47.24,1.8,-1.7,0.15,10.66,8.03,1.93,-2.26,70.29,13,7,100,47.0,0.36,51.0,0.75,50.0,0.93,49.0,0.56,47.0,0.35,MIXED,55.61,MIXED,Liquidity,"Trend, Momentum, Structure",-3.28,-0.76,340.46,349.31,379.6,MODERATE,3331649531.0,NOT_AVAILABLE,NOT_AVAILABLE,,False,False,False,42.58,WATCH,WATCH
749,SAHANA,2026-08-28,919.95,Bullish,54.89,46.57,4,70,5/10,Medium,62.96,33.68,3.66,5.83,868.67,864.69,925.3,15.6104,-0.9618,0.69,42.5,852.0,7.98,1.73,0.816,-0.49,7.84,16.74,8.93,-0.27,86.72,946.9,918.2,924.5,954.95,816.05,46.07,49.3,3.12,-2.33,0.49,33.57,18.54,2.91,-2.67,78.31,13,8,8,12.5,-1.72,25.0,-0.82,37.5,-0.23,25.0,0.58,37.5,4.68,NEGATIVE,38.27,NEGATIVE,Trend + Momentum + Structure + VWAP,Delivery,1.28,5.49,931.74,970.48,852.0,HIGH,23815472.0,NOT_AVAILABLE,NOT_AVAILABLE,,False,False,False,42.51,WATCH,WATCH
750,SATIN,2026-08-28,222.37,Bearish,40.16,42.77,-6,20,6/10,Medium,39.74,8.46,3.81,15.0,229.54,232.93,200.74,0.2791,-0.0259,0.36,21.67,228.01,-2.47,3.17,0.132,-1.61,-0.8,-1.41,-7.27,-0.45,50.49,233.0,223.0,226.01,233.0,219.53,46.71,48.95,1.71,-1.57,0.22,14.21,7.76,1.91,-2.08,88.88,10,11,9,11.11,-1.06,22.22,-2.05,44.44,-0.46,66.67,2.1,66.67,6.35,NEGATIVE,60.45,POSITIVE,No strong driver,"Trend, Momentum, Structure",-5.71,-1.33,209.67,219.41,233.0,HIGH,74859858.0,NOT_AVAILABLE,NOT_AVAILABLE,,False,False,False,42.49,WATCH,WATCH
751,SHARDAMOTR,2026-08-28,877.2,Bearish,43.05,43.54,-4,30,5/10,Medium,46.95,30.21,3.44,46.67,892.99,878.8,931.18,-6.1883,-0.4592,0.25,4.17,912.0,-3.82,3.45,0.101,0.31,-3.93,-2.34,0.68,-0.29,53.52,897.3,872.1,874.5,927.55,872.0,44.08,51.58,2.15,-1.75,0.2,16.45,8.55,2.06,-3.11,83.9,7,10,24,33.33,-0.23,45.83,0.35,58.33,0.94,54.17,-0.57,50.0,-3.88,POSITIVE,55.85,MIXED,Delivery,"Trend, Momentum, Structure",-5.17,-1.21,831.89,866.63,912.0,HIGH,83341526.0,NOT_AVAILABLE,NOT_AVAILABLE,,False,False,False,42.44,WATCH,WATCH
752,SHIVALIK,2026-08-28,306.85,Bullish,57.83,47.14,6,80,6/10,Medium,73.35,13.97,4.55,15.83,269.07,255.37,298.62,3.8953,0.933,1.38,78.33,267.68,14.63,7.2,1.0,5.0,13.44,14.5,24.13,0.0,,296.75,283.45,292.24,296.75,261.05,41.18,54.34,2.47,-2.0,0.31,18.95,10.26,2.02,-2.02,87.94,6,10,100,36.0,0.03,34.0,-0.54,35.0,-0.29,34.0,-1.05,29.0,-1.98,NEGATIVE,33.79,NEGATIVE,Trend + Momentum + Volume + Structure,None material,1.59,6.83,311.74,327.8,267.68,HIGH,8667488.0,NOT_AVAILABLE,NOT_AVAILABLE,,False,False,False,42.44,WATCH,WATCH
753,YESBANK,2026-08-28,22.1,Bearish,35.83,35.09,-7,15,8/10,Medium,34.52,0.36,1.63,5.83,22.67,22.87,21.99,-0.0355,-0.0162,1.39,85.83,22.69,-2.6,1.57,0.079,-0.72,-3.07,-2.51,-2.94,0.22,59.9,22.55,22.25,22.26,22.87,22.25,44.34,48.55,1.71,-1.44,0.29,10.39,4.34,2.33,-1.99,76.64,7,6,8,62.5,-0.18,25.0,-0.39,37.5,-0.49,62.5,1.62,25.0,2.66,NEGATIVE,54.52,MIXED,Liquidity,"Trend, Momentum, Volume",-2.44,-0.57,21.56,21.97,22.69,LOW,1036140202.0,NOT_AVAILABLE,NOT_AVAILABLE,,False,False,False,42.41,WATCH,WATCH
754,ROSSELLIND,2026-08-28,59.62,Bullish,62.17,48.6,6,80,6/10,Medium,55.82,3.91,6.57,99.17,57.57,57.16,59.0,0.3453,0.0864,1.85,84.17,57.69,3.34,7.69,0.314,4.61,6.58,7.27,3.6,0.35,35.07,73.0,55.82,56.99,73.0,55.14,39.47,55.53,2.45,-2.04,0.43,31.97,11.84,2.44,-3.44,84.57,10,11,8,62.5,0.79,62.5,0.37,50.0,0.15,25.0,1.09,50.0,1.03,MIXED,46.21,MIXED,Trend + Momentum + Volume + VWAP,None material,2.3,9.85,60.99,65.49,55.82,VERY_HIGH,10882764.0,NOT_AVAILABLE,NOT_AVAILABLE,,False,False,False,42.28,WATCH,WATCH
755,BHARTIHEXA,2026-08-28,1550.1,Bearish,43.76,40.28,-4,30,5/10,Medium,45.54,46.93,3.03,59.17,1579.71,1567.93,1584.26,-4.5854,-1.7563,0.59,38.33,1567.45,-1.11,3.49,0.411,-0.06,-2.58,-4.38,-3.57,-0.39,50.4,1598.2,1547.7,1551.1,1616.9,1547.7,47.13,49.26,1.9,-1.54,0.07,10.84,9.52,1.92,-2.15,83.89,7,11,14,64.29,0.41,42.86,-0.18,57.14,0.71,42.86,1.26,35.71,-3.04,POSITIVE,57.88,POSITIVE,Liquidity,"Trend, Momentum, VWAP",-4.54,-1.06,1479.7,1533.67,1598.2,HIGH,279451448.0,NOT_AVAILABLE,NOT_AVAILABLE,,False,False,False,42.18,WATCH,WATCH
756,TANLA,2026-08-28,544.25,Bearish,44.36,38.22,-4,30,5/10,Medium,40.38,22.84,4.2,43.33,568.76,564.39,545.12,-7.8046,1.0887,0.72,48.33,585.16,-6.99,2.71,0.179,2.4,-4.59,-6.49,-7.21,0.1,30.45,547.85,527.95,531.5,585.0,522.1,42.11,53.68,2.08,-1.71,0.24,11.32,6.45,2.23,-2.23,71.74,9,8,12,75.0,0.52,66.67,0.94,66.67,0.89,41.67,0.78,25.0,0.69,STRONG,59.6,POSITIVE,Liquidity,"Trend, Momentum, Structure",-6.29,-1.47,509.99,536.26,585.16,HIGH,392236958.0,NOT_AVAILABLE,NOT_AVAILABLE,,False,False,False,42.17,WATCH,WATCH
757,IRB,2026-08-28,19.07,Bearish,38.7,35.16,-5,25,6/10,Medium,40.35,0.34,1.77,6.67,19.34,20.12,28.24,0.0397,-0.0008,0.78,62.5,19.37,-1.57,1.92,0.191,-1.29,0.63,-0.99,-4.65,-0.36,51.17,19.63,19.12,19.32,19.63,18.76,45.53,49.34,1.85,-1.74,0.2,14.74,7.63,2.05,-3.45,79.66,8,9,100,43.0,-0.19,42.0,-0.29,48.0,-0.04,53.0,-0.08,41.0,-0.89,MIXED,49.87,MIXED,Liquidity,"Trend, Momentum, Structure",-2.65,-0.62,18.56,18.95,19.63,LOW,124465635.0,NOT_AVAILABLE,NOT_AVAILABLE,,False,False,False,42.13,WATCH,WATCH
758,CERA,2026-08-28,5654.5,Bearish,35.82,40.65,-7,15,7/10,Medium,34.33,160.32,2.84,17.5,5877.65,5962.83,5781.5,-20.7604,-0.1,0.62,55.0,5938.83,-4.79,1.93,0.065,-0.13,-3.6,-3.7,-7.7,0.49,53.85,5825.0,5650.0,5662.0,5938.5,5650.0,42.24,53.55,1.51,-1.27,0.2,11.18,3.68,1.62,-1.68,88.2,8,8,9,33.33,0.02,33.33,-0.4,44.44,-0.24,66.67,0.39,55.56,-0.5,NEGATIVE,54.49,MIXED,No strong driver,"Trend, Momentum, Structure",-4.25,-0.99,5414.02,5598.39,5938.83,MODERATE,68612547.0,NOT_AVAILABLE,NOT_AVAILABLE,,False,False,False,42.06,WATCH,WATCH
759,VPRPL,2026-08-28,32.16,Bearish,47.05,39.92,-5,25,5/10,Medium,50.19,2.08,6.45,56.67,32.56,31.83,51.75,-0.3323,-0.086,0.41,35.83,36.51,-11.92,4.91,0.328,-2.52,-1.68,-2.13,18.98,0.52,58.9,33.45,31.82,32.99,34.8,31.82,41.32,53.55,2.71,-2.39,0.17,16.32,12.76,2.3,-2.69,68.84,8,12,15,66.67,1.08,73.33,3.18,60.0,2.11,60.0,2.07,53.33,0.73,POSITIVE,73.72,STRONG,No strong driver,"Trend, Momentum, VWAP",-9.68,-2.26,29.05,31.43,36.51,VERY_HIGH,31404948.0,NOT_AVAILABLE,NOT_AVAILABLE,,False,False,False,42.02,WATCH,WATCH
760,RELAXO,2026-08-28,356.75,Bearish,43.28,41.31,-4,30,5/10,Medium,32.15,14.07,3.95,18.33,384.33,383.45,376.58,-5.5528,0.2089,0.62,69.17,401.5,-11.14,2.29,0.048,0.18,-5.27,-9.97,-11.68,-0.07,38.0,369.6,353.8,356.1,379.15,353.8,39.74,55.92,1.5,-1.25,0.09,6.45,5.13,1.75,-2.26,83.36,8,10,100,37.0,-0.01,50.0,0.19,44.0,0.7,52.0,1.28,49.0,0.68,MIXED,56.52,MIXED,Liquidity,"Trend, Momentum, Structure",-5.92,-1.38,335.64,351.82,401.5,HIGH,110236158.0,NOT_AVAILABLE,NOT_AVAILABLE,,False,False,False,42.01,WATCH,WATCH
761,BLKASHYAP,2026-08-28,58.57,Bullish,58.25,49.48,7,85,7/10,Medium,64.69,2.34,4.0,21.67,54.35,54.46,54.94,0.5758,0.2494,4.47,97.5,55.27,5.98,7.84,0.761,3.72,11.52,13.46,7.55,0.0,38.9,57.75,54.99,56.47,57.75,51.7,45.79,49.74,2.4,-2.09,0.29,16.58,8.29,2.32,-2.39,85.07,9,7,15,60.0,1.06,60.0,1.84,40.0,0.23,26.67,-2.67,26.67,-1.6,MIXED,28.57,NEGATIVE,Trend + Momentum + Volume + Structure,None material,1.4,5.99,59.39,62.08,54.99,HIGH,36342790.0,NOT_AVAILABLE,NOT_AVAILABLE,,False,False,False,41.96,WATCH,WATCH
762,EMAMILTD,2026-08-28,379.4,Bearish,37.0,36.15,-7,15,8/10,Medium,33.96,10.76,2.84,22.5,400.37,405.51,447.36,-1.8942,-1.0652,1.23,73.33,400.84,-5.35,2.64,0.029,-2.14,-5.76,-5.93,-4.69,0.08,53.46,404.65,385.25,387.7,413.5,385.25,44.34,51.32,1.55,-1.4,0.18,9.47,5.39,1.67,-1.91,87.07,6,9,9,66.67,0.44,44.44,0.65,55.56,1.43,55.56,-0.44,55.56,-0.84,POSITIVE,57.85,POSITIVE,Liquidity,"Trend, Momentum, Volume",-4.25,-0.99,363.26,375.64,404.65,MODERATE,347150906.0,NOT_AVAILABLE,NOT_AVAILABLE,,False,False,False,41.91,WATCH,WATCH
763,HPL,2026-08-28,308.8,Bearish,41.17,38.07,-4,30,5/10,Medium,35.42,8.73,2.83,1.67,320.43,333.31,362.49,-0.3505,0.1343,0.7,41.67,324.62,-4.87,2.32,0.083,0.37,-2.72,-2.72,-7.11,0.46,56.49,313.5,306.3,307.65,320.0,306.3,41.97,53.55,2.81,-2.02,0.41,21.97,8.68,2.19,-2.71,79.39,7,8,16,37.5,-0.5,37.5,-0.5,37.5,-0.52,56.25,1.19,56.25,0.98,NEGATIVE,50.49,MIXED,Delivery,"Trend, Momentum, Structure",-4.24,-0.99,295.71,305.74,324.62,MODERATE,32168791.0,NOT_AVAILABLE,NOT_AVAILABLE,,False,False,False,41.89,WATCH,WATCH
764,SJVN,2026-08-28,64.88,Bearish,37.58,32.6,-6,20,6/10,Medium,23.46,0.98,1.51,0.83,66.72,68.68,74.82,-0.0549,-0.0206,0.89,61.67,67.13,-3.34,1.09,0.023,-0.58,-1.79,-3.47,-5.45,0.29,64.99,66.0,65.0,65.26,66.79,65.0,44.08,51.58,2.08,-1.74,0.22,11.18,8.03,2.33,-2.49,72.31,6,7,31,51.61,0.46,45.16,1.01,45.16,1.15,48.39,0.19,38.71,1.07,MIXED,53.1,MIXED,No strong driver,"Trend, Momentum, Structure",-2.27,-0.53,63.41,64.54,67.13,LOW,95695875.0,NOT_AVAILABLE,NOT_AVAILABLE,,False,False,False,41.83,WATCH,WATCH
765,DENTA,2026-08-28,283.75,Bearish,41.22,36.73,-6,20,6/10,Medium,32.34,12.1,4.27,16.67,302.52,309.4,305.46,-2.7292,0.727,0.26,8.33,320.6,-11.5,1.72,0.03,-0.26,-0.93,-4.06,-19.9,0.21,51.39,294.85,282.6,284.5,294.85,281.0,44.28,52.49,2.67,-2.24,0.21,21.14,10.7,2.0,-2.8,78.07,8,7,100,48.0,0.2,53.0,0.77,52.0,0.96,46.0,2.59,46.0,3.52,MIXED,63.5,POSITIVE,No strong driver,"Trend, Momentum, Structure",-6.4,-1.49,265.6,279.51,320.6,HIGH,68012755.0,NOT_AVAILABLE,NOT_AVAILABLE,,False,False,False,41.76,WATCH,WATCH
766,SHOPERSTOP,2026-08-28,382.85,Bearish,39.86,41.11,-6,20,6/10,Medium,40.07,16.19,4.23,29.17,402.77,390.06,387.67,-7.0157,-0.081,0.75,75.0,411.61,-6.99,3.47,0.171,2.13,-9.13,-9.78,-1.73,-0.04,34.23,388.7,371.45,374.85,425.2,371.45,45.26,50.26,1.63,-1.58,-0.02,10.92,8.82,1.7,-2.49,92.05,9,11,16,43.75,-0.26,62.5,0.97,56.25,1.71,50.0,0.14,75.0,1.14,POSITIVE,59.59,POSITIVE,No strong driver,"Trend, Momentum, Structure",-6.34,-1.48,358.57,377.18,411.61,HIGH,20809683.0,NOT_AVAILABLE,NOT_AVAILABLE,,False,False,False,41.69,WATCH,WATCH
767,IGL,2026-08-28,147.61,Neutral-Range,43.39,40.59,-2,40,5/10,Medium,39.5,3.14,2.12,8.33,150.41,153.59,171.44,-0.2467,0.0227,1.22,73.33,151.24,-2.4,0.99,0.121,0.3,-0.18,-2.7,-2.88,0.19,70.67,149.34,146.22,147.17,151.31,146.22,47.76,47.5,1.44,-1.68,0.14,9.74,6.32,1.91,-3.07,78.14,7,8,8,37.5,-0.43,62.5,-3.22,50.0,-2.53,50.0,1.02,50.0,5.45,MIXED,43.96,MIXED,Volume + Delivery + Liquidity,"Trend, Momentum, Structure",-2.12,2.12,144.47,150.75,147.17,MODERATE,313566211.0,NOT_AVAILABLE,NOT_AVAILABLE,,False,False,False,41.68,WATCH,WATCH
768,TERASOFT,2026-08-28,297.8,Bearish,47.58,36.86,-5,25,5/10,Medium,26.23,23.17,7.78,95.83,341.65,366.98,373.0,-5.8322,0.7175,0.6,34.17,362.2,-17.78,4.13,0.018,-1.18,-7.44,-13.84,-20.92,0.0,58.75,323.9,295.0,301.35,331.85,295.0,45.92,48.82,3.31,-2.44,0.5,37.37,25.79,2.85,-2.26,60.5,16,14,94,47.87,0.19,47.87,0.46,54.26,1.25,60.64,4.02,71.28,9.44,MIXED,75.22,STRONG,No strong driver,"Trend, Momentum, Structure",-11.67,-2.72,263.04,289.69,362.2,VERY_HIGH,12754295.0,NOT_AVAILABLE,NOT_AVAILABLE,,False,False,False,41.64,WATCH,WATCH
769,TALBROAUTO,2026-08-28,401.35,Bearish,41.82,39.58,-5,25,5/10,Medium,43.38,16.5,4.11,9.17,413.01,400.76,339.95,-3.1161,-0.3961,0.8,64.17,421.52,-4.78,4.92,0.061,-1.79,-2.91,-4.33,-1.57,-0.4,49.23,415.0,400.1,408.65,423.8,400.1,44.34,51.05,2.34,-2.02,0.2,22.37,12.24,2.18,-2.97,85.4,7,8,33,45.45,0.0,48.48,-0.06,51.52,0.47,54.55,1.19,51.52,-0.89,MIXED,58.76,POSITIVE,No strong driver,"Momentum, Structure, VWAP",-6.17,-1.44,376.6,395.57,421.52,HIGH,98425483.0,NOT_AVAILABLE,NOT_AVAILABLE,,False,False,False,41.61,WATCH,WATCH
770,HDBFS,2026-08-28,679.35,Bearish,39.3,38.02,-5,25,6/10,Medium,42.87,15.07,2.22,0.83,688.76,693.41,704.63,0.7934,-0.6147,0.25,11.67,685.82,-0.94,1.31,0.406,-0.85,-2.37,-1.11,-1.02,0.0,65.63,693.5,682.0,685.15,699.95,682.0,39.13,56.52,1.3,-1.0,0.07,5.35,5.35,2.88,-1.53,66.52,4,9,52,40.38,0.19,50.0,0.43,59.62,0.07,51.92,-0.69,50.0,-1.47,POSITIVE,51.56,MIXED,Liquidity,"Trend, Momentum, Structure",-3.33,-0.78,656.75,674.08,693.5,MODERATE,468833657.0,NOT_AVAILABLE,NOT_AVAILABLE,,False,False,False,41.59,WATCH,WATCH
771,EPIGRAL,2026-08-28,1232.8,Bullish,55.29,47.53,5,75,5/10,Medium,64.28,45.0,3.65,5.0,1153.38,1129.4,1203.14,14.0716,-0.0559,0.64,39.17,1153.94,6.83,3.07,0.848,2.19,9.48,12.24,13.24,0.0,46.89,1264.8,1200.3,1206.4,1264.8,1108.6,43.42,52.24,2.31,-1.8,0.2,14.87,6.97,1.8,-2.28,89.65,8,9,8,25.0,-0.62,25.0,-0.2,37.5,-0.25,37.5,-1.82,25.0,-2.97,NEGATIVE,32.97,NEGATIVE,Trend + Momentum + Structure + VWAP,None material,1.28,5.48,1248.55,1300.31,1153.94,HIGH,92483210.0,NOT_AVAILABLE,NOT_AVAILABLE,,False,False,False,41.59,WATCH,WATCH
772,GVPIL,2026-08-28,652.7,Bearish,46.43,40.54,-5,25,6/10,Medium,34.68,33.64,5.15,41.67,707.46,752.64,623.34,-4.5376,1.3576,0.44,9.17,722.46,-9.66,1.94,0.082,-1.37,-2.2,-15.19,-9.59,-0.19,56.98,675.0,642.8,661.75,682.3,637.35,43.08,51.54,3.39,-2.24,0.32,25.38,15.0,2.52,-2.78,78.64,6,8,18,33.33,0.56,61.11,1.36,55.56,3.15,50.0,4.35,44.44,15.14,POSITIVE,71.95,STRONG,Liquidity,"Trend, Momentum, Structure",-7.73,-1.8,602.24,640.92,722.46,VERY_HIGH,191412693.0,NOT_AVAILABLE,NOT_AVAILABLE,,False,False,False,41.58,WATCH,WATCH
773,SREEL,2026-08-28,249.48,Neutral-Range,50.21,48.49,2,60,5/10,Medium,58.17,12.38,4.96,91.67,242.29,227.3,214.27,0.9422,-0.9803,1.41,80.83,246.91,1.04,10.04,0.664,-5.23,3.59,3.6,16.8,2.34,72.55,266.4,259.27,263.24,270.0,239.0,44.08,51.45,1.72,-1.41,0.61,34.87,9.61,1.93,-2.03,92.08,9,9,64,42.19,0.1,35.94,-0.13,34.38,-0.78,40.62,-0.1,43.75,0.08,NEGATIVE,37.73,NEGATIVE,Trend + Momentum + VWAP + RSI,"Volume, Structure, Delivery",-4.96,4.96,237.1,261.86,263.24,HIGH,6254662.0,NOT_AVAILABLE,NOT_AVAILABLE,,False,False,False,41.54,WATCH,WATCH
774,BECTORFOOD,2026-08-28,232.87,Bearish,42.6,41.91,-4,30,5/10,Medium,50.59,10.4,4.47,73.33,237.69,219.2,389.2,-3.1472,-1.1321,0.39,18.33,237.65,-2.01,4.62,0.439,-2.2,-8.62,-3.12,12.79,0.79,41.79,244.79,236.52,238.12,262.99,236.52,45.53,50.13,1.96,-1.89,0.16,13.55,6.58,1.97,-3.7,85.67,9,9,18,50.0,0.24,55.56,0.04,44.44,-0.73,61.11,1.39,61.11,0.41,NEGATIVE,54.58,MIXED,Liquidity,"Trend, Momentum, Structure",-6.7,-1.56,217.27,229.23,244.79,HIGH,614406022.0,NOT_AVAILABLE,NOT_AVAILABLE,,False,False,False,41.5,WATCH,WATCH
775,TIMKEN,2026-08-28,3149.8,Bearish,41.04,36.42,-4,30,5/10,Medium,44.55,84.04,2.67,7.5,3192.4,3261.92,3287.4,-6.329,1.6021,0.82,62.5,3225.4,-2.34,2.04,0.25,-1.06,0.5,-3.85,0.14,0.27,71.21,3197.0,3090.0,3183.4,3197.0,3069.5,47.37,48.42,1.49,-1.42,0.08,7.63,6.97,1.72,-2.18,86.67,9,9,100,49.0,0.06,54.0,0.13,56.0,0.33,44.0,-0.3,38.0,-1.59,POSITIVE,50.12,MIXED,Liquidity,"Trend, Momentum, VWAP",-4.0,-0.93,3023.74,3120.39,3225.4,MODERATE,127737944.0,NOT_AVAILABLE,NOT_AVAILABLE,,False,False,False,41.27,WATCH,WATCH
776,IEX,2026-08-28,121.8,Bearish,39.19,36.02,-4,30,5/10,Medium,40.29,2.38,1.95,0.83,124.3,124.75,130.58,-0.5179,0.0231,0.49,17.5,126.08,-3.4,0.96,0.057,-0.16,-1.54,-2.36,-7.89,0.0,48.3,122.95,121.65,122.0,124.88,121.51,50.0,45.26,1.54,-1.67,0.18,10.0,6.45,1.91,-2.14,72.79,8,7,100,40.0,-0.14,45.0,-0.39,43.0,-0.37,47.0,-0.05,51.0,0.12,NEGATIVE,44.82,MIXED,Liquidity,"Trend, Momentum, Structure",-2.93,-0.68,118.24,120.97,126.08,LOW,397012647.0,NOT_AVAILABLE,NOT_AVAILABLE,,False,False,False,41.27,WATCH,WATCH
777,SUMICHEM,2026-08-28,517.85,Bearish,41.46,39.58,-5,25,6/10,Medium,44.91,17.21,3.32,0.83,532.74,515.67,480.72,-5.3247,-0.4476,0.19,4.17,546.52,-5.25,2.18,0.214,-1.36,-3.14,-8.34,1.48,0.75,54.4,534.0,520.35,525.0,556.7,518.3,45.13,50.39,1.76,-1.48,0.14,8.03,7.63,1.87,-2.0,87.85,7,8,32,40.62,-0.32,50.0,0.12,59.38,0.65,46.88,0.74,37.5,1.79,POSITIVE,57.75,POSITIVE,Liquidity,"Momentum, Structure, VWAP",-4.98,-1.16,492.04,511.83,546.52,HIGH,219405427.0,NOT_AVAILABLE,NOT_AVAILABLE,,False,False,False,41.25,WATCH,WATCH
778,BELRISE,2026-08-28,229.87,Bearish,42.2,42.26,-4,30,5/10,Medium,42.29,7.23,3.15,9.17,235.89,234.22,204.8,-2.0962,0.2776,0.64,34.17,242.37,-5.16,2.62,0.087,0.28,-0.82,-9.98,-2.9,0.04,45.33,232.0,228.6,229.22,234.99,227.2,47.22,48.46,2.2,-1.54,0.24,11.42,6.79,1.9,-1.99,71.59,6,7,9,44.44,-0.48,44.44,-1.16,33.33,-0.6,55.56,2.43,66.67,4.56,NEGATIVE,53.43,MIXED,Liquidity,"Trend, Momentum, Structure",-4.72,-1.1,219.02,227.34,242.37,HIGH,1192843211.0,NOT_AVAILABLE,NOT_AVAILABLE,,False,False,False,41.2,WATCH,WATCH
779,BLUEDART,2026-08-28,4989.5,Bearish,39.39,41.7,-4,30,5/10,Medium,44.36,108.06,2.17,3.33,5057.39,5035.78,5274.81,-22.805,0.2432,0.08,1.67,5345.03,-6.65,1.15,0.026,-0.32,-1.84,-2.95,-3.31,-0.09,49.89,5050.0,4969.0,5005.5,5125.5,4969.0,44.87,50.79,1.36,-1.25,0.17,10.79,5.53,1.75,-2.06,87.14,7,10,11,45.45,1.3,54.55,0.95,45.45,0.08,54.55,-1.23,45.45,-2.05,MIXED,45.4,MIXED,Liquidity,"Trend, Momentum, Structure",-3.25,-0.76,4827.41,4951.68,5345.03,MODERATE,240200279.0,NOT_AVAILABLE,NOT_AVAILABLE,,False,False,False,41.18,WATCH,WATCH
780,HESTERBIO,2026-08-28,2302.3,Bearish,40.77,41.6,-5,25,6/10,Medium,41.68,86.13,3.74,2.5,2390.15,2312.75,1963.56,-24.0972,-0.752,0.5,50.0,2429.47,-5.23,2.48,0.116,0.55,-2.77,-4.64,-7.08,0.2,51.42,2359.2,2270.2,2289.8,2449.0,2270.2,42.37,53.29,2.03,-1.48,0.26,16.32,6.71,1.8,-1.84,92.58,7,18,18,33.33,-0.57,50.0,0.94,55.56,1.3,55.56,-0.83,50.0,-1.27,POSITIVE,55.77,MIXED,Delivery,"Trend, Momentum, Structure",-5.61,-1.31,2173.1,2272.15,2429.47,HIGH,11651238.0,NOT_AVAILABLE,NOT_AVAILABLE,,False,False,False,41.15,WATCH,WATCH
781,SHREERAMA,2026-08-28,42.89,Bullish,53.67,46.18,4,70,5/10,Medium,52.22,2.05,4.77,20.0,42.69,42.52,46.39,0.1289,-0.1359,0.36,17.5,42.62,0.63,3.55,0.463,-0.49,-4.77,-2.08,9.5,2.48,63.23,44.2,42.72,43.1,46.5,42.72,45.66,48.82,2.67,-2.18,0.58,38.03,19.61,2.59,-2.13,67.04,10,12,100,42.0,-0.19,36.0,-0.9,38.0,-1.45,41.0,-0.52,37.0,0.02,NEGATIVE,34.77,NEGATIVE,Trend + Momentum + VWAP + RSI,Delivery,1.67,7.16,43.61,45.96,42.62,HIGH,6393697.0,NOT_AVAILABLE,NOT_AVAILABLE,,False,False,False,41.15,WATCH,WATCH
782,GIPCL,2026-08-28,205.91,Bullish,54.81,52.9,6,80,6/10,Medium,82.51,6.6,3.21,25.83,179.21,169.59,162.16,3.693,0.4136,1.07,71.67,182.69,12.71,3.11,0.982,2.71,19.27,17.15,27.76,0.25,45.1,204.55,196.0,200.48,204.55,169.5,45.13,50.26,2.21,-1.82,0.28,12.37,6.18,2.03,-2.18,71.56,8,10,63,46.03,0.19,47.62,0.35,39.68,-0.12,25.4,-3.03,33.33,-3.29,NEGATIVE,25.18,NEGATIVE,Trend + Momentum + Structure + VWAP,None material,1.12,4.81,208.22,215.82,182.69,HIGH,235344900.0,NOT_AVAILABLE,NOT_AVAILABLE,,False,False,False,41.11,WATCH,WATCH
783,ANUHPHR,2026-08-28,83.57,Bullish,50.22,47.69,4,70,5/10,Medium,68.35,2.45,2.93,17.5,78.81,78.73,85.61,0.7668,0.2167,2.0,90.0,79.9,4.59,4.47,0.771,-0.01,9.92,9.66,5.15,-0.01,57.85,84.39,78.45,83.58,84.39,75.8,42.09,54.42,1.84,-1.71,0.47,37.67,10.0,1.91,-2.99,90.11,5,6,71,39.44,-0.05,40.85,-0.31,43.66,-1.02,32.39,-3.16,32.39,-3.57,NEGATIVE,24.9,NEGATIVE,Trend + Momentum + VWAP + RSI,Delivery,1.03,4.39,84.43,87.24,78.45,MODERATE,5644626.0,NOT_AVAILABLE,NOT_AVAILABLE,,False,False,False,41.1,WATCH,WATCH
784,DHAMPURSUG,2026-08-28,175.23,Bullish,57.84,53.89,5,75,5/10,Medium,59.61,9.6,5.48,94.17,168.0,156.57,143.39,0.2755,-0.6039,0.53,35.0,175.04,0.11,3.8,0.598,2.52,-5.4,8.89,29.34,1.22,29.1,186.2,170.1,170.92,199.92,170.1,44.08,51.45,1.74,-1.58,0.32,13.42,5.53,2.15,-2.1,80.14,7,9,94,38.3,-0.24,41.49,-0.43,36.17,-0.8,42.55,0.23,38.3,0.26,NEGATIVE,40.27,NEGATIVE,Trend + Momentum + RSI + Gap,None material,1.92,8.22,178.59,189.63,170.1,VERY_HIGH,296786461.0,NOT_AVAILABLE,NOT_AVAILABLE,,False,False,False,41.09,WATCH,WATCH
785,DABUR,2026-08-28,386.0,Bearish,37.25,36.56,-5,25,6/10,Medium,23.98,6.5,1.68,4.17,403.48,416.67,452.18,-1.4497,-0.0804,1.09,70.83,405.68,-4.85,1.19,0.067,-0.05,-3.62,-4.75,-8.41,0.39,64.13,394.8,386.05,386.2,400.75,386.05,46.18,49.21,0.99,-1.02,0.07,4.08,4.61,1.74,-1.89,75.63,8,7,14,64.29,0.01,57.14,-0.19,42.86,-0.79,57.14,-0.28,57.14,-0.64,NEGATIVE,45.72,MIXED,Liquidity,"Trend, Momentum, Structure",-2.53,-0.59,376.25,383.73,405.68,LOW,718524440.0,NOT_AVAILABLE,NOT_AVAILABLE,,False,False,False,41.07,WATCH,WATCH
786,RANEHOLDIN,2026-08-28,1598.9,Bearish,42.75,39.93,-4,30,5/10,Medium,39.85,60.52,3.78,17.5,1653.21,1646.09,1479.29,-11.9342,3.368,0.11,8.33,1736.53,-7.93,3.14,0.164,0.31,-1.03,-4.51,-8.56,-0.58,70.86,1637.0,1577.7,1593.9,1637.0,1568.3,45.66,50.13,2.03,-1.69,0.2,15.66,8.42,1.56,-1.89,89.88,9,9,11,36.36,-0.93,27.27,0.25,54.55,1.7,45.45,-0.45,36.36,0.55,MIXED,55.0,MIXED,Delivery,"Trend, Momentum, Structure",-5.68,-1.32,1508.12,1577.72,1736.53,HIGH,45101010.0,NOT_AVAILABLE,NOT_AVAILABLE,,False,False,False,41.05,WATCH,WATCH
787,AHCL,2026-08-28,15.91,Bullish,55.03,51.76,6,80,6/10,Medium,61.27,0.63,3.96,8.33,14.95,17.84,57.82,0.2248,0.0309,4.89,96.67,15.05,5.71,10.32,0.686,1.99,11.41,10.26,8.9,0.0,36.57,15.8,15.1,15.6,15.8,14.22,49.61,44.92,2.24,-2.76,0.04,28.91,14.84,2.05,-4.38,91.33,6,6,75,41.33,-1.26,38.67,-3.67,44.0,-5.88,44.0,-11.89,38.67,-14.99,NEGATIVE,25.8,NEGATIVE,Momentum + Volume + Structure + VWAP,None material,1.39,5.94,16.13,16.86,15.05,HIGH,47485210.0,NOT_AVAILABLE,NOT_AVAILABLE,,False,False,False,40.99,WATCH,WATCH
788,IMFA,2026-08-28,1370.7,Bearish,42.74,39.72,-4,30,5/10,Medium,43.23,52.66,3.84,7.5,1405.46,1406.49,1321.77,-9.9954,0.4396,0.33,8.33,1457.18,-5.93,2.76,0.051,0.2,-0.95,-2.41,-5.38,0.67,46.66,1404.4,1363.0,1367.9,1442.9,1363.0,48.82,46.58,2.3,-1.97,0.19,11.97,8.29,1.88,-2.14,83.21,7,7,23,47.83,0.23,65.22,-0.39,69.57,0.32,39.13,0.16,26.09,-0.94,STRONG,54.96,MIXED,Liquidity,"Trend, Momentum, Structure",-5.76,-1.34,1291.71,1352.27,1457.18,HIGH,314442694.0,NOT_AVAILABLE,NOT_AVAILABLE,,False,False,False,40.98,WATCH,WATCH
789,DEEPINDS,2026-08-28,674.45,Bullish,52.66,54.25,5,75,5/10,Medium,60.18,32.54,4.83,45.83,646.19,584.79,496.81,-6.9646,0.0947,0.29,10.83,662.13,1.86,2.88,0.59,1.06,-1.98,0.86,12.99,-0.2,36.37,675.0,656.15,667.35,704.35,626.05,44.47,51.18,2.52,-1.86,0.23,15.0,7.11,1.91,-2.46,85.07,6,8,11,27.27,-1.18,36.36,-1.91,36.36,-3.34,45.45,-1.2,54.55,1.25,NEGATIVE,25.47,NEGATIVE,Trend + Momentum + VWAP + RSI,None material,1.69,7.24,685.84,723.27,656.15,HIGH,420959926.0,NOT_AVAILABLE,NOT_AVAILABLE,,False,False,False,40.94,WATCH,WATCH
790,MOLOWVOL,2026-08-28,36.61,Bearish,36.03,34.43,-6,20,6/10,Medium,42.52,0.68,1.87,50.83,37.0,37.0,37.07,-0.084,0.0042,0.29,55.0,38.48,-4.86,3.28,0.194,-0.03,-0.54,-2.01,-1.74,-0.11,73.38,36.85,36.58,36.62,37.27,35.88,51.05,43.16,0.64,-0.68,0.29,23.42,9.87,1.78,-2.08,96.07,9,6,100,45.0,-0.13,41.0,-0.13,43.0,-0.13,52.0,0.23,56.0,0.5,NEGATIVE,48.65,MIXED,No strong driver,"Trend, Momentum, Structure",-2.8,-0.65,35.59,36.37,38.48,LOW,6993036.0,NOT_AVAILABLE,NOT_AVAILABLE,,False,False,False,40.8,WATCH,WATCH
791,ALICON,2026-08-28,685.05,Bearish,41.16,39.08,-5,25,6/10,Medium,44.0,30.35,4.43,58.33,709.95,692.87,722.39,-9.4369,-0.726,0.22,0.83,737.48,-7.11,2.6,0.197,0.2,-7.56,-4.8,1.89,-0.78,56.88,694.95,676.55,683.65,751.5,676.55,42.76,53.03,2.04,-1.64,0.18,13.42,6.97,1.92,-2.13,85.34,6,8,25,52.0,-0.27,64.0,0.36,52.0,-0.26,60.0,0.93,44.0,3.37,MIXED,56.88,MIXED,Delivery,"Trend, Momentum, Structure",-6.64,-1.55,639.53,674.43,737.48,HIGH,49147298.0,NOT_AVAILABLE,NOT_AVAILABLE,,False,False,False,40.79,WATCH,WATCH
792,ARIHANTCAP,2026-08-28,79.39,Bullish,53.84,49.71,5,75,5/10,Medium,60.12,2.87,3.62,5.83,76.77,75.0,77.16,0.3118,0.0514,1.02,70.83,77.1,2.97,4.53,0.799,0.98,4.53,7.08,1.34,-0.03,41.77,80.66,78.35,78.62,81.0,75.41,46.05,49.08,2.42,-2.12,0.41,21.05,8.29,2.04,-2.04,83.9,8,8,100,45.0,-0.02,44.0,-0.65,38.0,-1.2,38.0,-1.99,45.0,-1.61,NEGATIVE,28.84,NEGATIVE,Trend + Momentum + VWAP + RSI,None material,1.27,5.43,80.4,83.7,77.1,HIGH,14548361.0,NOT_AVAILABLE,NOT_AVAILABLE,,False,False,False,40.78,WATCH,WATCH
793,IMAGICAA,2026-08-28,58.07,Bullish,53.98,49.13,5,75,5/10,Medium,70.1,2.86,4.92,85.0,50.31,48.36,48.63,1.0675,0.2345,4.53,98.33,56.98,1.91,8.29,0.763,-3.55,18.83,21.84,23.58,-0.3,18.37,60.21,50.05,60.21,60.21,47.25,45.0,50.26,2.2,-1.88,0.13,10.79,9.08,2.0,-2.53,86.47,5,9,16,37.5,-1.48,18.75,-2.58,37.5,-2.44,31.25,-0.02,62.5,4.42,NEGATIVE,29.22,NEGATIVE,Trend + Momentum + VWAP + MACD,None material,1.72,7.38,59.07,62.36,50.05,HIGH,186684230.0,NOT_AVAILABLE,NOT_AVAILABLE,,False,False,False,40.74,WATCH,WATCH
794,INDIASHLTR,2026-08-28,649.85,Neutral-Range,45.68,39.5,-2,40,5/10,Medium,33.6,21.39,3.29,33.33,680.64,718.13,769.01,0.7669,0.0163,0.37,11.67,676.39,-3.92,1.17,0.091,-0.07,-3.76,-3.11,-10.55,0.52,56.58,662.45,647.15,650.3,688.7,647.15,47.32,48.48,1.56,-1.43,0.09,15.48,9.41,1.82,-2.43,90.65,7,8,83,44.58,0.01,46.99,-0.18,46.99,-0.16,49.4,0.6,53.01,0.32,MIXED,50.5,MIXED,Momentum + MACD + Liquidity,"Trend, Structure, VWAP",-3.29,3.29,628.46,671.24,650.3,HIGH,101474567.0,NOT_AVAILABLE,NOT_AVAILABLE,,False,False,False,40.68,WATCH,WATCH
795,HGS,2026-08-28,402.55,Bearish,40.52,35.66,-4,30,5/10,Medium,39.0,10.77,2.68,7.5,409.24,414.05,431.75,-0.6495,0.2581,0.57,66.67,414.63,-2.91,2.06,0.136,0.0,0.07,-1.49,-4.81,1.08,65.76,404.15,400.0,402.55,413.0,396.5,41.84,53.42,1.42,-1.31,0.13,8.82,6.84,1.62,-1.7,85.48,8,10,50,42.0,0.08,40.0,-0.01,34.0,0.07,48.0,1.16,52.0,1.62,MIXED,48.62,MIXED,Gap,"Trend, Momentum, Structure",-4.01,-0.94,386.4,398.78,414.63,MODERATE,8013725.0,NOT_AVAILABLE,NOT_AVAILABLE,,False,False,False,40.51,WATCH,WATCH
796,DOLLAR,2026-08-28,268.7,Bearish,41.18,43.3,-4,30,5/10,Medium,48.57,8.15,3.03,14.17,270.57,269.04,292.67,-0.9429,-0.0365,0.48,34.17,277.83,-3.29,2.26,0.138,1.3,-1.65,-1.76,1.78,-0.06,61.81,271.9,264.6,265.25,277.8,264.6,45.0,50.66,1.71,-1.6,0.16,11.32,6.58,1.86,-1.77,85.66,7,10,15,26.67,-0.41,40.0,-1.04,46.67,-0.26,53.33,0.39,66.67,2.11,MIXED,50.52,MIXED,Delivery,"Trend, Momentum, Structure",-4.55,-1.06,256.48,265.85,277.83,HIGH,42947887.0,NOT_AVAILABLE,NOT_AVAILABLE,,False,False,False,40.47,WATCH,WATCH
797,JITFINFRA,2026-08-28,318.1,Bearish,43.0,31.62,-5,25,5/10,Medium,44.95,15.84,4.98,60.0,324.52,326.77,329.16,-0.4527,0.3599,0.25,5.0,323.97,-1.81,2.64,0.319,-1.06,2.94,1.18,-5.87,0.02,60.61,329.5,317.7,321.5,329.5,303.0,41.45,53.82,2.98,-2.28,0.67,36.05,15.79,2.98,-2.74,76.92,8,9,19,31.58,0.1,47.37,1.45,36.84,0.43,52.63,3.53,42.11,3.51,MIXED,62.15,POSITIVE,No strong driver,"Trend, Momentum, VWAP",-7.47,-1.74,294.34,312.56,329.5,HIGH,8632999.0,NOT_AVAILABLE,NOT_AVAILABLE,,False,False,False,40.42,WATCH,WATCH
798,RAMCOCEM,2026-08-28,895.65,Bearish,41.53,36.51,-5,25,6/10,Medium,44.27,27.59,3.08,44.17,913.62,917.99,959.64,-1.9598,-0.5938,0.72,45.83,922.09,-2.87,1.8,0.116,0.35,-0.38,-1.27,-2.46,0.03,39.74,943.0,890.35,892.55,944.0,890.35,48.29,47.37,1.24,-1.23,0.14,6.18,5.92,1.56,-1.86,85.4,8,6,100,44.0,0.03,50.0,0.21,55.0,0.7,52.0,0.67,51.0,-0.31,POSITIVE,57.93,POSITIVE,Liquidity,"Trend, Momentum, Structure",-4.62,-1.08,854.26,885.99,943.0,HIGH,313517195.0,NOT_AVAILABLE,NOT_AVAILABLE,,False,False,False,40.39,WATCH,WATCH
799,RAMKY,2026-08-28,358.5,Bearish,41.45,31.29,-6,20,6/10,Medium,28.19,11.21,3.13,20.83,381.77,395.6,456.62,-3.1474,-0.5555,0.74,55.83,388.31,-7.68,2.07,0.025,-1.17,-8.59,-8.09,-5.46,0.03,64.5,370.05,360.0,362.75,401.15,360.0,43.68,51.84,2.26,-1.93,0.19,15.92,10.39,1.87,-1.92,87.16,8,8,20,30.0,0.16,45.0,1.11,45.0,2.39,40.0,2.46,40.0,1.55,MIXED,64.15,POSITIVE,No strong driver,"Trend, Momentum, Structure",-4.69,-1.09,341.69,354.58,388.31,HIGH,15604828.0,NOT_AVAILABLE,NOT_AVAILABLE,,False,False,False,40.36,WATCH,WATCH
800,OAL,2026-08-28,487.8,Bullish,54.24,52.29,6,80,6/10,Medium,80.13,23.39,4.79,37.5,376.8,358.69,328.26,11.0608,6.2832,6.83,96.67,433.68,12.48,16.02,0.969,13.72,43.53,40.13,33.83,-0.92,21.79,432.55,400.0,428.95,432.55,332.15,42.76,52.89,2.5,-1.87,0.34,26.45,11.58,1.92,-1.93,93.27,5,8,56,41.07,-0.71,32.14,-1.34,25.0,-2.57,44.64,-1.39,41.07,-1.3,NEGATIVE,23.53,NEGATIVE,Trend + Momentum + Volume + Structure,None material,1.68,7.19,495.99,522.88,400.0,HIGH,48576755.0,NOT_AVAILABLE,NOT_AVAILABLE,,False,False,False,40.34,WATCH,WATCH
801,FISCHER,2026-08-28,35.44,Bearish,41.86,34.92,-5,25,6/10,Medium,39.18,1.69,4.76,50.83,37.36,37.63,108.13,-0.3538,-0.024,0.84,50.0,37.88,-6.45,4.56,0.109,0.48,-7.08,-8.28,-9.43,0.74,59.2,36.24,35.11,35.27,39.15,35.11,43.34,51.54,2.56,-3.15,0.12,35.49,13.65,2.18,-5.3,88.46,7,11,50,40.0,-0.04,48.0,0.45,54.0,0.04,58.0,1.13,48.0,0.94,MIXED,58.88,POSITIVE,Delivery,"Trend, Momentum, Structure",-7.14,-1.67,32.91,34.85,37.88,HIGH,48791139.0,NOT_AVAILABLE,NOT_AVAILABLE,,False,False,False,40.25,WATCH,WATCH
802,INFRAIETF,2026-08-28,94.79,Bearish,33.49,35.76,-7,15,7/10,Medium,39.48,1.36,1.43,15.0,96.22,96.29,95.47,-0.188,-0.057,7.69,100.0,96.02,-1.28,0.92,0.047,-0.54,-1.33,-2.51,-1.92,0.01,93.69,97.06,95.07,95.3,97.99,95.07,50.8,44.86,0.75,-0.75,0.39,15.63,2.03,1.69,-1.5,91.75,9,8,8,100.0,0.91,75.0,1.22,37.5,-0.12,50.0,0.67,50.0,1.24,NEGATIVE,47.83,MIXED,No strong driver,"Trend, Momentum, Structure",-2.15,-0.5,92.75,94.31,97.06,LOW,20563234.0,NOT_AVAILABLE,NOT_AVAILABLE,,False,False,False,40.23,WATCH,WATCH
803,PYRAMID,2026-08-28,159.89,Bearish,40.11,35.38,-6,20,6/10,Medium,38.97,6.48,4.05,17.5,165.8,167.73,164.49,-0.8449,0.064,0.38,26.67,168.0,-4.83,0.94,0.116,-0.06,-2.17,-1.89,-11.72,0.01,64.86,164.83,158.15,159.99,168.0,158.15,44.34,51.18,2.05,-1.72,0.28,21.71,12.5,2.05,-1.99,93.98,6,8,16,62.5,0.41,50.0,0.25,56.25,-1.3,50.0,3.33,31.25,-2.3,MIXED,60.31,POSITIVE,No strong driver,"Trend, Momentum, Structure",-6.08,-1.42,150.17,157.62,168.0,HIGH,12235672.0,NOT_AVAILABLE,NOT_AVAILABLE,,False,False,False,40.22,WATCH,WATCH
804,ELECON,2026-08-28,425.25,Bearish,43.04,36.07,-4,30,5/10,Medium,40.7,14.58,3.43,0.83,436.93,455.83,481.31,0.7771,-0.2915,0.65,40.83,438.2,-2.95,2.03,0.132,0.47,-5.82,-1.64,1.48,0.0,45.06,429.9,421.25,423.25,459.3,421.25,46.71,48.82,2.27,-2.2,0.12,12.37,7.5,1.77,-3.45,83.59,8,8,100,49.0,0.22,48.0,-0.22,47.0,0.52,50.0,1.2,47.0,0.37,MIXED,55.83,MIXED,Liquidity,"Trend, Momentum, Structure",-5.14,-1.2,403.39,420.15,438.2,HIGH,175448507.0,NOT_AVAILABLE,NOT_AVAILABLE,,False,False,False,40.19,WATCH,WATCH
805,TRANSTEEL,2026-08-28,81.55,Bearish,44.6,36.64,-6,20,7/10,Medium,32.08,6.73,8.25,97.5,95.08,107.17,122.86,-0.3469,-0.0903,2.02,87.5,95.1,-14.24,12.56,0.061,-8.52,-11.84,-7.43,-34.02,3.14,54.31,89.9,85.5,89.15,96.0,85.0,42.23,51.81,2.53,-1.99,0.34,28.1,17.27,2.55,-2.16,82.58,6,7,8,50.0,0.42,62.5,-1.72,50.0,-1.67,62.5,6.36,87.5,50.8,MIXED,73.14,STRONG,Gap,"Trend, Momentum, Structure",-12.37,-2.89,71.46,79.2,95.1,VERY_HIGH,9286112.0,NOT_AVAILABLE,NOT_AVAILABLE,,False,False,False,40.16,WATCH,WATCH
806,NTPCGREEN,2026-08-28,90.82,Bearish,38.49,34.66,-4,30,5/10,Medium,39.98,1.47,1.62,0.83,91.78,93.56,97.34,0.0354,-0.0309,0.5,48.33,91.52,-0.76,0.77,0.209,-0.19,-0.67,-1.21,0.88,0.05,56.46,91.62,90.7,90.99,93.85,90.7,44.52,52.13,1.48,-1.35,0.16,10.29,5.59,2.16,-2.78,76.37,7,7,100,46.0,-0.15,45.0,-0.12,49.0,-0.15,41.0,-0.77,43.0,-0.93,MIXED,42.82,NEGATIVE,Liquidity,"Trend, Momentum, VWAP",-2.43,-0.57,88.61,90.3,91.62,LOW,189690596.0,NOT_AVAILABLE,NOT_AVAILABLE,,False,False,False,40.15,WATCH,WATCH
807,ATUL,2026-08-28,6459.5,Bearish,35.81,39.6,-6,20,7/10,Medium,42.37,159.0,2.46,8.33,6590.1,6583.61,6504.43,-35.1403,-0.6793,0.65,46.67,6719.55,-3.87,2.44,0.118,-1.91,-0.77,-4.01,-4.11,0.2,61.97,6602.0,6481.0,6585.0,6602.0,6386.5,46.05,49.74,1.3,-1.21,0.13,7.24,3.82,1.58,-2.23,89.0,7,10,17,47.06,-0.43,41.18,-0.1,47.06,-0.43,52.94,-0.06,52.94,1.7,MIXED,48.04,MIXED,Liquidity,"Trend, Momentum, Structure",-3.69,-0.86,6221.01,6403.85,6719.55,MODERATE,291472038.0,NOT_AVAILABLE,NOT_AVAILABLE,,False,False,False,40.13,WATCH,WATCH
808,CLEAN,2026-08-28,836.45,Bullish,52.93,45.66,6,80,6/10,Medium,62.16,23.07,2.76,0.83,811.93,791.76,842.02,0.5942,-0.1612,0.43,27.5,796.49,5.02,2.63,0.891,0.77,1.33,1.82,13.95,0.23,46.56,832.95,816.2,830.05,848.9,816.05,43.68,52.11,1.54,-1.4,0.15,8.82,6.58,1.74,-2.03,83.89,6,7,11,36.36,-0.98,63.64,0.78,45.45,-0.02,18.18,-4.35,9.09,-5.94,MIXED,19.79,NEGATIVE,Trend + Momentum + Structure + VWAP,None material,0.97,4.14,844.53,871.06,796.49,MODERATE,465888992.0,NOT_AVAILABLE,NOT_AVAILABLE,,False,False,False,40.02,WATCH,WATCH
809,PSPPROJECT,2026-08-28,889.0,Bearish,37.4,38.05,-7,15,7/10,Medium,35.88,31.38,3.53,0.83,931.75,944.17,858.87,-2.2382,-0.3038,0.51,36.67,933.64,-4.78,2.03,0.038,-1.35,-2.52,-3.62,-9.1,0.2,62.83,911.6,898.0,901.2,936.0,898.0,45.79,49.47,1.71,-1.5,0.19,10.39,6.05,1.93,-2.28,81.79,8,7,14,42.86,-0.27,50.0,0.74,57.14,0.92,57.14,0.08,42.86,-0.65,POSITIVE,59.0,POSITIVE,No strong driver,"Trend, Momentum, Structure",-5.29,-1.24,841.94,878.02,933.64,HIGH,53594896.0,NOT_AVAILABLE,NOT_AVAILABLE,,False,False,False,39.88,WATCH,WATCH
810,ASHOKA,2026-08-28,112.65,Neutral-Range,40.76,38.02,-3,35,5/10,Medium,34.35,2.44,2.16,0.83,115.47,120.08,138.42,0.3143,0.0082,0.46,13.33,115.76,-2.68,0.96,0.14,-0.35,-1.37,0.23,-6.97,-0.04,57.93,114.86,112.8,113.05,116.59,111.87,44.61,51.05,2.24,-1.87,0.27,15.0,7.89,2.4,-2.52,77.1,10,9,100,41.0,-0.26,45.0,-0.47,43.0,-0.58,47.0,-0.32,55.0,0.3,NEGATIVE,42.9,NEGATIVE,Momentum + MACD,"Trend, Structure, VWAP",-2.16,2.16,110.21,115.09,113.05,MODERATE,74791090.0,NOT_AVAILABLE,NOT_AVAILABLE,,False,False,False,39.86,WATCH,WATCH
811,KRBL,2026-08-28,437.65,Bullish,54.47,49.63,6,80,6/10,Medium,68.3,16.69,3.81,49.17,402.32,382.29,364.24,5.4113,-0.5642,0.74,35.0,412.87,6.0,4.58,0.853,0.95,7.54,13.26,24.65,-0.47,39.25,447.1,430.0,433.55,452.8,398.8,43.42,51.71,1.89,-1.52,0.21,11.32,5.66,2.18,-2.47,79.51,10,10,12,41.67,-0.42,58.33,-1.22,33.33,-2.06,33.33,-1.47,8.33,-3.16,NEGATIVE,24.21,NEGATIVE,Trend + Momentum + Structure + VWAP,None material,1.33,5.72,443.49,462.69,412.87,HIGH,462704977.0,NOT_AVAILABLE,NOT_AVAILABLE,,False,False,False,39.78,WATCH,WATCH
812,PRECOT,2026-08-28,701.5,Bearish,44.84,39.86,-5,25,6/10,Medium,41.77,46.48,6.63,89.17,735.53,746.99,632.22,-5.4706,1.815,0.4,21.67,760.21,-7.72,5.48,0.148,-0.32,0.6,-2.18,-13.35,1.17,75.43,712.85,690.0,703.75,719.95,667.1,45.92,48.95,2.89,-2.29,0.42,35.26,19.87,2.83,-2.99,88.9,7,10,10,60.0,1.47,60.0,1.75,60.0,0.8,60.0,1.8,60.0,5.06,POSITIVE,67.4,POSITIVE,Gap,"Trend, Momentum, Structure",-9.94,-2.32,631.78,685.23,760.21,VERY_HIGH,8219339.0,NOT_AVAILABLE,NOT_AVAILABLE,,False,False,False,39.76,WATCH,WATCH
813,DBL,2026-08-28,406.95,Bearish,40.04,34.02,-6,20,7/10,Medium,39.39,12.28,3.02,23.33,419.26,425.82,442.09,-1.7148,-0.0135,0.19,11.67,441.42,-7.81,1.61,0.036,-0.15,-1.85,-1.31,-5.18,0.11,54.62,416.6,406.05,407.55,422.4,406.05,45.13,50.13,2.14,-1.79,0.14,10.13,8.68,2.15,-2.22,84.08,7,9,10,30.0,-1.04,40.0,-1.12,30.0,-0.29,70.0,2.82,50.0,1.43,NEGATIVE,60.12,POSITIVE,Liquidity,"Trend, Momentum, Structure",-4.53,-1.06,388.52,402.65,441.42,HIGH,165578775.0,NOT_AVAILABLE,NOT_AVAILABLE,,False,False,False,39.75,WATCH,WATCH
814,BHARATFORG,2026-08-28,2037.7,Bearish,39.01,38.15,-4,30,5/10,Medium,41.97,50.9,2.5,9.17,2083.3,2084.5,1842.27,-8.0666,1.6424,0.29,0.83,2094.63,-2.72,2.08,0.113,-0.6,-1.23,-1.32,-7.37,-0.09,44.74,2050.0,2006.0,2050.0,2072.0,2005.0,49.74,45.92,1.47,-1.38,0.18,10.0,5.39,1.84,-2.16,82.97,10,6,10,30.0,-0.44,60.0,0.78,50.0,1.62,30.0,-1.29,40.0,0.41,MIXED,44.32,MIXED,Liquidity,"Trend, Momentum, Structure",-3.75,-0.87,1961.35,2019.89,2094.63,MODERATE,2654562612.0,NOT_AVAILABLE,NOT_AVAILABLE,,False,False,False,39.73,WATCH,WATCH
815,EKC,2026-08-28,108.87,Bearish,39.88,34.48,-6,20,6/10,Medium,44.27,3.66,3.36,9.17,111.07,112.19,117.13,-0.1633,-0.1081,0.34,12.5,112.05,-2.83,1.3,0.266,-0.27,-2.25,-1.39,1.97,-0.15,55.61,110.79,108.5,109.16,114.49,108.5,45.39,50.39,2.26,-1.99,0.13,10.53,8.82,2.05,-2.59,80.52,6,8,100,43.0,-0.26,42.0,-0.32,48.0,0.4,54.0,1.84,52.0,0.74,MIXED,59.66,POSITIVE,No strong driver,"Trend, Momentum, VWAP",-5.04,-1.18,103.38,107.59,112.05,HIGH,22251299.0,NOT_AVAILABLE,NOT_AVAILABLE,,False,False,False,39.72,WATCH,WATCH
816,EPACK,2026-08-28,191.95,Bearish,40.99,36.01,-5,25,5/10,Medium,21.66,6.56,3.42,11.67,210.61,222.2,252.25,-1.7731,-0.0607,1.88,94.17,212.76,-9.78,3.31,0.022,-2.49,-5.35,-10.92,-16.39,-0.06,46.39,201.0,196.16,196.86,206.39,196.16,44.56,51.51,2.64,-2.21,0.41,22.36,10.12,2.34,-2.94,78.33,10,11,100,48.0,0.06,41.0,0.09,44.0,0.21,55.0,1.48,57.0,2.32,MIXED,56.41,MIXED,No strong driver,"Trend, Momentum, Structure",-5.13,-1.2,182.11,189.65,212.76,HIGH,93803795.0,NOT_AVAILABLE,NOT_AVAILABLE,,False,False,False,39.7,WATCH,WATCH
817,RACLGEAR,2026-08-28,1538.6,Bullish,53.26,48.07,5,75,5/10,Medium,67.0,73.32,4.77,13.33,1444.26,1386.06,1259.17,11.3118,-0.3217,0.78,55.83,1450.71,6.06,3.85,0.885,0.64,1.76,10.91,21.89,0.0,47.13,1537.9,1484.3,1528.8,1574.8,1415.4,45.41,51.45,2.75,-2.07,0.3,23.04,14.09,2.2,-2.0,85.08,10,6,67,38.81,0.12,35.82,-0.22,37.31,-0.36,25.37,-2.08,25.37,-3.6,NEGATIVE,27.18,NEGATIVE,Trend + Momentum + Structure + VWAP,None material,1.67,7.15,1564.26,1648.58,1450.71,HIGH,91056858.0,NOT_AVAILABLE,NOT_AVAILABLE,,False,False,False,39.69,WATCH,WATCH
818,MEDIASSIST,2026-08-28,333.8,Bearish,39.11,36.95,-6,20,6/10,Medium,35.99,12.2,3.65,28.33,349.42,354.33,387.82,-1.6657,-0.5925,0.74,50.83,350.32,-4.71,2.59,0.057,-1.02,-7.47,-4.27,-6.76,0.09,49.48,346.5,335.4,337.25,369.8,335.4,43.48,52.62,2.02,-1.71,0.33,19.64,6.75,2.03,-2.25,87.8,7,12,8,50.0,0.24,75.0,2.01,62.5,0.84,50.0,-0.07,62.5,0.62,POSITIVE,57.45,POSITIVE,No strong driver,"Trend, Momentum, Structure",-5.48,-1.28,315.5,329.53,350.32,HIGH,78449941.0,NOT_AVAILABLE,NOT_AVAILABLE,,False,False,False,39.68,WATCH,WATCH
819,OLECTRA,2026-08-28,1312.3,Bearish,41.06,41.03,-4,30,5/10,Medium,44.29,40.94,3.12,13.33,1332.08,1340.65,1283.82,-1.2343,0.5316,0.59,48.33,1343.78,-2.34,2.41,0.232,-1.06,-0.46,-0.35,-0.9,0.45,44.5,1338.9,1317.4,1326.3,1369.6,1279.5,42.89,52.37,2.19,-1.7,0.17,9.47,6.32,2.22,-2.87,74.35,7,9,24,25.0,-0.69,37.5,-1.2,45.83,-0.06,50.0,0.47,54.17,1.99,MIXED,50.18,MIXED,Liquidity,"Trend, Momentum, Structure",-4.68,-1.09,1250.89,1297.97,1343.78,HIGH,539135151.0,NOT_AVAILABLE,NOT_AVAILABLE,,False,False,False,39.67,WATCH,WATCH
820,PTC,2026-08-28,157.69,Bearish,37.5,37.53,-5,25,6/10,Medium,38.04,4.46,2.83,17.5,164.13,171.37,175.42,-0.7493,0.3045,0.37,6.67,185.5,-14.99,1.33,0.052,-0.17,0.72,-2.34,-10.16,0.03,57.91,159.0,156.75,157.96,159.35,155.6,47.24,48.55,1.89,-1.76,0.21,11.32,5.53,1.96,-2.74,69.78,8,11,11,36.36,-0.26,36.36,-0.13,45.45,0.11,54.55,-1.0,63.64,1.25,MIXED,46.44,MIXED,Liquidity,"Trend, Momentum, Structure",-4.24,-0.99,151.0,156.13,185.5,MODERATE,647640510.0,NOT_AVAILABLE,NOT_AVAILABLE,,False,False,False,39.62,WATCH,WATCH
821,SUNFLAG,2026-08-28,348.25,Bearish,40.94,40.98,-4,30,5/10,Medium,43.69,11.85,3.4,0.83,355.92,353.85,313.91,-2.3587,0.2594,0.34,20.0,368.44,-5.48,1.86,0.116,1.12,-1.58,-1.94,-4.67,0.12,52.61,354.0,342.2,344.4,361.8,342.2,45.66,49.87,2.34,-1.92,0.21,15.0,8.42,1.88,-2.22,79.93,7,10,24,50.0,0.46,50.0,0.24,62.5,1.05,37.5,-1.09,50.0,-0.61,POSITIVE,49.84,MIXED,Delivery,"Trend, Momentum, Structure",-5.1,-1.19,330.47,344.1,368.44,HIGH,86288836.0,NOT_AVAILABLE,NOT_AVAILABLE,,False,False,False,39.54,WATCH,WATCH
822,KOTHARIPET,2026-08-28,131.15,Bearish,38.84,37.17,-6,20,6/10,Medium,41.78,5.62,4.28,40.83,136.31,134.43,132.47,-1.5634,0.0584,0.21,4.17,143.72,-8.75,2.22,0.043,-0.28,-1.0,-8.87,-6.23,0.36,61.16,136.76,130.06,131.52,138.0,130.06,42.37,53.03,2.45,-1.87,0.35,24.34,10.53,2.06,-2.14,90.11,8,9,100,40.0,0.04,49.0,0.05,49.0,-0.12,51.0,1.79,55.0,2.67,MIXED,56.68,MIXED,No strong driver,"Trend, Momentum, Structure",-6.42,-1.5,122.73,129.18,143.72,HIGH,15958415.0,NOT_AVAILABLE,NOT_AVAILABLE,,False,False,False,39.47,WATCH,WATCH
823,ROLEXRINGS,2026-08-28,180.55,Bullish,54.23,49.34,6,80,6/10,Medium,63.93,7.21,3.99,40.83,171.89,159.63,289.42,0.202,-0.4838,0.34,24.17,168.26,7.3,3.98,0.829,0.07,-1.54,2.41,31.84,-0.24,45.75,186.7,179.7,180.43,189.4,179.1,45.0,50.66,1.82,-1.84,0.12,12.11,7.5,1.92,-3.61,85.87,7,8,9,55.56,0.35,66.67,1.8,33.33,0.16,22.22,-2.89,55.56,-0.67,MIXED,23.52,NEGATIVE,Trend + Momentum + Structure + VWAP,None material,1.4,5.99,183.07,191.37,168.26,HIGH,1302269113.0,NOT_AVAILABLE,NOT_AVAILABLE,,False,False,False,39.45,WATCH,WATCH
824,HMVL,2026-08-28,88.69,Bearish,44.4,40.28,-5,25,5/10,Medium,43.44,4.61,5.19,77.5,91.77,89.49,80.02,-0.8704,0.0349,0.04,1.67,102.14,-13.17,5.27,0.216,0.9,-3.7,2.37,-6.28,-1.02,,89.0,86.0,87.9,94.0,86.0,45.0,50.0,2.11,-1.75,0.53,32.24,11.18,2.08,-1.97,93.16,8,8,11,54.55,0.28,63.64,1.05,63.64,1.62,54.55,0.82,36.36,2.34,POSITIVE,66.13,POSITIVE,No strong driver,"Trend, Momentum, VWAP",-7.79,-1.82,81.78,87.08,102.14,VERY_HIGH,8911149.0,NOT_AVAILABLE,NOT_AVAILABLE,,False,False,False,39.44,WATCH,WATCH
825,KAMDHENU,2026-08-28,36.17,Bullish,54.3,49.09,6,80,6/10,Medium,61.74,1.71,4.74,25.83,34.71,32.94,35.59,0.0666,0.0483,0.72,51.67,34.5,4.85,4.13,0.9,1.52,2.7,4.09,5.45,0.48,,35.95,34.3,35.63,36.66,33.65,43.03,52.11,2.55,-2.18,0.24,22.63,8.16,1.98,-3.7,89.6,6,9,100,44.0,-0.05,46.0,-0.8,47.0,-2.46,35.0,-2.9,42.0,-1.99,MIXED,23.7,NEGATIVE,Trend + Momentum + Structure + VWAP,None material,1.66,7.11,36.77,38.74,34.3,HIGH,20245256.0,NOT_AVAILABLE,NOT_AVAILABLE,,False,False,False,39.44,WATCH,WATCH
826,JARO,2026-08-28,470.05,Bullish,53.45,46.56,5,75,5/10,Medium,53.39,17.57,3.74,5.0,459.69,474.83,514.98,4.4104,0.6476,0.78,61.67,455.56,3.18,2.93,0.819,1.49,6.08,3.66,0.47,0.59,31.11,468.0,458.1,463.15,476.4,438.5,39.66,54.85,2.78,-2.26,0.3,19.41,8.86,2.04,-2.37,79.94,5,8,76,38.16,-0.21,43.42,-0.4,46.05,-0.4,30.26,-3.1,22.37,-4.46,MIXED,27.71,NEGATIVE,Momentum + Structure + VWAP + RSI,None material,1.31,5.61,476.2,496.41,455.56,HIGH,54654783.0,NOT_AVAILABLE,NOT_AVAILABLE,,False,False,False,39.43,WATCH,WATCH
827,SMSPHARMA,2026-08-28,355.55,Bearish,38.04,39.49,-6,20,6/10,Medium,40.74,11.47,3.22,2.5,363.9,374.03,359.5,0.4384,-0.0245,0.76,63.33,364.78,-2.53,3.84,0.182,-1.9,-0.29,-1.61,-4.91,0.19,56.66,363.85,354.1,362.45,363.85,350.4,46.58,48.95,2.35,-1.86,0.29,16.58,8.42,1.76,-1.97,87.14,8,6,20,50.0,0.29,70.0,0.44,50.0,0.07,55.0,0.59,55.0,1.61,MIXED,54.39,MIXED,No strong driver,"Trend, Momentum, Structure",-4.84,-1.13,338.35,351.54,364.78,HIGH,63652243.0,NOT_AVAILABLE,NOT_AVAILABLE,,False,False,False,39.36,WATCH,WATCH
828,JKPAPER,2026-08-28,391.55,Neutral-Range,48.96,50.78,3,65,5/10,Medium,54.19,11.91,3.04,22.5,387.86,379.92,367.49,-0.301,-0.0235,0.46,23.33,388.47,0.79,1.61,0.554,0.29,-0.06,3.07,0.26,0.27,50.9,403.4,387.2,390.4,404.9,386.45,45.53,49.87,1.84,-1.63,0.16,10.79,7.63,1.9,-2.36,79.89,9,9,84,38.1,-0.21,44.05,-0.67,33.33,-1.29,39.29,-1.88,46.43,-2.3,NEGATIVE,27.74,NEGATIVE,Trend + VWAP + RSI + Delivery,"Momentum, MACD",-3.04,3.04,379.64,403.46,390.4,HIGH,119838764.0,NOT_AVAILABLE,NOT_AVAILABLE,,False,False,False,39.36,WATCH,WATCH
829,BAJEL,2026-08-28,192.84,Bullish,50.5,50.87,4,70,5/10,Medium,56.57,6.87,3.56,6.67,188.01,186.66,183.9,0.7616,0.0412,0.51,63.33,191.49,0.71,2.62,0.68,-0.87,0.55,2.38,9.07,0.47,50.89,198.5,188.0,194.53,198.5,180.53,43.35,52.46,2.68,-2.11,0.37,21.68,11.27,2.52,-2.72,78.8,5,9,79,46.84,0.04,41.77,-0.62,36.71,-1.51,36.71,-2.24,35.44,-1.72,NEGATIVE,25.7,NEGATIVE,Trend + Momentum + VWAP + RSI,Delivery,1.25,5.35,195.25,203.15,188.0,HIGH,73064714.0,NOT_AVAILABLE,NOT_AVAILABLE,,False,False,False,39.34,WATCH,WATCH
830,RICOAUTO,2026-08-28,129.41,Bearish,41.71,37.45,-4,30,5/10,Medium,43.64,6.11,4.72,28.33,133.33,133.67,121.9,-0.8481,0.1852,0.26,6.67,139.37,-7.14,2.78,0.136,-0.47,-0.42,-1.96,-8.72,-0.4,27.85,133.07,129.45,130.02,133.5,125.16,44.74,50.79,2.7,-2.16,0.26,14.34,8.42,2.19,-2.28,82.43,9,8,36,30.56,-0.57,36.11,-0.57,38.89,0.47,50.0,1.01,47.22,0.66,MIXED,52.03,MIXED,Liquidity,"Trend, Momentum, Structure",-7.08,-1.65,120.24,127.27,139.37,HIGH,358638380.0,NOT_AVAILABLE,NOT_AVAILABLE,,False,False,False,39.26,WATCH,WATCH
831,MOTISONS,2026-08-28,16.64,Bullish,58.54,50.77,6,80,6/10,Medium,64.36,0.84,5.07,34.17,15.73,14.84,16.58,0.0571,-0.0166,0.36,20.0,16.27,2.26,3.81,0.747,2.27,-2.12,-0.66,17.02,1.04,24.95,16.73,16.12,16.27,17.7,15.85,40.61,54.44,2.99,-2.25,0.33,24.45,9.9,2.34,-3.86,85.49,11,9,100,43.0,-0.28,41.0,-0.15,44.0,0.05,41.0,-2.28,38.0,-3.02,MIXED,35.83,NEGATIVE,Trend + Momentum + VWAP + RSI,None material,1.77,7.6,16.94,17.91,16.12,VERY_HIGH,1091021120.0,NOT_AVAILABLE,NOT_AVAILABLE,,False,False,False,39.25,WATCH,WATCH
832,ADVANCE,2026-08-28,116.95,Bearish,39.78,38.09,-5,25,5/10,Medium,47.58,5.6,4.79,54.17,119.02,115.97,113.24,-0.5479,-0.1484,0.54,45.0,126.32,-7.42,6.62,0.153,-2.8,-1.89,-1.55,-6.45,0.5,57.36,123.2,119.89,120.32,124.9,115.2,39.22,55.17,3.06,-2.02,0.52,29.74,9.91,1.98,-2.44,88.7,5,6,100,38.0,0.01,44.0,0.28,45.0,0.35,52.0,0.65,56.0,1.27,MIXED,52.95,MIXED,No strong driver,"Momentum, Structure, VWAP",-7.18,-1.68,108.55,114.99,126.32,HIGH,66094709.0,NOT_AVAILABLE,NOT_AVAILABLE,,False,False,False,39.1,WATCH,WATCH
833,TVSSCS,2026-08-28,131.56,Bullish,52.18,44.34,4,70,5/10,Medium,52.25,5.32,4.05,39.17,129.68,129.95,123.94,0.9188,0.0525,0.28,2.5,132.47,-0.69,2.57,0.542,0.59,8.33,6.62,-2.63,0.23,35.42,132.82,129.5,130.79,141.0,120.9,42.37,52.89,1.93,-1.63,0.22,12.5,7.11,2.02,-1.85,83.14,6,9,100,41.0,0.1,46.0,-0.35,41.0,-0.61,29.0,-1.64,37.0,-0.9,NEGATIVE,30.5,NEGATIVE,Trend + Momentum + RSI + MACD,VWAP,1.42,6.07,133.42,139.54,129.5,HIGH,423885310.0,NOT_AVAILABLE,NOT_AVAILABLE,,False,False,False,39.08,WATCH,WATCH
834,PAISALO,2026-08-28,67.56,Bearish,40.23,41.74,-4,30,5/10,Medium,43.07,2.26,3.34,4.17,69.01,66.83,52.68,-0.3074,-0.0281,1.08,60.0,69.17,-2.33,2.54,0.256,-0.4,-3.2,-1.62,-5.11,0.03,61.81,68.5,67.53,67.83,70.98,67.29,45.0,50.66,2.48,-2.04,0.18,14.21,7.63,2.02,-3.06,85.42,7,8,100,51.0,-0.22,52.0,-0.68,46.0,-1.54,57.0,0.73,55.0,3.05,MIXED,47.81,MIXED,Liquidity,"Momentum, VWAP, RSI",-5.02,-1.17,64.17,66.77,69.17,HIGH,636688208.0,NOT_AVAILABLE,NOT_AVAILABLE,,False,False,False,39.04,WATCH,WATCH
835,HBLENGINE,2026-08-28,674.1,Bearish,42.1,35.37,-4,30,5/10,Medium,39.95,20.59,3.05,15.83,695.64,723.0,750.9,0.4505,-0.2318,0.61,25.83,700.95,-3.83,1.83,0.153,1.25,-4.05,-0.65,-6.21,0.0,42.13,693.8,662.9,665.75,722.0,662.9,49.42,47.09,2.2,-2.18,0.03,9.56,10.26,2.69,-3.02,71.54,10,7,79,43.04,0.1,45.57,0.27,44.3,0.43,46.84,1.13,50.63,4.01,MIXED,53.14,MIXED,Liquidity,"Trend, Momentum, Structure",-4.58,-1.07,643.21,666.89,700.95,HIGH,655257847.0,NOT_AVAILABLE,NOT_AVAILABLE,,False,False,False,39.03,WATCH,WATCH
836,OMAXAUTO,2026-08-28,188.72,Bearish,42.39,40.24,-6,20,6/10,Medium,41.28,10.33,5.48,65.0,197.37,203.82,169.42,0.0678,-0.0882,0.54,40.83,197.13,-4.27,3.35,0.321,-1.31,-3.86,-7.92,-0.98,-1.2,59.17,193.5,183.22,191.23,199.49,183.22,45.66,49.87,2.86,-2.21,0.53,36.32,17.76,2.54,-2.42,76.26,7,9,27,48.15,0.3,48.15,0.41,51.85,0.79,62.96,2.12,51.85,3.24,MIXED,66.82,POSITIVE,No strong driver,"Trend, Momentum, VWAP",-8.21,-1.92,173.22,185.1,197.13,VERY_HIGH,17151689.0,NOT_AVAILABLE,NOT_AVAILABLE,,False,False,False,38.99,WATCH,WATCH
837,MAPMYINDIA,2026-08-28,965.9,Bearish,42.3,34.42,-4,30,5/10,Medium,41.34,44.18,4.57,24.17,1009.77,1011.26,1143.28,-6.0377,0.3443,0.93,73.33,1026.22,-5.88,5.06,0.042,-1.15,-1.83,-2.4,-18.26,0.4,45.73,1021.0,970.0,977.1,1029.0,955.0,44.47,51.05,1.84,-1.68,0.17,12.63,6.84,1.96,-2.37,84.34,6,8,100,47.0,0.07,51.0,-0.14,51.0,-0.3,54.0,0.79,44.0,0.33,MIXED,53.71,MIXED,Liquidity,"Trend, Momentum, Structure",-6.86,-1.6,899.63,950.44,1026.22,HIGH,277867132.0,NOT_AVAILABLE,NOT_AVAILABLE,,False,False,False,38.94,WATCH,WATCH
838,BUTTERFLY,2026-08-28,633.15,Bearish,39.19,39.44,-5,25,5/10,Medium,34.18,21.03,3.32,4.17,662.98,678.75,670.84,-3.1215,0.79,0.98,81.67,674.43,-6.12,4.84,0.063,0.86,-2.2,-6.6,-12.02,0.04,40.77,641.4,625.0,627.75,656.95,625.0,43.82,51.84,1.7,-1.55,0.13,14.34,8.16,1.77,-1.9,91.84,6,7,8,37.5,-0.43,50.0,2.16,50.0,1.37,37.5,0.04,62.5,1.04,MIXED,51.27,MIXED,No strong driver,"Trend, Momentum, Structure",-4.98,-1.16,601.6,625.79,674.43,HIGH,17894987.0,NOT_AVAILABLE,NOT_AVAILABLE,,False,False,False,38.91,WATCH,WATCH
839,MANAKCOAT,2026-08-28,122.85,Bullish,51.23,52.27,5,75,5/10,Medium,53.08,4.81,3.91,1.67,122.0,119.19,117.71,0.0756,-0.1021,0.72,51.67,120.72,1.76,3.58,0.62,1.45,-2.01,5.59,2.4,0.2,59.04,124.32,119.86,121.09,129.48,119.86,47.37,47.76,2.74,-2.16,0.58,35.0,14.61,2.5,-2.36,80.48,12,7,9,44.44,0.02,44.44,-1.71,33.33,-2.73,33.33,-1.51,44.44,-1.85,NEGATIVE,21.37,NEGATIVE,Trend + Momentum + VWAP + RSI,None material,1.37,5.87,124.53,130.06,119.86,HIGH,55640219.0,NOT_AVAILABLE,NOT_AVAILABLE,,False,False,False,38.89,WATCH,WATCH
840,SALZERELEC,2026-08-28,552.6,Bearish,40.99,33.25,-5,25,6/10,Medium,35.51,16.73,3.03,0.83,571.15,590.57,651.41,-1.2706,-0.0037,0.53,21.67,577.01,-4.23,2.46,0.121,0.98,-2.98,-3.1,-5.04,-0.16,52.43,560.15,543.0,547.25,574.45,543.0,43.95,51.45,2.68,-2.09,0.32,20.39,8.29,2.13,-2.94,83.94,7,9,17,52.94,1.34,52.94,0.95,58.82,1.19,41.18,0.41,35.29,-0.35,POSITIVE,56.4,MIXED,Delivery,"Trend, Momentum, Structure",-4.54,-1.06,527.51,546.75,577.01,HIGH,38262281.0,NOT_AVAILABLE,NOT_AVAILABLE,,False,False,False,38.87,WATCH,WATCH
841,INDOAMIN,2026-08-28,120.59,Bearish,39.91,36.6,-5,25,5/10,Medium,39.84,5.13,4.26,29.17,124.69,126.31,125.03,-0.6538,0.061,0.56,39.17,127.05,-5.09,3.94,0.131,0.32,-1.44,-7.24,-5.4,0.5,,122.7,120.0,120.2,126.0,119.85,41.71,54.08,2.65,-1.97,0.44,25.39,8.16,1.99,-2.45,87.71,6,9,29,55.17,-0.35,37.93,-0.38,51.72,-0.52,48.28,1.35,41.38,0.8,MIXED,53.32,MIXED,No strong driver,"Trend, Momentum, Structure",-6.38,-1.49,112.89,118.79,127.05,HIGH,7904843.0,NOT_AVAILABLE,NOT_AVAILABLE,,False,False,False,38.78,WATCH,WATCH
842,MSTCLTD,2026-08-28,729.65,Bullish,53.56,49.31,6,80,6/10,Medium,67.35,27.95,3.83,20.0,674.65,634.63,550.21,10.264,-1.6334,0.86,62.5,676.04,7.93,4.06,0.87,1.02,4.02,17.04,18.03,-0.51,47.67,741.2,715.0,722.25,753.5,689.25,43.95,51.71,2.6,-1.98,0.29,13.68,6.71,2.07,-2.13,77.99,9,9,45,31.11,-1.19,31.11,-1.01,35.56,-0.83,24.44,-2.77,15.56,-4.34,NEGATIVE,21.6,NEGATIVE,Trend + Momentum + Structure + VWAP,None material,1.34,5.75,739.43,771.57,676.04,HIGH,264792507.0,NOT_AVAILABLE,NOT_AVAILABLE,,False,False,False,38.76,WATCH,WATCH
843,RUPA,2026-08-28,149.49,Bearish,38.89,35.28,-4,30,5/10,Medium,38.11,4.48,3.0,14.17,154.34,157.22,161.03,-0.48,0.1538,1.45,80.0,156.56,-4.52,3.88,0.171,1.31,-2.63,-1.03,-7.18,-0.08,48.47,151.05,147.09,147.55,155.98,147.09,43.95,51.71,1.65,-1.51,0.18,8.68,5.26,1.86,-1.95,78.13,6,9,11,54.55,0.41,45.45,-0.86,36.36,-1.71,54.55,1.0,45.45,1.1,NEGATIVE,43.98,MIXED,Volume,"Trend, Momentum, Structure",-4.49,-1.05,142.77,147.92,156.56,MODERATE,17762581.0,NOT_AVAILABLE,NOT_AVAILABLE,,False,False,False,38.75,WATCH,WATCH
844,IDFCFIRSTB,2026-08-28,83.12,Bearish,34.83,36.9,-5,25,6/10,Medium,44.87,1.46,1.75,4.17,84.57,82.12,76.61,-0.4979,-0.0849,1.24,85.83,85.3,-2.56,1.53,0.043,-0.81,-4.18,-3.0,-1.84,-0.01,31.73,84.88,83.72,83.8,86.94,83.72,47.11,47.76,1.3,-1.28,0.06,7.37,6.05,1.87,-2.32,69.73,7,8,100,45.0,0.05,43.0,0.05,40.0,-0.37,43.0,-0.94,47.0,-0.77,NEGATIVE,38.81,NEGATIVE,Liquidity,"Momentum, Volume, Structure",-2.63,-0.61,80.94,82.61,85.3,LOW,979630441.0,NOT_AVAILABLE,NOT_AVAILABLE,,False,False,False,38.72,WATCH,WATCH
845,CROMPTON,2026-08-28,233.0,Bearish,39.13,33.63,-6,20,7/10,Medium,31.07,7.26,3.11,40.83,247.36,255.08,267.86,-1.1713,-0.3593,1.23,70.83,247.63,-5.91,3.91,0.057,-2.06,-7.54,-6.16,-10.45,0.88,36.98,240.6,237.55,237.9,259.0,235.4,43.42,52.24,1.43,-1.22,0.19,8.03,5.53,1.84,-1.91,81.7,5,10,12,41.67,0.03,25.0,-0.97,41.67,0.1,58.33,1.78,50.0,2.33,MIXED,57.52,POSITIVE,Liquidity,"Trend, Momentum, Volume",-4.67,-1.09,222.12,230.46,247.63,HIGH,1143080745.0,NOT_AVAILABLE,NOT_AVAILABLE,,False,False,False,38.71,WATCH,WATCH
846,SUMMITSEC,2026-08-28,1421.0,Bearish,39.1,34.25,-4,30,5/10,Medium,35.89,35.2,2.48,1.67,1448.38,1483.84,1649.44,-0.9324,0.6868,0.29,6.67,1492.09,-4.76,2.51,0.046,0.02,0.06,-1.59,-5.54,0.27,57.39,1439.8,1415.0,1420.7,1445.0,1410.0,47.63,48.03,2.15,-1.94,0.39,28.55,8.29,1.73,-2.02,86.57,10,7,100,48.0,-0.06,45.0,-0.18,44.0,0.01,44.0,-0.32,40.0,-0.46,MIXED,44.56,MIXED,Delivery,"Trend, Momentum, Structure",-3.72,-0.87,1368.2,1408.68,1492.09,MODERATE,7478972.0,NOT_AVAILABLE,NOT_AVAILABLE,,False,False,False,38.65,WATCH,WATCH
847,COLPAL,2026-08-28,1826.9,Bearish,38.55,36.12,-4,30,5/10,Medium,25.28,36.75,2.01,0.83,1934.51,1993.25,2093.18,-12.4614,0.2697,0.87,60.0,1949.42,-6.28,1.46,0.007,-0.98,-3.29,-7.78,-12.0,0.37,61.36,1876.1,1841.0,1845.0,1907.9,1841.0,48.68,47.11,1.12,-1.15,0.06,3.29,3.82,1.68,-1.57,81.28,10,9,16,56.25,0.09,50.0,-0.09,43.75,-0.17,37.5,0.06,62.5,1.54,NEGATIVE,43.0,NEGATIVE,Liquidity,"Trend, Momentum, Structure",-3.02,-0.7,1771.77,1814.04,1949.42,MODERATE,631913026.0,NOT_AVAILABLE,NOT_AVAILABLE,,False,False,False,38.65,WATCH,WATCH
848,APARINDS,2026-08-28,17803.0,Bullish,54.08,52.25,7,85,7/10,Medium,65.61,692.56,3.89,3.33,16594.61,15522.52,12517.75,41.8194,13.6928,0.67,30.0,16716.51,6.5,2.32,0.84,-0.54,5.62,6.66,24.08,-0.23,39.09,18075.0,17189.0,17900.0,18075.0,16621.0,50.0,45.66,2.16,-1.93,0.22,13.42,7.24,1.92,-2.49,86.29,8,11,10,20.0,-1.16,10.0,-2.11,40.0,-0.35,10.0,-3.61,40.0,-1.55,NEGATIVE,16.66,NEGATIVE,Trend + Momentum + Structure + VWAP,None material,1.36,5.84,18045.4,18841.84,16716.51,HIGH,3028413999.0,NOT_AVAILABLE,NOT_AVAILABLE,,False,False,False,38.56,WATCH,WATCH
849,M&MFIN,2026-08-28,376.6,Bearish,39.38,42.87,-4,30,5/10,Medium,48.62,12.3,3.27,5.0,382.54,364.32,334.51,-4.0381,-0.1353,0.37,13.33,395.27,-4.72,2.39,0.035,-1.76,-1.31,-3.46,-2.37,0.0,60.16,388.6,380.4,383.35,389.4,377.05,47.76,47.5,1.61,-1.51,0.12,8.42,6.18,1.83,-2.29,68.81,8,8,13,38.46,0.17,61.54,0.56,53.85,0.04,53.85,-1.87,61.54,-2.11,MIXED,45.38,MIXED,Liquidity,"Momentum, Structure, VWAP",-4.9,-1.14,358.15,372.29,395.27,HIGH,950854613.0,NOT_AVAILABLE,NOT_AVAILABLE,,False,False,False,38.52,WATCH,WATCH
850,MEDPLUS,2026-08-28,676.35,Bearish,39.61,32.07,-4,30,5/10,Medium,41.8,19.25,2.85,13.33,688.31,734.45,801.81,6.669,-0.5943,0.39,26.67,673.46,0.43,3.01,0.467,-1.74,-1.91,1.11,-4.06,0.0,53.92,695.0,681.6,688.35,695.0,654.9,45.26,50.26,1.35,-1.23,0.09,7.5,5.39,1.93,-2.25,88.72,7,11,10,50.0,0.1,30.0,-0.27,40.0,-0.39,60.0,-0.6,10.0,-2.42,NEGATIVE,46.04,MIXED,Liquidity,"Trend, Momentum, Structure",-4.27,-1.0,647.47,669.61,695.0,MODERATE,146174345.0,NOT_AVAILABLE,NOT_AVAILABLE,,False,False,False,38.51,WATCH,WATCH
851,AUBANK,2026-08-28,1077.1,Bearish,37.31,39.75,-4,30,5/10,Medium,50.46,24.73,2.3,6.67,1082.64,1057.25,977.85,-0.9304,-2.4459,0.52,25.0,1092.32,-1.39,1.92,0.385,-1.27,-2.81,-0.44,2.85,-0.43,53.08,1126.8,1088.0,1091.0,1144.1,1083.9,48.03,47.76,1.44,-1.31,0.14,8.55,6.45,1.91,-2.15,76.95,8,7,8,12.5,-0.1,50.0,-0.33,37.5,-0.77,50.0,-0.77,50.0,-1.19,NEGATIVE,39.47,NEGATIVE,Liquidity,"Momentum, Structure, VWAP",-3.44,-0.8,1040.0,1068.44,1126.8,MODERATE,1824533329.0,NOT_AVAILABLE,NOT_AVAILABLE,,False,False,False,38.49,WATCH,WATCH
852,SAURASHCEM,2026-08-28,56.33,Bearish,39.5,26.24,-7,15,7/10,Medium,42.25,2.76,4.9,53.33,58.73,59.08,67.44,-0.4739,-0.0237,0.15,5.83,66.56,-15.37,3.22,0.014,-1.4,-3.25,-6.65,-6.71,-0.04,59.15,59.25,56.81,57.13,60.0,56.1,40.34,55.61,2.45,-1.9,0.53,29.44,9.03,2.12,-2.03,90.52,7,9,14,50.0,1.57,64.29,2.66,50.0,3.46,35.71,1.97,28.57,-0.98,MIXED,65.0,POSITIVE,No strong driver,"Trend, Momentum, Structure",-7.35,-1.71,52.19,55.36,66.56,HIGH,34458481.0,NOT_AVAILABLE,NOT_AVAILABLE,,False,False,False,38.47,WATCH,WATCH
853,AAVAS,2026-08-28,1275.5,Bearish,41.52,35.43,-4,30,6/10,Medium,30.16,40.58,3.18,19.17,1355.34,1387.06,1423.64,-10.9781,-0.1544,3.13,95.83,1343.87,-5.09,5.49,0.09,0.48,-5.89,-8.72,-6.2,0.32,49.48,1293.6,1257.9,1269.4,1374.6,1257.9,43.68,51.84,1.5,-1.3,0.12,11.18,7.76,1.85,-2.11,84.19,6,10,100,42.0,-0.09,45.0,0.04,52.0,0.13,46.0,0.42,46.0,0.19,MIXED,51.5,MIXED,Volume + Liquidity,"Trend, Momentum, Structure",-4.77,-1.11,1214.62,1261.3,1343.87,HIGH,149662035.0,NOT_AVAILABLE,NOT_AVAILABLE,,False,False,False,38.46,WATCH,WATCH
854,STERTOOLS,2026-08-28,219.95,Bearish,38.72,34.06,-6,20,6/10,Medium,37.36,8.51,3.87,0.83,227.86,233.71,250.81,-0.215,0.0393,0.43,41.67,234.48,-6.2,1.8,0.101,-0.99,-1.37,-1.79,-12.76,-1.17,,226.9,220.6,222.15,229.9,220.0,41.71,53.68,2.49,-1.98,0.25,16.45,8.03,1.97,-2.35,85.12,7,7,22,50.0,0.46,59.09,0.72,54.55,0.14,50.0,1.05,50.0,-0.99,MIXED,56.35,MIXED,No strong driver,"Trend, Momentum, Structure",-5.8,-1.35,207.19,216.97,234.48,HIGH,6232442.0,NOT_AVAILABLE,NOT_AVAILABLE,,False,False,False,38.42,WATCH,WATCH
855,ACC,2026-08-28,1306.4,Bearish,36.04,31.35,-5,25,6/10,Medium,42.38,23.83,1.82,0.83,1325.4,1344.98,1487.13,-0.654,0.2593,0.44,5.0,1349.26,-3.18,0.84,0.159,-0.32,-0.08,-1.14,-3.76,0.26,51.15,1335.0,1310.0,1310.6,1338.1,1291.0,46.32,49.47,1.13,-1.15,0.2,5.79,3.03,1.92,-2.12,77.93,9,10,100,46.0,-0.08,42.0,-0.17,42.0,-0.25,45.0,-0.55,35.0,-1.38,NEGATIVE,42.25,NEGATIVE,Liquidity,"Trend, Momentum, Structure",-2.74,-0.64,1270.66,1298.06,1349.26,LOW,203043303.0,NOT_AVAILABLE,NOT_AVAILABLE,,False,False,False,38.28,WATCH,WATCH
856,LANDMARK,2026-08-28,503.35,Bearish,41.34,35.34,-4,30,5/10,Medium,45.41,22.84,4.54,27.5,519.27,498.05,467.42,-5.4109,-0.2937,0.42,35.83,541.49,-7.04,2.56,0.061,-0.55,-0.32,-1.62,-6.92,0.8,50.76,516.9,505.0,506.15,553.85,498.05,41.18,54.47,2.19,-1.71,0.28,16.45,7.63,2.39,-2.22,90.88,6,8,14,42.86,0.84,50.0,2.79,35.71,2.16,28.57,1.21,57.14,4.18,MIXED,50.98,MIXED,Liquidity,"Momentum, Structure, VWAP",-6.81,-1.59,469.09,495.36,541.49,HIGH,109453375.0,NOT_AVAILABLE,NOT_AVAILABLE,,False,False,False,38.25,WATCH,WATCH
857,TRENT,2026-08-28,2898.0,Bearish,38.49,34.93,-4,30,5/10,Medium,40.07,60.52,2.09,0.83,2952.48,3068.96,3699.85,-5.0304,0.6856,0.47,20.83,3016.84,-3.94,1.23,0.079,0.68,-0.89,-2.69,-3.59,0.41,49.43,2923.5,2868.2,2878.5,2976.6,2868.2,48.55,47.24,1.65,-1.52,0.14,8.16,6.45,2.0,-3.02,77.12,8,9,100,44.0,0.06,43.0,0.09,40.0,0.01,44.0,-0.4,51.0,-1.1,MIXED,42.84,NEGATIVE,Liquidity,"Trend, Momentum, Structure",-3.13,-0.73,2807.21,2876.82,3016.84,MODERATE,3042694868.0,NOT_AVAILABLE,NOT_AVAILABLE,,False,False,False,38.24,WATCH,WATCH
858,AVANTIFEED,2026-08-28,826.75,Bearish,41.55,34.57,-4,30,5/10,Medium,30.74,29.22,3.53,1.67,871.54,938.35,1006.99,0.4823,-0.5316,1.04,73.33,871.28,-5.11,2.79,0.043,-2.1,-2.45,-4.02,-8.1,0.05,42.5,858.8,836.95,844.45,867.4,836.0,45.79,49.61,2.33,-1.9,0.24,11.84,6.32,2.42,-2.74,81.08,7,7,96,45.83,-0.04,48.96,-0.27,47.92,0.03,45.83,0.91,43.75,1.81,MIXED,51.57,MIXED,Liquidity,"Trend, Momentum, Structure",-5.3,-1.24,782.92,816.52,871.28,HIGH,349468672.0,NOT_AVAILABLE,NOT_AVAILABLE,,False,False,False,38.23,WATCH,WATCH
859,PFS,2026-08-28,26.95,Bearish,36.35,31.4,-6,20,6/10,Medium,27.34,0.66,2.44,14.17,28.13,28.97,31.08,-0.0578,-0.03,0.86,54.17,28.33,-4.88,1.91,0.023,-1.06,-2.92,-4.94,-2.81,-0.29,82.22,27.85,27.2,27.24,28.4,27.2,44.47,49.87,2.2,-1.88,0.33,17.63,8.03,2.18,-2.23,82.12,7,6,22,40.91,-0.32,54.55,0.01,45.45,0.76,50.0,-0.47,31.82,-2.61,MIXED,49.57,MIXED,No strong driver,"Trend, Momentum, Structure",-3.66,-0.85,25.96,26.72,28.33,MODERATE,14502531.0,NOT_AVAILABLE,NOT_AVAILABLE,,False,False,False,38.22,WATCH,WATCH
860,JAGRAN,2026-08-28,61.3,Bearish,33.62,28.62,-7,15,7/10,Medium,35.7,0.97,1.58,0.83,62.24,63.29,66.28,-0.0357,-0.0122,0.68,32.5,62.46,-1.86,1.33,0.03,-0.62,-1.07,-1.86,-3.93,0.19,74.99,62.19,61.48,61.68,62.58,61.41,45.39,49.74,1.32,-1.29,0.33,14.08,5.0,1.8,-2.4,86.31,7,7,19,31.58,-0.01,42.11,-0.16,36.84,0.34,47.37,0.59,36.84,-0.02,MIXED,48.19,MIXED,No strong driver,"Trend, Momentum, Structure",-2.37,-0.55,59.85,60.96,62.46,LOW,12190654.0,NOT_AVAILABLE,NOT_AVAILABLE,,False,False,False,38.22,WATCH,WATCH
861,DHANBANK,2026-08-28,32.27,Bearish,37.71,36.69,-6,20,6/10,Medium,44.19,1.17,3.61,10.83,32.9,32.82,30.03,0.0275,-0.0578,0.61,45.0,32.96,-2.09,2.87,0.155,-1.38,-4.33,-0.22,0.62,0.0,64.61,34.8,32.5,32.72,34.83,32.4,44.34,50.39,2.25,-1.82,0.3,20.39,8.68,2.36,-2.95,84.35,8,8,15,53.33,0.87,60.0,1.29,53.33,0.56,40.0,0.89,46.67,0.44,MIXED,53.47,MIXED,No strong driver,"Trend, Momentum, Structure",-5.42,-1.26,30.52,31.86,34.8,HIGH,26847448.0,NOT_AVAILABLE,NOT_AVAILABLE,,False,False,False,38.19,WATCH,WATCH
862,DBOL,2026-08-28,125.42,Bullish,55.27,52.77,5,75,5/10,Medium,58.62,6.83,5.45,70.83,121.27,115.83,105.76,0.2698,-0.3595,0.85,56.67,124.27,0.93,5.77,0.677,1.69,-4.37,4.69,28.14,2.56,45.34,130.09,121.98,123.34,137.95,121.98,43.68,51.84,2.06,-1.76,0.29,20.39,9.08,1.94,-2.18,80.62,8,12,95,41.05,0.05,45.26,-0.33,38.95,-0.68,35.79,-1.38,42.11,-0.99,NEGATIVE,32.92,NEGATIVE,Trend + Momentum + VWAP + RSI,None material,1.91,8.17,127.81,135.67,121.98,VERY_HIGH,52810764.0,NOT_AVAILABLE,NOT_AVAILABLE,,False,False,False,38.14,WATCH,WATCH
863,BHAGCHEM,2026-08-28,277.9,Bearish,37.94,40.93,-5,25,5/10,Medium,46.69,11.0,3.96,3.33,282.57,277.08,260.63,-0.7811,-0.45,0.56,54.17,290.31,-4.27,4.19,0.129,-1.66,-0.82,-4.12,-4.42,-0.05,57.45,286.6,281.3,282.6,291.3,279.3,43.16,51.84,2.36,-1.92,0.18,24.74,11.18,1.82,-2.96,90.89,8,6,23,43.48,-0.63,34.78,-0.95,43.48,-0.93,60.87,-0.03,60.87,0.85,NEGATIVE,47.68,MIXED,No strong driver,"Momentum, Structure, VWAP",-5.94,-1.39,261.4,274.05,290.31,HIGH,46642374.0,NOT_AVAILABLE,NOT_AVAILABLE,,False,False,False,38.08,WATCH,WATCH
864,BDL,2026-08-28,1306.0,Bearish,40.21,37.99,-4,30,5/10,Medium,45.89,40.98,3.14,30.0,1334.0,1318.45,1351.58,-2.7653,-4.0855,0.81,55.83,1355.59,-3.66,3.51,0.377,-3.16,-3.9,-6.58,4.22,-0.21,44.17,1366.5,1339.1,1348.6,1393.7,1317.0,49.21,46.18,2.12,-2.07,0.1,10.39,6.05,2.14,-4.04,74.53,10,7,100,46.0,-0.06,47.0,0.39,50.0,0.42,44.0,-0.46,36.0,-3.32,MIXED,47.74,MIXED,Liquidity,"Trend, Momentum, Structure",-4.71,-1.1,1244.53,1291.66,1366.5,HIGH,2646525409.0,NOT_AVAILABLE,NOT_AVAILABLE,,False,False,False,37.9,WATCH,WATCH
865,SSDL,2026-08-28,57.18,Bearish,41.2,34.47,-4,30,5/10,Medium,48.9,2.82,4.93,65.83,57.81,57.28,65.47,-0.4648,-0.0141,0.33,7.5,64.98,-12.0,5.36,0.238,1.51,-2.42,-12.22,8.21,-1.21,59.16,58.2,56.0,56.33,60.99,56.0,42.36,53.97,1.72,-1.74,0.32,24.18,11.99,1.98,-1.91,92.83,6,10,13,30.77,-0.1,38.46,-0.27,53.85,0.43,53.85,-0.96,7.69,-4.29,MIXED,50.58,MIXED,Delivery,"Trend, Momentum, VWAP",-7.39,-1.73,52.95,56.19,64.98,HIGH,5714712.0,NOT_AVAILABLE,NOT_AVAILABLE,,False,False,False,37.85,WATCH,WATCH
866,SPAL,2026-08-28,1022.0,Bullish,58.36,45.99,9,95,9/10,Medium,56.9,50.57,4.95,59.17,974.99,975.32,864.34,3.8979,5.8216,6.37,99.17,995.6,2.65,7.34,0.717,7.25,9.84,9.04,3.01,2.84,15.54,964.0,936.0,952.95,964.0,867.8,44.47,51.32,2.55,-1.96,0.24,16.05,11.18,2.05,-1.88,88.37,6,8,10,30.0,-2.14,10.0,-2.83,20.0,-3.15,30.0,-0.97,20.0,-1.49,NEGATIVE,16.02,NEGATIVE,Trend + Momentum + Volume + Structure,None material,1.73,7.42,1039.7,1097.85,936.0,HIGH,123538732.0,NOT_AVAILABLE,NOT_AVAILABLE,,False,False,False,37.81,WATCH,WATCH
867,RVNL,2026-08-28,214.22,Bearish,37.44,31.52,-5,25,6/10,Medium,33.82,5.32,2.48,23.33,224.04,231.34,273.19,-1.1487,-0.2229,0.69,35.0,226.89,-5.58,1.44,0.01,-0.82,-4.92,-5.78,-4.99,0.46,41.3,221.8,215.11,216.0,231.38,215.11,43.55,51.84,2.32,-1.8,0.26,16.71,9.21,2.23,-2.64,68.96,11,7,16,62.5,0.2,43.75,0.79,43.75,0.38,31.25,0.87,43.75,1.83,MIXED,46.25,MIXED,Liquidity,"Trend, Momentum, Structure",-3.73,-0.87,206.24,212.36,226.89,MODERATE,972067857.0,NOT_AVAILABLE,NOT_AVAILABLE,,False,False,False,37.75,WATCH,WATCH
868,SIGIND,2026-08-28,71.74,Neutral-Range,53.99,45.1,3,65,5/10,Medium,64.51,4.43,6.18,61.67,66.63,59.33,53.4,-0.3748,-0.0586,0.15,6.67,67.87,5.7,5.57,0.864,0.11,-0.72,8.17,37.14,1.17,,72.5,69.0,71.66,74.99,66.0,44.74,50.53,2.62,-2.11,0.88,44.87,13.16,2.49,-2.08,93.35,7,7,19,15.79,-1.23,26.32,-0.4,36.84,1.31,36.84,-0.98,31.58,-0.53,MIXED,42.11,NEGATIVE,Trend + Structure + VWAP + RSI,"Momentum, MACD",-6.18,6.18,67.31,76.17,71.66,VERY_HIGH,8162455.0,NOT_AVAILABLE,NOT_AVAILABLE,,False,False,False,37.75,WATCH,WATCH
869,SURYAROSNI,2026-08-28,220.46,Bearish,40.73,35.49,-4,30,5/10,Medium,35.28,7.03,3.19,6.67,226.82,235.94,252.54,-0.1241,0.3428,0.35,10.0,232.46,-5.16,2.52,0.108,0.94,0.3,-1.13,-7.91,-0.12,49.2,221.37,215.84,218.41,224.1,215.84,47.63,47.89,2.05,-2.27,-0.04,10.79,8.29,1.86,-3.69,83.87,7,9,34,61.76,0.1,50.0,0.24,55.88,1.01,47.06,-1.46,44.12,-3.51,POSITIVE,49.23,MIXED,Liquidity,"Trend, Momentum, Structure",-4.78,-1.12,209.91,218.0,232.46,HIGH,210083235.0,NOT_AVAILABLE,NOT_AVAILABLE,,False,False,False,37.67,WATCH,WATCH
870,MUTHOOTMF,2026-08-28,208.46,Bearish,39.42,39.66,-4,30,5/10,Medium,40.97,9.23,4.43,26.67,215.92,216.89,194.77,-0.6214,0.2025,0.35,26.67,216.29,-3.62,3.07,0.098,1.72,-1.14,0.02,-15.07,0.52,48.54,221.0,204.0,204.94,221.0,204.0,43.81,52.4,1.86,-1.57,0.27,17.32,6.7,1.93,-2.64,86.61,7,10,30,33.33,-0.35,30.0,-0.67,36.67,-0.53,53.33,0.28,70.0,3.54,NEGATIVE,45.5,MIXED,Liquidity,"Trend, Momentum, Structure",-6.64,-1.55,194.61,205.23,221.0,HIGH,152380620.0,NOT_AVAILABLE,NOT_AVAILABLE,,False,False,False,37.6,WATCH,WATCH
871,MAWANASUG,2026-08-28,147.94,Bullish,55.02,51.76,5,75,5/10,Medium,70.6,8.82,5.96,93.33,130.9,119.86,103.37,2.0593,-0.1488,0.77,43.33,136.0,8.78,7.19,0.718,4.43,-3.02,27.49,41.39,1.64,44.59,145.0,139.1,141.67,164.0,135.25,44.34,51.05,1.91,-1.54,0.36,20.79,8.55,1.99,-2.17,83.58,7,8,99,36.36,-0.23,41.41,-0.62,39.39,-1.26,36.36,-1.07,34.34,-0.77,NEGATIVE,32.19,NEGATIVE,Trend + Momentum + Structure + VWAP,None material,2.09,8.95,151.03,161.18,136.0,VERY_HIGH,87686973.0,NOT_AVAILABLE,NOT_AVAILABLE,,False,False,False,37.58,WATCH,WATCH
872,PGEL,2026-08-28,585.85,Bearish,36.49,39.47,-4,30,5/10,Medium,44.26,17.25,2.94,1.67,599.0,584.9,579.64,-4.1391,-0.1753,0.27,1.67,613.68,-4.54,2.44,0.028,-1.7,-2.45,-2.52,-4.48,0.0,38.85,604.7,587.15,596.0,610.0,586.45,46.32,49.47,2.64,-2.29,0.17,18.03,8.55,2.21,-3.99,78.7,7,7,100,35.0,-0.44,38.0,-1.38,43.0,-1.67,49.0,-0.85,46.0,-0.43,NEGATIVE,37.12,NEGATIVE,Liquidity,"Momentum, Structure, VWAP",-4.42,-1.03,559.97,579.81,613.68,MODERATE,1226433329.0,NOT_AVAILABLE,NOT_AVAILABLE,,False,False,False,37.57,WATCH,WATCH
873,WONDERLA,2026-08-28,537.1,Bullish,54.16,48.62,7,85,7/10,Medium,69.93,16.51,3.07,51.67,499.86,490.75,517.23,6.2693,0.2743,0.8,50.83,503.14,6.75,4.09,0.81,-0.95,3.45,14.7,12.43,0.77,45.32,547.0,515.0,542.25,547.0,490.2,44.47,50.92,1.62,-1.41,0.2,13.29,6.05,1.63,-2.02,90.95,7,11,8,50.0,-0.19,25.0,-1.05,37.5,-2.17,25.0,-3.36,37.5,-0.73,NEGATIVE,16.88,NEGATIVE,Trend + Momentum + Structure + VWAP,None material,1.08,4.61,542.88,561.86,503.14,HIGH,125158101.0,NOT_AVAILABLE,NOT_AVAILABLE,,False,False,False,37.55,WATCH,WATCH
874,ROTO,2026-08-28,64.52,Bearish,37.97,33.66,-6,20,6/10,Medium,42.5,2.07,3.21,0.83,66.06,66.08,77.33,-0.1649,-0.0094,0.3,29.17,66.98,-3.68,1.66,0.092,-0.77,-1.62,-2.41,-4.37,0.55,47.9,66.08,64.61,65.02,66.58,63.75,42.11,53.68,2.4,-2.09,0.18,18.55,7.11,2.07,-4.76,80.23,7,8,100,43.0,-0.01,42.0,-0.04,49.0,0.15,55.0,0.55,50.0,-0.21,MIXED,54.2,MIXED,No strong driver,"Trend, Momentum, Structure",-4.81,-1.12,61.41,63.8,66.98,HIGH,30742304.0,NOT_AVAILABLE,NOT_AVAILABLE,,False,False,False,37.54,WATCH,WATCH
875,ARKADE,2026-08-28,127.38,Bearish,38.61,36.79,-5,25,5/10,Medium,42.23,4.39,3.45,30.0,131.29,130.28,131.27,-0.9066,0.0998,0.34,13.33,132.49,-3.85,1.18,0.132,0.1,-2.75,-4.47,-9.78,-0.04,46.12,129.75,127.11,127.25,134.6,125.0,47.76,48.98,1.9,-1.89,0.28,18.7,7.32,1.64,-2.34,82.71,8,7,100,48.0,-0.12,40.0,0.12,45.0,-0.07,47.0,0.67,40.0,1.03,MIXED,49.6,MIXED,No strong driver,"Trend, Momentum, Structure",-5.17,-1.21,120.79,125.84,132.49,HIGH,55185252.0,NOT_AVAILABLE,NOT_AVAILABLE,,False,False,False,37.52,WATCH,WATCH
876,LIQUIDBEES,2026-08-28,1000.0,Bullish,49.0,38.5,5,75,5/10,Medium,53.58,1.14,0.11,22.5,1000.0,1000.0,1000.0,0.0007,0.0001,1.3,84.17,1000.0,0.0,0.0,0.251,0.0,0.0,0.0,0.0,0.0,73.07,1000.01,999.66,1000.0,1000.77,999.62,22.5,22.5,0.0,-0.0,0.02,0.92,0.79,2.93,-2.67,100.0,1,1,100,0.0,-0.0,0.0,-0.0,0.0,-0.0,0.0,-0.0,0.0,-0.0,MIXED,15.0,NEGATIVE,Trend + Momentum + RSI + MACD,None material,0.1,0.17,1001.0,1001.71,999.66,LOW,3195421729.0,NOT_AVAILABLE,NOT_AVAILABLE,,False,False,False,37.5,WATCH,WATCH
877,EUREKAFORB,2026-08-28,427.75,Bearish,39.57,33.27,-5,25,5/10,Medium,44.56,14.53,3.4,29.17,434.07,446.31,487.01,-0.4363,0.6911,0.52,22.5,440.04,-2.79,3.3,0.256,-1.25,3.07,-3.39,-4.62,0.08,53.33,435.25,422.55,433.15,435.25,409.0,45.51,51.3,1.69,-1.52,0.18,10.78,5.99,1.67,-1.74,91.13,9,7,100,51.0,0.09,50.0,0.29,55.0,0.61,44.0,0.06,41.0,-0.4,POSITIVE,52.33,MIXED,No strong driver,"Trend, Momentum, VWAP",-5.09,-1.19,405.96,422.66,440.04,HIGH,85454369.0,NOT_AVAILABLE,NOT_AVAILABLE,,False,False,False,37.43,WATCH,WATCH
878,BODALCHEM,2026-08-28,99.08,Bullish,52.07,49.93,6,80,6/10,Medium,86.0,4.01,4.05,6.67,78.77,72.44,65.15,2.7739,0.3979,3.22,96.67,83.8,18.23,7.82,0.997,4.88,25.47,44.68,40.22,-0.29,,94.47,88.05,94.47,94.47,76.0,44.34,51.05,2.08,-1.7,0.28,14.21,8.29,2.15,-2.17,86.79,8,9,56,32.14,-0.51,33.93,-1.94,32.14,-2.31,28.57,-2.42,39.29,-0.82,NEGATIVE,17.33,NEGATIVE,Trend + Momentum + Volume + Structure,None material,1.42,6.07,100.48,105.1,83.8,HIGH,41603132.0,NOT_AVAILABLE,NOT_AVAILABLE,,False,False,False,37.43,WATCH,WATCH
879,EUROPRATIK,2026-08-28,257.45,Bearish,38.35,37.33,-5,25,5/10,Medium,33.56,10.66,4.14,27.5,277.86,284.71,273.53,-3.5132,0.5894,0.95,65.83,287.33,-10.4,2.15,0.08,1.34,-2.17,-10.42,-15.6,0.37,9.07,260.75,251.55,254.05,269.85,251.55,49.59,45.04,2.17,-2.26,-0.0,11.57,13.64,2.43,-2.06,85.4,6,6,81,48.15,0.12,48.15,0.11,53.09,0.03,48.15,-0.42,50.62,0.18,MIXED,48.87,MIXED,No strong driver,"Trend, Momentum, Structure",-6.21,-1.45,241.47,253.72,287.33,HIGH,58134671.0,NOT_AVAILABLE,NOT_AVAILABLE,,False,False,False,37.42,WATCH,WATCH
880,PANACEABIO,2026-08-28,395.5,Bearish,39.34,33.61,-5,25,5/10,Medium,35.84,18.66,4.72,1.67,414.41,440.59,421.9,2.554,-0.1726,0.6,41.67,409.46,-3.41,4.02,0.105,0.57,-3.79,-0.24,-6.16,0.93,40.24,399.95,390.0,393.25,420.4,390.0,44.87,50.79,2.99,-2.25,0.31,21.71,12.37,2.2,-2.34,85.89,8,8,24,41.67,-0.12,37.5,-0.4,33.33,0.12,41.67,2.49,45.83,4.48,MIXED,51.69,MIXED,No strong driver,"Trend, Momentum, Structure",-7.08,-1.65,367.51,388.97,409.46,HIGH,61273398.0,NOT_AVAILABLE,NOT_AVAILABLE,,False,False,False,37.31,WATCH,WATCH
881,DJML,2026-08-28,72.19,Bearish,43.14,37.35,-5,25,5/10,Medium,25.34,8.39,11.63,99.17,95.28,102.39,99.4,-3.9233,-0.006,0.41,15.0,92.78,-22.19,11.64,0.095,-1.22,-33.55,-32.39,-37.12,-0.25,43.62,76.0,72.02,73.08,115.25,70.61,47.5,48.03,2.27,-2.25,0.5,35.53,15.13,2.4,-2.74,86.34,8,13,15,53.33,0.26,46.67,-0.87,53.33,0.47,53.33,2.08,60.0,4.7,MIXED,62.53,POSITIVE,No strong driver,"Trend, Momentum, Structure",-17.44,-4.07,59.6,69.25,92.78,VERY_HIGH,48776142.0,NOT_AVAILABLE,NOT_AVAILABLE,,False,False,False,37.28,WATCH,WATCH
882,JYOTISTRUC,2026-08-28,10.14,Bearish,37.17,29.78,-7,15,7/10,Medium,32.61,0.39,3.85,7.5,10.75,11.18,12.23,-0.066,-0.0036,0.57,25.0,11.23,-9.73,2.94,0.033,-0.49,-4.07,-4.52,-6.11,0.39,58.55,10.46,10.16,10.19,11.07,10.16,43.03,51.97,3.17,-2.55,0.41,29.34,15.39,2.55,-2.86,71.89,8,11,18,44.44,-0.05,61.11,1.14,50.0,1.07,44.44,1.5,38.89,2.3,MIXED,58.33,POSITIVE,No strong driver,"Trend, Momentum, Structure",-5.77,-1.35,9.55,10.0,11.23,HIGH,58297128.0,NOT_AVAILABLE,NOT_AVAILABLE,,False,False,False,37.17,WATCH,WATCH
883,JSWCEMENT,2026-08-28,125.24,Bearish,35.15,37.17,-5,25,6/10,Medium,38.14,2.86,2.28,4.17,128.38,130.28,129.33,-0.2295,0.0677,0.43,23.33,128.89,-2.83,1.98,0.171,-1.04,-0.63,-3.68,-5.91,0.36,54.79,127.34,123.61,126.55,128.28,123.61,41.42,53.73,1.61,-1.32,0.2,9.33,4.48,1.93,-1.85,78.84,4,6,100,41.0,-0.09,46.0,-0.55,39.0,-0.36,42.0,-0.55,50.0,-0.44,NEGATIVE,39.71,NEGATIVE,Liquidity,"Trend, Momentum, Structure",-3.43,-0.8,120.95,124.24,128.89,MODERATE,143567514.0,NOT_AVAILABLE,NOT_AVAILABLE,,False,False,False,37.12,WATCH,WATCH
884,SAREGAMA,2026-08-28,492.8,Bearish,39.8,36.62,-4,30,5/10,Medium,43.62,19.73,4.0,26.67,509.2,494.81,438.46,-5.3735,0.1496,0.25,15.0,531.36,-7.26,2.66,0.094,1.09,-2.71,-6.54,-5.75,0.65,44.88,502.75,484.3,487.5,522.0,484.3,44.87,50.79,2.04,-1.68,0.16,10.66,6.84,1.93,-2.36,86.55,9,9,100,43.0,0.01,48.0,0.35,46.0,0.43,42.0,-0.24,48.0,0.77,MIXED,46.56,MIXED,Liquidity,"Trend, Momentum, Structure",-6.01,-1.4,463.2,485.89,531.36,HIGH,464216933.0,NOT_AVAILABLE,NOT_AVAILABLE,,False,False,False,37.07,WATCH,WATCH
885,TCI,2026-08-28,888.1,Bearish,32.72,29.09,-8,10,8/10,Medium,37.23,18.0,2.03,1.67,909.58,920.52,976.26,-2.1621,-0.4027,1.17,81.67,917.41,-3.2,2.03,0.074,-1.03,-2.23,-2.96,-4.56,0.45,60.61,907.6,895.0,897.3,916.0,889.6,45.39,50.39,1.47,-1.26,0.21,11.84,6.05,1.85,-2.1,91.88,7,9,9,44.44,0.72,66.67,0.34,33.33,0.7,55.56,0.79,44.44,-0.49,MIXED,52.07,MIXED,No strong driver,"Trend, Momentum, Volume",-3.04,-0.71,861.1,881.8,917.41,MODERATE,21431704.0,NOT_AVAILABLE,NOT_AVAILABLE,,False,False,False,37.06,WATCH,WATCH
886,VBL,2026-08-28,414.0,Bearish,33.21,32.75,-7,15,8/10,Medium,33.51,11.43,2.76,40.83,435.47,455.43,478.99,-0.3978,-0.5644,1.44,83.33,429.66,-3.65,2.08,0.047,-1.13,-3.74,-4.83,-6.4,-0.02,57.44,425.05,415.75,418.75,447.9,415.75,44.21,51.32,1.65,-1.51,0.11,12.24,5.92,1.82,-3.4,77.5,8,8,15,53.33,0.46,73.33,1.39,66.67,-0.02,33.33,-0.72,53.33,2.05,MIXED,47.04,MIXED,Liquidity,"Trend, Momentum, Volume",-4.14,-0.97,396.86,410.0,429.66,MODERATE,2368459609.0,NOT_AVAILABLE,NOT_AVAILABLE,,False,False,False,37.05,WATCH,WATCH
887,PRIMO,2026-08-28,21.33,Bearish,43.64,34.68,-5,25,5/10,Medium,37.99,1.22,5.71,35.0,22.46,23.07,23.16,-0.231,0.0491,0.45,23.33,23.56,-9.46,3.02,0.15,-0.74,2.11,-16.74,-15.49,0.74,45.37,21.62,21.0,21.49,21.85,20.4,39.83,55.59,2.21,-1.65,0.46,32.38,13.75,2.24,-2.53,95.35,5,8,80,41.25,0.27,45.0,0.65,48.75,1.04,51.25,2.45,52.5,4.03,MIXED,63.96,POSITIVE,No strong driver,"Trend, Momentum, Structure",-8.57,-2.0,19.5,20.9,23.56,VERY_HIGH,5259221.0,NOT_AVAILABLE,NOT_AVAILABLE,,False,False,False,36.99,WATCH,WATCH
888,UTIAMC,2026-08-28,887.7,Bearish,33.93,28.78,-6,20,6/10,Medium,40.38,15.08,1.7,0.83,900.75,918.32,998.55,0.3406,-0.1122,0.47,30.0,903.78,-1.78,1.16,0.107,-0.34,-0.6,-2.24,-1.71,0.0,59.67,899.0,889.0,890.7,904.15,883.25,46.84,48.68,1.57,-1.43,0.17,10.92,7.11,1.7,-2.12,82.2,8,7,13,38.46,-0.27,46.15,-0.05,38.46,-0.19,46.15,-0.3,30.77,-1.69,NEGATIVE,42.65,NEGATIVE,No strong driver,"Trend, Momentum, Structure",-2.55,-0.59,865.08,882.42,903.78,LOW,96900706.0,NOT_AVAILABLE,NOT_AVAILABLE,,False,False,False,36.98,WATCH,WATCH
889,GODAVARIB,2026-08-28,239.05,Bearish,40.07,35.34,-4,30,5/10,Medium,38.44,8.88,3.71,4.17,249.66,261.94,276.33,-0.5397,0.0869,0.1,1.67,268.21,-10.87,2.01,0.036,-0.04,-2.13,-3.32,-8.37,0.02,49.47,244.2,238.4,239.15,248.5,238.4,40.56,56.01,2.96,-2.18,0.3,24.46,14.16,2.32,-2.14,81.4,8,12,100,42.0,-0.23,43.0,-0.15,42.0,-0.05,51.0,0.0,55.0,-0.08,NEGATIVE,47.35,MIXED,Liquidity,"Trend, Momentum, Structure",-5.57,-1.3,225.73,235.94,268.21,HIGH,161785659.0,NOT_AVAILABLE,NOT_AVAILABLE,,False,False,False,36.96,WATCH,WATCH
890,THOMASCOTT,2026-08-28,277.25,Bearish,43.74,28.54,-6,20,6/10,Medium,39.89,17.11,6.17,50.0,297.02,300.98,303.82,-4.0299,0.3455,0.36,16.67,323.98,-14.42,5.36,0.074,-0.84,-3.18,-20.08,-7.1,0.11,55.89,284.75,278.0,279.6,291.95,277.1,44.08,50.66,3.04,-2.25,0.45,41.32,27.24,2.58,-2.33,58.6,20,12,100,37.0,0.25,44.0,1.15,50.0,2.25,52.0,2.84,40.0,3.52,MIXED,70.7,STRONG,No strong driver,"Trend, Momentum, Structure",-9.26,-2.16,251.58,271.26,323.98,VERY_HIGH,45761320.0,NOT_AVAILABLE,NOT_AVAILABLE,,False,False,False,36.86,WATCH,WATCH
891,JIOFIN,2026-08-28,238.4,Neutral-Range,37.56,38.61,-3,35,5/10,Medium,39.56,4.89,2.05,5.83,245.31,244.65,254.8,-1.8993,0.0601,0.5,12.5,254.25,-6.24,1.01,0.026,0.13,-2.3,-4.28,-7.04,0.21,52.57,242.65,238.1,238.1,245.8,238.1,46.58,48.16,1.52,-1.44,0.24,12.11,5.66,1.86,-2.02,69.89,7,8,9,44.44,-0.12,55.56,0.27,44.44,-0.37,33.33,-1.75,44.44,-3.41,NEGATIVE,33.74,NEGATIVE,Delivery + Liquidity,"Trend, Momentum, Structure",-2.05,2.05,233.51,243.29,238.1,MODERATE,3624310008.0,NOT_AVAILABLE,NOT_AVAILABLE,,False,False,False,36.79,WATCH,WATCH
892,UNITDSPR,2026-08-28,1510.0,Bearish,33.87,33.56,-5,25,6/10,Medium,50.86,29.24,1.94,9.17,1520.05,1465.09,1388.93,-7.8779,-1.8315,1.23,80.0,1532.97,-1.5,2.78,0.187,-0.79,-2.96,-1.69,-0.39,0.26,69.93,1531.9,1507.7,1522.0,1563.4,1507.7,51.32,45.34,1.11,-1.18,0.16,8.44,4.39,1.72,-1.81,78.14,7,8,100,44.0,-0.14,51.0,-0.27,48.0,-0.33,31.0,-1.32,29.0,-1.72,MIXED,36.05,NEGATIVE,Liquidity,"Momentum, Volume, Structure",-2.9,-0.68,1466.14,1499.77,1532.97,LOW,765198645.0,NOT_AVAILABLE,NOT_AVAILABLE,,False,False,False,36.74,WATCH,WATCH
893,MMTC,2026-08-28,63.07,Bearish,36.98,34.88,-4,30,5/10,Medium,45.4,1.77,2.81,9.17,63.93,64.38,64.31,-0.0046,-0.0762,0.29,28.33,65.44,-3.63,1.24,0.252,-0.69,-3.53,-1.99,0.65,0.06,42.13,64.6,63.3,63.51,67.49,63.3,42.63,52.63,2.59,-1.99,0.19,16.05,9.61,2.11,-3.07,78.43,8,10,50,36.0,0.26,38.0,0.07,36.0,-0.11,42.0,-0.84,24.0,-2.7,NEGATIVE,38.5,NEGATIVE,Liquidity,"Trend, Momentum, Structure",-4.22,-0.98,60.41,62.45,65.44,MODERATE,228499682.0,NOT_AVAILABLE,NOT_AVAILABLE,,False,False,False,36.68,WATCH,WATCH
894,CIEINDIA,2026-08-28,389.95,Bearish,35.75,33.51,-5,25,6/10,Medium,27.27,9.01,2.31,1.67,407.32,425.55,440.89,-0.0334,-0.2553,0.57,43.33,409.37,-4.74,2.14,0.028,-1.15,-2.77,-4.37,-4.56,0.0,61.24,400.0,393.9,394.5,405.5,392.55,45.26,50.53,1.41,-1.29,0.15,8.95,5.39,1.54,-2.08,87.28,8,8,23,47.83,0.34,47.83,0.18,52.17,0.09,34.78,-1.09,52.17,0.45,MIXED,41.43,NEGATIVE,Liquidity,"Trend, Momentum, Structure",-3.46,-0.81,376.44,386.8,409.37,MODERATE,183996135.0,NOT_AVAILABLE,NOT_AVAILABLE,,False,False,False,36.64,WATCH,WATCH
895,INDORAMA,2026-08-28,63.65,Bullish,53.77,52.86,5,75,6/10,Medium,64.32,3.44,5.41,51.67,59.09,54.15,47.05,0.1813,0.0399,0.85,67.5,61.61,3.31,4.82,0.773,-0.34,1.53,13.48,13.16,1.6,51.43,64.98,61.21,63.87,65.82,59.41,45.13,49.61,2.47,-2.08,0.42,24.61,11.18,2.13,-1.99,89.77,7,8,85,38.82,0.36,38.82,-0.29,37.65,-1.1,40.0,-2.29,44.71,-1.68,NEGATIVE,28.62,NEGATIVE,Trend + Momentum + VWAP + RSI,Delivery,1.89,8.12,64.86,68.82,61.21,VERY_HIGH,32816061.0,NOT_AVAILABLE,NOT_AVAILABLE,,False,False,False,36.64,WATCH,WATCH
896,IFBAGRO,2026-08-28,919.8,Bearish,35.09,34.85,-7,15,7/10,Medium,35.28,39.88,4.34,33.33,978.87,972.78,965.58,-10.5887,-2.2395,2.98,95.83,983.34,-6.46,3.75,0.035,-2.78,-8.16,-10.64,-5.97,0.46,82.39,978.75,941.1,946.15,1025.0,941.1,44.34,51.45,2.54,-1.96,0.4,28.55,11.71,2.26,-2.54,89.44,7,11,9,33.33,-0.22,44.44,0.48,66.67,0.55,33.33,0.05,55.56,0.47,STRONG,52.4,MIXED,No strong driver,"Trend, Momentum, Structure",-6.5,-1.52,859.99,905.84,983.34,HIGH,5506481.0,NOT_AVAILABLE,NOT_AVAILABLE,,False,False,False,36.58,WATCH,WATCH
897,ORIENTBELL,2026-08-28,379.25,Bullish,49.04,46.55,4,70,5/10,Medium,70.43,15.75,4.15,33.33,353.63,337.41,312.87,3.2766,-0.3211,2.08,91.67,360.64,5.16,10.02,0.727,0.54,5.51,8.13,18.79,-2.7,53.55,382.05,371.1,377.2,388.0,337.0,43.68,51.84,1.98,-1.66,0.27,26.58,10.13,1.56,-2.27,94.68,8,9,26,26.92,-0.66,26.92,-1.33,23.08,-2.39,30.77,-0.69,42.31,0.4,NEGATIVE,21.53,NEGATIVE,Trend + Momentum + Volume + VWAP,Gap,1.45,6.23,384.76,402.87,360.64,HIGH,13472994.0,NOT_AVAILABLE,NOT_AVAILABLE,,False,False,False,36.56,WATCH,WATCH
898,SIGNPOST,2026-08-28,260.15,Bearish,36.33,35.92,-6,20,6/10,Medium,36.83,10.12,3.89,0.83,269.84,277.04,263.2,-0.2558,0.1942,0.51,42.5,269.8,-3.58,2.76,0.151,-0.44,-1.7,-2.71,-8.25,-0.34,67.9,265.65,257.0,261.3,270.6,255.2,42.86,53.0,2.86,-2.26,0.43,25.5,10.6,2.44,-2.44,89.21,7,12,31,58.06,0.93,64.52,1.35,45.16,-0.22,51.61,0.38,41.94,0.84,MIXED,49.51,MIXED,No strong driver,"Trend, Momentum, Structure",-5.83,-1.36,244.97,256.61,269.8,HIGH,21165262.0,NOT_AVAILABLE,NOT_AVAILABLE,,False,False,False,36.55,WATCH,WATCH
899,INDIQUBE,2026-08-28,192.36,Bullish,50.95,45.4,5,75,5/10,Medium,63.02,7.54,3.92,2.5,185.93,178.79,179.72,0.3918,-0.1233,0.39,43.33,187.11,2.81,2.09,0.797,0.68,1.72,6.87,10.7,0.73,72.82,193.99,188.5,191.06,198.0,187.06,44.8,50.54,1.85,-1.68,0.31,22.58,11.47,2.16,-2.24,94.25,6,9,100,42.0,-0.27,36.0,-0.8,30.0,-1.72,36.0,-2.66,32.0,-3.3,NEGATIVE,20.58,NEGATIVE,Trend + Momentum + VWAP + RSI,None material,1.37,5.88,195.0,203.66,187.11,HIGH,16404760.0,NOT_AVAILABLE,NOT_AVAILABLE,,False,False,False,36.55,WATCH,WATCH
900,5PAISA,2026-08-28,368.35,Bearish,37.85,35.83,-5,25,5/10,Medium,46.61,14.19,3.85,21.67,376.67,366.29,347.48,-2.408,-0.6003,0.22,0.83,388.03,-5.07,2.02,0.294,-0.75,-4.14,-4.03,5.67,-0.04,57.41,377.05,370.0,371.15,391.9,369.2,42.11,53.68,2.03,-1.58,0.19,17.76,10.13,1.82,-2.54,91.93,7,8,33,36.36,-0.24,39.39,-0.29,39.39,0.04,36.36,1.44,51.52,1.5,MIXED,47.43,MIXED,No strong driver,"Momentum, Structure, VWAP",-5.78,-1.35,347.07,363.38,388.03,HIGH,29127806.0,NOT_AVAILABLE,NOT_AVAILABLE,,False,False,False,36.46,WATCH,WATCH
901,ABLBL,2026-08-28,84.6,Bearish,36.21,31.29,-5,25,5/10,Medium,27.42,1.9,2.25,0.83,88.69,92.6,106.05,-0.3055,0.0395,0.27,10.0,90.23,-6.24,1.46,0.03,-0.73,-1.76,-4.7,-10.64,-0.08,72.5,86.49,85.05,85.22,87.14,84.24,37.91,57.84,1.82,-1.51,0.17,10.13,7.52,2.43,-2.15,75.93,5,7,100,42.0,0.22,46.0,0.28,44.0,-0.08,43.0,-0.6,34.0,-0.91,NEGATIVE,42.73,NEGATIVE,No strong driver,"Trend, Momentum, Structure",-3.37,-0.79,81.75,83.93,90.23,MODERATE,84166255.0,NOT_AVAILABLE,NOT_AVAILABLE,,False,False,False,36.43,WATCH,WATCH
902,MIDWESTLTD,2026-08-28,1106.6,Bearish,38.62,32.2,-5,25,5/10,Medium,32.8,39.71,3.59,15.0,1158.08,1204.99,1257.07,0.1776,-1.0947,0.84,64.17,1141.95,-3.1,2.33,0.209,-0.7,-3.01,-1.7,-7.33,0.0,43.57,1149.0,1110.0,1114.4,1170.0,1110.0,41.82,52.73,2.76,-2.12,0.44,24.55,7.27,2.24,-2.42,82.84,7,6,20,30.0,-0.45,45.0,-0.6,55.0,-0.4,45.0,0.31,35.0,-0.81,MIXED,49.64,MIXED,No strong driver,"Trend, Momentum, Structure",-5.38,-1.26,1047.03,1092.7,1149.0,HIGH,23213971.0,NOT_AVAILABLE,NOT_AVAILABLE,,False,False,False,36.16,WATCH,WATCH
903,PIIND,2026-08-28,2420.1,Bearish,34.29,31.33,-6,20,7/10,Medium,30.99,59.86,2.47,20.83,2551.38,2642.08,2957.47,-10.664,-1.2903,0.82,55.83,2544.25,-4.88,2.98,0.0,-1.9,-3.07,-2.81,-12.03,0.52,53.03,2536.5,2460.0,2467.0,2536.5,2453.1,46.32,49.47,1.19,-1.2,0.06,5.13,6.58,1.88,-2.11,83.59,5,11,15,73.33,0.39,73.33,0.96,46.67,0.47,33.33,-0.3,53.33,0.6,MIXED,43.68,MIXED,Liquidity,"Trend, Momentum, Structure",-3.71,-0.87,2330.31,2399.15,2544.25,MODERATE,777374963.0,NOT_AVAILABLE,NOT_AVAILABLE,,False,False,False,36.11,WATCH,WATCH
904,PHANTOMFX,2026-08-28,120.7,Bearish,44.96,32.57,-4,30,5/10,Medium,34.71,9.71,8.04,92.5,136.39,155.58,196.58,-0.7839,0.5534,0.31,12.5,134.36,-10.17,6.28,0.117,3.12,-5.78,-15.24,-28.03,-1.32,76.19,120.0,115.5,117.05,136.0,115.5,42.77,52.1,2.9,-2.7,0.2,27.06,16.02,2.45,-3.06,82.72,6,9,23,60.87,0.26,60.87,0.88,56.52,-0.03,47.83,2.48,52.17,1.23,MIXED,61.32,POSITIVE,Delivery,"Trend, Momentum, VWAP",-12.07,-2.82,106.14,117.3,134.36,VERY_HIGH,5516212.0,NOT_AVAILABLE,NOT_AVAILABLE,,False,False,False,36.09,WATCH,WATCH
905,CORDSCABLE,2026-08-28,251.23,Bullish,50.28,46.12,5,75,5/10,Medium,66.75,11.09,4.41,26.67,233.2,220.96,198.24,1.9687,-0.1137,0.42,25.83,234.15,7.3,2.86,0.846,2.88,4.1,14.97,24.66,0.33,,254.0,239.0,244.2,259.8,236.0,45.66,50.13,2.68,-2.07,0.52,32.63,12.76,2.23,-2.11,87.75,7,7,100,43.0,-0.17,35.0,-0.9,29.0,-1.91,28.0,-2.16,26.0,-3.95,NEGATIVE,18.67,NEGATIVE,Trend + Momentum + Structure + VWAP,None material,1.54,6.62,255.11,267.86,234.15,HIGH,10898075.0,NOT_AVAILABLE,NOT_AVAILABLE,,False,False,False,36.09,WATCH,WATCH
906,VIKRAN,2026-08-28,59.39,Bearish,39.61,33.89,-4,30,5/10,Medium,29.4,2.28,3.83,13.33,64.21,67.87,75.6,-0.4926,0.109,0.56,37.5,64.9,-8.49,2.03,0.025,-0.13,-5.79,-4.55,-17.73,0.08,50.01,61.6,59.2,59.47,63.54,59.0,42.97,51.95,2.53,-2.36,0.38,18.75,10.55,2.91,-2.51,68.77,7,5,57,43.86,0.09,45.61,0.56,42.11,0.13,47.37,-0.2,49.12,-0.65,MIXED,46.04,MIXED,Liquidity,"Trend, Momentum, Structure",-5.75,-1.34,55.98,58.59,64.9,HIGH,107420459.0,NOT_AVAILABLE,NOT_AVAILABLE,,False,False,False,36.06,WATCH,WATCH
907,CRIZAC,2026-08-28,172.9,Bearish,37.35,30.49,-6,20,6/10,Medium,35.97,5.89,3.4,4.17,179.5,188.5,222.22,0.225,-0.0647,0.43,15.0,185.72,-6.9,3.57,0.075,-1.64,0.03,-3.58,-11.39,0.1,53.49,178.75,175.36,175.78,180.0,171.0,42.18,53.4,2.17,-2.01,0.4,21.77,8.16,2.04,-2.25,89.54,5,9,87,43.68,-0.1,44.83,0.54,42.53,1.0,48.28,0.41,41.38,-0.2,MIXED,52.42,MIXED,No strong driver,"Trend, Momentum, Structure",-5.11,-1.19,164.07,170.84,185.72,HIGH,64186949.0,NOT_AVAILABLE,NOT_AVAILABLE,,False,False,False,35.96,WATCH,WATCH
908,IIFLCAPS,2026-08-28,333.2,Bearish,33.21,33.14,-5,25,5/10,Medium,42.56,3.48,1.04,6.67,335.13,335.56,326.14,0.086,-0.1065,0.63,45.83,334.7,-0.45,0.67,0.103,-0.36,-0.73,-0.6,-1.36,0.0,75.3,339.2,333.8,334.4,339.2,332.9,45.6,50.56,2.31,-2.0,0.01,11.51,10.38,2.26,-2.86,83.97,7,8,100,45.0,-0.18,39.0,-0.33,30.0,-0.77,40.0,-0.56,37.0,0.05,NEGATIVE,34.18,NEGATIVE,No strong driver,"Trend, Momentum, Structure",-1.56,-0.37,327.99,331.98,339.2,LOW,70076961.0,NOT_AVAILABLE,NOT_AVAILABLE,,False,False,False,35.95,WATCH,WATCH
909,BAYERCROP,2026-08-28,4048.7,Bearish,32.4,29.83,-6,20,6/10,Medium,38.77,64.69,1.6,0.83,4112.81,4186.32,4488.52,-2.8197,0.0491,0.63,40.0,4147.95,-2.39,0.87,0.058,-0.47,-0.56,0.07,-4.39,0.22,64.66,4100.0,4034.1,4067.9,4105.0,4030.5,43.82,51.84,1.33,-1.16,0.15,8.03,4.61,1.68,-2.08,86.43,11,12,32,28.12,-0.38,37.5,-0.75,40.62,-0.13,37.5,-0.88,50.0,-1.17,NEGATIVE,38.3,NEGATIVE,No strong driver,"Trend, Momentum, Structure",-2.4,-0.56,3951.67,4026.06,4147.95,LOW,85778956.0,NOT_AVAILABLE,NOT_AVAILABLE,,False,False,False,35.74,WATCH,WATCH
910,HAPPSTMNDS,2026-08-28,408.0,Bearish,37.71,33.87,-5,25,6/10,Medium,49.97,19.73,4.84,82.5,414.07,395.19,416.53,-0.7339,-2.2292,1.32,81.67,419.15,-2.66,5.48,0.426,-2.91,-8.22,-2.9,8.17,0.2,29.77,455.35,414.6,420.25,457.3,412.5,40.39,55.39,1.45,-1.22,0.2,10.0,6.05,1.83,-2.14,77.72,7,10,100,43.0,-0.03,50.0,0.22,51.0,0.18,38.0,0.04,39.0,0.07,MIXED,47.03,MIXED,Liquidity,"Trend, Momentum, Volume",-7.25,-1.69,378.4,401.09,455.35,HIGH,1038945655.0,NOT_AVAILABLE,NOT_AVAILABLE,,False,False,False,35.73,WATCH,WATCH
911,BETA,2026-08-28,2201.0,Bearish,41.25,33.14,-6,20,6/10,Medium,42.97,139.23,6.33,45.83,2328.58,2210.16,1805.68,-41.9264,-0.0756,0.4,21.67,2451.02,-10.2,3.96,0.054,0.31,-5.44,-13.71,-1.38,0.0,48.42,2293.3,2179.3,2194.2,2400.0,2179.3,45.66,49.87,2.48,-1.97,0.31,28.03,15.53,2.45,-2.57,81.61,7,7,17,64.71,0.47,52.94,0.07,58.82,0.22,52.94,2.14,35.29,1.4,POSITIVE,63.56,POSITIVE,No strong driver,"Trend, Momentum, Structure",-9.49,-2.21,1992.15,2152.27,2451.02,VERY_HIGH,97961333.0,NOT_AVAILABLE,NOT_AVAILABLE,,False,False,False,35.71,WATCH,WATCH
912,IRCON,2026-08-28,122.4,Bearish,35.01,32.52,-5,25,6/10,Medium,37.81,3.04,2.49,21.67,125.48,129.0,143.25,-0.1573,-0.0135,0.59,28.33,127.2,-3.77,1.37,0.054,-0.52,-1.86,-1.92,-2.85,0.21,41.89,125.92,122.1,123.04,127.05,122.1,42.37,53.29,2.47,-1.92,0.18,13.55,9.08,2.06,-2.77,72.58,7,9,47,44.68,-0.28,40.43,-0.68,40.43,-0.69,42.55,-0.49,51.06,2.22,NEGATIVE,39.32,NEGATIVE,Liquidity,"Trend, Momentum, Structure",-3.73,-0.87,117.83,121.33,127.2,MODERATE,180749777.0,NOT_AVAILABLE,NOT_AVAILABLE,,False,False,False,35.59,WATCH,WATCH
913,GPTINFRA,2026-08-28,111.91,Bearish,34.0,35.04,-7,15,7/10,Medium,38.88,3.45,3.09,0.83,115.04,117.19,116.69,-0.044,-0.0662,0.77,67.5,114.61,-2.36,2.16,0.187,-1.47,-0.44,-3.36,-5.66,0.0,69.44,114.8,112.4,113.58,115.49,111.3,46.97,48.42,2.43,-2.16,0.39,29.34,12.76,2.4,-2.9,75.25,13,7,11,63.64,0.07,63.64,1.08,54.55,0.85,45.45,-1.03,45.45,-2.2,MIXED,49.28,MIXED,No strong driver,"Trend, Momentum, Structure",-4.63,-1.08,106.73,110.7,114.8,HIGH,12231533.0,NOT_AVAILABLE,NOT_AVAILABLE,,False,False,False,35.53,WATCH,WATCH
914,SOBHA,2026-08-28,1270.2,Bearish,36.15,33.7,-4,30,5/10,Medium,33.31,34.19,2.69,0.83,1316.74,1354.33,1398.99,-2.1597,0.144,0.51,28.33,1321.74,-3.9,1.41,0.039,-0.29,-1.88,-4.37,-7.43,0.73,49.79,1305.0,1267.3,1273.9,1314.3,1267.3,46.05,49.74,2.12,-1.74,0.19,13.68,9.47,1.9,-2.15,81.76,7,8,18,44.44,-0.8,33.33,-1.42,27.78,-2.36,55.56,0.35,50.0,-1.34,NEGATIVE,36.13,NEGATIVE,Liquidity,"Trend, Momentum, Structure",-4.04,-0.94,1218.91,1258.23,1321.74,MODERATE,109752426.0,NOT_AVAILABLE,NOT_AVAILABLE,,False,False,False,35.49,WATCH,WATCH
915,KRISHNADEF,2026-08-28,1019.8,Bearish,38.25,31.0,-5,25,6/10,Medium,33.09,49.8,4.88,11.67,1094.41,1152.12,1059.53,-4.6887,1.5607,0.55,23.33,1098.86,-7.19,2.03,0.039,-1.09,-0.68,-5.37,-14.91,0.28,64.65,1049.0,1021.2,1031.0,1052.2,1010.8,49.23,46.3,3.02,-2.55,0.51,31.79,13.58,2.63,-2.87,82.2,9,9,21,47.62,0.78,38.1,-0.11,38.1,0.75,28.57,1.81,38.1,2.21,MIXED,48.57,MIXED,Liquidity,"Trend, Momentum, Structure",-7.32,-1.71,945.1,1002.37,1098.86,HIGH,129919451.0,NOT_AVAILABLE,NOT_AVAILABLE,,False,False,False,35.42,WATCH,WATCH
916,TARC,2026-08-28,117.9,Bearish,38.81,33.39,-4,30,5/10,Medium,35.54,4.36,3.7,14.17,123.73,126.06,136.28,-1.0386,0.0564,0.63,42.5,125.12,-5.77,2.29,0.038,0.31,-4.97,-5.83,-14.1,0.32,62.92,120.96,117.1,117.53,125.48,117.1,43.16,52.5,2.6,-1.99,0.32,20.13,12.11,2.29,-2.23,86.36,7,8,24,50.0,0.63,37.5,0.15,45.83,-0.71,41.67,0.24,50.0,0.5,MIXED,43.74,MIXED,Delivery,"Trend, Momentum, Structure",-5.55,-1.29,111.36,116.37,125.12,HIGH,64408750.0,NOT_AVAILABLE,NOT_AVAILABLE,,False,False,False,35.1,WATCH,WATCH
917,ITDC,2026-08-28,662.15,Bearish,36.52,35.7,-5,25,6/10,Medium,40.37,24.79,3.74,5.83,687.83,675.73,609.35,-5.1187,-0.1767,0.22,46.67,710.82,-6.85,2.51,0.049,0.42,-3.24,-4.97,-5.5,0.84,22.53,686.95,657.0,659.35,696.15,657.0,44.34,51.05,2.57,-1.98,0.3,18.95,8.29,2.0,-2.22,87.15,7,8,36,36.11,-0.38,36.11,-0.04,38.89,0.33,41.67,-0.22,50.0,0.96,MIXED,43.64,MIXED,Liquidity,"Trend, Momentum, Structure",-5.62,-1.31,624.97,653.47,710.82,HIGH,201993775.0,NOT_AVAILABLE,NOT_AVAILABLE,,False,False,False,35.08,WATCH,WATCH
918,ZENSARTECH,2026-08-28,470.6,Neutral-Range,40.19,34.04,-3,35,5/10,Medium,40.75,15.52,3.3,5.0,485.24,491.68,561.96,-3.1702,0.5178,2.41,95.0,492.88,-4.52,2.3,0.148,1.48,-2.68,-4.12,-7.35,0.44,46.06,474.75,461.5,463.75,496.4,461.5,45.0,50.79,1.89,-1.65,0.21,12.63,6.18,1.75,-2.38,79.65,7,8,100,44.0,0.19,54.0,-0.18,48.0,-0.73,47.0,-1.02,37.0,-1.47,MIXED,41.25,NEGATIVE,Volume + Liquidity,"Trend, Momentum, Structure",-3.3,3.3,455.08,486.12,463.75,HIGH,374655201.0,NOT_AVAILABLE,NOT_AVAILABLE,,False,False,False,35.08,WATCH,WATCH
919,SBICARD,2026-08-28,641.05,Bearish,33.98,34.27,-5,25,6/10,Medium,48.98,16.18,2.52,25.83,644.89,639.72,694.42,-0.7436,-0.4803,0.79,45.83,645.04,-0.62,1.77,0.484,-0.61,-1.22,1.27,-2.89,0.0,58.57,665.5,644.45,645.0,666.3,636.4,46.97,48.16,1.13,-1.15,0.06,6.32,5.39,1.93,-2.56,72.14,10,8,100,46.0,-0.07,43.0,-0.21,42.0,-0.33,36.0,-1.15,35.0,-1.57,NEGATIVE,36.38,NEGATIVE,Liquidity,"Trend, Momentum, Structure",-3.79,-0.88,616.78,635.39,665.5,MODERATE,1138166429.0,NOT_AVAILABLE,NOT_AVAILABLE,,False,False,False,35.07,WATCH,WATCH
920,ALLTIME,2026-08-28,203.79,Bearish,36.73,29.07,-6,20,6/10,Medium,32.52,7.58,3.72,12.5,212.6,221.88,238.16,-0.2579,0.1041,1.37,85.0,212.06,-3.9,3.32,0.223,-1.25,0.38,-5.45,-7.79,-0.56,63.56,208.6,202.0,206.36,210.42,197.13,38.43,56.72,2.48,-1.83,0.1,14.93,14.18,2.28,-1.78,79.59,4,6,34,29.41,-0.54,32.35,-0.44,47.06,0.47,38.24,0.98,38.24,-1.95,MIXED,50.66,MIXED,No strong driver,"Trend, Momentum, Volume",-5.58,-1.3,192.42,201.14,212.06,HIGH,17150411.0,NOT_AVAILABLE,NOT_AVAILABLE,,False,False,False,34.9,WATCH,WATCH
921,BAJFINANCE,2026-08-28,1079.9,Bearish,33.91,39.01,-4,30,5/10,Medium,50.24,22.48,2.08,0.83,1085.05,1053.42,1305.69,-5.5492,0.1118,0.78,47.5,1106.72,-2.42,1.46,0.128,-0.29,-1.38,-0.65,-5.37,-1.6,61.98,1107.0,1083.0,1083.0,1107.0,1066.3,48.55,46.71,1.29,-1.46,-0.06,8.29,7.5,1.94,-3.56,67.45,13,8,14,50.0,-0.31,42.86,-1.24,50.0,-1.47,28.57,-1.72,64.29,0.72,MIXED,29.74,NEGATIVE,Liquidity,"Trend, Structure, VWAP",-3.12,-0.73,1046.18,1072.03,1107.0,MODERATE,6441307276.0,NOT_AVAILABLE,NOT_AVAILABLE,,False,False,False,34.81,WATCH,WATCH
922,VAIBHAVGBL,2026-08-28,221.55,Bearish,35.92,36.7,-5,25,6/10,Medium,35.82,7.78,3.51,3.33,231.58,237.22,234.2,-0.9561,0.3392,0.38,5.83,239.78,-7.6,2.25,0.071,-0.29,-1.99,-2.96,-16.82,0.0,51.08,225.4,221.5,222.2,228.35,217.65,41.97,53.29,2.21,-1.85,0.22,13.42,7.37,2.14,-2.23,80.75,9,8,100,46.0,-0.06,49.0,-0.36,52.0,-0.43,42.0,-1.07,46.0,-0.44,MIXED,41.9,NEGATIVE,Liquidity,"Trend, Momentum, Structure",-5.27,-1.23,209.88,218.83,239.78,HIGH,101341705.0,NOT_AVAILABLE,NOT_AVAILABLE,,False,False,False,34.76,WATCH,WATCH
923,OLAELEC,2026-08-28,38.98,Bullish,48.78,41.42,4,70,5/10,Medium,51.24,1.56,4.0,4.17,38.48,39.07,39.6,0.0074,0.123,1.62,82.5,39.58,-1.52,6.17,0.447,3.59,3.31,0.65,0.83,0.98,22.28,38.14,37.3,37.63,38.68,36.05,38.17,58.4,3.3,-2.3,0.25,17.56,11.83,2.46,-2.6,79.0,6,8,100,37.0,-0.36,31.0,-0.61,29.0,-1.45,28.0,-2.09,24.0,-2.57,NEGATIVE,20.79,NEGATIVE,Momentum + Volume + Structure + MACD,VWAP,1.4,6.0,39.53,41.32,37.3,HIGH,1911677028.0,NOT_AVAILABLE,NOT_AVAILABLE,,False,False,False,34.76,WATCH,WATCH
924,JWL,2026-08-28,245.1,Bearish,35.64,32.45,-4,30,5/10,Medium,35.24,6.27,2.56,0.83,251.39,257.36,282.93,-0.7216,0.0178,0.76,73.33,256.22,-4.34,1.3,0.024,-0.77,-0.77,-4.44,-5.44,-0.04,40.05,252.9,245.9,247.0,253.45,245.25,42.63,53.03,2.45,-1.97,0.33,19.74,9.74,2.31,-2.79,78.46,7,8,39,38.46,-0.12,41.03,0.35,43.59,-0.27,38.46,-1.99,43.59,-0.63,NEGATIVE,34.68,NEGATIVE,Liquidity,"Trend, Momentum, Structure",-3.84,-0.89,235.7,242.91,256.22,MODERATE,205580347.0,NOT_AVAILABLE,NOT_AVAILABLE,,False,False,False,34.6,WATCH,WATCH
925,ABREL,2026-08-28,1387.0,Bearish,37.18,37.1,-4,30,5/10,Medium,47.21,45.66,3.29,13.33,1401.74,1387.18,1455.22,-2.7801,-0.9176,0.38,10.0,1411.33,-1.72,1.88,0.161,-0.46,-1.37,-1.13,-2.19,-0.82,46.1,1404.9,1380.0,1393.4,1486.0,1380.0,42.08,54.79,2.14,-1.84,0.13,9.17,5.83,2.02,-2.22,82.29,6,8,100,42.0,-0.12,39.0,-0.62,39.0,-0.58,44.0,-0.66,50.0,-1.65,NEGATIVE,39.09,NEGATIVE,Liquidity,"Trend, Momentum, Structure",-4.94,-1.15,1318.51,1371.02,1411.33,HIGH,303107668.0,NOT_AVAILABLE,NOT_AVAILABLE,,False,False,False,34.56,WATCH,WATCH
926,AMBUJACEM,2026-08-28,412.05,Neutral-Range,37.45,31.53,-3,35,5/10,Medium,42.75,8.99,2.18,0.83,418.77,425.47,463.64,-0.4789,0.1809,0.76,38.33,423.31,-2.66,0.85,0.155,0.24,-0.59,-1.31,-4.66,0.12,54.59,422.5,411.05,411.05,422.8,405.0,48.03,47.63,1.32,-1.32,0.23,9.61,4.34,1.99,-2.19,76.57,9,10,100,51.0,-0.12,39.0,-0.58,37.0,-0.87,39.0,-1.17,31.0,-2.03,NEGATIVE,33.44,NEGATIVE,Delivery + Liquidity,"Trend, Momentum, Structure",-2.18,2.18,403.06,421.04,411.05,MODERATE,1195708384.0,NOT_AVAILABLE,NOT_AVAILABLE,,False,False,False,34.55,WATCH,WATCH
927,GPTHEALTH,2026-08-28,151.72,Bearish,37.67,35.31,-4,30,5/10,Medium,43.31,4.74,3.13,0.83,154.38,153.86,146.5,-0.7226,0.2,0.36,17.5,158.72,-4.41,2.12,0.131,0.22,0.72,-2.84,-11.01,0.01,57.35,154.68,151.0,151.39,154.68,148.61,42.81,53.28,1.76,-1.46,0.21,17.34,10.62,1.75,-1.95,91.38,10,11,100,38.0,-0.03,42.0,0.02,42.0,-0.01,42.0,-0.97,34.0,-1.86,NEGATIVE,40.48,NEGATIVE,Delivery,"Trend, Momentum, Structure",-4.69,-1.09,144.61,150.06,158.72,HIGH,24526565.0,NOT_AVAILABLE,NOT_AVAILABLE,,False,False,False,34.51,WATCH,WATCH
928,STEELXIND,2026-08-28,10.65,Bearish,37.05,31.86,-5,25,5/10,Medium,39.6,0.43,4.08,5.83,10.93,11.21,10.37,0.0263,-0.0018,0.53,33.33,10.84,-1.73,2.35,0.366,-0.09,0.47,-2.02,-5.16,-0.09,60.39,10.84,10.56,10.66,11.2,10.5,39.47,51.84,2.48,-1.8,0.46,24.21,5.66,2.17,-2.87,87.25,8,11,100,33.0,-0.23,42.0,-0.58,43.0,-0.08,38.0,0.53,34.0,-0.65,NEGATIVE,45.15,MIXED,No strong driver,"Trend, Momentum, VWAP",-6.12,-1.43,10.0,10.5,10.84,HIGH,20195754.0,NOT_AVAILABLE,NOT_AVAILABLE,,False,False,False,34.46,WATCH,WATCH
929,AGARIND,2026-08-28,465.3,Bearish,35.33,32.31,-6,20,6/10,Medium,33.94,17.0,3.65,0.83,490.04,496.34,569.84,-3.9014,0.0145,0.43,46.67,502.61,-7.42,1.32,0.02,-0.04,-5.39,-4.01,-6.9,0.16,66.14,474.4,464.0,465.5,496.0,464.0,41.97,53.68,2.21,-1.82,0.15,14.47,10.13,2.0,-2.0,81.55,8,9,21,57.14,0.07,42.86,-1.11,42.86,-0.97,52.38,0.55,57.14,3.32,NEGATIVE,46.65,MIXED,No strong driver,"Trend, Momentum, Structure",-5.48,-1.28,439.8,459.35,502.61,HIGH,18408193.0,NOT_AVAILABLE,NOT_AVAILABLE,,False,False,False,34.45,WATCH,WATCH
930,MBEL,2026-08-28,271.35,Neutral-Range,39.84,32.54,-3,35,5/10,Medium,38.13,11.02,4.06,11.67,279.86,290.94,321.25,0.5136,0.0129,0.21,2.5,274.07,-0.99,2.4,0.237,-0.71,-0.88,0.35,-7.59,0.71,59.02,278.2,271.45,273.3,284.95,269.65,43.43,51.82,2.46,-2.24,0.33,19.34,9.12,2.07,-2.71,84.45,5,8,19,47.37,0.09,36.84,-0.81,36.84,-1.31,42.11,0.72,57.89,2.0,NEGATIVE,40.27,NEGATIVE,Momentum + MACD,"Trend, Structure, VWAP",-4.06,4.06,260.33,282.37,273.3,HIGH,79919216.0,NOT_AVAILABLE,NOT_AVAILABLE,,False,False,False,34.28,WATCH,WATCH
931,KUANTUM,2026-08-28,72.54,Bearish,39.48,28.39,-4,30,5/10,Medium,33.86,2.94,4.06,42.5,76.59,77.51,84.62,-1.0836,0.1266,0.4,5.83,79.81,-9.11,2.74,0.081,0.32,-2.22,-10.07,-7.06,0.0,64.68,72.89,72.0,72.31,76.7,71.1,41.05,54.61,1.83,-1.56,0.34,24.87,8.95,1.69,-1.99,89.87,8,10,39,53.85,0.29,48.72,0.03,46.15,0.4,38.46,-0.14,28.21,-0.83,MIXED,45.65,MIXED,Delivery,"Trend, Momentum, Structure",-6.09,-1.42,68.12,71.51,79.81,HIGH,14817258.0,NOT_AVAILABLE,NOT_AVAILABLE,,False,False,False,34.27,WATCH,WATCH
932,RALLIS,2026-08-28,209.63,Bearish,35.75,30.86,-4,30,5/10,Medium,36.98,4.32,2.06,1.67,213.96,221.15,246.53,0.3899,-0.1245,0.55,25.0,212.93,-1.55,1.7,0.156,-0.29,-1.2,-1.34,-3.46,0.36,49.74,213.93,209.8,210.24,214.9,209.8,45.66,50.13,1.84,-1.66,0.09,8.29,7.5,2.01,-2.32,82.46,7,9,30,43.33,0.13,40.0,-0.77,43.33,-0.73,33.33,-0.98,36.67,-0.59,NEGATIVE,34.99,NEGATIVE,Liquidity,"Trend, Momentum, Structure",-3.09,-0.72,203.15,208.12,213.93,MODERATE,150075897.0,NOT_AVAILABLE,NOT_AVAILABLE,,False,False,False,34.23,WATCH,WATCH
933,UTTAMSUGAR,2026-08-28,299.55,Bullish,51.03,48.63,4,70,5/10,Medium,59.15,17.42,5.82,89.17,287.17,263.71,247.46,1.1253,-1.846,0.61,45.83,303.21,-1.21,4.22,0.562,0.41,-7.35,13.34,34.73,1.16,23.94,321.86,296.2,298.34,359.3,296.2,41.05,54.61,2.2,-1.68,0.24,14.74,8.16,2.01,-2.06,86.44,7,10,93,45.16,-0.11,35.48,-0.83,37.63,-1.32,32.26,-1.74,35.48,-2.24,NEGATIVE,27.22,NEGATIVE,Trend + Momentum + RSI + Gap,VWAP,2.04,8.72,305.65,325.68,296.2,VERY_HIGH,179577567.0,NOT_AVAILABLE,NOT_AVAILABLE,,False,False,False,34.2,WATCH,WATCH
934,SAGCEM,2026-08-28,162.96,Bearish,32.72,30.21,-6,20,6/10,Medium,37.65,4.73,2.9,15.0,168.47,172.63,187.06,-0.4215,0.0248,0.35,13.33,169.18,-3.68,1.76,0.168,-0.69,0.01,-6.02,-6.32,0.62,69.78,168.28,163.21,164.09,169.0,161.6,43.82,51.58,1.8,-1.57,0.2,13.68,6.58,1.84,-2.12,92.93,6,9,10,40.0,-0.41,40.0,-1.29,50.0,0.02,30.0,-0.97,50.0,1.15,MIXED,39.2,NEGATIVE,No strong driver,"Trend, Momentum, Structure",-4.35,-1.02,155.87,161.3,169.18,MODERATE,5877007.0,NOT_AVAILABLE,NOT_AVAILABLE,,False,False,False,34.18,WATCH,WATCH
935,ELLEN,2026-08-28,319.8,Neutral-Range,44.15,38.54,1,55,5/10,Medium,57.41,14.95,4.68,37.5,312.61,296.04,308.66,-0.756,-0.5794,0.31,3.33,312.34,2.39,4.17,0.694,-1.84,-2.65,-3.85,21.39,1.53,54.95,337.4,323.7,325.8,337.4,312.0,39.33,56.0,2.65,-2.08,0.48,26.33,6.67,1.93,-2.02,90.09,6,17,100,40.0,-0.21,39.0,-0.6,36.0,-1.02,35.0,-2.23,36.0,-1.57,NEGATIVE,26.85,NEGATIVE,Trend + VWAP + RSI + Gap,"Momentum, Structure, MACD",-4.68,4.68,304.85,334.75,325.8,HIGH,276391811.0,NOT_AVAILABLE,NOT_AVAILABLE,,False,False,False,34.02,WATCH,WATCH
936,ACI,2026-08-28,484.3,Neutral-Range,40.68,28.31,-3,35,6/10,Medium,36.67,15.98,3.3,30.83,508.59,524.73,558.37,-2.1361,-0.1191,1.25,77.5,509.43,-4.93,2.08,0.071,0.07,-2.72,-3.78,-7.87,-0.82,69.89,490.3,482.3,483.95,522.9,482.3,43.55,51.97,1.92,-1.62,0.09,7.89,7.37,1.99,-2.5,81.55,9,10,8,50.0,0.37,50.0,2.19,50.0,3.07,25.0,-2.72,12.5,-4.23,MIXED,42.65,NEGATIVE,Volume + Delivery + Liquidity,"Trend, Momentum, Structure",-3.3,3.3,468.32,500.28,483.95,HIGH,159684630.0,NOT_AVAILABLE,NOT_AVAILABLE,,False,False,False,33.86,WATCH,WATCH
937,GUJTHEM,2026-08-28,411.05,Bullish,46.72,45.28,4,70,5/10,Medium,65.65,17.25,4.2,19.17,382.72,374.59,360.93,6.7017,-0.6429,0.76,63.33,395.25,4.0,2.61,0.795,-0.28,7.83,17.86,14.8,-0.51,58.05,421.95,405.0,412.2,429.0,369.25,46.48,50.13,2.69,-2.12,0.02,18.54,14.62,2.09,-2.38,85.51,6,6,51,35.29,-0.46,37.25,-0.68,33.33,-1.72,23.53,-3.72,37.25,-3.49,NEGATIVE,14.9,NEGATIVE,Trend + Momentum + VWAP + RSI,Delivery,1.47,6.3,417.09,436.93,395.25,HIGH,108645310.0,NOT_AVAILABLE,NOT_AVAILABLE,,False,False,False,33.83,WATCH,WATCH
938,LUXIND,2026-08-28,1199.5,Bearish,33.52,31.54,-5,25,5/10,Medium,41.58,34.72,2.89,2.5,1222.01,1244.39,1242.02,-0.8514,-0.0985,0.91,68.33,1228.95,-2.4,3.46,0.292,-0.12,-0.32,0.96,-3.86,-0.42,41.16,1213.2,1191.2,1201.0,1239.8,1191.2,42.37,53.16,2.01,-1.61,0.24,12.63,6.97,2.04,-2.17,81.2,8,11,100,46.0,-0.13,39.0,-0.42,32.0,-0.63,37.0,-0.39,25.0,-1.07,NEGATIVE,35.07,NEGATIVE,No strong driver,"Trend, Momentum, VWAP",-4.34,-1.01,1147.43,1187.35,1228.95,MODERATE,30235952.0,NOT_AVAILABLE,NOT_AVAILABLE,,False,False,False,33.79,WATCH,WATCH
939,MEDICAMEQ,2026-08-28,248.88,Bullish,56.92,48.58,8,90,8/10,Medium,56.09,12.64,5.08,27.5,238.08,241.39,284.08,1.0644,0.8477,2.98,97.5,237.86,4.63,13.44,0.864,7.86,1.77,3.51,6.11,0.17,65.25,242.43,228.0,230.74,249.0,228.0,40.0,55.66,2.52,-1.97,0.29,17.24,9.21,1.88,-2.04,92.17,6,10,9,44.44,0.37,33.33,-0.61,33.33,-2.44,33.33,-3.05,33.33,1.31,NEGATIVE,18.33,NEGATIVE,Trend + Momentum + Volume + Structure,None material,1.78,7.62,253.3,267.83,228.0,VERY_HIGH,5716920.0,NOT_AVAILABLE,NOT_AVAILABLE,,False,False,False,33.73,WATCH,WATCH
940,ASTEC,2026-08-28,581.45,Bearish,35.86,27.83,-6,20,6/10,Medium,31.04,24.91,4.28,8.33,607.85,644.25,690.58,1.7483,-0.3868,0.68,68.33,603.92,-3.72,3.75,0.276,-0.76,-3.39,-2.1,-11.28,0.53,66.41,596.75,583.8,585.9,619.4,583.8,39.47,56.32,2.35,-1.77,0.12,12.89,9.61,1.82,-2.1,90.27,6,7,100,40.0,0.03,43.0,0.2,45.0,0.61,45.0,-0.19,42.0,-0.78,MIXED,48.18,MIXED,No strong driver,"Trend, Momentum, Structure",-6.43,-1.5,544.08,572.73,603.92,HIGH,22268179.0,NOT_AVAILABLE,NOT_AVAILABLE,,False,False,False,33.65,WATCH,WATCH
941,BERGEPAINT,2026-08-28,494.35,Bearish,31.17,33.68,-6,20,7/10,Medium,35.66,14.02,2.84,5.0,520.45,517.11,506.41,-6.0479,-0.4857,0.29,12.5,538.43,-8.19,1.77,0.019,-1.33,-5.73,-9.31,-5.01,0.17,62.05,511.35,499.6,501.0,530.2,499.6,46.97,48.55,1.23,-1.27,-0.02,5.0,8.16,1.77,-2.07,85.23,8,9,17,47.06,0.0,58.82,-0.11,52.94,-0.56,35.29,-2.22,35.29,-2.66,MIXED,34.76,NEGATIVE,Liquidity,"Trend, Momentum, Structure",-4.25,-0.99,473.32,489.44,538.43,MODERATE,279922009.0,NOT_AVAILABLE,NOT_AVAILABLE,,False,False,False,33.64,WATCH,WATCH
942,CMSINFO,2026-08-28,242.55,Neutral-Range,39.97,35.31,-2,40,5/10,Medium,36.7,8.34,3.44,50.0,255.13,267.7,308.57,-1.2796,0.2591,1.54,80.83,257.22,-5.7,2.15,0.072,1.08,-1.8,-7.93,-8.02,0.44,71.16,248.3,239.0,239.95,251.5,239.0,44.47,50.92,1.47,-1.35,0.28,13.29,6.18,1.89,-1.84,84.74,7,15,11,36.36,-0.36,45.45,-0.92,27.27,-1.33,54.55,-1.03,54.55,-2.03,NEGATIVE,34.2,NEGATIVE,Volume + Delivery + Liquidity,"Trend, Momentum, Structure",-3.44,3.44,234.21,250.89,239.95,HIGH,209235457.0,NOT_AVAILABLE,NOT_AVAILABLE,,False,False,False,33.63,WATCH,WATCH
943,EFCIL,2026-08-28,202.26,Bullish,49.3,41.08,5,75,5/10,Medium,59.86,8.22,4.06,26.67,192.61,191.38,220.63,2.3407,-0.0557,0.41,19.17,191.46,5.64,3.06,0.769,1.78,5.56,12.42,3.8,0.8,52.48,211.5,198.37,198.72,211.5,188.13,43.02,52.08,2.03,-2.0,0.28,20.38,9.43,2.03,-2.39,89.35,6,7,99,34.34,-0.55,29.29,-1.61,29.29,-2.36,30.3,-3.42,26.26,-5.31,NEGATIVE,15.86,NEGATIVE,Trend + Momentum + VWAP + RSI,None material,1.42,6.1,205.14,214.59,191.46,HIGH,76017293.0,NOT_AVAILABLE,NOT_AVAILABLE,,False,False,False,33.58,WATCH,WATCH
944,IGARASHI,2026-08-28,427.1,Neutral-Range,38.42,34.71,-3,35,5/10,Medium,40.83,16.14,3.78,2.5,442.73,441.66,427.95,-3.5776,0.4847,0.05,1.67,485.71,-12.07,1.81,0.06,1.5,-3.83,-6.55,-5.33,0.32,50.23,432.85,420.05,420.8,453.0,420.05,43.42,52.24,2.36,-1.98,0.18,13.95,9.34,1.82,-1.97,86.34,6,7,38,34.21,-0.14,42.11,-0.77,31.58,-0.98,34.21,0.52,39.47,2.09,NEGATIVE,36.19,NEGATIVE,Delivery + Liquidity,"Trend, Momentum, Structure",-3.78,3.78,410.96,443.24,420.8,HIGH,238187999.0,NOT_AVAILABLE,NOT_AVAILABLE,,False,False,False,33.49,WATCH,WATCH
945,ROSSARI,2026-08-28,498.1,Bearish,34.0,28.88,-5,25,6/10,Medium,44.8,13.95,2.8,0.83,503.82,508.85,532.08,-0.05,-0.0003,0.26,9.17,509.65,-2.27,0.6,0.149,0.21,-0.73,-0.97,-1.23,0.49,62.8,502.45,495.05,497.05,519.7,495.05,43.03,52.63,1.5,-1.33,0.28,13.82,5.39,1.82,-2.02,89.1,8,9,100,38.0,-0.03,43.0,-0.47,44.0,-0.54,36.0,-1.1,30.0,-2.73,NEGATIVE,36.44,NEGATIVE,Delivery,"Trend, Momentum, Structure",-4.2,-0.98,477.18,493.22,509.65,MODERATE,41102786.0,NOT_AVAILABLE,NOT_AVAILABLE,,False,False,False,33.47,WATCH,WATCH
946,GOLD1,2026-08-28,132.21,Bullish,46.04,40.56,5,75,5/10,Medium,66.68,2.8,2.11,23.33,128.32,125.08,118.88,0.4062,-0.1772,0.58,32.5,127.6,3.61,1.49,0.79,0.67,-0.5,4.64,11.89,0.0,45.59,133.49,129.6,131.33,136.25,129.6,52.55,43.33,1.0,-0.9,0.46,25.7,7.74,2.3,-2.04,81.94,7,6,8,37.5,-0.03,25.0,-0.46,0.0,-1.5,12.5,-1.71,12.5,-3.57,NEGATIVE,6.54,NEGATIVE,Trend + Momentum + VWAP + RSI,None material,0.74,3.17,133.19,136.4,127.6,MODERATE,311672880.0,NOT_AVAILABLE,NOT_AVAILABLE,,False,False,False,33.12,WATCH,WATCH
947,AZAD,2026-08-28,2850.5,Bullish,49.15,45.35,6,80,6/10,Medium,66.55,108.53,3.81,1.67,2686.78,2480.91,2044.96,2.4412,-2.0126,0.61,27.5,2705.13,5.37,2.98,0.809,1.72,0.45,4.88,24.34,0.43,34.03,2838.0,2785.0,2802.4,2916.9,2721.0,48.03,48.18,2.4,-1.87,0.38,18.39,7.45,2.25,-2.37,80.25,8,9,10,30.0,-0.6,10.0,-2.55,10.0,-2.89,30.0,-3.77,20.0,-6.05,NEGATIVE,9.0,NEGATIVE,Trend + Momentum + Structure + VWAP,None material,1.33,5.71,2888.49,3013.3,2705.13,HIGH,1770212979.0,NOT_AVAILABLE,NOT_AVAILABLE,,False,False,False,33.1,WATCH,WATCH
948,TIPSMUSIC,2026-08-28,648.05,Bearish,35.08,33.94,-5,25,6/10,Medium,44.7,20.58,3.18,1.67,658.88,660.75,622.28,-0.8394,0.0258,0.9,66.67,662.15,-2.13,2.45,0.192,-1.81,-0.45,-3.41,-2.99,0.0,55.86,663.35,643.35,660.0,663.35,640.55,44.88,51.43,1.99,-1.71,0.15,13.52,9.02,1.9,-2.11,86.96,7,8,100,45.0,-0.05,50.0,0.33,45.0,0.37,39.0,-1.59,38.0,-2.63,MIXED,39.52,NEGATIVE,Liquidity,"Trend, Momentum, Structure",-4.76,-1.11,617.17,640.85,663.35,HIGH,141219088.0,NOT_AVAILABLE,NOT_AVAILABLE,,False,False,False,33.09,WATCH,WATCH
949,NURECA,2026-08-28,331.05,Bullish,51.19,49.28,5,75,5/10,Medium,57.65,16.68,5.04,63.33,317.52,300.1,276.68,-3.87,1.8738,0.95,75.0,331.42,-0.11,4.61,0.603,3.49,7.94,-4.4,-3.65,4.64,,319.9,302.0,319.9,327.9,290.2,44.47,51.18,2.34,-1.97,0.46,25.13,9.74,2.26,-2.37,84.79,7,9,52,40.38,-0.69,40.38,-1.67,34.62,-2.33,40.38,-2.94,28.85,-5.1,NEGATIVE,21.25,NEGATIVE,Trend + Momentum + Structure + RSI,None material,1.76,7.56,336.89,356.07,302.0,VERY_HIGH,5217845.0,NOT_AVAILABLE,NOT_AVAILABLE,,False,False,False,32.95,WATCH,WATCH
950,JUNIPER,2026-08-28,214.59,Bullish,47.1,40.83,4,70,5/10,Medium,67.8,6.54,3.05,12.5,203.97,200.79,218.91,2.0132,-0.1064,0.41,20.0,200.07,7.26,2.06,0.848,-0.68,2.15,11.2,9.86,0.0,60.29,217.5,209.91,216.05,217.5,202.5,43.84,52.26,1.92,-1.74,0.3,23.4,11.86,1.93,-1.9,93.24,7,10,100,37.0,-0.33,36.0,-1.04,33.0,-1.9,27.0,-3.14,22.0,-3.92,NEGATIVE,16.0,NEGATIVE,Trend + Momentum + Structure + VWAP,Delivery,1.07,4.57,216.88,224.39,200.07,HIGH,80394277.0,NOT_AVAILABLE,NOT_AVAILABLE,,False,False,False,32.88,WATCH,WATCH
951,INDOCO,2026-08-28,248.8,Bullish,50.96,43.61,7,85,7/10,Medium,65.79,9.84,3.96,8.33,229.15,228.66,230.69,3.5764,0.793,2.56,92.5,228.93,8.68,5.92,0.876,2.59,9.95,13.34,13.35,0.0,45.42,246.0,237.0,242.53,246.0,216.0,45.0,50.39,1.88,-1.71,0.17,14.08,10.13,1.88,-1.74,91.01,8,9,11,54.55,0.13,27.27,-2.75,18.18,-2.5,18.18,-3.6,36.36,-4.24,NEGATIVE,7.73,NEGATIVE,Trend + Momentum + Volume + Structure,None material,1.38,5.93,252.24,263.56,228.93,HIGH,22893880.0,NOT_AVAILABLE,NOT_AVAILABLE,,False,False,False,32.8,WATCH,WATCH
952,VISAKAIND,2026-08-28,89.65,Bearish,36.49,33.21,-4,30,5/10,Medium,48.64,4.23,4.71,90.0,91.46,86.46,76.81,-1.1069,-0.125,0.17,7.5,98.25,-8.75,4.94,0.381,-1.51,-5.06,-6.09,5.05,0.0,60.66,93.55,90.5,91.02,97.9,90.21,43.42,51.84,2.31,-1.85,0.31,20.26,8.68,1.97,-2.55,85.24,8,14,19,47.37,0.04,52.63,0.23,42.11,-0.42,36.84,-0.96,42.11,-1.26,NEGATIVE,37.11,NEGATIVE,Liquidity,"Momentum, Structure, VWAP",-7.07,-1.65,83.31,88.17,98.25,HIGH,125083164.0,NOT_AVAILABLE,NOT_AVAILABLE,,False,False,False,32.69,WATCH,WATCH
953,MOLDTECH,2026-08-28,194.07,Neutral-Range,48.93,45.28,3,65,5/10,Medium,64.18,10.09,5.2,50.0,180.65,161.16,146.62,-0.396,-0.2491,0.13,5.83,190.67,1.78,3.73,0.82,0.55,2.14,4.6,27.04,2.0,,201.05,192.0,193.01,201.05,180.25,42.37,53.29,2.34,-1.92,0.44,25.26,11.58,2.28,-2.08,90.78,12,8,28,39.29,-0.01,28.57,-0.03,39.29,-0.63,28.57,-2.14,25.0,-3.5,NEGATIVE,27.67,NEGATIVE,Trend + Structure + VWAP + RSI,"Momentum, MACD",-5.2,5.2,183.98,204.16,193.01,VERY_HIGH,69728222.0,NOT_AVAILABLE,NOT_AVAILABLE,,False,False,False,32.68,WATCH,WATCH
954,MICEL,2026-08-28,41.54,Bullish,51.21,42.22,7,85,7/10,Medium,72.98,1.33,3.2,0.83,37.42,38.13,42.14,0.5748,0.2317,2.68,97.5,37.75,10.04,2.96,1.0,4.98,14.62,13.65,8.26,3.36,,39.57,39.0,39.57,39.57,35.5,42.5,52.5,3.11,-2.31,0.68,36.84,13.82,2.66,-2.71,79.38,12,11,13,38.46,0.12,23.08,-2.29,15.38,-4.75,23.08,-9.93,23.08,-10.15,NEGATIVE,8.46,NEGATIVE,Trend + Momentum + Volume + Structure,None material,1.12,4.81,42.01,43.54,37.75,HIGH,7744164.0,NOT_AVAILABLE,NOT_AVAILABLE,,False,False,False,32.64,WATCH,WATCH
955,NRAIL,2026-08-28,497.5,Bearish,35.78,30.05,-5,25,5/10,Medium,50.35,20.49,4.12,17.5,501.83,483.59,452.72,-3.2421,-0.8541,0.25,17.5,520.62,-4.44,3.45,0.243,-2.7,-1.26,-5.05,5.09,-0.25,69.64,512.0,505.25,511.3,525.0,499.05,45.53,49.74,2.33,-1.98,0.56,34.74,14.74,2.26,-2.05,90.42,8,10,36,41.67,-0.13,47.22,-0.14,44.44,0.41,36.11,-0.83,25.0,-1.12,MIXED,41.51,NEGATIVE,No strong driver,"Momentum, Structure, VWAP",-6.18,-1.44,466.76,490.33,520.62,HIGH,10401120.0,NOT_AVAILABLE,NOT_AVAILABLE,,False,False,False,32.63,WATCH,WATCH
956,PACEDIGITK,2026-08-28,176.15,Bearish,36.3,28.2,-5,25,6/10,Medium,36.67,5.75,3.26,1.67,183.45,188.73,190.09,0.2692,-0.1266,0.4,24.17,185.32,-4.95,2.91,0.052,-1.67,-2.51,-2.64,-14.23,-0.36,60.93,182.06,179.0,179.15,184.88,174.41,44.02,50.43,2.13,-1.97,0.43,20.94,11.54,2.29,-1.93,77.84,7,6,48,37.5,0.05,41.67,-0.27,45.83,0.11,33.33,-0.04,33.33,-1.97,MIXED,42.99,NEGATIVE,Liquidity,"Trend, Momentum, Structure",-4.9,-1.14,167.53,174.14,185.32,HIGH,183396288.0,NOT_AVAILABLE,NOT_AVAILABLE,,False,False,False,32.6,WATCH,WATCH
957,ASIANPAINT,2026-08-28,2608.7,Bearish,30.8,30.11,-5,25,6/10,Medium,35.0,47.26,1.81,3.33,2668.32,2673.94,2592.89,-9.9282,0.2036,0.73,40.0,2707.37,-3.64,2.33,0.11,-0.85,-1.19,-3.25,-5.04,0.53,52.81,2655.9,2627.9,2631.0,2678.7,2605.2,47.89,47.5,0.93,-0.98,0.02,5.26,5.66,1.81,-2.11,71.21,10,7,25,32.0,-0.46,40.0,-0.54,36.0,-0.87,36.0,-2.36,20.0,-5.9,NEGATIVE,27.28,NEGATIVE,Liquidity,"Trend, Momentum, Structure",-2.72,-0.63,2537.81,2592.16,2707.37,LOW,1800318231.0,NOT_AVAILABLE,NOT_AVAILABLE,,False,False,False,32.59,WATCH,WATCH
958,CAPITALSFB,2026-08-28,281.65,Bearish,30.84,31.24,-6,20,7/10,Medium,40.61,8.36,2.97,25.0,287.98,288.03,278.62,-0.8312,-0.0412,0.55,48.33,289.1,-2.58,2.41,0.059,-0.81,-1.07,-1.42,-3.45,1.02,69.75,297.3,282.2,283.95,297.3,280.8,43.63,51.92,1.33,-1.21,0.25,19.66,9.22,1.79,-1.77,93.37,7,6,16,50.0,0.01,56.25,-0.57,50.0,-0.5,31.25,-1.9,25.0,-3.76,MIXED,33.84,NEGATIVE,Gap,"Trend, Momentum, Structure",-4.45,-1.04,269.11,278.72,297.3,MODERATE,6942328.0,NOT_AVAILABLE,NOT_AVAILABLE,,False,False,False,32.58,WATCH,WATCH
959,KANPRPLA,2026-08-28,272.32,Bullish,52.42,49.15,6,80,6/10,Medium,64.8,15.77,5.79,52.5,248.83,227.03,202.36,1.7541,-0.4693,0.48,35.0,257.73,5.66,5.08,0.865,1.43,4.37,8.42,31.47,1.08,35.54,274.0,260.41,268.49,283.14,258.0,46.18,49.34,2.46,-1.98,0.29,23.03,16.97,2.35,-2.01,92.73,9,7,100,44.0,-0.28,33.0,-1.34,32.0,-2.28,34.0,-2.66,27.0,-2.84,NEGATIVE,18.34,NEGATIVE,Trend + Momentum + Structure + VWAP,None material,2.03,8.69,277.84,295.98,257.73,VERY_HIGH,25901834.0,NOT_AVAILABLE,NOT_AVAILABLE,,False,False,False,32.56,WATCH,WATCH
960,CORALFINAC,2026-08-28,33.26,Bearish,40.12,36.96,-4,30,5/10,Medium,48.29,1.97,5.93,49.17,33.61,33.23,34.93,-0.0486,-0.0576,0.11,2.5,33.67,-1.23,2.96,0.256,-1.6,-3.68,0.6,-1.01,1.07,46.44,35.0,33.51,33.8,36.4,33.01,40.92,53.95,2.59,-1.92,0.65,39.87,15.79,2.43,-2.19,90.0,8,9,16,43.75,0.03,43.75,0.5,50.0,1.6,31.25,-0.59,56.25,2.29,MIXED,47.48,MIXED,Gap,"Trend, Momentum, Structure",-8.9,-2.08,30.3,32.57,35.0,VERY_HIGH,6197466.0,NOT_AVAILABLE,NOT_AVAILABLE,,False,False,False,32.49,WATCH,WATCH
961,DWARKESH,2026-08-28,51.89,Bullish,50.93,43.22,4,70,5/10,Medium,63.44,3.2,6.17,84.17,48.06,45.37,43.47,0.7762,-0.2518,0.68,54.17,52.22,-0.63,5.71,0.646,1.39,-3.24,20.81,40.09,1.35,16.26,55.5,50.49,51.18,59.9,50.49,41.84,52.11,1.98,-1.7,0.26,12.76,7.24,2.17,-2.05,81.69,8,11,61,49.18,-0.29,39.34,-0.95,40.98,-1.49,29.51,-1.69,24.59,-2.32,NEGATIVE,26.95,NEGATIVE,Trend + Momentum + RSI + Gap,VWAP,2.16,9.26,53.01,56.69,50.49,VERY_HIGH,340079071.0,NOT_AVAILABLE,NOT_AVAILABLE,,False,False,False,32.48,WATCH,WATCH
962,HGINFRA,2026-08-28,496.5,Bearish,34.21,29.99,-4,30,5/10,Medium,28.88,13.49,2.72,23.33,520.24,539.59,639.38,-2.1271,0.0549,0.17,9.17,520.59,-4.63,1.8,0.017,-1.13,-3.01,-5.2,-7.81,-0.03,60.98,506.15,500.25,502.15,515.35,500.2,42.37,53.16,1.94,-1.65,0.42,16.97,5.53,2.49,-2.28,80.3,6,13,34,44.12,-0.37,50.0,0.22,50.0,-0.88,35.29,-2.68,26.47,-2.17,MIXED,30.61,NEGATIVE,Liquidity,"Trend, Momentum, Structure",-4.08,-0.95,476.26,491.78,520.59,MODERATE,163175534.0,NOT_AVAILABLE,NOT_AVAILABLE,,False,False,False,32.41,WATCH,WATCH
963,ASHAPURMIN,2026-08-28,582.1,Bearish,36.09,33.43,-4,30,5/10,Medium,36.44,24.3,4.17,18.33,619.41,646.39,632.68,-4.3843,1.4377,0.37,9.17,652.12,-10.74,1.87,0.074,0.7,-1.38,-3.54,-17.14,0.33,48.12,596.65,575.0,578.05,610.0,568.5,47.89,47.63,2.69,-2.42,0.38,22.11,10.79,2.28,-2.59,82.65,9,8,25,52.0,0.34,48.0,0.07,56.0,0.08,32.0,-2.54,36.0,-2.83,POSITIVE,35.96,NEGATIVE,Liquidity,"Trend, Momentum, Structure",-6.26,-1.46,545.65,573.59,652.12,HIGH,393070730.0,NOT_AVAILABLE,NOT_AVAILABLE,,False,False,False,32.35,WATCH,WATCH
964,SWANCORP,2026-08-28,298.15,Bearish,32.75,28.79,-5,25,6/10,Medium,37.4,6.84,2.29,10.0,305.06,310.85,351.72,-0.375,-0.1623,0.82,60.0,305.98,-2.56,2.9,0.119,-1.86,-1.88,-2.12,-3.14,0.12,25.59,306.5,295.65,303.8,307.25,295.65,39.22,55.69,1.75,-1.48,0.03,7.45,9.02,2.24,-1.9,79.85,4,6,45,48.89,0.3,53.33,0.33,37.78,-1.0,44.44,-1.73,31.11,-1.75,NEGATIVE,32.86,NEGATIVE,Liquidity,"Trend, Momentum, Structure",-3.44,-0.8,287.9,295.76,306.5,MODERATE,260993430.0,NOT_AVAILABLE,NOT_AVAILABLE,,False,False,False,32.18,WATCH,WATCH
965,DELTACORP,2026-08-28,59.43,Bearish,33.12,27.52,-5,25,5/10,Medium,39.5,1.64,2.76,8.33,60.99,62.77,67.8,0.0041,-0.0113,0.42,44.17,61.32,-3.07,1.54,0.191,-0.69,1.38,-1.83,-5.62,0.5,46.35,61.19,59.57,59.84,62.44,58.21,43.03,52.11,1.83,-1.72,0.22,12.5,6.58,1.92,-2.83,81.16,9,8,38,50.0,-0.03,47.37,-0.34,44.74,-0.7,34.21,-1.48,23.68,-2.64,NEGATIVE,33.91,NEGATIVE,No strong driver,"Trend, Momentum, Structure",-4.14,-0.97,56.97,58.86,61.32,MODERATE,52581349.0,NOT_AVAILABLE,NOT_AVAILABLE,,False,False,False,32.17,WATCH,WATCH
966,CELLO,2026-08-28,350.8,Bearish,35.89,28.09,-5,25,6/10,Medium,43.0,11.13,3.17,40.0,360.13,366.47,432.12,-1.7708,-0.1003,0.07,1.67,391.53,-10.4,1.54,0.124,0.11,-2.95,-7.1,2.18,0.71,45.93,355.9,349.05,350.4,366.7,349.05,41.77,54.22,1.56,-1.38,0.23,13.42,4.7,1.68,-2.16,87.15,6,9,100,41.0,-0.05,48.0,-0.13,42.0,-0.23,40.0,-0.24,31.0,-1.35,NEGATIVE,41.82,NEGATIVE,Liquidity,"Trend, Momentum, Structure",-4.76,-1.11,334.1,346.9,391.53,HIGH,898750040.0,NOT_AVAILABLE,NOT_AVAILABLE,,False,False,False,32.15,WATCH,WATCH
967,TRUALT,2026-08-28,434.15,Bearish,35.64,34.3,-4,30,6/10,Medium,40.46,16.36,3.77,2.5,451.43,454.08,453.86,-4.5229,-0.1138,0.24,4.17,467.31,-7.1,1.79,0.163,0.07,-2.69,-9.85,2.64,0.03,63.12,444.6,432.3,433.85,465.4,432.3,40.85,53.62,2.33,-1.87,0.27,17.02,8.51,2.17,-2.48,88.29,6,8,100,35.0,-0.36,31.0,-0.96,36.0,-0.96,39.0,-0.68,42.0,-0.08,NEGATIVE,34.69,NEGATIVE,Delivery + Liquidity,"Trend, Momentum, Structure",-5.65,-1.32,409.61,428.42,467.31,HIGH,133653256.0,NOT_AVAILABLE,NOT_AVAILABLE,,False,False,False,32.15,WATCH,WATCH
968,TARACHAND,2026-08-28,48.22,Neutral-Range,39.55,31.75,-2,40,5/10,Medium,38.0,1.98,4.11,18.33,49.64,52.6,63.64,0.1723,0.0589,0.17,1.67,50.35,-4.23,3.99,0.158,-0.76,0.52,0.69,-12.52,1.85,68.59,49.99,47.72,48.59,49.99,47.2,44.34,51.45,2.9,-2.39,0.62,39.08,15.39,2.78,-3.28,81.74,9,9,100,44.0,-0.08,44.0,-0.32,42.0,-0.92,43.0,-2.02,41.0,-2.77,NEGATIVE,32.99,NEGATIVE,Momentum + MACD + Gap,"Trend, Structure, VWAP",-4.11,4.11,46.24,50.2,48.59,HIGH,9390876.0,NOT_AVAILABLE,NOT_AVAILABLE,,False,False,False,32.14,WATCH,WATCH
969,SAKSOFT,2026-08-28,160.64,Bearish,35.6,34.29,-4,30,5/10,Medium,43.94,6.08,3.78,0.83,164.43,163.89,164.7,-0.8215,0.1776,1.22,83.33,167.98,-4.37,3.16,0.177,1.81,-1.76,-3.06,-5.12,0.42,25.17,161.65,156.5,157.78,165.81,156.5,40.92,54.74,2.46,-1.94,0.37,23.29,8.16,1.94,-2.64,84.25,7,9,100,40.0,-0.27,34.0,-0.8,43.0,-0.81,39.0,-1.47,35.0,-2.19,NEGATIVE,34.58,NEGATIVE,Volume,"Trend, Momentum, Structure",-5.68,-1.32,151.52,158.51,167.98,HIGH,74045026.0,NOT_AVAILABLE,NOT_AVAILABLE,,False,False,False,32.11,WATCH,WATCH
970,GFLLIMITED,2026-08-28,54.28,Bullish,47.43,36.67,4,70,5/10,Medium,59.46,2.5,4.61,35.83,52.32,49.69,50.58,0.1899,-0.1546,0.31,11.67,53.78,0.94,3.59,0.659,-1.17,-1.93,6.87,16.38,1.6,59.26,55.81,54.25,54.92,58.0,54.09,42.89,52.24,2.2,-1.84,0.71,38.16,10.53,2.19,-2.15,93.41,7,7,17,41.18,-0.76,11.76,-1.3,23.53,-1.22,23.53,-2.41,17.65,-1.87,NEGATIVE,16.95,NEGATIVE,Trend + Momentum + VWAP + RSI,Delivery,1.62,6.92,55.16,58.04,53.78,HIGH,6789944.0,NOT_AVAILABLE,NOT_AVAILABLE,,False,False,False,31.97,WATCH,WATCH
971,THEMISMED,2026-08-28,125.48,Bullish,48.41,49.97,4,70,5/10,Medium,65.2,6.74,5.37,30.0,114.05,110.76,108.61,2.3558,0.0597,0.29,19.17,117.86,6.47,2.89,0.74,-0.53,18.22,19.68,19.25,0.7,68.37,128.15,123.12,126.15,134.0,102.95,42.89,52.89,2.77,-2.43,0.2,20.39,10.39,2.09,-3.25,85.68,7,9,42,38.1,-0.77,35.71,-0.65,38.1,-1.84,30.95,-3.02,54.76,1.15,NEGATIVE,19.73,NEGATIVE,Trend + Momentum + VWAP + RSI,Delivery,1.88,8.06,127.84,135.59,117.86,VERY_HIGH,31372630.0,NOT_AVAILABLE,NOT_AVAILABLE,,False,False,False,31.95,WATCH,WATCH
972,GAEL,2026-08-28,166.98,Bearish,34.0,39.03,-4,30,5/10,Medium,47.16,7.1,4.25,91.67,171.48,165.9,149.16,-1.3171,-0.4955,0.54,20.0,176.49,-5.39,2.97,0.099,-0.9,-5.91,-3.37,-2.98,0.3,53.77,175.48,168.0,168.5,184.99,168.0,46.45,49.34,1.87,-1.79,0.08,10.13,7.24,1.95,-3.22,90.15,8,8,11,54.55,-4.05,54.55,-3.11,54.55,-2.23,45.45,-2.84,72.73,1.59,MIXED,30.0,NEGATIVE,Liquidity,"Momentum, Structure, VWAP",-6.38,-1.49,156.33,164.5,176.49,HIGH,296904065.0,NOT_AVAILABLE,NOT_AVAILABLE,,False,False,False,31.91,WATCH,WATCH
973,REMUS,2026-08-28,925.0,Bullish,49.82,38.7,6,80,6/10,Medium,63.48,34.25,3.7,19.17,874.19,817.01,841.13,0.3689,-0.8596,0.2,11.67,876.02,5.59,3.18,0.762,1.63,-3.81,3.08,28.47,-0.88,88.24,922.0,900.0,910.15,987.5,884.0,44.21,51.58,2.73,-2.43,-0.04,28.82,25.79,2.61,-3.13,81.6,8,7,11,54.55,0.15,45.45,-0.7,45.45,-1.04,0.0,-5.98,0.0,-8.32,MIXED,10.91,NEGATIVE,Trend + Momentum + Structure + VWAP,None material,1.3,5.55,936.99,976.37,876.02,HIGH,14795978.0,NOT_AVAILABLE,NOT_AVAILABLE,,False,False,False,31.78,WATCH,WATCH
974,TSFINV,2026-08-28,407.2,Bearish,33.89,28.9,-4,30,5/10,Medium,36.94,12.14,2.98,0.83,421.99,427.86,449.98,-1.6247,0.2837,0.68,40.0,430.13,-5.33,1.72,0.111,0.74,-2.39,-1.99,-10.01,0.19,58.33,412.5,399.15,404.2,426.0,399.15,38.94,55.31,2.09,-1.78,0.13,15.04,8.41,1.97,-2.05,83.94,9,5,43,39.53,-0.44,37.21,-0.59,39.53,-0.95,34.88,-1.89,30.23,-2.96,NEGATIVE,29.68,NEGATIVE,Delivery,"Trend, Momentum, Structure",-4.47,-1.04,388.99,402.95,430.13,MODERATE,25592382.0,NOT_AVAILABLE,NOT_AVAILABLE,,False,False,False,31.76,WATCH,WATCH
975,KMSUGAR,2026-08-28,32.64,Bullish,52.36,46.68,6,80,6/10,Medium,59.4,1.9,5.83,99.17,30.78,29.29,27.97,0.1321,-0.0232,0.86,54.17,32.23,1.28,7.61,0.594,6.63,-2.71,18.43,18.26,0.75,50.21,32.5,30.25,30.61,36.5,30.25,42.5,51.84,2.02,-1.6,0.45,24.61,10.13,2.17,-1.93,89.07,6,7,79,40.51,-0.32,29.11,-1.2,25.32,-1.89,26.58,-1.86,22.78,-3.56,NEGATIVE,18.16,NEGATIVE,Trend + Momentum + Structure + VWAP,None material,2.04,8.75,33.31,35.5,30.25,VERY_HIGH,18885166.0,NOT_AVAILABLE,NOT_AVAILABLE,,False,False,False,31.75,WATCH,WATCH
976,LLOYDSENGG,2026-08-28,86.74,Bearish,35.84,32.23,-4,30,5/10,Medium,44.43,3.52,4.06,0.83,89.75,86.78,71.11,-0.9366,0.0036,0.26,2.5,92.87,-6.6,2.09,0.141,-0.94,-3.68,-7.26,-2.17,-0.07,43.61,89.6,87.15,87.56,92.99,84.6,44.44,51.08,2.91,-2.26,0.34,18.83,8.13,2.18,-2.62,79.59,9,6,19,42.11,-0.27,42.11,-0.52,47.37,-0.46,31.58,-1.38,36.84,-1.15,MIXED,35.27,NEGATIVE,Liquidity,"Trend, Momentum, Structure",-6.1,-1.42,81.45,85.51,92.87,HIGH,1130653736.0,NOT_AVAILABLE,NOT_AVAILABLE,,False,False,False,31.74,WATCH,WATCH
977,AVANTEL,2026-08-28,156.79,Bearish,30.3,30.18,-6,20,7/10,Medium,38.73,3.91,2.49,0.83,160.81,163.91,159.63,-0.0174,-0.0506,0.57,36.67,161.19,-2.73,1.21,0.043,-0.8,-2.14,-1.08,-3.15,-0.66,50.47,159.34,156.31,158.05,163.5,156.31,45.2,51.41,2.46,-2.17,0.28,16.57,9.04,2.3,-2.88,81.58,8,7,13,69.23,0.44,53.85,-1.07,46.15,-0.14,30.77,-2.27,23.08,-1.4,MIXED,32.28,NEGATIVE,Liquidity,"Trend, Momentum, Structure",-3.74,-0.87,150.93,155.42,161.19,MODERATE,105246333.0,NOT_AVAILABLE,NOT_AVAILABLE,,False,False,False,31.71,WATCH,WATCH
978,GATEWAY,2026-08-28,53.61,Bearish,30.96,27.68,-6,20,6/10,Medium,39.22,1.41,2.64,2.5,55.05,56.48,58.7,-0.0973,0.0478,0.68,50.0,55.8,-3.93,1.8,0.11,-0.24,0.02,-2.28,-7.52,0.45,79.59,54.18,53.1,53.74,55.19,52.75,42.76,52.37,1.61,-1.39,0.23,11.45,6.18,1.85,-1.86,83.53,8,10,18,61.11,0.82,50.0,0.39,33.33,-0.58,38.89,-0.95,44.44,-0.17,NEGATIVE,34.16,NEGATIVE,No strong driver,"Trend, Momentum, Structure",-3.96,-0.92,51.49,53.11,55.8,MODERATE,88033240.0,NOT_AVAILABLE,NOT_AVAILABLE,,False,False,False,31.63,WATCH,WATCH
979,AWFIS,2026-08-28,253.25,Bearish,31.18,25.32,-8,10,8/10,Medium,33.92,9.64,3.81,16.67,269.71,282.59,357.04,-0.268,-0.7538,1.47,86.67,269.54,-6.04,3.92,0.038,-1.71,-5.57,-4.99,-8.94,0.91,55.52,269.9,255.8,257.65,284.6,255.8,42.26,54.43,2.4,-1.95,0.4,19.13,7.83,2.3,-2.22,88.12,6,12,8,62.5,0.45,75.0,1.42,75.0,0.87,37.5,-2.55,12.5,-5.16,STRONG,47.66,MIXED,No strong driver,"Trend, Momentum, Volume",-5.71,-1.33,238.79,249.88,269.9,HIGH,74936417.0,NOT_AVAILABLE,NOT_AVAILABLE,,False,False,False,31.36,WATCH,WATCH
980,REPRO,2026-08-28,307.95,Bearish,35.03,27.65,-5,25,5/10,Medium,28.47,13.31,4.32,36.67,330.79,348.27,391.17,-2.2828,0.4826,0.34,16.67,352.11,-12.54,2.56,0.026,-0.37,-4.95,-5.17,-18.67,0.87,54.92,312.9,305.0,309.1,330.0,305.0,41.32,54.21,2.21,-1.84,0.36,23.95,10.66,2.16,-2.04,92.64,7,7,40,47.5,0.46,50.0,-0.26,42.5,-0.64,37.5,-0.27,47.5,-0.04,NEGATIVE,39.36,NEGATIVE,No strong driver,"Trend, Momentum, Structure",-6.48,-1.51,287.98,303.29,352.11,HIGH,9801465.0,NOT_AVAILABLE,NOT_AVAILABLE,,False,False,False,31.14,WATCH,WATCH
981,IRCTC,2026-08-28,485.65,Bearish,30.76,25.09,-5,25,6/10,Medium,40.05,8.58,1.77,18.33,494.6,503.27,564.64,-1.3758,0.2248,0.6,22.5,503.26,-3.5,0.88,0.101,-0.39,0.3,-2.38,-0.85,0.0,59.74,492.5,486.0,487.55,492.5,481.0,47.5,47.76,1.21,-1.27,0.15,6.32,3.68,1.86,-2.13,75.16,9,7,100,44.0,-0.23,40.0,-0.76,35.0,-1.08,32.0,-1.74,25.0,-1.91,NEGATIVE,27.17,NEGATIVE,Liquidity,"Trend, Momentum, Structure",-2.65,-0.62,472.78,482.65,503.26,LOW,490983061.0,NOT_AVAILABLE,NOT_AVAILABLE,,False,False,False,31.05,WATCH,WATCH
982,RAIN,2026-08-28,199.31,Bearish,34.24,34.99,-4,30,5/10,Medium,43.29,9.35,4.69,30.0,207.55,204.0,170.57,-2.2936,0.3502,0.43,13.33,216.43,-7.91,3.04,0.105,2.54,-4.46,-4.49,-10.6,0.06,46.43,200.63,193.1,194.38,218.33,193.1,46.32,48.82,2.09,-1.87,0.22,11.71,6.45,2.02,-2.44,77.57,8,7,12,33.33,-0.96,33.33,-2.34,33.33,-2.37,50.0,-1.0,58.33,-0.55,NEGATIVE,30.69,NEGATIVE,Liquidity,"Trend, Momentum, Structure",-7.04,-1.64,185.29,196.04,216.43,HIGH,1313990846.0,NOT_AVAILABLE,NOT_AVAILABLE,,False,False,False,30.94,WATCH,WATCH
983,DMCC,2026-08-28,301.0,Bullish,49.96,46.63,5,75,5/10,Medium,60.23,15.1,5.02,27.5,286.13,277.66,267.81,-1.0958,1.2331,3.06,92.5,301.56,-0.18,12.25,0.537,7.85,5.87,2.33,6.45,-0.48,25.74,288.2,277.0,279.1,294.1,277.0,42.24,53.16,2.4,-1.85,0.39,25.26,10.39,2.01,-2.18,88.54,6,9,58,34.48,-0.12,32.76,-1.76,32.76,-1.95,31.03,-2.95,24.14,-3.52,NEGATIVE,17.73,NEGATIVE,Trend + Momentum + Volume + Structure,None material,1.76,7.53,306.29,323.65,277.0,VERY_HIGH,51912838.0,NOT_AVAILABLE,NOT_AVAILABLE,,False,False,False,30.91,WATCH,WATCH
984,SANSTAR,2026-08-28,108.21,Bearish,32.07,31.36,-6,20,6/10,Medium,44.93,3.95,3.65,10.0,109.62,110.47,102.51,-0.0025,0.0439,0.38,25.83,112.71,-3.99,2.54,0.199,-0.95,2.33,-2.95,-3.17,-0.23,52.05,110.95,108.17,109.25,110.95,104.9,43.63,52.62,2.12,-1.72,0.1,13.3,9.18,1.77,-2.38,88.31,7,8,11,45.45,-0.23,54.55,0.9,45.45,0.48,36.36,-2.05,36.36,-2.19,MIXED,37.35,NEGATIVE,No strong driver,"Trend, Momentum, Structure",-5.47,-1.28,102.29,106.83,112.71,HIGH,32427544.0,NOT_AVAILABLE,NOT_AVAILABLE,,False,False,False,30.87,WATCH,WATCH
985,SHANTIGOLD,2026-08-28,242.29,Bearish,38.58,36.23,-4,30,5/10,Medium,51.03,13.46,5.55,85.83,244.64,231.94,217.5,-0.2732,-1.5489,0.52,30.83,250.91,-3.44,3.39,0.406,-1.53,-10.12,-2.17,11.44,-2.38,44.88,259.99,242.5,246.05,280.75,242.5,45.85,49.46,2.16,-1.89,0.4,20.94,7.94,2.13,-2.28,84.33,6,5,100,44.0,-0.08,43.0,-0.22,39.0,-0.38,47.0,-0.12,51.0,-0.6,NEGATIVE,43.1,MIXED,Liquidity,"Momentum, Structure, VWAP",-8.33,-1.94,222.11,237.58,259.99,VERY_HIGH,656467331.0,NOT_AVAILABLE,NOT_AVAILABLE,,False,False,False,30.72,WATCH,WATCH
986,LINDEINDIA,2026-08-28,6504.0,Bearish,30.27,32.16,-5,25,6/10,Medium,35.5,162.89,2.5,0.83,6712.99,6863.73,6823.23,-22.1776,0.817,0.39,14.17,6838.05,-4.89,0.89,0.053,-0.69,-2.52,-2.87,-3.57,0.0,64.76,6677.5,6536.0,6549.0,6729.0,6458.0,41.71,54.08,1.8,-1.33,0.26,12.11,4.87,1.69,-1.83,86.79,8,7,11,54.55,0.17,63.64,0.65,45.45,-0.43,27.27,-3.24,36.36,-3.14,MIXED,25.77,NEGATIVE,Liquidity,"Trend, Momentum, Structure",-3.76,-0.88,6259.67,6446.99,6838.05,MODERATE,171132363.0,NOT_AVAILABLE,NOT_AVAILABLE,,False,False,False,30.67,WATCH,WATCH
987,SAMHI,2026-08-28,156.01,Bearish,32.7,23.91,-5,25,6/10,Medium,33.34,4.61,2.95,2.5,163.27,166.56,170.2,-0.7046,0.0332,0.76,49.17,166.92,-6.54,3.17,0.034,-0.98,-2.22,-4.51,-13.25,0.11,58.61,160.48,157.1,157.55,161.37,157.1,44.69,50.66,2.06,-1.73,0.36,17.9,7.56,2.05,-2.17,86.61,5,7,13,38.46,-1.1,23.08,-1.4,38.46,0.78,23.08,-1.74,15.38,-2.79,MIXED,32.7,NEGATIVE,Liquidity,"Trend, Momentum, Structure",-4.43,-1.03,149.1,154.4,166.92,MODERATE,149758249.0,NOT_AVAILABLE,NOT_AVAILABLE,,False,False,False,30.66,WATCH,WATCH
988,SIGACHI,2026-08-28,33.16,Bullish,50.1,45.21,5,75,5/10,Medium,70.31,1.71,5.15,62.5,29.39,26.69,26.85,0.4986,-0.0467,0.76,49.17,30.74,7.88,6.24,0.839,2.0,10.35,21.55,27.93,0.0,45.76,33.86,32.06,32.51,34.8,29.3,43.29,51.97,2.56,-2.3,0.2,17.5,10.39,2.41,-3.66,75.6,10,11,14,35.71,-0.19,35.71,-0.79,35.71,-0.97,28.57,-3.87,50.0,0.06,NEGATIVE,18.14,NEGATIVE,Trend + Momentum + Structure + VWAP,None material,1.8,7.72,33.76,35.72,30.74,VERY_HIGH,105828486.0,NOT_AVAILABLE,NOT_AVAILABLE,,False,False,False,30.63,WATCH,WATCH
989,RADIANTCMS,2026-08-28,39.27,Bullish,46.24,36.16,4,70,6/10,Medium,57.94,1.65,4.19,52.5,37.49,37.89,42.81,0.54,0.0007,1.02,63.33,38.28,2.59,4.53,0.657,-2.82,13.76,8.84,8.03,1.44,63.7,41.75,39.69,40.41,42.25,33.99,44.34,50.53,1.54,-1.53,0.41,25.66,9.47,1.72,-1.74,92.28,8,9,17,58.82,-0.35,35.29,-0.8,35.29,-1.89,17.65,-3.32,11.76,-2.74,NEGATIVE,13.53,NEGATIVE,Trend + Momentum + VWAP + RSI,"Structure, Delivery",1.47,6.29,39.85,41.74,38.28,HIGH,9469485.0,NOT_AVAILABLE,NOT_AVAILABLE,,False,False,False,30.6,WATCH,WATCH
990,PNGJL,2026-08-28,598.0,Neutral-Range,37.15,34.65,-2,40,5/10,Medium,42.26,19.89,3.33,22.5,613.1,608.78,599.12,-4.6051,0.6066,1.36,75.0,621.44,-3.77,3.09,0.158,0.58,-0.81,-2.08,-10.79,0.08,57.66,601.0,582.75,594.55,623.4,582.75,45.07,51.71,1.9,-1.71,0.3,20.72,7.85,1.79,-2.77,84.34,8,8,100,47.0,0.07,42.0,-0.25,37.0,-1.18,30.0,-1.9,36.0,-2.21,NEGATIVE,26.13,NEGATIVE,Volume + Delivery + Liquidity,"Trend, Momentum, Structure",-3.33,3.33,578.11,617.89,594.55,HIGH,305936866.0,NOT_AVAILABLE,NOT_AVAILABLE,,False,False,False,30.57,WATCH,WATCH
991,KNRCON,2026-08-28,124.55,Neutral-Range,37.89,31.17,-2,40,5/10,Medium,43.1,4.88,3.91,32.5,127.83,128.44,142.47,-1.1535,0.1525,1.55,88.33,132.15,-5.75,3.55,0.135,1.71,-1.93,-5.95,2.22,0.45,60.9,125.47,122.1,122.45,134.44,122.1,40.39,55.13,1.99,-1.59,0.25,10.39,6.58,2.24,-2.54,81.51,7,9,100,45.0,-0.08,36.0,-0.55,35.0,-1.02,39.0,-2.14,38.0,-2.67,NEGATIVE,28.26,NEGATIVE,Volume + Delivery + Liquidity,"Trend, Momentum, Structure",-3.91,3.91,119.67,129.43,122.45,HIGH,250195691.0,NOT_AVAILABLE,NOT_AVAILABLE,,False,False,False,30.28,WATCH,WATCH
992,BLS,2026-08-28,239.03,Bearish,34.19,27.58,-5,25,6/10,Medium,39.1,9.97,4.17,58.33,252.51,253.37,277.19,-3.8362,-0.1451,0.24,14.17,251.19,-4.84,1.37,0.113,0.4,-11.89,-14.06,-0.15,0.01,42.96,239.99,236.95,238.07,280.14,233.47,42.76,52.5,2.24,-1.79,0.23,11.32,8.16,2.18,-2.3,79.96,7,9,27,40.74,-0.12,48.15,-0.87,40.74,-0.98,40.74,-0.66,48.15,-2.0,NEGATIVE,36.96,NEGATIVE,Liquidity,"Trend, Momentum, Structure",-6.26,-1.46,224.07,235.54,251.19,HIGH,945780937.0,NOT_AVAILABLE,NOT_AVAILABLE,,False,False,False,30.27,WATCH,WATCH
993,ATULAUTO,2026-08-28,483.35,Neutral-Range,35.68,32.84,-3,35,5/10,Medium,42.95,15.92,3.29,18.33,496.07,494.27,477.6,-3.8548,0.5797,0.13,10.0,540.53,-10.58,1.4,0.037,0.46,0.06,-2.27,-6.23,0.2,50.37,491.9,480.0,481.15,491.9,480.0,40.92,54.47,2.26,-1.67,0.32,16.84,7.76,2.12,-2.12,84.21,6,9,25,28.0,-0.34,40.0,-0.84,36.0,-1.27,28.0,-0.99,36.0,-0.53,NEGATIVE,28.36,NEGATIVE,Delivery + Liquidity,"Trend, Momentum, Structure",-3.29,3.29,467.43,499.27,481.15,HIGH,196752330.0,NOT_AVAILABLE,NOT_AVAILABLE,,False,False,False,30.15,WATCH,WATCH
994,BCLIND,2026-08-28,36.74,Bearish,31.34,36.52,-5,25,5/10,Medium,50.93,1.34,3.65,3.33,36.76,36.08,35.37,-0.005,-0.0491,0.41,30.0,37.19,-1.22,1.57,0.393,-0.76,0.66,3.12,0.0,0.0,52.48,37.61,36.87,37.02,39.1,36.35,40.53,54.61,2.29,-1.95,0.2,18.95,7.76,1.99,-3.99,82.94,6,9,30,36.67,0.15,50.0,-0.17,53.33,-0.37,43.33,-11.22,56.67,-9.94,MIXED,28.83,NEGATIVE,No strong driver,"Momentum, Structure, VWAP",-5.48,-1.28,34.73,36.27,37.61,HIGH,36374105.0,NOT_AVAILABLE,NOT_AVAILABLE,,False,False,False,30.07,WATCH,WATCH
995,KOKUYOCMLN,2026-08-28,80.18,Bearish,32.79,25.91,-6,20,6/10,Medium,42.92,2.91,3.63,54.17,82.26,84.1,89.42,-0.1598,0.0352,0.22,0.83,83.94,-4.48,2.31,0.095,-1.27,0.12,-1.67,-6.7,-0.26,68.84,82.0,79.2,81.21,84.9,78.9,44.34,51.18,1.91,-1.75,0.29,21.05,8.82,1.77,-1.73,90.12,8,8,8,50.0,-0.07,50.0,0.17,37.5,0.71,37.5,-1.17,37.5,-2.54,MIXED,39.41,NEGATIVE,No strong driver,"Trend, Momentum, Structure",-5.45,-1.27,75.81,79.16,83.94,HIGH,5102541.0,NOT_AVAILABLE,NOT_AVAILABLE,,False,False,False,29.96,WATCH,WATCH
996,AUTOAXLES,2026-08-28,1740.2,Bearish,32.85,26.36,-4,30,5/10,Medium,40.92,43.69,2.51,7.5,1772.22,1784.33,1791.47,-7.3767,1.7003,0.14,0.83,1865.08,-6.7,1.78,0.1,0.96,-0.26,-2.4,-3.39,0.71,51.66,1774.5,1714.2,1723.6,1776.4,1714.2,45.0,50.79,1.32,-1.21,0.14,7.11,6.05,1.78,-1.79,85.49,5,7,9,0.0,-0.65,44.44,-0.74,33.33,-0.62,22.22,-1.31,33.33,0.16,NEGATIVE,26.72,NEGATIVE,Delivery,"Trend, Momentum, Structure",-3.77,-0.88,1674.67,1724.91,1865.08,MODERATE,27058934.0,NOT_AVAILABLE,NOT_AVAILABLE,,False,False,False,29.94,WATCH,WATCH
997,SANOFI,2026-08-28,3181.6,Bearish,29.05,27.03,-5,25,6/10,Medium,37.59,62.82,1.97,13.33,3268.45,3311.28,3731.45,-9.7268,-0.5342,0.96,65.0,3294.84,-3.44,1.22,0.083,0.02,-5.11,-1.89,-4.11,-0.31,70.8,3200.0,3165.2,3181.0,3372.0,3165.2,42.37,53.16,1.1,-1.04,0.16,8.95,3.42,1.64,-3.03,83.72,8,9,25,32.0,-0.39,24.0,-1.25,36.0,-1.7,32.0,-2.43,44.0,-2.03,NEGATIVE,22.28,NEGATIVE,Delivery,"Trend, Momentum, Structure",-2.96,-0.69,3087.37,3159.61,3294.84,LOW,65330647.0,NOT_AVAILABLE,NOT_AVAILABLE,,False,False,False,29.89,WATCH,WATCH
998,NATCAPSUQ,2026-08-28,204.96,Bullish,49.04,40.85,4,70,5/10,Medium,72.48,12.15,5.93,71.67,166.0,157.88,166.05,5.9758,0.8565,1.11,70.83,176.63,16.04,7.56,0.805,-4.3,34.95,36.9,43.05,0.5,51.37,216.33,179.17,214.16,216.33,150.5,40.26,56.41,2.8,-1.99,0.65,36.67,17.18,2.8,-2.62,95.37,7,7,55,34.55,0.02,30.91,-0.92,34.55,-0.48,29.09,-3.45,27.27,-4.52,NEGATIVE,21.55,NEGATIVE,Trend + Momentum + Structure + VWAP,Delivery,2.08,8.89,209.21,223.19,176.63,VERY_HIGH,10116568.0,NOT_AVAILABLE,NOT_AVAILABLE,,False,False,False,29.85,WATCH,WATCH
999,EEPL,2026-08-28,154.1,Bullish,51.17,38.56,5,75,5/10,Medium,60.39,10.74,6.97,85.83,139.54,125.84,136.65,1.1193,-0.3594,0.26,20.83,144.34,6.76,4.25,0.719,0.85,15.0,9.99,52.35,-0.2,65.12,175.6,152.8,152.8,175.6,133.0,37.76,57.14,3.56,-2.42,0.15,26.87,24.83,2.78,-2.4,74.82,5,8,100,30.0,-0.61,32.0,-0.87,36.0,-1.17,28.0,-2.88,27.0,-4.51,NEGATIVE,21.2,NEGATIVE,Trend + Momentum + VWAP + RSI,None material,2.44,10.45,157.86,170.21,144.34,VERY_HIGH,23844448.0,NOT_AVAILABLE,NOT_AVAILABLE,,False,False,False,29.72,WATCH,WATCH
1000,INDNIPPON,2026-08-28,1061.6,Bearish,32.12,32.7,-5,25,5/10,Medium,38.13,41.45,3.9,42.5,1106.12,1079.96,927.56,-11.4237,0.97,0.26,11.67,1132.45,-6.26,1.58,0.053,-0.06,-3.99,-5.48,-9.3,-0.54,48.51,1082.9,1056.0,1062.2,1123.2,1055.3,46.71,48.82,2.05,-1.7,0.4,24.61,5.79,1.61,-2.26,89.77,8,6,18,55.56,-0.11,44.44,-0.04,38.89,-1.18,38.89,-1.61,44.44,-0.65,NEGATIVE,31.06,NEGATIVE,No strong driver,"Trend, Momentum, Structure",-5.86,-1.37,999.42,1047.09,1132.45,HIGH,35014698.0,NOT_AVAILABLE,NOT_AVAILABLE,,False,False,False,29.71,WATCH,WATCH
1001,ADSL,2026-08-28,106.21,Bearish,30.87,25.97,-7,15,7/10,Medium,31.03,3.33,3.14,5.0,111.21,115.03,128.94,-0.2781,-0.0465,0.93,74.17,112.55,-5.64,2.87,0.162,-1.23,-2.1,-5.86,-7.35,-0.49,55.36,109.79,107.0,107.53,111.0,103.55,40.79,54.74,2.79,-2.04,0.3,16.18,7.63,2.24,-2.55,83.09,8,8,12,66.67,1.11,66.67,2.04,50.0,0.35,33.33,-1.31,41.67,0.82,MIXED,40.33,NEGATIVE,No strong driver,"Trend, Momentum, Structure",-4.71,-1.1,101.21,105.04,112.55,HIGH,10653591.0,NOT_AVAILABLE,NOT_AVAILABLE,,False,False,False,29.63,WATCH,WATCH
1002,GTPL,2026-08-28,53.54,Bearish,33.72,27.03,-5,25,5/10,Medium,35.4,2.09,3.91,33.33,55.61,58.51,72.2,0.1019,-0.0037,3.27,97.5,53.8,-0.48,3.43,0.231,-0.76,-1.31,1.23,-10.62,-0.74,96.66,55.5,53.75,53.95,56.4,53.75,40.79,54.87,1.81,-1.57,0.23,13.55,9.87,1.93,-2.08,88.92,7,9,100,48.0,0.34,50.0,0.29,45.0,-0.23,32.0,-1.35,35.0,-1.74,MIXED,35.63,NEGATIVE,No strong driver,"Trend, Momentum, Structure",-5.86,-1.37,50.4,52.81,55.5,HIGH,6311772.0,NOT_AVAILABLE,NOT_AVAILABLE,,False,False,False,29.63,WATCH,WATCH
1003,KERNEX,2026-08-28,1800.0,Bearish,39.55,29.25,-4,30,5/10,Medium,38.42,135.08,7.5,91.67,2005.87,2028.84,1616.38,-33.8347,2.9839,0.41,15.0,2055.78,-12.44,4.32,0.102,-0.07,-6.95,-11.08,-21.46,0.21,43.06,1890.0,1795.0,1801.2,2006.9,1795.0,48.16,47.5,3.02,-2.57,0.6,35.0,14.61,2.82,-3.06,82.01,12,10,26,46.15,-0.67,42.31,-0.32,38.46,1.09,34.62,0.23,38.46,-2.92,MIXED,45.86,MIXED,Liquidity,"Trend, Momentum, Structure",-11.26,-2.63,1597.38,1752.72,2055.78,VERY_HIGH,1129924836.0,NOT_AVAILABLE,NOT_AVAILABLE,,False,False,False,29.61,WATCH,WATCH
1004,MAHLOG,2026-08-28,392.75,Bearish,32.27,31.86,-5,25,6/10,Medium,42.01,11.87,3.02,3.33,401.59,395.42,374.75,-2.6683,-0.0855,0.49,31.67,406.27,-3.33,1.79,0.126,0.29,-2.09,-3.14,-4.09,0.19,51.4,403.4,390.5,391.6,411.35,390.5,44.87,50.66,1.77,-1.53,0.13,10.53,7.89,1.79,-1.97,85.22,13,9,13,23.08,-0.55,30.77,-0.72,30.77,-1.54,46.15,-1.07,38.46,0.54,NEGATIVE,31.48,NEGATIVE,Delivery,"Trend, Momentum, Structure",-4.53,-1.06,374.95,388.6,406.27,HIGH,70395603.0,NOT_AVAILABLE,NOT_AVAILABLE,,False,False,False,29.61,WATCH,WATCH
1005,SENCO,2026-08-28,354.85,Bearish,33.88,31.5,-4,30,5/10,Medium,45.86,15.7,4.42,65.83,362.86,361.46,355.97,-0.19,-0.1157,0.38,30.0,365.4,-2.89,3.09,0.323,-2.18,2.74,3.8,-11.99,0.01,42.86,369.6,361.05,362.75,377.75,336.0,46.32,49.21,2.27,-2.05,0.37,20.39,8.29,2.36,-3.02,79.61,8,9,24,25.0,-0.66,29.17,-1.18,33.33,-1.36,41.67,-1.54,41.67,-0.29,NEGATIVE,29.65,NEGATIVE,Liquidity,"Trend, Momentum, Structure",-6.64,-1.55,331.3,349.35,369.6,HIGH,612715108.0,NOT_AVAILABLE,NOT_AVAILABLE,,False,False,False,29.53,WATCH,WATCH
1006,HUDCO,2026-08-28,183.23,Neutral-Range,33.19,28.77,-3,35,5/10,Medium,31.48,4.21,2.3,1.67,190.5,196.51,203.36,-0.5136,0.0379,0.6,30.83,193.26,-5.19,1.46,0.069,0.33,-1.54,-3.56,-6.08,-0.07,50.01,187.4,181.79,182.63,188.59,181.79,46.71,48.82,2.33,-1.88,0.18,9.74,7.24,2.16,-2.69,75.16,8,7,9,55.56,-0.61,44.44,-1.99,44.44,-1.87,22.22,-2.4,33.33,0.35,NEGATIVE,21.25,NEGATIVE,Delivery + Liquidity,"Trend, Momentum, Structure",-2.3,2.3,179.02,187.44,182.63,MODERATE,328312933.0,NOT_AVAILABLE,NOT_AVAILABLE,,False,False,False,29.4,WATCH,WATCH
1007,ORIENTCEM,2026-08-28,131.37,Bearish,30.15,22.31,-6,20,6/10,Medium,44.37,2.97,2.26,2.5,133.01,134.9,156.49,-0.0352,0.0356,0.4,9.17,133.88,-1.87,0.98,0.19,-0.03,-0.11,-0.89,-3.86,0.48,63.28,134.86,131.0,131.41,135.1,128.8,45.26,50.13,1.8,-1.65,0.2,12.37,6.97,2.09,-2.18,82.47,7,7,19,47.37,0.16,47.37,-0.23,57.89,0.22,15.79,-2.45,5.26,-4.33,POSITIVE,31.87,NEGATIVE,No strong driver,"Trend, Momentum, Structure",-3.39,-0.79,126.92,130.33,134.86,MODERATE,30390828.0,NOT_AVAILABLE,NOT_AVAILABLE,,False,False,False,29.21,WATCH,WATCH
1008,PARAGMILK,2026-08-28,237.65,Bullish,44.65,36.85,4,70,5/10,Medium,58.52,9.3,3.92,48.33,227.41,225.04,231.01,3.3034,-0.4915,0.24,0.83,229.3,3.64,2.36,0.683,-1.46,5.39,12.74,10.89,0.63,48.09,249.0,240.25,241.17,252.77,208.55,41.58,53.95,2.49,-1.8,0.28,14.08,6.71,1.93,-2.56,81.03,6,8,10,40.0,-0.41,30.0,-1.89,20.0,-2.98,20.0,-7.09,20.0,-10.93,NEGATIVE,9.0,NEGATIVE,Trend + Momentum + VWAP + RSI,Structure,1.37,5.87,240.91,251.61,229.3,HIGH,240136288.0,NOT_AVAILABLE,NOT_AVAILABLE,,False,False,False,29.2,WATCH,WATCH
1009,RAYMONDLSL,2026-08-28,691.35,Bearish,31.6,27.24,-6,20,7/10,Medium,35.48,22.22,3.21,12.5,722.45,737.7,866.05,-4.097,-0.783,0.38,8.33,730.08,-5.31,2.25,0.156,-0.12,-4.9,-6.73,-2.7,0.26,62.88,711.65,689.0,692.2,736.4,689.0,39.01,57.82,2.35,-2.0,0.15,14.06,9.31,2.06,-2.31,78.36,6,9,19,36.84,-0.56,26.32,1.13,31.58,1.23,36.84,-1.97,57.89,3.09,MIXED,35.99,NEGATIVE,Liquidity,"Trend, Momentum, Structure",-4.82,-1.12,658.02,683.57,730.08,HIGH,134375881.0,NOT_AVAILABLE,NOT_AVAILABLE,,False,False,False,29.15,WATCH,WATCH
1010,UBL,2026-08-28,1334.1,Bearish,31.06,24.31,-5,25,6/10,Medium,36.82,28.77,2.16,4.17,1365.53,1375.08,1494.06,-5.2506,0.0165,0.39,14.17,1381.37,-3.42,1.13,0.063,-0.93,-1.1,-3.09,-5.97,-0.27,53.77,1351.3,1339.1,1346.6,1386.8,1325.4,45.26,50.39,1.09,-1.01,0.17,5.79,3.68,1.62,-1.78,84.3,9,8,27,37.04,-0.35,40.74,-0.49,40.74,-0.54,22.22,-1.71,22.22,-2.8,NEGATIVE,28.04,NEGATIVE,Liquidity,"Trend, Momentum, Structure",-3.23,-0.75,1290.95,1324.03,1381.37,MODERATE,127993834.0,NOT_AVAILABLE,NOT_AVAILABLE,,False,False,False,29.12,WATCH,WATCH
1011,PGHH,2026-08-28,8092.0,Bearish,29.49,22.54,-5,25,5/10,Medium,25.94,124.34,1.54,0.83,8332.62,8663.54,10216.87,-10.7745,3.5047,0.66,44.17,8370.83,-3.33,1.09,0.039,-0.13,-1.18,-3.97,-5.84,0.66,72.32,8208.5,8085.0,8102.5,8267.0,8066.0,42.24,53.42,0.88,-0.86,0.2,6.58,2.11,1.56,-1.7,88.75,8,7,39,30.77,-0.33,30.77,-0.49,33.33,-0.63,17.95,-1.72,25.64,-2.67,NEGATIVE,23.55,NEGATIVE,No strong driver,"Trend, Momentum, Structure",-2.3,-0.54,7905.49,8048.48,8370.83,LOW,89690120.0,NOT_AVAILABLE,NOT_AVAILABLE,,False,False,False,29.0,WATCH,WATCH
1012,PASHUPATI,2026-08-28,84.18,Neutral-Range,34.4,23.23,-3,35,5/10,Medium,35.95,2.27,2.69,1.67,85.43,105.03,364.85,0.2536,-0.0897,0.09,5.83,84.82,-0.76,1.47,0.156,0.01,-3.53,-0.56,-1.6,1.22,61.07,85.25,83.82,84.17,88.6,83.55,52.34,40.12,1.89,-1.84,0.59,40.53,12.83,2.9,-5.25,76.74,17,10,11,54.55,-0.06,36.36,-0.12,36.36,-0.37,9.09,-1.18,9.09,-1.82,NEGATIVE,24.71,NEGATIVE,Gap + Delivery,"Trend, Momentum, Structure",-2.69,2.69,81.91,86.45,84.17,MODERATE,9182867.0,NOT_AVAILABLE,NOT_AVAILABLE,,False,False,False,28.97,WATCH,WATCH
1013,INOXWIND,2026-08-28,71.79,Bearish,31.65,26.92,-4,30,5/10,Medium,35.01,2.11,2.94,0.83,74.84,79.03,99.39,0.006,-0.0444,0.56,22.5,75.1,-4.41,1.68,0.053,-0.29,-2.46,-2.55,-8.13,0.0,41.21,73.7,71.41,72.0,74.82,71.41,45.26,50.39,2.47,-2.24,0.19,17.11,9.47,2.26,-3.6,79.35,7,8,33,36.36,-0.71,21.21,-1.95,36.36,-1.89,36.36,-2.4,24.24,-3.57,NEGATIVE,23.29,NEGATIVE,Liquidity,"Trend, Momentum, Structure",-4.41,-1.03,68.62,71.05,75.1,MODERATE,942792513.0,NOT_AVAILABLE,NOT_AVAILABLE,,False,False,False,28.89,WATCH,WATCH
1014,SATIA,2026-08-28,57.76,Bearish,32.99,26.18,-5,25,6/10,Medium,42.45,2.19,3.79,20.83,59.16,59.3,63.85,-0.3772,0.0359,1.74,90.0,59.64,-3.15,3.1,0.161,-0.43,-1.57,-3.54,-6.46,1.36,68.95,60.69,57.6,58.01,60.69,56.4,42.5,52.76,1.69,-1.52,0.14,10.53,7.89,1.85,-1.98,85.72,8,8,100,45.0,-0.18,39.0,-0.85,39.0,-0.99,38.0,-1.11,31.0,-1.75,NEGATIVE,33.55,NEGATIVE,Gap,"Trend, Momentum, Structure",-5.69,-1.33,54.47,56.99,60.69,HIGH,5188300.0,NOT_AVAILABLE,NOT_AVAILABLE,,False,False,False,28.64,WATCH,WATCH
1015,KPEL,2026-08-28,249.45,Bearish,34.66,25.83,-4,30,5/10,Medium,32.94,11.78,4.72,50.83,268.68,294.65,334.36,-0.1589,0.4495,0.42,8.33,266.92,-6.55,3.25,0.111,1.86,-3.8,-1.05,-18.73,-0.37,44.12,252.35,243.2,244.9,266.65,243.2,42.86,53.19,2.46,-2.21,0.36,21.54,9.45,2.18,-2.69,83.01,7,10,22,36.36,-0.83,18.18,-1.37,31.82,-1.18,45.45,-1.36,31.82,-2.61,NEGATIVE,31.88,NEGATIVE,Liquidity,"Trend, Momentum, Structure",-7.09,-1.65,231.77,245.33,266.92,HIGH,122825013.0,NOT_AVAILABLE,NOT_AVAILABLE,,False,False,False,28.62,WATCH,WATCH
1016,AVL,2026-08-28,590.8,Bearish,31.68,29.95,-5,25,6/10,Medium,41.05,19.38,3.28,1.67,605.75,606.66,552.54,-2.9816,0.6744,1.32,75.83,608.4,-2.89,2.3,0.291,-0.25,-1.75,-5.42,-7.41,-0.39,67.47,599.0,585.35,592.3,617.85,570.6,47.72,48.81,1.87,-1.64,0.08,13.88,12.58,1.78,-1.99,90.63,9,8,100,44.0,-0.07,49.0,-0.21,46.0,-0.69,31.0,-2.35,26.0,-2.41,MIXED,29.79,NEGATIVE,Liquidity,"Trend, Momentum, Volume",-4.92,-1.15,561.74,584.02,608.4,HIGH,101477370.0,NOT_AVAILABLE,NOT_AVAILABLE,,False,False,False,28.44,WATCH,WATCH
1017,ROHLTD,2026-08-28,302.35,Bearish,32.19,22.77,-6,20,6/10,Medium,40.08,9.55,3.16,5.83,308.48,315.72,346.22,-0.1746,0.0231,0.53,35.83,310.87,-2.74,1.22,0.077,-0.26,-0.12,-3.2,-3.36,-0.21,75.36,308.4,302.2,303.15,315.0,301.2,44.61,50.92,2.02,-1.7,0.19,16.97,9.61,1.78,-1.96,89.57,8,8,11,36.36,0.56,54.55,1.3,45.45,-0.06,27.27,-0.63,18.18,-2.32,MIXED,37.69,NEGATIVE,No strong driver,"Trend, Momentum, Structure",-4.74,-1.11,288.02,299.01,310.87,HIGH,8043590.0,NOT_AVAILABLE,NOT_AVAILABLE,,False,False,False,28.41,WATCH,WATCH
1018,ARTEMISMED,2026-08-28,319.25,Neutral-Range,41.58,39.16,3,65,5/10,Medium,59.83,9.86,3.09,1.67,313.5,296.5,267.74,-1.284,-0.3222,0.28,0.83,317.63,0.51,1.28,0.584,0.73,-2.1,1.43,6.95,0.0,52.86,325.9,315.5,316.95,333.7,315.5,47.24,48.16,2.0,-1.66,0.27,16.97,6.45,1.94,-2.22,87.27,8,7,9,33.33,-1.08,0.0,-3.59,0.0,-4.59,33.33,-2.8,22.22,-3.66,NEGATIVE,6.67,NEGATIVE,Trend + VWAP + RSI + Delivery,"Momentum, MACD",-3.09,3.09,309.39,329.11,316.95,HIGH,141109503.0,NOT_AVAILABLE,NOT_AVAILABLE,,False,False,False,28.39,WATCH,WATCH
1019,BOROSCI,2026-08-28,124.44,Bearish,30.84,31.86,-5,25,5/10,Medium,26.06,4.76,3.82,16.67,133.83,141.17,135.63,-0.2676,0.1113,0.37,33.33,140.18,-11.23,3.4,0.049,-1.15,-3.08,-7.08,-21.07,0.48,59.74,128.17,125.25,125.89,130.4,124.25,42.18,54.48,2.22,-1.72,0.27,17.93,8.79,1.94,-2.06,87.52,10,7,15,46.67,-0.28,40.0,-0.6,46.67,-0.16,26.67,-3.16,46.67,-2.53,MIXED,27.39,NEGATIVE,No strong driver,"Trend, Momentum, Structure",-5.73,-1.34,117.31,122.78,140.18,HIGH,13660849.0,NOT_AVAILABLE,NOT_AVAILABLE,,False,False,False,28.16,WATCH,WATCH
1020,GARUDA,2026-08-28,175.2,Bearish,31.04,31.06,-5,25,6/10,Medium,42.46,6.5,3.71,14.17,180.39,178.44,175.05,-0.9982,-0.3316,0.18,8.33,189.23,-7.42,2.28,0.135,-0.18,-4.76,-4.28,1.39,0.11,46.73,184.56,175.0,175.52,192.5,175.0,44.23,52.62,3.28,-2.42,0.3,17.61,9.64,2.19,-2.73,78.9,8,7,30,40.0,-0.2,26.67,-0.93,30.0,-1.32,36.67,-1.27,46.67,-0.7,NEGATIVE,27.97,NEGATIVE,Liquidity,"Trend, Momentum, Structure",-5.57,-1.3,165.44,172.92,189.23,HIGH,212310140.0,NOT_AVAILABLE,NOT_AVAILABLE,,False,False,False,28.12,WATCH,WATCH
1021,INTELLECT,2026-08-28,679.7,Neutral-Range,33.91,27.37,-2,40,5/10,Medium,35.76,19.11,2.81,0.83,699.85,717.45,778.03,-1.2662,0.3926,1.17,77.5,715.63,-5.02,1.86,0.056,0.21,-1.67,-2.98,-5.58,-0.19,55.51,687.0,674.65,678.3,703.05,674.65,45.79,49.47,2.04,-1.81,0.16,10.13,8.29,1.75,-2.19,82.18,8,9,16,50.0,0.58,56.25,-0.49,37.5,-2.08,25.0,-5.04,18.75,-6.96,NEGATIVE,16.88,NEGATIVE,Volume + Delivery + Liquidity,"Trend, Momentum, Structure",-2.81,2.81,660.59,698.81,678.3,MODERATE,241973519.0,NOT_AVAILABLE,NOT_AVAILABLE,,False,False,False,28.1,WATCH,WATCH
1022,ALLCARGO,2026-08-28,12.19,Bullish,48.45,36.88,4,70,5/10,Medium,63.23,0.81,6.66,100.0,10.87,9.73,12.96,0.219,-0.0794,0.45,5.83,11.02,10.61,6.44,0.73,-3.02,0.16,21.9,51.81,0.24,29.72,13.16,12.4,12.57,13.72,10.47,41.97,52.63,2.18,-2.2,0.1,15.79,6.45,2.07,-5.44,79.19,7,10,100,35.0,-0.15,32.0,-2.46,33.0,-3.0,38.0,-3.63,22.0,-4.57,NEGATIVE,19.85,NEGATIVE,Trend + Momentum + VWAP + RSI,Structure,2.33,9.99,12.47,13.41,11.02,VERY_HIGH,530764728.0,NOT_AVAILABLE,NOT_AVAILABLE,,False,False,False,28.06,WATCH,WATCH
1023,CGRAPHICS,2026-08-28,145.9,Bearish,31.75,28.14,-5,25,5/10,Medium,50.57,7.14,4.89,39.17,146.58,144.45,158.26,0.4788,-0.6605,0.54,36.67,148.0,-1.42,3.0,0.362,-3.86,-0.75,-0.75,7.75,-2.44,72.41,161.0,151.0,151.75,166.0,137.0,43.14,52.51,2.99,-2.46,0.13,26.92,23.24,2.67,-2.66,78.38,6,11,24,33.33,-0.25,33.33,-1.35,29.17,-1.53,41.67,-0.92,33.33,-2.56,NEGATIVE,29.99,NEGATIVE,No strong driver,"Trend, Structure, VWAP",-7.34,-1.71,135.19,143.4,161.0,HIGH,6405466.0,NOT_AVAILABLE,NOT_AVAILABLE,,False,False,False,27.96,WATCH,WATCH
1024,QUADFUTURE,2026-08-28,429.2,Bullish,47.92,43.59,5,75,5/10,Medium,61.3,24.55,5.72,85.0,389.38,380.68,359.47,9.9325,-0.277,0.35,19.17,426.88,0.54,4.8,0.727,-0.77,5.88,19.07,24.06,0.52,27.83,439.8,411.7,432.55,464.8,339.0,40.68,56.17,3.43,-2.34,0.1,18.16,14.77,2.19,-2.59,84.47,5,10,60,36.67,-0.02,33.33,-0.19,31.67,-1.23,16.67,-3.89,23.33,-5.8,NEGATIVE,11.92,NEGATIVE,Trend + Momentum + VWAP + RSI,None material,2.0,8.58,437.79,466.02,411.7,VERY_HIGH,930616273.0,NOT_AVAILABLE,NOT_AVAILABLE,,False,False,False,27.93,WATCH,WATCH
1025,IXIGO,2026-08-28,163.36,Neutral-Range,35.44,31.52,-2,40,5/10,Medium,33.23,6.69,4.09,19.17,175.27,182.06,192.97,-0.986,0.1181,0.8,64.17,175.93,-7.14,3.02,0.021,0.33,-4.08,-6.13,-17.34,1.17,50.27,169.5,162.4,162.83,173.79,162.4,47.51,49.11,2.4,-2.22,0.17,14.95,9.61,2.16,-2.55,80.65,10,8,8,50.0,0.37,62.5,-1.21,50.0,-2.07,25.0,-5.05,62.5,-2.79,MIXED,21.25,NEGATIVE,Gap + Delivery + Liquidity,"Trend, Momentum, Structure",-4.09,4.09,156.67,170.05,162.83,HIGH,193984511.0,NOT_AVAILABLE,NOT_AVAILABLE,,False,False,False,27.9,WATCH,WATCH
1026,TARMAT,2026-08-28,58.37,Neutral-Range,46.82,36.46,3,65,5/10,Medium,57.25,4.2,7.2,95.83,54.76,52.99,53.32,0.4526,0.0064,0.33,35.0,59.77,-2.34,6.57,0.469,-2.6,16.27,-0.56,18.33,1.77,53.49,61.95,58.21,59.93,64.4,49.06,40.0,55.13,2.82,-2.0,0.53,34.34,16.45,2.48,-2.46,84.78,6,9,100,43.0,0.27,39.0,-0.31,40.0,-1.19,30.0,-3.28,31.0,-2.47,NEGATIVE,21.62,NEGATIVE,Trend + Momentum + RSI + MACD,"VWAP, Delivery",-7.2,7.2,54.17,62.57,59.93,VERY_HIGH,6494045.0,NOT_AVAILABLE,NOT_AVAILABLE,,False,False,False,27.89,WATCH,WATCH
1027,RESPONIND,2026-08-28,153.55,Bearish,30.89,30.55,-5,25,5/10,Medium,33.76,7.13,4.64,8.33,162.21,171.06,179.06,-0.1249,0.1558,1.01,71.67,159.79,-3.91,3.61,0.154,-2.09,-0.97,-7.44,-10.52,0.79,45.66,159.9,149.86,156.82,159.9,149.0,44.74,50.92,1.89,-1.79,0.26,16.18,8.16,2.26,-2.17,88.9,9,11,8,12.5,-0.94,25.0,-3.4,37.5,-2.35,50.0,-2.17,75.0,-1.07,NEGATIVE,27.55,NEGATIVE,No strong driver,"Trend, Momentum, Structure",-6.97,-1.63,142.85,151.05,159.9,HIGH,22271090.0,NOT_AVAILABLE,NOT_AVAILABLE,,False,False,False,27.82,WATCH,WATCH
1028,JKLAKSHMI,2026-08-28,540.85,Bearish,29.2,26.04,-5,25,6/10,Medium,34.31,11.81,2.18,0.83,555.25,570.09,651.04,-0.6114,-0.3262,0.21,2.5,564.65,-4.21,0.99,0.022,-0.62,-3.32,-1.49,-4.22,0.0,49.85,551.9,542.05,544.2,563.85,540.45,44.87,50.66,1.47,-1.32,0.22,10.0,5.0,1.82,-1.95,89.43,8,9,24,16.67,-1.19,25.0,-2.29,33.33,-3.06,45.83,-3.24,25.0,-2.98,NEGATIVE,22.71,NEGATIVE,Liquidity,"Trend, Momentum, Structure",-3.28,-0.76,523.14,536.72,564.65,MODERATE,175968729.0,NOT_AVAILABLE,NOT_AVAILABLE,,False,False,False,27.75,WATCH,WATCH
1029,DALBHARAT,2026-08-28,1845.3,Bearish,28.28,28.98,-5,25,6/10,Medium,50.77,48.75,2.64,35.83,1848.78,1824.15,1893.15,-1.5563,-2.1177,0.34,6.67,1858.24,-0.7,2.34,0.45,-1.65,-1.85,0.18,2.53,0.0,50.47,1905.0,1859.2,1876.2,1913.0,1780.1,46.71,48.82,1.29,-1.28,0.11,8.16,5.79,1.71,-2.18,85.82,8,7,12,41.67,-0.04,50.0,-0.83,33.33,-1.27,33.33,-3.29,25.0,-3.55,NEGATIVE,20.09,NEGATIVE,Liquidity,"Trend, Momentum, Structure",-3.96,-0.92,1772.17,1828.24,1905.0,MODERATE,391912506.0,NOT_AVAILABLE,NOT_AVAILABLE,,False,False,False,27.7,WATCH,WATCH
1030,DHARIWAL,2026-08-28,19.7,Neutral-Range,46.15,32.58,2,60,5/10,Medium,39.14,1.85,9.37,45.0,21.38,33.02,88.45,0.4781,0.1776,0.29,19.17,21.13,-6.78,5.85,0.21,4.79,4.79,7.95,-35.3,3.19,86.49,18.8,17.95,18.8,19.15,16.7,43.36,51.05,3.96,-3.81,-0.41,30.42,29.37,2.99,-4.52,59.18,8,6,86,44.19,0.5,45.35,0.44,36.05,-0.81,40.7,-3.12,40.7,-4.63,NEGATIVE,26.14,NEGATIVE,Momentum + Structure + MACD + Gap,"Trend, VWAP, RSI",-9.37,9.37,17.85,21.55,18.8,VERY_HIGH,8019638.0,NOT_AVAILABLE,NOT_AVAILABLE,,False,False,False,27.65,WATCH,WATCH
1031,FOODSIN,2026-08-28,52.87,Bearish,34.45,23.09,-4,30,5/10,Medium,43.69,2.55,4.83,23.33,54.26,55.42,63.23,0.0048,-0.0533,0.38,15.83,54.46,-2.92,4.05,0.306,-0.53,-2.87,-7.59,-3.19,2.2,44.87,54.72,53.0,53.15,55.97,52.65,40.66,55.13,2.43,-1.99,0.4,23.03,8.82,2.0,-2.24,91.65,6,9,37,54.05,0.15,40.54,-0.32,35.14,-0.54,32.43,-1.3,21.62,-3.37,NEGATIVE,31.29,NEGATIVE,Gap,"Trend, Momentum, Structure",-7.24,-1.69,49.04,51.98,54.72,HIGH,5495796.0,NOT_AVAILABLE,NOT_AVAILABLE,,False,False,False,27.58,WATCH,WATCH
1032,APTECHT,2026-08-28,91.52,Bearish,31.96,25.61,-5,25,5/10,Medium,41.84,2.98,3.25,0.83,93.11,95.76,101.43,-0.0575,0.052,0.96,70.83,94.36,-3.01,2.41,0.152,1.37,-1.07,-0.96,-0.16,0.02,,92.42,90.0,90.28,93.98,90.0,40.26,55.39,2.21,-1.81,0.25,16.18,7.5,1.76,-2.32,83.31,8,9,100,41.0,-0.08,33.0,-0.59,35.0,-1.0,38.0,-1.49,34.0,-2.78,NEGATIVE,30.59,NEGATIVE,No strong driver,"Trend, Momentum, Structure",-4.88,-1.14,87.05,90.48,94.36,HIGH,5826420.0,NOT_AVAILABLE,NOT_AVAILABLE,,False,False,False,27.42,WATCH,WATCH
1033,PIGL,2026-08-28,102.14,Bearish,32.78,27.81,-4,30,5/10,Medium,41.55,5.03,4.93,6.67,105.19,107.2,117.24,-0.4664,0.0909,0.19,1.67,107.93,-5.37,2.17,0.113,0.28,-1.52,-3.97,-2.09,1.88,40.06,106.0,101.0,101.85,106.74,100.5,47.89,47.11,2.69,-2.38,0.49,41.18,26.58,2.73,-2.46,54.27,20,17,10,60.0,0.56,40.0,-3.49,40.0,-3.99,50.0,-4.86,40.0,-4.61,NEGATIVE,26.5,NEGATIVE,Gap,"Trend, Momentum, Structure",-7.39,-1.72,94.59,100.38,107.93,HIGH,8371887.0,NOT_AVAILABLE,NOT_AVAILABLE,,False,False,False,27.3,WATCH,WATCH
1034,ESSARSHPNG,2026-08-28,16.77,Neutral-Range,39.25,27.9,-3,35,5/10,Medium,32.46,0.96,5.72,55.0,17.84,19.77,23.88,0.0343,0.0399,0.41,12.5,17.36,-3.39,3.99,0.188,-0.12,-1.18,-4.12,-15.86,0.0,68.85,17.39,16.71,16.79,18.97,15.8,40.0,54.74,3.5,-2.38,0.5,33.95,19.21,2.86,-2.67,70.71,7,8,100,44.0,0.15,43.0,-0.05,44.0,-0.0,31.0,-0.67,29.0,-1.51,MIXED,38.57,NEGATIVE,Momentum + MACD,"Trend, Structure, VWAP",-5.72,5.72,15.81,17.73,16.79,VERY_HIGH,6466149.0,NOT_AVAILABLE,NOT_AVAILABLE,,False,False,False,27.29,WATCH,WATCH
1035,EMSLIMITED,2026-08-28,377.85,Bearish,31.89,30.65,-4,30,5/10,Medium,44.32,15.12,4.0,0.83,388.05,387.47,396.66,-0.739,-0.04,0.2,15.83,393.16,-3.89,1.88,0.325,-0.85,-4.18,4.18,-8.18,0.5,38.97,386.3,376.0,381.1,401.9,374.55,43.84,52.05,2.73,-2.13,0.36,21.19,7.81,2.26,-2.89,80.9,8,9,12,33.33,0.02,16.67,-1.29,41.67,-1.37,33.33,-2.95,41.67,-1.4,NEGATIVE,23.97,NEGATIVE,Liquidity,"Trend, Momentum, VWAP",-6.0,-1.4,355.17,372.56,393.16,HIGH,167728757.0,NOT_AVAILABLE,NOT_AVAILABLE,,False,False,False,27.25,WATCH,WATCH
1036,ANNAPURNA,2026-08-28,144.65,Bearish,36.88,30.05,-4,30,5/10,Medium,48.52,9.11,6.3,65.83,147.47,143.71,172.26,-1.5344,-0.2745,0.54,33.33,149.62,-3.32,6.63,0.423,-1.2,-4.65,-5.21,12.96,3.07,51.86,152.7,144.35,146.4,158.0,144.35,41.18,54.08,2.6,-2.06,0.35,29.74,12.24,2.11,-2.61,86.43,6,8,23,30.43,-0.46,34.78,-1.48,30.43,-2.65,43.48,1.99,52.17,2.98,NEGATIVE,38.23,NEGATIVE,Gap,"Trend, Momentum, VWAP",-9.45,-2.2,130.98,141.46,152.7,VERY_HIGH,14242384.0,NOT_AVAILABLE,NOT_AVAILABLE,,False,False,False,27.14,WATCH,WATCH
1037,GROWWRAIL,2026-08-28,28.52,Bearish,28.67,24.38,-4,30,5/10,Medium,36.98,0.43,1.52,2.5,28.89,29.23,31.19,-0.0571,0.0015,0.65,29.17,29.17,-2.21,1.16,0.092,0.04,-0.83,-2.36,-1.72,0.46,57.96,28.93,28.41,28.51,29.08,28.41,43.04,52.41,1.12,-1.02,0.51,23.04,5.32,1.82,-2.02,92.53,9,6,8,50.0,-0.14,37.5,-0.49,25.0,-1.76,25.0,-2.67,37.5,-1.94,NEGATIVE,14.78,NEGATIVE,Delivery,"Trend, Momentum, Structure",-2.28,-0.53,27.87,28.37,29.17,LOW,20950648.0,NOT_AVAILABLE,NOT_AVAILABLE,,False,False,False,27.11,WATCH,WATCH
1038,SWSOLAR,2026-08-28,195.37,Bearish,31.2,26.75,-5,25,6/10,Medium,38.43,6.19,3.17,8.33,201.3,207.75,218.55,0.4562,-0.0421,1.18,79.17,201.1,-2.85,3.29,0.277,-1.9,1.67,-3.29,-4.21,-0.58,38.87,203.38,197.15,199.15,203.38,188.82,43.68,52.11,2.52,-2.19,0.36,21.45,10.0,2.18,-2.6,78.63,9,9,100,41.0,-0.3,40.0,-1.16,49.0,-1.12,36.0,-2.96,33.0,-3.25,MIXED,28.43,NEGATIVE,Liquidity,"Trend, Momentum, Volume",-4.75,-1.11,186.08,193.2,203.38,HIGH,137211025.0,NOT_AVAILABLE,NOT_AVAILABLE,,False,False,False,26.99,WATCH,WATCH
1039,MANALIPETC,2026-08-28,73.36,Bullish,44.23,36.09,5,75,5/10,Medium,58.81,3.35,4.56,48.33,70.6,67.07,62.11,0.1724,-0.1035,0.43,34.17,72.17,1.65,4.94,0.638,3.62,-0.89,5.9,13.05,0.27,40.92,75.0,70.47,70.8,78.5,70.47,41.58,53.68,2.28,-1.68,0.23,14.08,8.42,2.0,-2.05,89.48,6,10,11,18.18,-0.89,9.09,-2.29,9.09,-3.85,9.09,-5.15,9.09,-6.53,NEGATIVE,1.36,NEGATIVE,Trend + Momentum + VWAP + RSI,None material,1.6,6.84,74.53,78.38,70.47,HIGH,115635946.0,NOT_AVAILABLE,NOT_AVAILABLE,,False,False,False,26.94,WATCH,WATCH
1040,SHAREINDIA,2026-08-28,167.93,Bearish,28.4,30.14,-6,20,6/10,Medium,43.56,5.67,3.37,8.33,172.49,167.14,163.39,-1.1809,-0.1321,0.55,41.67,173.94,-3.46,1.39,0.172,-0.64,-3.56,-3.75,-5.91,0.58,77.88,172.89,167.6,169.02,176.77,167.6,42.5,53.16,2.08,-1.91,0.09,15.39,10.26,1.88,-3.04,84.24,6,10,24,29.17,-0.31,41.67,-0.63,41.67,-0.59,37.5,-3.37,41.67,-3.2,NEGATIVE,26.87,NEGATIVE,No strong driver,"Momentum, Structure, VWAP",-5.06,-1.18,159.43,165.95,173.94,HIGH,63536002.0,NOT_AVAILABLE,NOT_AVAILABLE,,False,False,False,26.78,WATCH,WATCH
1041,BATAINDIA,2026-08-28,681.3,Bearish,29.06,23.3,-5,25,6/10,Medium,39.91,19.64,2.88,35.0,704.15,704.27,795.68,-6.4289,0.0742,0.11,3.33,724.88,-6.01,0.97,0.036,-0.04,-2.82,-9.85,-2.13,0.06,51.31,687.65,678.8,681.6,715.55,678.8,42.37,53.16,1.15,-1.11,0.13,5.26,4.74,1.95,-2.16,83.08,6,9,50,46.0,-0.28,32.0,-0.55,34.0,-1.01,28.0,-2.59,22.0,-3.92,NEGATIVE,22.3,NEGATIVE,Liquidity,"Trend, Momentum, Structure",-4.32,-1.01,651.84,674.43,724.88,MODERATE,532941270.0,NOT_AVAILABLE,NOT_AVAILABLE,,False,False,False,26.78,WATCH,WATCH
1042,ONEPOINT,2026-08-28,55.03,Bearish,27.37,26.13,-7,15,7/10,Medium,40.08,1.84,3.35,7.5,56.45,56.62,54.53,-0.3251,-0.0011,0.43,15.83,58.2,-5.45,2.23,0.061,-0.92,-2.03,-5.74,-4.23,0.41,57.13,55.7,54.75,55.54,57.49,54.62,44.47,50.79,2.46,-1.9,0.34,25.39,12.11,2.11,-2.32,85.0,7,8,12,33.33,-0.83,33.33,-1.98,33.33,-0.03,41.67,-2.7,25.0,-4.55,NEGATIVE,30.33,NEGATIVE,No strong driver,"Trend, Momentum, Structure",-5.03,-1.17,52.26,54.38,58.2,HIGH,74889257.0,NOT_AVAILABLE,NOT_AVAILABLE,,False,False,False,26.13,WATCH,WATCH
1043,UGROCAP,2026-08-28,86.96,Bearish,28.51,27.54,-6,20,6/10,Medium,32.53,2.98,3.42,38.33,90.74,93.92,116.1,-0.4563,0.0742,0.32,22.5,95.19,-8.65,2.28,0.047,-0.3,-2.01,-6.84,-8.89,0.0,59.96,88.8,86.68,87.22,91.85,86.01,43.68,51.84,1.83,-1.79,0.37,19.61,6.71,2.0,-2.13,84.44,7,6,26,57.69,0.12,34.62,-0.96,42.31,-1.52,42.31,-2.84,53.85,-2.74,NEGATIVE,27.18,NEGATIVE,No strong driver,"Trend, Momentum, Structure",-5.14,-1.2,82.49,85.92,95.19,HIGH,56606313.0,NOT_AVAILABLE,NOT_AVAILABLE,,False,False,False,26.11,WATCH,WATCH
1044,GANECOS,2026-08-28,1019.3,Bearish,29.38,24.3,-6,20,7/10,Medium,37.79,42.32,4.15,17.5,1075.12,1070.21,1042.32,-8.37,-0.7335,0.52,47.5,1090.26,-6.51,1.97,0.02,-0.96,-5.8,-3.89,-13.9,0.08,54.85,1050.1,1027.0,1029.2,1101.6,1027.0,45.53,50.0,2.08,-1.82,0.19,13.29,8.68,1.96,-2.26,89.99,8,8,9,44.44,-0.21,55.56,-1.69,44.44,0.82,33.33,-3.96,11.11,-9.53,MIXED,29.66,NEGATIVE,Liquidity,"Trend, Momentum, Structure",-6.23,-1.45,955.82,1004.49,1090.26,HIGH,114857736.0,NOT_AVAILABLE,NOT_AVAILABLE,,False,False,False,26.02,WATCH,WATCH
1045,STCINDIA,2026-08-28,116.88,Bearish,26.88,22.76,-6,20,6/10,Medium,42.64,3.46,2.96,7.5,118.93,119.86,121.13,0.0865,-0.1706,0.31,36.67,119.77,-2.41,1.95,0.155,-0.51,-3.57,0.15,-3.0,0.1,74.74,119.88,117.12,117.48,125.0,117.12,44.21,51.45,2.58,-2.13,0.42,20.92,7.89,1.95,-2.2,82.82,6,8,14,64.29,0.61,71.43,0.4,57.14,-1.14,21.43,-4.63,14.29,-5.66,MIXED,22.5,NEGATIVE,No strong driver,"Trend, Momentum, Structure",-4.44,-1.04,111.69,115.67,119.88,MODERATE,5427223.0,NOT_AVAILABLE,NOT_AVAILABLE,,False,False,False,26.02,WATCH,WATCH
1046,IZMO,2026-08-28,848.45,Bearish,33.68,31.74,-5,25,5/10,Medium,33.15,44.64,5.26,55.0,909.83,939.43,834.19,-7.8972,2.6023,0.75,38.33,937.75,-9.52,6.41,0.09,2.27,-0.73,-9.69,-14.55,0.53,39.54,861.65,825.2,829.6,878.3,825.2,43.95,51.05,3.4,-2.42,0.41,34.47,21.97,2.64,-2.44,69.25,12,9,24,45.83,0.22,45.83,1.14,37.5,-0.73,41.67,-1.07,45.83,7.48,NEGATIVE,35.51,NEGATIVE,No strong driver,"Trend, Momentum, Structure",-7.89,-1.84,781.48,832.82,937.75,VERY_HIGH,89848451.0,NOT_AVAILABLE,NOT_AVAILABLE,,False,False,False,26.0,WATCH,WATCH
1047,DAMCAPITAL,2026-08-28,146.27,Bearish,28.99,24.75,-6,20,6/10,Medium,42.99,4.72,3.23,5.83,149.06,151.22,170.91,0.215,-0.0863,0.43,24.17,148.95,-1.8,2.09,0.257,-1.91,1.25,0.65,-4.31,-0.1,57.08,152.99,148.22,149.12,155.24,144.1,43.29,53.65,2.37,-2.28,0.2,13.65,8.71,2.17,-2.8,77.68,5,9,100,42.0,-0.26,38.0,-0.97,40.0,-1.32,38.0,-2.12,38.0,-2.83,NEGATIVE,28.54,NEGATIVE,No strong driver,"Trend, Momentum, Structure",-4.84,-1.13,139.19,144.62,152.99,HIGH,44178350.0,NOT_AVAILABLE,NOT_AVAILABLE,,False,False,False,25.76,WATCH,WATCH
1048,ICEMAKE,2026-08-28,742.55,Bearish,30.19,25.84,-5,25,5/10,Medium,40.49,27.19,3.66,36.67,761.76,779.73,776.9,-2.7218,1.7842,0.26,6.67,755.61,-1.73,2.51,0.291,-0.68,2.89,-1.21,-10.68,0.0,60.34,752.05,717.0,747.65,752.05,709.1,42.76,52.89,2.38,-1.75,0.3,21.45,8.68,2.06,-2.52,91.73,6,9,26,53.85,-0.11,38.46,0.42,26.92,-0.16,19.23,-1.24,30.77,-0.53,NEGATIVE,25.55,NEGATIVE,No strong driver,"Trend, Momentum, VWAP",-5.49,-1.28,701.77,733.04,755.61,HIGH,23948233.0,NOT_AVAILABLE,NOT_AVAILABLE,,False,False,False,25.7,WATCH,WATCH
1049,SARTELE,2026-08-28,97.05,Bearish,36.58,26.18,-4,30,5/10,Medium,30.24,5.51,5.67,35.0,106.39,117.7,157.73,-0.4092,0.0539,0.54,32.5,106.54,-8.91,1.91,0.105,0.36,-8.31,-10.35,-19.83,-0.1,88.57,100.0,95.2,96.7,111.0,95.2,39.86,56.06,3.54,-2.44,0.6,32.96,13.94,2.82,-2.67,80.57,8,10,36,38.89,0.3,38.89,1.33,38.89,-0.22,33.33,-0.51,33.33,-2.46,NEGATIVE,37.36,NEGATIVE,Delivery,"Trend, Momentum, Structure",-8.51,-1.99,88.79,95.12,106.54,VERY_HIGH,10403911.0,NOT_AVAILABLE,NOT_AVAILABLE,,False,False,False,25.67,WATCH,WATCH
1050,LLOYDSENT,2026-08-28,73.53,Bearish,32.13,24.43,-4,30,5/10,Medium,40.16,2.96,4.02,0.83,76.72,76.15,68.48,-0.74,0.0485,0.75,52.5,78.93,-6.85,3.88,0.141,0.81,-5.23,-3.87,-8.04,-0.47,44.69,75.42,72.76,72.94,79.44,72.76,43.16,53.26,3.17,-2.33,0.17,15.58,10.53,1.91,-2.44,81.13,7,8,13,38.46,-0.44,30.77,-0.81,38.46,-0.12,23.08,-2.85,7.69,-8.03,NEGATIVE,24.66,NEGATIVE,Liquidity,"Trend, Momentum, Structure",-6.03,-1.41,69.09,72.49,78.93,HIGH,309259810.0,NOT_AVAILABLE,NOT_AVAILABLE,,False,False,False,25.63,WATCH,WATCH
1051,EXCELINDUS,2026-08-28,1030.85,Bearish,29.59,27.55,-5,25,5/10,Medium,51.5,39.96,3.88,77.5,1034.53,995.43,983.2,-5.5472,-2.0092,0.11,0.83,1117.86,-7.78,2.24,0.324,-1.03,-5.34,1.7,4.52,0.42,60.37,1050.0,1034.55,1041.6,1126.55,1032.5,44.74,51.05,1.96,-1.63,0.18,14.08,10.53,1.89,-1.98,89.04,8,8,12,58.33,0.07,41.67,-1.11,25.0,-1.72,25.0,-0.45,41.67,0.53,NEGATIVE,23.82,NEGATIVE,No strong driver,"Momentum, Structure, VWAP",-5.81,-1.36,970.91,1016.86,1117.86,HIGH,76404212.0,NOT_AVAILABLE,NOT_AVAILABLE,,False,False,False,25.6,WATCH,WATCH
1052,SWELECTES,2026-08-28,589.9,Bearish,28.24,26.16,-6,20,6/10,Medium,38.71,23.09,3.92,16.67,618.26,624.81,635.06,-5.7456,0.0701,1.7,83.33,635.48,-7.17,4.22,0.069,-0.72,-3.12,-4.35,-0.74,-0.03,73.6,605.5,588.0,594.2,615.9,587.9,44.61,50.66,2.85,-2.38,0.37,25.53,12.89,2.47,-2.49,80.28,8,9,100,49.0,-0.34,41.0,-1.22,45.0,-1.57,44.0,-3.37,40.0,-5.39,MIXED,26.39,NEGATIVE,No strong driver,"Trend, Momentum, Structure",-5.87,-1.37,555.26,581.82,635.48,HIGH,22680901.0,NOT_AVAILABLE,NOT_AVAILABLE,,False,False,False,25.42,WATCH,WATCH
1053,XCHANGING,2026-08-28,61.38,Bearish,29.04,23.89,-4,30,5/10,Medium,37.19,1.74,2.83,2.5,63.14,64.08,69.35,-0.3753,0.0965,0.31,1.67,65.43,-6.19,1.5,0.125,0.15,0.21,-3.91,-7.17,-0.46,67.92,62.11,61.0,61.29,62.29,60.22,41.84,53.16,1.91,-1.55,0.32,15.26,6.45,1.89,-2.19,82.05,8,7,23,21.74,-0.8,26.09,-1.98,26.09,-2.04,30.43,-2.7,26.09,-3.68,NEGATIVE,15.82,NEGATIVE,Delivery,"Trend, Momentum, Structure",-4.24,-0.99,58.78,60.77,65.43,MODERATE,6483535.0,NOT_AVAILABLE,NOT_AVAILABLE,,False,False,False,25.33,WATCH,WATCH
1054,EPACKPEB,2026-08-28,225.65,Bearish,33.65,29.46,-5,25,6/10,Medium,41.6,11.59,5.13,5.0,236.49,237.78,222.13,-0.4818,-0.2258,0.23,5.83,250.48,-9.91,6.48,0.135,-3.55,-3.71,-1.76,-15.58,0.0,38.03,236.0,230.65,233.95,237.0,224.7,44.07,50.42,3.4,-2.68,0.38,25.85,11.44,2.51,-2.88,82.19,5,7,100,39.0,-0.15,46.0,-0.07,43.0,-0.49,35.0,-1.23,30.0,-2.38,NEGATIVE,35.42,NEGATIVE,Liquidity,"Trend, Momentum, Structure",-7.7,-1.8,208.27,221.59,250.48,VERY_HIGH,430986474.0,NOT_AVAILABLE,NOT_AVAILABLE,,False,False,False,25.29,WATCH,WATCH
1055,COROMANDEL,2026-08-28,1913.7,Bearish,26.87,24.49,-5,25,6/10,Medium,33.68,50.31,2.63,15.83,2003.76,2011.85,2055.84,-19.463,0.4754,0.86,54.17,2006.75,-4.64,2.48,0.079,-0.76,-4.13,-8.67,-7.71,0.13,52.77,1963.4,1923.1,1928.4,2028.8,1895.4,49.61,46.18,1.49,-1.41,0.1,5.39,4.21,1.54,-2.24,86.19,8,6,8,25.0,-0.98,37.5,-1.33,12.5,-3.13,37.5,-0.98,50.0,3.4,NEGATIVE,16.06,NEGATIVE,Liquidity,"Trend, Momentum, Structure",-3.94,-0.92,1838.24,1896.09,2006.75,MODERATE,270586663.0,NOT_AVAILABLE,NOT_AVAILABLE,,False,False,False,24.92,WATCH,WATCH
1056,OSWALPUMPS,2026-08-28,295.55,Neutral-Range,33.79,26.79,-2,40,5/10,Medium,33.5,10.65,3.6,1.67,311.28,341.23,418.37,2.4084,0.11,0.33,3.33,308.4,-4.17,1.52,0.091,-0.96,-1.35,-1.65,-10.21,-0.8,52.12,301.0,295.35,298.4,308.3,294.5,41.69,54.07,2.38,-2.21,0.36,20.52,7.49,2.05,-2.54,82.54,6,7,52,36.54,-0.33,28.85,-1.65,28.85,-3.22,32.69,-4.25,30.77,-5.46,NEGATIVE,16.54,NEGATIVE,Momentum + MACD + Liquidity,"Trend, Structure, VWAP",-3.6,3.6,284.9,306.2,298.4,HIGH,203591943.0,NOT_AVAILABLE,NOT_AVAILABLE,,False,False,False,24.81,WATCH,WATCH
1057,RKSWAMY,2026-08-28,93.82,Bearish,29.28,20.05,-6,20,6/10,Medium,38.77,3.9,4.15,6.67,97.41,98.93,108.96,-0.5522,0.0993,0.76,55.0,99.07,-5.3,2.46,0.067,-0.2,-1.71,-0.81,-8.37,0.05,78.64,94.5,93.0,94.01,97.39,92.72,43.51,52.53,2.02,-1.92,0.44,23.1,10.6,2.32,-2.01,90.26,8,8,39,43.59,0.12,46.15,0.18,46.15,0.01,25.64,-2.7,23.08,-3.63,MIXED,29.37,NEGATIVE,No strong driver,"Trend, Momentum, Structure",-6.23,-1.45,87.97,92.46,99.07,HIGH,5561275.0,NOT_AVAILABLE,NOT_AVAILABLE,,False,False,False,24.64,WATCH,WATCH
1058,STALLION,2026-08-28,213.55,Bearish,33.69,31.62,-4,30,5/10,Medium,38.93,12.61,5.91,47.5,231.03,221.99,188.86,-4.6509,0.0201,0.5,29.17,253.73,-15.83,4.27,0.047,-0.97,-6.44,-7.09,-17.9,0.16,,226.9,214.5,215.65,234.9,214.5,47.78,49.01,4.06,-3.48,-0.2,26.85,27.09,2.51,-3.51,66.01,7,8,11,45.45,-0.79,36.36,-0.71,27.27,0.04,36.36,-2.08,54.55,-0.31,MIXED,29.11,NEGATIVE,Liquidity,"Trend, Momentum, Structure",-8.86,-2.07,194.63,209.13,253.73,VERY_HIGH,263189852.0,NOT_AVAILABLE,NOT_AVAILABLE,,False,False,False,24.37,WATCH,WATCH
1059,HMAAGRO,2026-08-28,20.97,Bearish,34.18,23.62,-5,25,6/10,Medium,42.66,1.18,5.61,80.83,21.59,21.93,25.5,-0.1342,-0.0037,0.33,26.67,22.22,-5.62,2.39,0.086,0.33,-4.55,-13.49,2.19,0.81,50.33,21.32,20.8,20.9,22.4,20.8,41.97,52.63,1.68,-1.87,0.45,31.45,10.0,2.21,-3.34,92.54,7,8,18,27.78,-0.45,27.78,-0.07,44.44,0.72,22.22,-1.07,33.33,-1.35,MIXED,36.93,NEGATIVE,Delivery,"Trend, Momentum, Structure",-8.41,-1.96,19.21,20.56,22.22,VERY_HIGH,70575349.0,NOT_AVAILABLE,NOT_AVAILABLE,,False,False,False,24.07,WATCH,WATCH
1060,NGLFINE,2026-08-28,2813.4,Bearish,32.09,23.89,-6,20,6/10,Medium,35.64,174.56,6.2,34.17,3059.57,3058.55,2491.14,-51.0379,3.0196,0.45,24.17,3086.22,-8.84,3.36,0.038,-3.02,-4.56,-18.55,-13.71,-0.13,58.3,2964.0,2830.6,2901.1,3051.0,2782.2,44.47,50.79,2.54,-2.04,0.4,30.0,15.0,2.28,-2.32,90.38,6,15,14,42.86,0.37,42.86,-0.06,35.71,-0.62,35.71,-0.03,35.71,0.66,NEGATIVE,37.4,NEGATIVE,No strong driver,"Trend, Momentum, Structure",-9.31,-2.17,2551.55,2752.3,3086.22,VERY_HIGH,50972963.0,NOT_AVAILABLE,NOT_AVAILABLE,,False,False,False,23.64,WATCH,WATCH
1061,CENTRUM,2026-08-28,23.05,Bearish,29.15,16.76,-6,20,6/10,Medium,42.08,1.04,4.51,15.83,23.86,23.92,25.7,-0.2204,0.0158,0.33,23.33,24.82,-7.12,1.34,0.031,-0.17,-0.99,-10.55,-2.87,0.87,61.14,23.39,22.92,23.09,23.9,22.91,39.74,54.47,2.93,-2.05,0.33,23.55,11.32,2.15,-2.11,92.08,10,8,17,47.06,1.11,35.29,0.79,23.53,0.42,23.53,-1.04,23.53,-4.24,MIXED,28.99,NEGATIVE,No strong driver,"Trend, Momentum, Structure",-6.77,-1.58,21.49,22.69,24.82,HIGH,10552797.0,NOT_AVAILABLE,NOT_AVAILABLE,,False,False,False,23.52,WATCH,WATCH
1062,FINOPB,2026-08-28,141.57,Bearish,27.39,22.23,-6,20,6/10,Medium,37.53,6.19,4.38,0.83,150.56,151.34,177.28,-1.5398,0.0406,0.3,30.0,154.6,-8.43,2.23,0.023,-1.04,-2.99,-5.77,-11.01,-1.41,39.5,148.39,142.0,143.06,151.82,142.0,41.97,53.42,2.56,-2.13,0.3,17.89,6.97,1.96,-2.46,86.33,8,8,29,37.93,-0.21,44.83,-3.03,41.38,-2.19,41.38,-4.58,34.48,-6.28,NEGATIVE,23.97,NEGATIVE,No strong driver,"Trend, Momentum, Structure",-6.56,-1.53,132.28,139.4,154.6,HIGH,56605699.0,NOT_AVAILABLE,NOT_AVAILABLE,,False,False,False,23.38,WATCH,WATCH
1063,OMINFRAL,2026-08-28,83.01,Bearish,29.06,20.76,-5,25,5/10,Medium,39.66,3.07,3.69,1.67,85.42,86.87,92.97,-0.3685,0.0611,1.09,80.0,86.47,-4.0,3.84,0.163,-0.35,-1.33,-2.39,-7.09,-0.36,47.48,84.0,81.5,83.3,86.4,81.06,44.61,50.92,2.51,-2.07,0.46,33.95,17.63,2.3,-2.27,74.38,10,7,10,20.0,-0.21,20.0,-1.81,20.0,-1.24,30.0,-1.31,30.0,-1.12,NEGATIVE,22.3,NEGATIVE,No strong driver,"Trend, Momentum, Structure",-5.54,-1.29,78.41,81.94,86.47,HIGH,6862660.0,NOT_AVAILABLE,NOT_AVAILABLE,,False,False,False,23.02,WATCH,WATCH
1064,RPPINFRA,2026-08-28,53.83,Bearish,27.9,18.81,-6,20,6/10,Medium,29.38,2.56,4.75,24.17,58.27,61.14,78.73,-0.1299,-0.207,0.6,40.0,58.36,-7.76,7.47,0.025,-6.43,-6.61,-9.76,-10.52,-0.05,58.96,58.1,56.63,57.53,60.2,56.63,41.58,53.42,2.84,-2.17,0.47,34.08,16.58,2.32,-2.31,72.15,7,9,20,45.0,-0.04,35.0,-0.17,35.0,-0.76,30.0,-2.32,25.0,-3.45,NEGATIVE,25.43,NEGATIVE,No strong driver,"Trend, Momentum, Structure",-7.13,-1.66,49.99,52.94,58.36,HIGH,22296819.0,NOT_AVAILABLE,NOT_AVAILABLE,,False,False,False,22.87,WATCH,WATCH
1065,BAJAJELEC,2026-08-28,332.75,Bearish,27.68,24.87,-5,25,6/10,Medium,41.31,11.99,3.6,42.5,345.59,343.39,395.28,-3.776,-0.2012,0.13,4.17,372.64,-10.71,2.46,0.04,-0.61,-5.37,-8.18,-0.05,0.33,45.45,342.6,333.7,334.8,356.2,332.65,44.87,50.66,1.3,-1.42,0.25,11.45,4.87,1.86,-2.09,88.29,9,8,9,44.44,-0.21,55.56,-0.84,44.44,-1.43,22.22,-3.56,11.11,-6.45,NEGATIVE,18.37,NEGATIVE,Liquidity,"Trend, Momentum, Structure",-5.41,-1.26,314.76,328.55,372.64,HIGH,365820464.0,NOT_AVAILABLE,NOT_AVAILABLE,,False,False,False,22.86,WATCH,WATCH
1066,SERVOTECH,2026-08-28,80.97,Neutral-Range,30.86,23.37,-3,35,5/10,Medium,31.42,2.49,3.07,0.83,84.07,88.66,93.15,0.314,0.0168,0.57,40.0,83.81,-3.39,1.49,0.065,-0.18,-1.8,-2.19,-5.72,0.04,52.83,82.5,80.81,81.12,83.95,80.81,41.05,54.34,2.77,-1.99,0.58,33.82,10.26,2.51,-3.53,82.9,6,9,100,34.0,-0.21,30.0,-1.14,28.0,-2.3,28.0,-4.75,26.0,-5.86,NEGATIVE,14.6,NEGATIVE,Momentum + MACD,"Trend, Structure, VWAP",-3.07,3.07,78.48,83.46,81.12,HIGH,31181359.0,NOT_AVAILABLE,NOT_AVAILABLE,,False,False,False,22.42,WATCH,WATCH
1067,JASH,2026-08-28,478.3,Bearish,23.74,23.74,-7,15,7/10,Medium,43.98,15.9,3.32,0.83,488.02,487.71,477.36,-0.3043,-0.0472,0.46,24.17,491.31,-2.65,2.25,0.223,-1.31,1.23,-2.4,-5.2,0.69,68.01,492.2,480.0,484.65,492.2,466.35,45.39,50.39,2.21,-1.98,0.2,20.13,11.45,2.14,-3.01,90.51,6,8,16,56.25,0.51,43.75,-0.98,31.25,-1.47,31.25,-2.76,31.25,-2.13,NEGATIVE,19.96,NEGATIVE,No strong driver,"Trend, Momentum, Structure",-4.99,-1.16,454.45,472.73,492.2,HIGH,47711780.0,NOT_AVAILABLE,NOT_AVAILABLE,,True,False,False,21.73,INTRADAY,WATCH
1068,RAYMONDREL,2026-08-28,557.05,Bearish,25.99,25.11,-5,25,6/10,Medium,33.69,23.0,4.13,5.0,597.56,613.08,587.24,-2.6274,-0.0921,0.5,38.33,612.62,-9.07,3.37,0.032,-1.48,-3.44,-3.59,-13.38,0.0,44.09,578.35,560.2,565.4,599.0,560.2,39.33,56.33,2.9,-2.25,0.2,20.0,11.33,2.09,-2.65,80.96,6,13,17,41.18,-0.66,23.53,-2.32,23.53,-4.71,29.41,-5.69,47.06,-1.79,NEGATIVE,13.53,NEGATIVE,Liquidity,"Trend, Momentum, Structure",-6.19,-1.45,522.55,549.0,612.62,HIGH,201960430.0,NOT_AVAILABLE,NOT_AVAILABLE,,False,False,False,21.21,WATCH,WATCH
1069,RAILTEL,2026-08-28,278.9,Bearish,26.43,18.42,-4,30,5/10,Medium,40.43,6.8,2.44,5.83,284.68,293.13,315.4,0.1862,-0.0503,0.32,14.17,286.48,-2.65,1.61,0.173,-0.05,-2.91,-1.15,-1.97,-0.02,31.55,282.3,278.5,279.05,291.75,278.5,45.53,50.13,2.44,-2.06,0.31,13.55,6.71,2.29,-2.44,70.11,7,9,8,25.0,-0.36,37.5,-0.76,37.5,-0.66,0.0,-4.28,12.5,-6.31,NEGATIVE,8.36,NEGATIVE,Liquidity,"Trend, Momentum, Structure",-3.66,-0.85,268.7,276.52,286.48,MODERATE,329810255.0,NOT_AVAILABLE,NOT_AVAILABLE,,False,False,False,21.04,WATCH,WATCH
1070,SIYSIL,2026-08-28,567.55,Bearish,25.82,24.46,-5,25,5/10,Medium,34.08,20.65,3.64,26.67,606.3,613.16,609.12,-7.8544,0.1456,0.34,5.0,619.12,-8.33,1.57,0.065,0.49,-6.4,-10.96,-5.77,-0.66,38.76,574.15,561.55,564.8,645.5,561.55,42.89,52.76,2.15,-1.69,0.25,12.63,6.45,2.18,-2.47,82.72,8,7,31,25.81,-1.32,16.13,-2.59,19.35,-3.02,32.26,-2.64,29.03,-3.26,NEGATIVE,13.06,NEGATIVE,No strong driver,"Trend, Momentum, Structure",-5.46,-1.27,536.58,560.32,619.12,HIGH,42407064.0,NOT_AVAILABLE,NOT_AVAILABLE,,False,False,False,20.85,WATCH,WATCH
1071,SUYOG,2026-08-28,745.3,Bearish,24.99,21.79,-6,20,6/10,Medium,33.48,36.06,4.84,30.83,792.08,809.16,785.75,-6.6709,0.9732,0.63,38.33,799.75,-6.81,4.69,0.12,-2.56,-0.47,-10.39,-13.96,0.22,50.84,769.1,750.0,764.85,777.65,725.5,42.36,54.16,2.38,-2.03,0.32,27.66,13.73,1.92,-2.08,83.23,8,8,19,36.84,-0.29,31.58,-1.95,36.84,-1.92,26.32,-8.79,21.05,-12.36,NEGATIVE,17.11,NEGATIVE,No strong driver,"Trend, Momentum, Structure",-7.26,-1.69,691.22,732.68,799.75,HIGH,22167515.0,NOT_AVAILABLE,NOT_AVAILABLE,,False,False,False,20.81,WATCH,WATCH
1072,TINNARUBR,2026-08-28,996.1,Bearish,26.3,22.29,-5,25,6/10,Medium,40.5,46.34,4.65,15.83,1046.52,1013.82,885.17,-14.2202,0.405,0.42,22.5,1078.53,-7.64,2.07,0.065,-0.23,-3.75,-8.59,-10.62,1.0,57.53,1027.8,984.1,998.4,1059.0,984.1,43.59,52.71,2.15,-1.72,0.51,31.91,7.12,1.86,-2.26,90.86,6,8,9,55.56,-0.14,44.44,-1.66,22.22,-2.32,33.33,-3.93,22.22,-6.61,NEGATIVE,14.44,NEGATIVE,Gap,"Trend, Momentum, Structure",-6.98,-1.63,926.59,979.88,1078.53,HIGH,58018300.0,NOT_AVAILABLE,NOT_AVAILABLE,,False,False,False,20.69,WATCH,WATCH
1073,NACLIND,2026-08-28,171.63,Bearish,26.1,22.08,-5,25,6/10,Medium,41.48,8.18,4.77,0.83,178.17,183.47,175.95,1.0573,-0.2406,0.42,39.17,176.08,-2.53,2.96,0.231,-1.81,0.98,3.06,-9.16,0.0,56.85,179.28,174.1,174.8,185.41,168.1,43.42,51.45,2.98,-2.2,0.32,27.63,14.47,2.19,-2.53,83.56,15,8,26,11.54,-1.19,11.54,-3.28,23.08,-3.05,30.77,-2.37,23.08,-0.45,NEGATIVE,13.85,NEGATIVE,Liquidity,"Trend, Momentum, Structure",-7.15,-1.67,159.36,168.77,179.28,HIGH,101281383.0,NOT_AVAILABLE,NOT_AVAILABLE,,False,False,False,20.42,WATCH,WATCH
1074,ECOSMOBLTY,2026-08-28,113.39,Bearish,26.0,16.47,-6,20,6/10,Medium,35.41,4.74,4.18,3.33,118.59,125.14,157.07,-0.4909,0.3387,0.39,30.83,118.48,-4.29,1.84,0.2,-0.61,3.25,-5.71,-15.68,-1.13,,115.0,112.2,114.09,115.0,107.3,39.72,56.72,2.8,-2.33,0.28,21.54,10.08,1.91,-2.35,88.86,6,16,28,32.14,0.0,32.14,-0.11,32.14,-0.92,21.43,-2.52,25.0,-2.75,NEGATIVE,19.99,NEGATIVE,No strong driver,"Trend, Momentum, Structure",-6.27,-1.46,106.28,111.73,118.48,HIGH,8457960.0,NOT_AVAILABLE,NOT_AVAILABLE,,False,False,False,20.24,WATCH,WATCH
1075,NETWORK18,2026-08-28,28.8,Bearish,26.3,20.77,-5,25,6/10,Medium,43.26,1.04,3.6,25.0,29.56,30.23,35.64,0.0853,-0.0823,0.85,51.67,29.91,-3.71,3.29,0.256,-1.17,-3.55,-0.72,-2.21,0.72,51.77,30.45,28.98,29.14,31.68,28.98,41.84,53.16,2.31,-1.96,0.25,13.55,7.24,1.97,-2.32,79.42,7,9,9,33.33,-0.45,33.33,-1.1,11.11,-3.11,44.44,-2.88,33.33,-2.77,NEGATIVE,14.44,NEGATIVE,Liquidity,"Trend, Momentum, Structure",-5.4,-1.26,27.25,28.44,30.45,HIGH,162965711.0,NOT_AVAILABLE,NOT_AVAILABLE,,False,False,False,20.23,WATCH,WATCH
1076,SARLAPOLY,2026-08-28,98.76,Bearish,22.74,22.04,-7,15,7/10,Medium,44.65,3.1,3.14,2.5,100.29,99.74,94.91,-0.1318,-0.0863,0.42,18.33,101.16,-2.37,4.46,0.116,-1.64,0.89,-2.4,-0.11,0.0,74.37,101.49,99.9,100.41,102.0,97.15,44.61,50.66,2.67,-2.09,0.4,27.24,10.39,2.01,-2.33,88.45,6,8,19,36.84,-0.9,26.32,-2.71,26.32,-4.03,36.84,-4.82,21.05,-7.64,NEGATIVE,17.11,NEGATIVE,No strong driver,"Trend, Momentum, Structure",-4.71,-1.1,94.11,97.68,101.49,HIGH,5967872.0,NOT_AVAILABLE,NOT_AVAILABLE,,True,False,False,20.21,INTRADAY,WATCH
1077,MOIL,2026-08-28,258.25,Bearish,27.04,17.72,-5,25,6/10,Medium,40.71,7.78,3.01,40.0,265.85,274.19,301.2,-0.7062,0.1691,0.71,56.67,267.03,-3.29,2.09,0.179,-1.03,2.14,-5.8,-8.11,0.0,50.47,268.4,260.1,260.95,270.0,251.45,44.21,51.58,2.32,-1.88,0.28,13.03,6.97,2.15,-2.45,76.72,6,9,11,45.45,0.46,45.45,0.57,36.36,-0.6,9.09,-2.99,18.18,-3.61,NEGATIVE,16.55,NEGATIVE,Liquidity,"Trend, Momentum, Structure",-4.52,-1.05,246.58,255.53,268.4,HIGH,231701142.0,NOT_AVAILABLE,NOT_AVAILABLE,,False,False,False,20.07,WATCH,WATCH
1078,TTKPRESTIG,2026-08-28,593.7,Bearish,24.68,19.1,-6,20,6/10,Medium,43.77,19.15,3.22,1.67,606.05,604.89,587.27,0.2333,-0.0927,0.41,62.5,609.34,-2.57,3.12,0.183,-2.17,0.35,-0.37,-7.47,0.0,52.48,614.4,603.85,606.9,614.7,581.5,45.79,49.74,1.33,-1.27,0.11,8.42,5.66,1.62,-1.77,86.0,7,10,20,50.0,-0.34,25.0,-0.56,20.0,-0.93,20.0,-2.26,10.0,-2.59,NEGATIVE,16.24,NEGATIVE,No strong driver,"Trend, Momentum, Structure",-4.84,-1.13,564.98,587.0,614.4,HIGH,46840523.0,NOT_AVAILABLE,NOT_AVAILABLE,,False,False,False,19.69,WATCH,WATCH
1079,KALPATARU,2026-08-28,276.45,Bearish,26.1,19.5,-5,25,6/10,Medium,43.67,9.81,3.55,0.83,282.27,290.0,320.81,-0.5208,-0.0423,0.83,77.5,284.27,-2.75,2.12,0.171,0.84,-2.47,-3.42,-7.18,0.31,72.8,280.65,272.95,274.15,294.2,272.95,40.0,55.67,1.8,-1.52,0.29,22.33,11.0,2.08,-1.99,89.22,5,8,40,37.5,-0.34,32.5,-0.63,30.0,-1.66,22.5,-3.22,27.5,-3.88,NEGATIVE,13.86,NEGATIVE,Delivery,"Trend, Momentum, Structure",-5.32,-1.24,261.73,273.02,284.27,HIGH,18794391.0,NOT_AVAILABLE,NOT_AVAILABLE,,False,False,False,19.64,WATCH,WATCH
1080,ENRIN,2026-08-28,3242.6,Bearish,23.17,23.64,-6,20,7/10,Medium,38.48,114.01,3.52,15.0,3406.59,3413.3,3207.16,-29.0854,-5.7794,0.31,4.17,3532.92,-8.22,1.93,0.111,-0.42,-5.62,-8.31,0.37,0.33,55.25,3341.0,3236.0,3256.4,3526.0,3236.0,43.83,51.62,2.01,-1.55,0.19,11.04,6.49,1.94,-2.43,80.47,6,6,18,27.78,-0.43,27.78,-1.28,16.67,-2.38,27.78,-2.28,44.44,-1.17,NEGATIVE,11.92,NEGATIVE,Liquidity,"Trend, Momentum, Structure",-5.27,-1.23,3071.59,3202.7,3532.92,HIGH,2858750774.0,NOT_AVAILABLE,NOT_AVAILABLE,,True,False,False,19.52,INTRADAY,WATCH
1081,CPCAP,2026-08-28,114.16,Bearish,29.96,27.87,-4,30,5/10,Medium,45.67,6.74,5.91,73.33,118.75,113.82,118.04,-1.823,-0.1271,0.34,22.5,126.99,-10.1,4.6,0.156,1.27,-5.9,-9.8,3.72,0.0,59.37,118.66,112.0,112.73,126.43,112.0,42.12,54.08,1.93,-1.99,0.42,34.24,16.3,2.16,-2.43,92.43,11,9,100,44.0,-0.26,38.0,-1.59,33.0,-2.35,34.0,-4.87,35.0,-5.79,NEGATIVE,18.45,NEGATIVE,Delivery,"Trend, Momentum, Structure",-8.86,-2.07,104.04,111.8,126.99,VERY_HIGH,5339418.0,NOT_AVAILABLE,NOT_AVAILABLE,,False,False,False,19.46,WATCH,WATCH
1082,QUICKHEAL,2026-08-28,138.73,Bearish,26.18,18.56,-5,25,5/10,Medium,30.04,5.19,3.74,1.67,146.25,156.08,198.34,-0.315,0.1373,0.73,53.33,146.99,-5.62,2.85,0.148,1.19,-2.9,-6.95,-9.26,-0.24,,141.4,134.2,137.1,143.99,134.2,42.24,53.55,2.8,-2.22,0.3,18.95,9.74,2.02,-2.28,86.96,5,8,33,33.33,-0.51,36.36,-1.29,30.3,-2.74,24.24,-5.78,18.18,-8.34,NEGATIVE,14.09,NEGATIVE,No strong driver,"Trend, Momentum, Structure",-5.61,-1.31,130.95,136.91,146.99,HIGH,7038087.0,NOT_AVAILABLE,NOT_AVAILABLE,,False,False,False,19.44,WATCH,WATCH
1083,VASCONEQ,2026-08-28,30.98,Bearish,26.91,21.19,-4,30,5/10,Medium,43.13,1.17,3.76,11.67,31.62,32.58,38.1,-0.0323,0.0189,0.47,22.5,32.26,-3.96,1.43,0.194,0.65,-2.7,-2.64,-3.04,0.32,67.98,31.5,30.66,30.78,32.51,30.66,43.68,51.32,2.66,-2.31,0.25,16.05,9.47,2.23,-2.64,81.69,9,9,19,26.32,-0.71,21.05,-1.92,26.32,-2.67,15.79,-4.82,42.11,-3.0,NEGATIVE,9.74,NEGATIVE,Delivery,"Trend, Momentum, Structure",-5.64,-1.32,29.23,30.57,32.26,HIGH,14540621.0,NOT_AVAILABLE,NOT_AVAILABLE,,False,False,False,19.36,WATCH,WATCH
1084,HONDAPOWER,2026-08-28,2058.6,Bearish,20.72,14.95,-7,15,7/10,Medium,38.45,46.23,2.25,2.5,2089.74,2119.97,2239.89,-2.6313,-0.2323,0.62,35.83,2099.88,-1.97,1.53,0.057,-0.47,-0.47,-4.25,-1.69,-0.38,58.51,2090.0,2060.0,2068.3,2118.0,2052.1,46.58,49.21,1.59,-1.53,0.29,16.97,6.45,2.0,-2.52,86.89,10,7,15,40.0,-0.65,26.67,-1.6,33.33,-1.16,13.33,-4.08,13.33,-4.29,NEGATIVE,11.33,NEGATIVE,No strong driver,"Trend, Momentum, Structure",-3.37,-0.79,1989.25,2042.42,2099.88,MODERATE,8525703.0,NOT_AVAILABLE,NOT_AVAILABLE,,True,False,False,19.03,INTRADAY,WATCH
1085,TATAINVEST,2026-08-28,638.75,Bearish,25.29,15.27,-4,30,5/10,Medium,35.9,13.98,2.19,3.33,655.69,663.76,1304.57,-2.7985,0.1007,0.72,65.0,678.85,-5.91,2.93,0.022,-0.52,-1.42,-4.28,-5.99,0.3,32.55,648.7,637.0,642.1,653.5,637.0,45.0,50.66,2.07,-1.76,0.16,14.74,6.58,2.23,-4.92,76.57,8,10,40,22.5,-0.39,27.5,-1.41,17.5,-1.81,7.5,-2.85,5.0,-3.93,NEGATIVE,5.11,NEGATIVE,Liquidity,"Trend, Momentum, Structure",-3.28,-0.77,617.79,633.86,678.85,MODERATE,258154276.0,NOT_AVAILABLE,NOT_AVAILABLE,,False,False,False,18.95,WATCH,WATCH
1086,TVSELECT,2026-08-28,437.4,Bearish,23.38,20.97,-6,20,6/10,Medium,32.52,14.55,3.33,0.83,456.66,470.32,459.71,-1.0143,0.2973,0.49,47.5,473.63,-7.65,1.97,0.057,-1.28,-0.95,-3.13,-10.61,0.21,63.5,448.0,438.2,443.05,450.0,431.7,43.16,52.11,2.44,-1.88,0.18,15.66,10.79,1.92,-2.06,76.2,10,10,22,40.91,-0.09,31.82,-1.33,31.82,-2.98,18.18,-4.23,18.18,-5.79,NEGATIVE,12.5,NEGATIVE,No strong driver,"Trend, Momentum, Structure",-4.99,-1.16,415.57,432.31,473.63,HIGH,26292055.0,NOT_AVAILABLE,NOT_AVAILABLE,,True,False,False,18.93,INTRADAY,WATCH
1087,DBCORP,2026-08-28,202.57,Bearish,20.04,15.29,-7,15,7/10,Medium,36.71,4.74,2.34,2.5,207.36,207.62,220.84,-0.9684,-0.0696,0.48,42.5,209.08,-3.11,1.99,0.048,-1.27,-1.6,-4.21,-3.05,0.4,67.33,205.92,202.21,205.17,209.53,202.21,47.11,48.55,1.85,-1.76,0.19,17.37,11.58,1.83,-1.87,88.36,9,7,17,35.29,-1.27,29.41,-1.03,23.53,-2.06,17.65,-4.03,23.53,-6.37,NEGATIVE,9.41,NEGATIVE,No strong driver,"Trend, Momentum, Structure",-3.51,-0.82,195.46,200.91,209.08,MODERATE,17941648.0,NOT_AVAILABLE,NOT_AVAILABLE,,True,False,False,18.45,INTRADAY,WATCH
1088,STANLEY,2026-08-28,137.39,Bearish,24.01,16.34,-6,20,6/10,Medium,38.41,4.91,3.57,8.33,141.55,146.64,177.99,-0.0985,0.2074,0.44,24.17,140.84,-2.45,1.43,0.154,-0.43,-0.36,0.86,-12.51,0.72,74.64,140.79,136.0,137.98,141.77,134.2,41.16,55.23,1.91,-1.77,0.39,23.47,8.66,1.88,-1.89,87.43,8,7,29,44.83,-0.13,27.59,-1.62,34.48,-2.32,20.69,-5.31,13.79,-6.01,NEGATIVE,14.31,NEGATIVE,No strong driver,"Trend, Momentum, Structure",-5.36,-1.25,130.02,135.67,140.84,HIGH,17418539.0,NOT_AVAILABLE,NOT_AVAILABLE,,True,False,False,18.18,INTRADAY,WATCH
1089,PPAP,2026-08-28,259.25,Bearish,27.68,25.84,-5,25,5/10,Medium,39.36,13.85,5.34,46.67,276.06,272.36,240.88,-3.8933,0.307,0.63,65.0,290.79,-10.85,3.84,0.055,-0.46,-4.27,-11.19,-7.97,0.98,,267.0,256.3,260.45,277.85,255.3,43.29,52.5,2.43,-1.93,0.46,31.18,12.89,2.13,-2.15,86.29,6,8,23,30.43,-0.6,39.13,-0.59,21.74,-1.45,30.43,-2.27,47.83,-1.3,NEGATIVE,18.38,NEGATIVE,No strong driver,"Trend, Momentum, Structure",-8.01,-1.87,238.47,254.4,290.79,VERY_HIGH,5375050.0,NOT_AVAILABLE,NOT_AVAILABLE,,False,False,False,18.15,WATCH,WATCH
1090,RELINFRA,2026-08-28,60.6,Bearish,26.18,14.14,-5,25,5/10,Medium,37.21,2.45,4.05,0.83,65.44,73.69,143.92,-0.2682,0.0393,0.41,34.17,69.3,-12.55,2.53,0.03,-1.7,-4.05,-9.71,0.93,-0.08,,61.97,60.11,61.65,64.42,60.11,44.06,51.88,3.1,-2.79,0.02,22.75,18.55,2.36,-3.3,72.97,8,9,22,36.36,-1.64,31.82,-1.78,31.82,-1.36,22.73,-6.97,0.0,-13.01,NEGATIVE,14.09,NEGATIVE,No strong driver,"Trend, Momentum, Structure",-6.08,-1.42,56.92,59.74,69.3,HIGH,30165419.0,NOT_AVAILABLE,NOT_AVAILABLE,,False,False,False,18.12,WATCH,WATCH
1091,RPOWER,2026-08-28,22.45,Bearish,26.51,16.46,-4,30,5/10,Medium,39.8,0.7,3.1,4.17,23.1,24.04,28.73,0.0249,-0.0082,0.52,19.17,23.35,-3.85,2.16,0.248,-1.14,-4.26,-2.31,-4.1,0.48,42.84,22.93,22.6,22.71,23.8,22.07,43.95,50.66,2.89,-2.36,0.26,23.42,13.55,2.42,-3.09,75.95,14,8,18,22.22,-1.45,22.22,-4.01,22.22,-5.04,16.67,-6.87,11.11,-8.71,NEGATIVE,8.61,NEGATIVE,Liquidity,"Trend, Momentum, Structure",-4.65,-1.08,21.41,22.21,23.35,HIGH,491518077.0,NOT_AVAILABLE,NOT_AVAILABLE,,False,False,False,17.54,WATCH,WATCH
1092,SULA,2026-08-28,147.58,Bearish,24.35,13.37,-4,30,5/10,Medium,42.38,4.2,2.85,33.33,150.13,153.45,181.45,-0.41,0.2376,0.42,10.83,156.25,-5.55,1.69,0.132,0.45,2.1,-1.57,-13.55,0.2,57.08,149.8,146.5,146.92,149.8,143.5,40.39,54.87,1.51,-1.36,0.25,10.66,5.26,1.96,-2.53,83.6,7,13,16,31.25,-0.25,12.5,-0.89,18.75,-1.59,0.0,-3.19,0.0,-3.26,NEGATIVE,2.44,NEGATIVE,Delivery,"Trend, Momentum, Structure",-4.27,-1.0,141.28,146.11,156.25,MODERATE,63725471.0,NOT_AVAILABLE,NOT_AVAILABLE,,False,False,False,17.43,WATCH,WATCH
1093,PNCINFRA,2026-08-28,195.22,Bearish,26.24,16.34,-4,30,5/10,Medium,26.84,7.44,3.81,53.33,214.31,221.9,231.03,-2.2422,0.0477,0.47,23.33,220.98,-11.66,3.02,0.018,-1.57,-5.58,-10.42,-20.68,0.84,50.97,203.0,197.37,198.34,210.85,197.37,43.42,52.11,1.83,-1.62,0.29,13.82,7.24,2.53,-2.3,78.85,8,12,30,40.0,-0.41,36.67,-0.37,26.67,-1.87,10.0,-3.76,13.33,-4.43,NEGATIVE,7.83,NEGATIVE,Liquidity,"Trend, Momentum, Structure",-5.71,-1.33,184.07,192.62,220.98,HIGH,168375427.0,NOT_AVAILABLE,NOT_AVAILABLE,,False,False,False,17.23,WATCH,WATCH
1094,RSWM,2026-08-28,196.0,Bearish,24.4,16.97,-5,25,5/10,Medium,42.96,8.42,4.3,43.33,202.23,200.56,177.36,-1.0555,0.08,0.16,9.17,215.44,-9.02,1.86,0.106,-0.85,-4.31,-1.56,-8.65,0.5,,200.0,196.0,197.69,209.0,191.0,42.76,52.63,2.2,-1.73,0.2,18.03,9.34,1.77,-2.06,86.29,7,9,25,36.0,-0.44,28.0,-0.83,28.0,-1.39,12.0,-4.7,4.0,-6.09,NEGATIVE,9.0,NEGATIVE,No strong driver,"Trend, Momentum, Structure",-6.44,-1.5,183.37,193.05,215.44,HIGH,14479531.0,NOT_AVAILABLE,NOT_AVAILABLE,,False,False,False,17.16,WATCH,WATCH
1095,INDOFARM,2026-08-28,138.85,Bearish,26.65,14.52,-4,30,5/10,Medium,38.99,5.8,4.18,1.67,144.8,147.12,157.32,-0.8998,0.2399,0.42,22.5,149.3,-7.0,2.02,0.096,0.44,-2.05,-4.75,-13.88,1.35,49.67,143.29,138.0,138.24,145.47,137.67,42.34,54.07,2.76,-2.36,0.32,22.73,11.72,2.03,-2.12,70.94,9,9,10,40.0,0.14,30.0,0.33,20.0,-1.29,20.0,-4.26,10.0,-7.37,NEGATIVE,9.0,NEGATIVE,Gap,"Trend, Momentum, Structure",-6.27,-1.46,130.14,136.82,149.3,HIGH,21852389.0,NOT_AVAILABLE,NOT_AVAILABLE,,False,False,False,17.1,WATCH,WATCH
1096,INDOTHAI,2026-08-28,46.18,Neutral-Range,32.38,21.21,-2,40,5/10,Medium,5.37,6.93,15.0,100.0,88.68,146.3,303.01,0.7268,0.6358,0.16,14.17,62.92,-26.6,0.0,0.0,-5.0,-22.59,-40.09,-78.36,-5.0,100.0,48.61,48.61,48.61,59.66,48.61,46.84,48.42,2.56,-2.43,0.2,34.34,21.45,2.66,-3.42,78.61,21,21,10,40.0,-0.12,30.0,-1.69,20.0,-3.54,30.0,-4.19,50.0,0.42,NEGATIVE,12.5,NEGATIVE,Momentum + MACD + Liquidity,"Trend, Structure, VWAP",-15.0,15.0,39.25,53.11,48.61,VERY_HIGH,110912685.0,NOT_AVAILABLE,NOT_AVAILABLE,,False,False,False,16.7,WATCH,WATCH
1097,JKTYRE,2026-08-28,380.25,Bearish,23.5,13.46,-4,30,5/10,Medium,43.35,8.53,2.24,0.83,385.71,392.47,410.05,-0.1823,0.2613,0.38,9.17,393.42,-3.35,1.31,0.17,0.4,1.48,-1.0,-4.88,0.84,35.11,384.0,377.3,378.75,386.85,371.7,46.97,48.68,1.83,-1.61,0.28,13.29,6.71,2.17,-2.49,76.81,9,6,9,33.33,-0.67,22.22,-2.76,11.11,-4.54,0.0,-6.75,11.11,-7.38,NEGATIVE,0.0,NEGATIVE,Liquidity,"Trend, Momentum, Structure",-3.37,-0.79,367.45,377.26,393.42,MODERATE,315600314.0,NOT_AVAILABLE,NOT_AVAILABLE,,True,False,False,16.59,INTRADAY,WATCH
1098,MUFTI,2026-08-28,75.92,Bearish,19.2,14.74,-8,10,8/10,Medium,37.07,2.89,3.81,21.67,79.3,81.81,91.11,-0.1209,-0.0309,0.61,42.5,80.75,-5.98,2.12,0.066,-2.55,-1.21,-2.92,-6.87,-1.26,65.63,79.04,77.5,77.91,79.17,75.0,39.65,56.56,2.22,-1.85,0.28,17.49,7.43,1.9,-2.41,84.41,7,8,19,26.32,-1.1,31.58,-0.88,26.32,-1.87,21.05,-2.67,36.84,-3.9,NEGATIVE,13.42,NEGATIVE,No strong driver,"Trend, Momentum, Structure",-5.71,-1.33,71.58,74.91,80.75,HIGH,10415748.0,NOT_AVAILABLE,NOT_AVAILABLE,,True,False,False,16.04,INTRADAY,WATCH
1099,TRAVELFOOD,2026-08-28,1297.7,Bearish,20.31,19.45,-6,20,7/10,Medium,44.12,50.12,3.86,70.83,1326.25,1314.92,1255.83,-7.8864,-0.0374,0.38,26.67,1383.44,-6.2,3.49,0.092,-2.71,-0.73,-4.92,-0.4,-0.07,52.97,1416.5,1287.8,1333.9,1416.5,1280.2,47.42,47.77,1.59,-1.4,-0.06,7.9,9.97,2.19,-1.87,89.01,5,9,12,50.0,0.14,33.33,-1.79,8.33,-2.96,16.67,-5.89,41.67,-0.43,NEGATIVE,3.75,NEGATIVE,Liquidity,"Trend, Momentum, Structure",-5.79,-1.35,1222.51,1280.16,1416.5,HIGH,199779754.0,NOT_AVAILABLE,NOT_AVAILABLE,,True,False,False,15.37,INTRADAY,WATCH
1100,ZODIAC,2026-08-28,247.25,Bearish,27.88,16.71,-4,30,5/10,Medium,44.85,14.26,5.77,50.83,251.32,259.34,292.27,-0.0088,0.0421,0.49,25.0,256.01,-3.42,3.48,0.191,0.59,-0.24,-7.36,-1.75,-0.33,55.22,256.1,242.1,245.8,263.95,242.1,42.24,53.16,2.82,-2.0,0.57,38.68,22.37,2.8,-2.34,65.96,18,8,8,25.0,-0.23,50.0,-0.52,25.0,-3.32,25.0,-4.61,12.5,-7.22,NEGATIVE,12.5,NEGATIVE,Delivery,"Trend, Momentum, Structure",-8.65,-2.02,225.85,242.26,256.1,VERY_HIGH,5930530.0,NOT_AVAILABLE,NOT_AVAILABLE,,False,False,False,14.0,WATCH,WATCH
1101,HLEGLAS,2026-08-28,313.3,Bearish,26.12,15.85,-5,25,6/10,Medium,33.92,17.51,5.59,75.83,345.67,367.68,376.65,-3.2846,1.3643,0.09,5.0,373.77,-16.18,1.21,0.054,-0.49,-1.79,-4.39,-26.61,0.37,50.14,316.0,312.0,314.85,324.0,310.2,41.18,54.34,2.3,-1.82,0.29,15.92,7.5,2.11,-2.5,85.32,8,9,37,43.24,-0.31,32.43,-1.32,35.14,-2.48,18.92,-4.78,13.51,-6.59,NEGATIVE,13.92,NEGATIVE,Liquidity,"Trend, Momentum, Structure",-8.38,-1.96,287.03,307.17,373.77,VERY_HIGH,166613157.0,NOT_AVAILABLE,NOT_AVAILABLE,,False,False,False,13.57,WATCH,WATCH
1102,HIKAL,2026-08-28,204.23,Bearish,17.72,11.07,-7,15,7/10,Medium,38.43,7.79,3.82,8.33,214.07,214.88,219.95,-1.5255,-0.0215,0.35,14.17,220.69,-7.46,2.28,0.053,-0.2,-5.28,-6.31,-7.72,0.11,53.14,212.51,203.35,204.63,219.85,203.35,44.08,51.32,1.91,-1.69,0.12,9.74,8.16,1.8,-2.14,81.26,7,8,18,44.44,-0.17,27.78,-1.37,11.11,-2.15,11.11,-5.2,33.33,-4.66,NEGATIVE,2.78,NEGATIVE,No strong driver,"Trend, Momentum, Structure",-5.72,-1.34,192.54,201.5,220.69,HIGH,88979420.0,NOT_AVAILABLE,NOT_AVAILABLE,,True,False,False,11.83,INTRADAY,WATCH
1103,MAXIND,2026-08-28,150.4,Bearish,19.48,6.84,-6,20,6/10,Medium,38.84,6.51,4.33,0.83,156.65,160.41,168.3,-0.7921,0.2298,0.34,18.33,157.31,-4.39,3.71,0.095,-0.05,0.2,-0.48,-12.67,0.74,59.11,154.4,149.51,150.48,157.4,148.65,42.11,53.03,2.36,-1.8,0.34,26.97,12.24,2.13,-2.22,91.72,6,8,11,18.18,-1.64,18.18,-3.82,0.0,-5.09,18.18,-6.39,9.09,-8.0,NEGATIVE,1.36,NEGATIVE,No strong driver,"Trend, Momentum, Structure",-6.5,-1.52,140.63,148.12,157.31,HIGH,15638743.0,NOT_AVAILABLE,NOT_AVAILABLE,,True,False,False,10.74,INTRADAY,WATCH
1104,MEDICO,2026-08-28,42.41,Bearish,19.7,12.3,-6,20,6/10,Medium,44.89,2.3,5.42,38.33,43.54,43.25,44.16,-0.4529,0.0523,0.38,32.5,46.84,-9.46,3.74,0.124,-2.08,-0.56,-6.95,-13.22,0.72,75.19,43.7,41.5,43.31,43.7,41.45,44.08,50.92,2.32,-2.04,0.26,28.16,16.05,2.13,-2.29,93.07,8,10,10,30.0,-2.5,20.0,-4.02,10.0,-3.88,10.0,-5.23,10.0,-8.92,NEGATIVE,2.0,NEGATIVE,No strong driver,"Trend, Momentum, Structure",-8.13,-1.9,38.96,41.61,46.84,VERY_HIGH,20753905.0,NOT_AVAILABLE,NOT_AVAILABLE,,True,False,False,7.6,INTRADAY,WATCH
1105,LIQUID1,2026-08-28,1120.45,Bullish,71.71,87.45,4,70,4/10,Low,99.72,1.53,0.14,14.17,1118.36,1115.19,1099.49,-0.0015,0.0096,3.08,99.17,1118.75,0.15,0.0,0.567,0.04,0.09,0.19,0.37,0.04,90.2,1121.6,1119.85,1120.0,1124.0,1118.11,84.5,3.99,0.02,-0.0,0.07,2.08,0.16,2.51,-2.0,99.29,107,2,8,100.0,0.02,100.0,0.07,100.0,0.12,100.0,0.21,100.0,0.32,STRONG,86.32,STRONG,Trend + Volume + Delivery + Liquidity,None material,0.1,0.2,1121.57,1122.74,1118.75,LOW,1012088921.0,NOT_AVAILABLE,NOT_AVAILABLE,,False,True,False,76.83,SWING,WATCH
1106,LIQUIDBETF,2026-08-28,1096.75,Bullish,71.7,87.44,4,70,4/10,Low,100.0,0.25,0.02,2.5,1094.77,1091.79,1077.1,-0.0007,0.0094,0.49,15.0,1094.72,0.19,0.0,0.997,0.04,0.09,0.18,0.36,0.04,62.52,1096.33,1096.31,1096.32,1096.33,1095.77,80.77,4.72,0.03,-0.11,0.02,0.7,0.52,1.87,-2.64,85.19,82,2,37,97.3,0.02,100.0,0.06,100.0,0.11,100.0,0.21,100.0,0.31,STRONG,86.28,STRONG,Trend + Structure + Delivery + Liquidity,None material,0.1,0.03,1097.85,1097.12,1094.72,LOW,329244310.0,NOT_AVAILABLE,NOT_AVAILABLE,,False,True,False,76.81,SWING,WATCH
1107,LIQUIDADD,2026-08-28,1142.56,Bullish,71.66,87.42,4,70,4/10,Low,100.0,0.26,0.02,46.67,1140.47,1137.32,1121.58,-0.0008,0.0098,0.92,62.5,1140.61,0.17,0.02,0.948,0.04,0.09,0.18,0.36,0.04,65.61,1142.28,1142.1,1142.11,1142.28,1141.51,94.32,0.65,0.02,-0.0,0.06,1.95,0.32,2.88,-2.55,98.97,82,1,43,95.35,0.01,100.0,0.05,100.0,0.1,100.0,0.19,100.0,0.29,STRONG,86.16,STRONG,Trend + Structure + Delivery + Liquidity,None material,0.1,0.03,1143.7,1142.96,1140.61,LOW,535603077.0,NOT_AVAILABLE,NOT_AVAILABLE,,False,True,False,76.76,SWING,WATCH
1108,LIQUIDPLUS,2026-08-28,1101.1,Bullish,71.66,87.42,4,70,4/10,Low,100.0,0.78,0.07,27.5,1099.06,1095.98,1080.77,-0.0004,0.0106,0.27,10.83,1098.61,0.23,0.0,0.838,0.04,0.09,0.18,0.37,0.04,79.14,1101.9,1100.1,1100.65,1101.9,1100.07,94.96,0.22,0.02,-0.0,0.02,0.66,0.44,1.88,-2.01,99.71,83,1,27,92.59,0.02,100.0,0.06,100.0,0.1,100.0,0.19,100.0,0.29,STRONG,86.16,STRONG,Trend + Structure + Delivery + Liquidity,None material,0.1,0.11,1102.2,1102.28,1098.61,LOW,659064994.0,NOT_AVAILABLE,NOT_AVAILABLE,,False,True,False,76.76,SWING,WATCH
1109,SBILIQETF,2026-08-28,1053.9,Bullish,71.66,87.42,4,70,4/10,Low,100.0,0.32,0.03,1.67,1051.96,1049.02,1035.73,-0.004,0.0091,2.89,95.0,1052.64,0.12,0.0,0.995,0.04,0.09,0.18,0.36,0.04,54.19,1053.5,1053.48,1053.49,1053.5,1052.94,94.36,0.75,0.02,-0.03,0.04,0.75,0.75,3.74,-2.25,98.99,42,1,100,97.0,0.02,100.0,0.06,100.0,0.1,100.0,0.19,100.0,0.29,STRONG,86.16,STRONG,Trend + Volume + Structure + Delivery,None material,0.1,0.05,1054.95,1054.38,1052.64,LOW,74877363.0,NOT_AVAILABLE,NOT_AVAILABLE,,False,True,False,76.76,SWING,WATCH
1110,LIQUIDSHRI,2026-08-28,1119.42,Bullish,71.64,87.42,4,70,4/10,Low,99.4,0.22,0.02,60.0,1117.47,1114.52,1099.69,-0.002,0.0089,3.6,98.33,1117.86,0.14,0.0,0.995,0.04,0.09,0.17,0.35,0.04,80.23,1119.02,1119.0,1119.0,1119.02,1118.45,95.43,0.91,0.02,-0.0,0.04,0.55,0.0,3.0,,98.82,173,1,11,100.0,0.02,100.0,0.05,100.0,0.1,100.0,0.18,100.0,0.28,STRONG,86.12,STRONG,Trend + Volume + Structure + Delivery,None material,0.1,0.03,1120.54,1119.75,1117.86,LOW,6162196.0,NOT_AVAILABLE,NOT_AVAILABLE,,False,True,False,76.75,SWING,WATCH
1111,CASHIETF,2026-08-28,1077.45,Bullish,71.63,87.41,4,70,4/10,Low,100.0,0.98,0.09,66.67,1075.45,1072.43,1057.94,-0.0011,0.0099,0.37,5.83,1075.67,0.17,0.21,0.66,0.04,0.09,0.18,0.37,0.25,76.86,1077.02,1077.0,1077.01,1077.38,1076.45,95.38,0.54,0.02,-0.0,0.07,1.63,0.0,2.35,,98.99,115,1,11,100.0,0.02,100.0,0.05,100.0,0.09,100.0,0.18,100.0,0.27,STRONG,86.08,STRONG,Trend + Structure + Delivery + Liquidity,None material,0.1,0.14,1078.53,1078.92,1075.67,LOW,333121293.0,NOT_AVAILABLE,NOT_AVAILABLE,,False,True,False,76.73,SWING,WATCH
1112,HDFCLIQUID,2026-08-28,1075.85,Neutral-Range,69.41,85.67,3,65,3/10,Low,99.7,1.13,0.1,63.33,1073.87,1070.88,1056.63,-0.0014,0.0091,0.92,61.67,1073.97,0.18,0.0,0.702,0.04,0.09,0.18,0.36,0.04,72.07,1075.47,1075.42,1075.43,1076.58,1074.86,63.29,17.37,0.02,-0.0,0.01,0.39,0.66,2.33,-2.17,99.89,82,2,11,100.0,0.02,100.0,0.05,100.0,0.1,100.0,0.19,100.0,0.28,STRONG,86.16,STRONG,Trend + Structure + Delivery,None material,-0.1,0.1,1074.72,1076.98,1075.43,LOW,36647621.0,NOT_AVAILABLE,NOT_AVAILABLE,,False,False,False,75.56,WATCH,WATCH
1113,LIQGRWBEES,2026-08-28,1053.65,Neutral-Range,69.38,85.66,3,65,3/10,Low,100.0,0.75,0.07,25.83,1051.8,1049.02,1036.28,-0.0013,0.0106,0.3,7.5,1051.93,0.16,0.0,0.8,0.04,0.09,0.17,0.35,0.04,54.05,1053.26,1053.24,1053.24,1053.26,1051.1,93.62,1.42,0.02,-0.0,0.06,1.06,0.0,2.5,,99.53,45,1,100,98.0,0.02,100.0,0.05,100.0,0.09,100.0,0.18,100.0,0.27,STRONG,86.08,STRONG,Trend + Structure + Delivery,None material,-0.07,0.07,1052.9,1054.4,1053.24,LOW,91623340.0,NOT_AVAILABLE,NOT_AVAILABLE,,False,False,False,75.53,WATCH,WATCH
1114,MIDCAP,2026-08-28,18.83,Bullish,72.03,75.92,4,70,4/10,Low,61.16,0.35,1.87,0.83,18.68,19.24,58.73,0.0021,-0.0014,0.58,15.83,18.68,0.79,0.8,0.651,0.11,0.64,0.7,1.89,0.48,71.32,18.94,18.74,18.81,18.94,18.61,53.51,41.53,0.77,-1.18,0.33,21.73,4.47,1.9,-5.27,94.0,12,8,10,60.0,0.24,80.0,0.97,70.0,1.18,100.0,2.0,80.0,1.58,STRONG,87.22,STRONG,Momentum + VWAP + RSI + Delivery,None material,0.65,2.8,18.95,19.36,18.68,LOW,6492320.0,NOT_AVAILABLE,NOT_AVAILABLE,,False,False,False,73.69,WATCH,WATCH
1115,CUPID,2026-08-28,282.33,Neutral-Range,72.0,80.33,2,60,4/10,Low,62.88,13.05,4.62,38.33,270.27,238.28,219.63,-2.7333,-0.1876,0.49,10.0,274.12,2.99,4.95,0.762,2.05,-0.79,-3.93,22.42,0.56,29.17,285.6,272.11,276.65,291.9,272.11,51.45,44.08,2.77,-2.42,0.36,29.34,8.95,2.37,-5.42,83.48,15,9,8,62.5,0.19,87.5,4.6,87.5,8.43,100.0,16.8,100.0,15.97,STRONG,100.0,STRONG,Trend + VWAP + RSI + Liquidity,"Momentum, MACD",-4.62,4.62,269.28,295.38,276.65,HIGH,8704479209.0,NOT_AVAILABLE,NOT_AVAILABLE,,False,False,False,73.2,WATCH,WATCH
1116,NATIONALUM,2026-08-28,394.95,Neutral-Range,69.29,76.36,2,60,4/10,Low,56.69,11.8,2.99,7.5,386.01,377.51,351.88,-0.2869,-0.2684,0.22,0.83,392.06,0.74,1.45,0.603,1.45,0.13,5.04,12.83,0.86,40.82,403.35,388.0,389.3,405.0,384.6,51.18,44.21,2.11,-1.95,0.23,16.84,9.87,1.9,-2.29,68.87,7,9,11,72.73,0.34,81.82,3.59,90.91,5.41,72.73,3.74,72.73,5.88,STRONG,92.27,STRONG,Trend + VWAP + RSI + Liquidity,"Momentum, MACD",-2.99,2.99,383.15,406.75,389.3,MODERATE,3294864915.0,NOT_AVAILABLE,NOT_AVAILABLE,,False,False,False,72.26,WATCH,WATCH
1117,RADICO,2026-08-28,4605.0,Neutral-Range,63.01,73.52,0,50,3/10,Low,61.85,92.75,2.01,0.83,4552.12,4282.25,3550.4,-27.859,-2.1245,0.46,12.5,4590.04,0.33,0.88,0.642,-0.02,-0.75,-0.97,6.09,-0.11,68.07,4650.6,4574.3,4606.0,4724.0,4562.0,48.82,46.71,1.7,-1.36,0.18,9.47,6.97,1.7,-1.97,84.33,8,7,17,70.59,0.88,88.24,1.99,88.24,1.91,76.47,1.72,82.35,3.03,STRONG,87.17,STRONG,Trend + RSI + Liquidity,"Momentum, MACD, Delivery",-2.01,2.01,4512.25,4697.75,4606.0,MODERATE,1410354652.0,NOT_AVAILABLE,NOT_AVAILABLE,,False,False,False,68.25,WATCH,WATCH
1118,GILT5YBEES,2026-08-28,66.22,Bullish,66.24,75.1,4,70,4/10,Low,52.14,0.61,0.92,34.17,66.22,65.95,64.66,-0.0321,0.001,1.13,70.83,66.29,-0.11,0.72,0.517,0.02,0.09,-0.47,0.08,0.42,82.67,66.56,66.16,66.21,66.56,64.84,54.08,37.37,0.14,-0.13,0.25,10.26,3.03,1.87,-1.86,99.56,8,7,20,55.0,0.04,65.0,0.12,70.0,0.15,85.0,0.21,70.0,0.3,STRONG,70.69,STRONG,Trend + Momentum + RSI + Delivery,None material,0.32,1.37,66.43,67.13,66.16,LOW,13777970.0,NOT_AVAILABLE,NOT_AVAILABLE,,False,False,False,67.57,WATCH,WATCH
1119,OBSCP,2026-08-28,866.05,Neutral-Range,68.2,73.5,2,60,4/10,Low,69.03,41.24,4.76,21.67,800.9,696.13,474.37,-2.5777,-1.0319,0.33,5.0,793.91,9.09,3.84,0.785,1.82,3.69,1.65,31.7,0.16,69.01,871.85,848.0,850.6,895.95,808.0,51.33,43.67,3.22,-2.21,0.67,33.67,16.67,2.85,-2.04,76.15,8,6,64,48.44,0.8,68.75,2.86,71.88,5.13,82.81,10.42,93.75,16.38,STRONG,89.14,STRONG,Trend + VWAP + RSI + Delivery,"Momentum, MACD",-4.76,4.76,824.81,907.29,850.6,HIGH,68117176.0,NOT_AVAILABLE,NOT_AVAILABLE,,False,False,False,67.3,WATCH,WATCH
1120,YASHO,2026-08-28,4338.8,Neutral-Range,71.03,78.62,2,60,4/10,Low,58.81,241.16,5.56,55.0,4167.56,3626.93,2476.46,-52.3862,-2.8381,0.16,1.67,4291.11,1.11,3.36,0.493,-0.07,-1.39,2.92,12.44,0.0,37.23,4400.0,4240.0,4341.7,4525.0,4154.8,44.74,50.92,2.2,-1.62,0.25,22.24,11.18,1.87,-1.99,94.31,7,10,9,55.56,0.55,77.78,2.58,77.78,7.27,100.0,17.81,100.0,27.99,STRONG,97.22,STRONG,Trend + VWAP + RSI + Liquidity,"Momentum, MACD",-5.56,5.56,4097.64,4579.96,4341.7,VERY_HIGH,449131023.0,NOT_AVAILABLE,NOT_AVAILABLE,,False,False,False,66.7,WATCH,WATCH
1121,DRREDDY,2026-08-28,1178.0,Neutral-Range,58.82,58.42,-3,35,4/10,Low,44.69,21.92,1.86,0.83,1185.92,1212.63,1296.54,2.9928,-0.5275,0.39,12.5,1185.9,-0.67,1.2,0.439,0.08,0.28,-1.83,2.6,-0.17,45.42,1191.9,1169.4,1177.0,1197.2,1168.6,47.89,47.76,1.01,-1.21,-0.05,4.87,5.79,1.79,-3.99,77.3,10,8,10,60.0,1.43,70.0,2.94,80.0,3.22,90.0,3.81,70.0,2.0,STRONG,94.5,STRONG,Liquidity,"Trend, Momentum, VWAP",-1.86,1.86,1156.08,1199.92,1177.0,LOW,2049736875.0,NOT_AVAILABLE,NOT_AVAILABLE,,False,False,False,66.3,WATCH,WATCH
1122,GROWWNET,2026-08-28,10.88,Neutral-Range,65.6,72.11,3,65,4/10,Low,67.62,0.3,2.77,1.67,10.61,10.16,9.72,0.0095,-0.0109,0.81,48.33,10.64,2.24,2.55,0.807,-1.09,1.12,2.45,8.37,0.82,74.71,11.06,10.9,11.0,11.08,10.56,46.64,45.97,1.09,-1.02,0.83,41.95,5.7,1.95,-1.79,97.59,5,6,19,52.63,0.39,73.68,0.83,57.89,1.16,78.95,1.94,73.68,2.95,POSITIVE,75.29,STRONG,Trend + Momentum + VWAP + RSI,Delivery,-2.77,2.77,10.58,11.18,11.0,MODERATE,6279477.0,NOT_AVAILABLE,NOT_AVAILABLE,,False,False,False,65.64,WATCH,WATCH
1123,JINDWORLD,2026-08-28,37.86,Neutral-Range,69.88,67.54,3,65,4/10,Low,59.42,1.71,4.52,2.5,36.12,34.46,39.1,-0.1394,0.1782,0.52,62.5,39.24,-3.52,4.51,0.42,2.8,7.16,7.37,-1.25,0.49,17.28,37.86,35.01,36.83,37.86,34.57,39.21,55.53,2.59,-2.12,0.07,13.42,8.03,2.03,-3.8,84.65,7,12,10,80.0,0.61,50.0,1.7,60.0,7.82,90.0,12.89,80.0,12.65,POSITIVE,87.5,STRONG,Trend + Momentum + RSI + Liquidity,VWAP,-4.52,4.52,36.15,39.57,36.83,HIGH,435918572.0,NOT_AVAILABLE,NOT_AVAILABLE,,False,False,False,65.6,WATCH,WATCH
1124,BALUFORGE,2026-08-28,638.8,Bullish,70.9,69.43,4,70,4/10,Low,77.04,25.37,3.97,28.33,544.89,500.57,504.0,15.0075,-1.2841,0.5,16.67,562.86,13.49,2.29,0.95,0.93,15.02,29.38,45.07,0.33,27.42,648.0,626.5,632.9,648.0,543.7,45.32,51.17,3.01,-2.26,0.36,18.56,7.36,2.25,-2.45,75.41,7,9,10,40.0,-0.01,80.0,2.9,80.0,10.83,60.0,15.88,80.0,19.78,STRONG,84.0,STRONG,Trend + Structure + VWAP + Liquidity,None material,1.39,5.96,647.68,676.86,562.86,HIGH,1613983104.0,NOT_AVAILABLE,NOT_AVAILABLE,,False,False,False,65.6,WATCH,WATCH
1125,RAJRATAN,2026-08-28,496.65,Neutral-Range,62.1,66.62,-2,40,2/10,Low,48.04,19.59,3.94,23.33,502.33,488.89,449.11,-4.5295,0.6924,0.59,34.17,523.22,-5.08,2.66,0.168,1.45,-1.02,-3.71,0.33,0.69,43.42,509.0,485.25,489.55,512.0,483.05,43.82,51.84,1.98,-1.72,0.17,13.55,9.21,1.94,-2.24,86.26,6,9,16,68.75,0.67,93.75,2.32,87.5,2.07,93.75,2.68,81.25,3.89,STRONG,97.44,STRONG,No strong driver,"Structure, VWAP",-3.94,3.94,477.06,516.24,489.55,HIGH,68569683.0,NOT_AVAILABLE,NOT_AVAILABLE,,False,False,False,65.48,WATCH,WATCH
1126,DOLATALGO,2026-08-28,72.82,Neutral-Range,66.4,64.7,1,55,3/10,Low,52.86,2.55,3.51,47.5,72.45,72.12,76.63,0.2698,-0.1944,0.38,5.0,72.85,-0.04,2.44,0.567,-1.27,-4.82,4.93,6.82,0.75,67.15,76.99,73.16,73.76,78.82,73.16,42.76,52.37,2.69,-2.01,0.29,21.32,8.29,1.9,-2.46,86.91,6,9,12,50.0,0.14,83.33,1.9,91.67,4.66,66.67,3.67,58.33,2.56,STRONG,90.42,STRONG,Trend + Momentum + RSI,"Structure, Delivery",-3.51,3.51,70.27,75.37,73.76,HIGH,15725355.0,NOT_AVAILABLE,NOT_AVAILABLE,,False,False,False,64.44,WATCH,WATCH
1127,CAMS,2026-08-28,762.0,Neutral-Range,64.52,60.94,1,55,3/10,Low,47.37,16.93,2.22,0.83,764.36,772.42,1224.3,-2.1099,1.6267,2.44,98.33,777.35,-1.97,3.1,0.251,2.85,1.2,-0.03,-4.29,0.34,49.83,753.0,740.2,740.9,760.0,740.2,47.24,48.16,1.79,-1.82,0.09,11.05,6.97,1.88,-3.67,73.09,9,7,100,54.0,0.28,65.0,0.95,73.0,2.27,70.0,3.52,74.0,3.89,STRONG,85.05,STRONG,Volume + Structure + Liquidity,"Trend, VWAP",-2.22,2.22,745.07,778.93,740.9,MODERATE,1091871344.0,NOT_AVAILABLE,NOT_AVAILABLE,,False,False,False,64.4,WATCH,WATCH
1128,LICMFGOLD,2026-08-28,142.0,Neutral-Range,63.88,65.37,3,65,3/10,Low,61.11,2.53,1.79,7.5,138.23,221.93,3321.75,0.8307,-0.239,0.61,58.33,137.2,3.5,1.7,0.798,0.46,-0.39,4.11,11.46,0.0,44.46,143.7,140.0,141.35,145.65,140.0,55.26,40.39,0.94,-1.26,0.2,17.76,3.82,1.69,-5.2,72.41,10,6,100,60.0,0.18,59.0,0.49,65.0,0.67,69.0,1.45,69.0,2.28,STRONG,70.38,STRONG,Momentum + VWAP + RSI,None material,-1.79,1.79,139.47,144.53,141.35,LOW,18453093.0,NOT_AVAILABLE,NOT_AVAILABLE,,False,False,False,63.87,WATCH,WATCH
1129,RPEL,2026-08-28,1748.4,Bullish,68.76,67.56,4,70,4/10,Low,74.95,74.96,4.29,46.67,1527.11,1358.1,1031.52,28.501,-2.6837,0.87,58.33,1529.91,14.28,4.5,0.916,0.17,3.47,21.93,43.75,-0.19,46.83,1765.9,1702.0,1745.4,1765.9,1571.0,49.9,46.86,2.51,-2.25,0.16,20.19,11.62,2.03,-2.51,89.01,7,6,62,48.39,0.22,51.61,0.88,56.45,1.47,66.13,4.07,67.74,6.0,POSITIVE,77.9,STRONG,Trend + Structure + VWAP + Liquidity,None material,1.5,6.43,1774.64,1860.84,1529.91,HIGH,161663208.0,NOT_AVAILABLE,NOT_AVAILABLE,,False,False,False,62.87,WATCH,WATCH
1130,ABB,2026-08-28,7509.0,Neutral-Range,57.95,61.46,-2,40,3/10,Low,50.9,172.29,2.29,0.83,7523.17,7365.07,6645.86,-26.1965,-0.2354,0.4,8.33,7614.63,-1.39,1.19,0.408,0.25,1.14,-1.83,3.08,0.15,43.08,7693.0,7490.0,7490.0,7699.0,7405.0,51.97,43.55,1.45,-1.52,0.17,5.26,5.66,1.96,-2.12,80.52,9,6,9,66.67,1.58,100.0,3.22,66.67,2.65,77.78,2.82,77.78,4.97,STRONG,85.56,STRONG,Liquidity,"Momentum, VWAP, MACD",-2.29,2.29,7336.71,7681.29,7490.0,MODERATE,1855760244.0,NOT_AVAILABLE,NOT_AVAILABLE,,False,False,False,62.71,WATCH,WATCH
1131,MANAKALUCO,2026-08-28,39.39,Neutral-Range,70.56,71.8,3,65,4/10,Low,54.71,2.17,5.51,23.33,38.41,37.44,34.11,-0.0135,0.0281,0.29,17.5,42.01,-6.24,4.65,0.403,0.74,4.01,0.15,11.84,-1.0,54.71,40.7,38.74,39.1,41.68,36.8,43.16,51.05,3.37,-2.59,0.57,38.16,16.05,2.51,-2.72,87.04,8,10,9,55.56,0.5,77.78,2.63,88.89,4.31,66.67,2.98,66.67,4.62,STRONG,89.45,STRONG,Trend + Momentum + RSI + Delivery,VWAP,-5.51,5.51,37.22,41.56,39.1,VERY_HIGH,8559842.0,NOT_AVAILABLE,NOT_AVAILABLE,,False,False,False,62.57,WATCH,WATCH
1132,PILANIINVS,2026-08-28,4387.9,Neutral-Range,61.29,60.17,0,50,1/10,Low,50.89,92.27,2.1,12.5,4378.85,4389.48,4584.89,-0.0448,0.3656,0.22,2.5,4436.14,-1.09,1.03,0.238,0.55,0.71,-3.5,1.98,0.91,53.08,4450.0,4350.0,4363.8,4452.0,4304.1,46.84,48.82,1.86,-1.54,0.3,17.89,6.45,2.09,-2.26,83.98,8,7,20,45.0,0.4,60.0,1.8,80.0,4.08,55.0,3.55,55.0,0.69,STRONG,82.25,STRONG,Delivery,VWAP,-2.1,2.1,4295.63,4480.17,4363.8,MODERATE,10610127.0,NOT_AVAILABLE,NOT_AVAILABLE,,False,False,False,62.5,WATCH,WATCH
1133,TATVA,2026-08-28,1630.0,Neutral-Range,63.43,62.42,0,50,1/10,Low,50.38,75.11,4.61,45.0,1642.06,1552.84,1336.74,-23.9912,4.5082,0.51,23.33,1692.26,-3.68,4.45,0.221,1.93,0.84,-5.08,-8.85,-0.64,52.76,1695.0,1581.5,1599.2,1695.0,1570.9,44.34,51.18,2.15,-1.79,0.25,17.89,7.89,1.75,-2.21,85.69,8,9,10,50.0,-0.18,70.0,1.92,80.0,1.96,80.0,2.38,70.0,0.98,STRONG,88.36,STRONG,Delivery,VWAP,-4.61,4.61,1554.89,1705.11,1599.2,HIGH,97282664.0,NOT_AVAILABLE,NOT_AVAILABLE,,False,False,False,62.34,WATCH,WATCH
1134,SPORTKING,2026-08-28,222.94,Neutral-Range,66.81,66.96,3,65,4/10,Low,59.3,10.27,4.61,5.83,213.76,201.06,162.75,1.0104,-0.2059,0.15,0.83,223.07,-0.06,3.14,0.59,-1.9,4.63,11.53,10.77,0.82,58.02,228.5,217.81,227.26,231.59,206.86,46.18,49.21,2.38,-2.1,0.3,21.84,8.55,2.15,-3.55,88.24,8,7,100,50.0,0.28,58.0,1.19,64.0,2.04,61.0,3.15,73.0,5.63,POSITIVE,78.75,STRONG,Trend + Momentum + RSI + Liquidity,Delivery,-4.61,4.61,212.67,233.21,227.26,HIGH,253004115.0,NOT_AVAILABLE,NOT_AVAILABLE,,False,False,False,62.32,WATCH,WATCH
1135,3MINDIA,2026-08-28,34415.0,Neutral-Range,59.43,59.92,-1,45,2/10,Low,47.41,840.49,2.44,10.83,34574.31,34495.13,33492.24,-132.6425,66.4371,0.62,40.83,35152.4,-2.1,2.07,0.281,0.5,2.3,-2.62,-0.58,0.0,36.95,34515.0,33520.0,34245.0,34515.0,33290.0,42.89,52.24,1.4,-1.09,0.24,10.26,4.34,1.67,-1.78,87.84,6,8,8,62.5,0.15,62.5,0.74,75.0,1.64,75.0,2.33,50.0,0.02,STRONG,83.38,STRONG,Liquidity,"Trend, VWAP",-2.44,2.44,33574.51,35255.49,34245.0,MODERATE,138155948.0,NOT_AVAILABLE,NOT_AVAILABLE,,False,False,False,62.15,WATCH,WATCH
1136,RBLBANK,2026-08-28,382.0,Neutral-Range,54.84,58.05,-3,35,4/10,Low,50.58,7.56,1.98,0.83,383.33,374.39,335.15,-1.239,-0.2273,0.44,15.0,387.06,-1.31,1.19,0.311,-0.88,-2.68,-0.78,1.73,-0.18,50.89,387.0,381.6,385.4,394.5,380.3,49.61,46.18,1.77,-1.7,0.18,11.71,6.84,1.73,-2.32,78.43,7,7,8,62.5,0.77,87.5,3.19,62.5,2.81,75.0,3.2,75.0,4.67,POSITIVE,83.12,STRONG,Liquidity,"Momentum, VWAP, MACD",-1.98,1.98,374.44,389.56,385.4,LOW,841688584.0,NOT_AVAILABLE,NOT_AVAILABLE,,False,False,False,62.15,WATCH,WATCH
1137,SETFNN50,2026-08-28,794.87,Neutral-Range,55.85,65.12,-1,45,3/10,Low,53.75,11.45,1.44,17.5,793.84,782.87,751.24,-1.2986,-0.114,1.57,89.17,797.11,-0.28,1.43,0.445,-0.05,0.11,-0.6,0.71,-0.23,79.92,802.99,792.84,795.26,812.76,787.3,54.61,41.18,0.75,-0.82,0.46,14.08,2.89,2.27,-2.31,91.0,9,6,100,54.0,-0.05,59.0,0.31,70.0,0.66,72.0,1.45,71.0,1.15,STRONG,73.14,STRONG,Trend + RSI,"Momentum, MACD, Delivery",-1.44,1.44,783.42,806.32,795.26,LOW,23006704.0,NOT_AVAILABLE,NOT_AVAILABLE,,False,False,False,62.08,WATCH,WATCH
1138,CAPLIPOINT,2026-08-28,2517.2,Neutral-Range,63.99,64.12,1,55,1/10,Low,48.69,80.36,3.19,32.5,2532.52,2478.17,2160.66,-4.7776,0.6814,0.52,27.5,2525.89,-0.34,3.46,0.465,-0.92,-1.7,1.48,0.02,0.5,43.4,2548.1,2500.7,2540.7,2569.7,2459.8,48.03,47.76,1.94,-1.65,0.17,8.95,5.26,2.06,-2.58,86.59,7,6,20,60.0,0.4,70.0,1.22,70.0,1.29,75.0,3.16,75.0,4.47,STRONG,83.55,STRONG,Liquidity,None material,-3.19,3.19,2436.84,2597.56,2540.7,HIGH,231867924.0,NOT_AVAILABLE,NOT_AVAILABLE,,False,False,False,61.82,WATCH,WATCH
1139,EQUAL50ADD,2026-08-28,345.92,Neutral-Range,58.28,61.24,0,50,1/10,Low,48.86,3.7,1.07,15.0,346.71,344.42,337.78,-0.6217,0.0543,0.24,43.33,348.58,-0.76,0.69,0.373,0.16,-0.21,-0.94,-0.74,-0.02,55.26,347.28,344.78,345.36,348.25,343.82,50.77,45.08,0.63,-0.64,0.22,13.08,3.85,1.68,-2.3,88.65,11,7,13,61.54,0.33,69.23,0.65,76.92,0.9,69.23,0.98,61.54,1.32,STRONG,73.67,STRONG,Delivery,VWAP,-1.07,1.07,342.22,349.62,345.36,LOW,8201406.0,NOT_AVAILABLE,NOT_AVAILABLE,,False,False,False,61.77,WATCH,WATCH
1140,BAJAJHLDNG,2026-08-28,11340.0,Neutral-Range,61.9,60.89,1,55,3/10,Low,53.65,237.04,2.09,7.5,11293.15,11027.35,10923.16,-33.2812,-1.9956,0.77,47.5,11391.48,-0.45,1.57,0.647,-0.52,0.18,-1.18,-0.03,0.06,38.26,11520.0,11331.0,11399.0,11540.0,10811.0,47.37,48.03,1.51,-1.33,0.19,9.74,5.66,1.56,-1.89,84.47,8,9,10,40.0,0.58,60.0,2.97,60.0,3.18,70.0,1.09,20.0,-1.07,POSITIVE,77.58,STRONG,Trend + RSI + Liquidity,"Momentum, MACD",-2.09,2.09,11102.96,11577.04,11399.0,MODERATE,472185268.0,NOT_AVAILABLE,NOT_AVAILABLE,,False,False,False,61.73,WATCH,WATCH
1141,GMDCLTD,2026-08-28,567.65,Neutral-Range,55.74,59.99,-3,35,4/10,Low,45.46,16.49,2.91,0.83,574.46,585.84,578.77,-0.35,-0.0414,0.54,35.0,583.34,-2.69,1.54,0.216,0.07,-0.41,-2.26,0.6,-0.04,44.33,580.2,566.0,567.25,586.55,562.05,46.45,48.95,2.47,-2.05,0.26,11.71,6.97,2.1,-2.25,75.94,8,9,29,58.62,0.58,68.97,2.32,65.52,3.31,79.31,6.96,79.31,4.11,STRONG,85.69,STRONG,Liquidity,"Trend, Momentum, VWAP",-2.91,2.91,551.16,584.14,567.25,MODERATE,794633130.0,NOT_AVAILABLE,NOT_AVAILABLE,,False,False,False,61.64,WATCH,WATCH
1142,V2RETAIL,2026-08-28,221.32,Neutral-Range,61.77,60.83,1,55,2/10,Low,50.2,5.84,2.64,0.83,220.49,241.03,791.8,0.6786,-0.0358,0.55,17.5,219.24,0.95,1.57,0.634,-0.49,0.72,2.27,0.91,0.45,53.61,223.0,219.11,222.4,225.0,216.11,50.79,44.61,2.51,-2.25,0.29,30.13,17.11,2.49,-3.13,82.88,10,6,8,50.0,2.08,62.5,1.29,75.0,1.45,62.5,2.07,50.0,3.88,STRONG,77.2,STRONG,VWAP + Liquidity,Delivery,-2.64,2.64,215.48,227.16,222.4,MODERATE,248600819.0,NOT_AVAILABLE,NOT_AVAILABLE,,False,False,False,61.58,WATCH,WATCH
1143,SENORES,2026-08-28,1482.1,Neutral-Range,64.5,66.38,2,60,4/10,Low,56.1,56.48,3.81,12.5,1465.47,1381.5,1075.29,-5.2849,-1.7515,0.37,10.83,1457.08,1.72,1.89,0.601,0.51,-2.06,0.3,13.51,0.0,40.31,1513.7,1461.1,1474.6,1599.0,1456.3,50.0,46.46,2.37,-1.96,0.25,18.4,8.49,2.01,-2.5,83.6,8,5,100,54.0,0.45,63.0,1.28,68.0,1.81,60.0,2.88,64.0,3.94,STRONG,78.56,STRONG,Trend + VWAP + RSI + Liquidity,"Momentum, MACD",-3.81,3.81,1425.62,1538.58,1474.6,HIGH,332282057.0,NOT_AVAILABLE,NOT_AVAILABLE,,False,False,False,61.4,WATCH,WATCH
1144,QGOLDHALF,2026-08-28,131.17,Bullish,64.24,67.28,4,70,4/10,Low,65.35,3.67,2.8,58.33,127.48,124.25,118.06,0.3869,-0.1887,0.71,35.83,127.42,2.94,1.84,0.473,0.53,-0.36,4.69,11.75,-0.37,34.08,132.94,128.65,130.48,135.9,128.65,53.42,41.45,0.9,-0.83,0.43,22.89,6.45,2.0,-2.37,78.57,12,5,11,63.64,0.49,54.55,0.61,54.55,0.32,63.64,1.83,54.55,1.23,MIXED,64.97,POSITIVE,Trend + Momentum + VWAP + RSI,None material,0.98,4.19,132.45,136.67,127.42,MODERATE,25887345.0,NOT_AVAILABLE,NOT_AVAILABLE,,False,False,False,61.2,WATCH,WATCH
1145,SKYGOLD,2026-08-28,811.4,Neutral-Range,61.53,64.08,0,50,4/10,Low,62.59,33.75,4.16,10.0,773.98,688.46,533.08,-0.3848,-2.728,0.67,36.67,778.41,4.24,5.08,0.739,-3.75,0.98,4.91,26.05,0.82,52.1,855.0,832.05,843.05,868.8,778.55,49.47,45.66,3.15,-2.59,0.33,31.18,16.71,2.79,-3.57,80.08,8,8,100,51.0,0.77,58.0,2.52,65.0,4.26,72.0,8.44,74.0,11.81,STRONG,82.95,STRONG,Trend + VWAP + RSI + Liquidity,"Momentum, Structure, MACD",-4.16,4.16,777.65,845.15,843.05,HIGH,1061051436.0,NOT_AVAILABLE,NOT_AVAILABLE,,False,False,False,60.92,WATCH,WATCH
1146,DODLA,2026-08-28,1093.4,Neutral-Range,59.94,59.46,0,50,2/10,Low,50.93,32.72,2.99,28.33,1093.48,1087.57,1122.77,1.0175,-1.6912,1.68,89.17,1101.23,-0.71,3.27,0.503,0.27,-3.95,-1.44,5.07,-0.01,73.63,1098.8,1073.6,1090.5,1160.0,1073.6,44.08,51.58,1.86,-1.42,0.27,14.21,5.26,1.88,-2.43,91.54,6,9,100,47.0,0.55,52.0,1.21,59.0,1.85,65.0,3.31,65.0,3.74,POSITIVE,78.4,STRONG,Volume + Delivery,"Trend, VWAP",-2.99,2.99,1060.68,1126.12,1090.5,MODERATE,34670833.0,NOT_AVAILABLE,NOT_AVAILABLE,,False,False,False,60.92,WATCH,WATCH
1147,NEULANDLAB,2026-08-28,23205.0,Neutral-Range,64.19,65.59,2,60,4/10,Low,63.09,699.53,3.01,2.5,22426.51,20631.27,17075.71,-94.1913,-35.7458,0.34,10.83,22230.49,4.38,3.3,0.861,-1.24,-0.41,-0.49,21.86,0.02,42.56,23730.0,23350.0,23496.0,23730.0,22637.0,47.5,48.29,2.57,-1.92,0.27,17.11,6.45,2.03,-2.78,84.54,7,6,100,55.0,0.36,66.0,1.55,59.0,2.43,63.0,3.77,65.0,5.04,POSITIVE,77.7,STRONG,Trend + VWAP + RSI + Liquidity,"Momentum, MACD",-3.01,3.01,22505.47,23904.53,23496.0,HIGH,2519703671.0,NOT_AVAILABLE,NOT_AVAILABLE,,False,False,False,60.86,WATCH,WATCH
1148,NIFTYIETF,2026-08-28,274.23,Neutral-Range,53.12,58.98,-3,35,4/10,Low,46.57,3.64,1.33,0.83,275.27,274.03,274.63,-0.4084,-0.0056,1.48,89.17,276.29,-0.75,0.52,0.275,0.0,-0.4,-0.94,-0.64,-0.21,87.77,275.6,273.63,274.23,278.0,273.63,51.37,44.28,0.56,-0.59,0.65,29.09,7.24,2.36,-2.14,97.55,9,8,8,37.5,-0.18,50.0,0.09,87.5,0.55,75.0,1.03,62.5,0.61,STRONG,78.19,STRONG,Liquidity,"Trend, Momentum, VWAP",-1.33,1.33,270.59,277.87,274.23,LOW,154027933.0,NOT_AVAILABLE,NOT_AVAILABLE,,False,False,False,60.68,WATCH,WATCH
1149,AJANTPHARM,2026-08-28,3557.0,Neutral-Range,60.44,61.93,1,55,4/10,Low,52.77,93.41,2.63,2.5,3560.11,3441.55,3085.34,-18.6772,-1.0755,0.49,20.0,3584.45,-0.77,1.54,0.392,0.38,-2.27,-3.15,2.65,1.17,52.46,3574.8,3513.1,3543.6,3717.5,3500.7,47.63,48.03,1.57,-1.33,0.17,7.63,6.18,1.96,-1.81,90.0,13,8,8,37.5,0.01,62.5,0.36,50.0,0.84,75.0,2.82,75.0,3.75,MIXED,73.39,STRONG,RSI + Gap + Delivery + Liquidity,"Momentum, VWAP, MACD",-2.63,2.63,3463.59,3650.41,3543.6,MODERATE,291786050.0,NOT_AVAILABLE,NOT_AVAILABLE,,False,False,False,60.56,WATCH,WATCH
1150,BOSCHLTD,2026-08-28,48640.0,Bullish,64.56,63.78,4,70,4/10,Low,73.28,984.74,2.02,2.5,46588.61,43703.79,38908.18,71.6079,-75.8307,0.54,20.83,46172.46,5.34,1.87,0.933,-0.29,0.91,3.27,18.39,0.0,49.05,48945.0,48460.0,48780.0,49190.0,47785.0,50.39,45.26,1.24,-1.09,0.15,5.0,3.42,1.64,-1.72,79.84,8,6,11,36.36,-0.27,18.18,-1.02,27.27,-0.26,90.91,2.64,27.27,-1.25,NEGATIVE,65.88,POSITIVE,Trend + Structure + VWAP + Liquidity,None material,0.71,3.04,48984.66,50117.11,46172.46,MODERATE,2237208049.0,NOT_AVAILABLE,NOT_AVAILABLE,,False,False,False,60.47,WATCH,WATCH
1151,MOM100,2026-08-28,69.12,Neutral-Range,60.25,65.88,3,65,4/10,Low,60.21,1.1,1.6,2.5,68.68,67.85,65.21,0.004,-0.013,0.85,59.17,68.56,0.82,1.99,0.701,-0.14,0.45,0.38,1.84,0.06,56.97,69.8,69.11,69.22,70.2,68.15,54.08,40.92,0.77,-0.85,0.73,39.87,10.92,2.03,-1.79,98.8,12,6,100,53.0,-0.02,55.0,0.1,62.0,0.29,58.0,0.46,61.0,0.24,POSITIVE,60.0,POSITIVE,Trend + Momentum + VWAP + RSI,Delivery,-1.6,1.6,68.02,70.22,69.22,LOW,21787080.0,NOT_AVAILABLE,NOT_AVAILABLE,,False,False,False,60.34,WATCH,WATCH
1152,MIDSELIETF,2026-08-28,20.13,Neutral-Range,54.21,64.27,-1,45,4/10,Low,68.34,0.35,1.74,8.33,19.89,19.48,18.81,-0.0001,-0.0027,0.42,11.67,19.88,1.27,3.13,0.716,-0.15,0.5,1.16,2.7,-2.53,54.93,20.38,19.61,20.16,20.38,19.61,53.55,41.1,0.8,-1.21,0.88,50.36,11.87,2.36,-3.24,97.94,9,6,42,54.76,-0.01,59.52,0.31,64.29,0.48,71.43,1.01,76.19,1.64,POSITIVE,68.46,POSITIVE,Trend + VWAP + RSI,"Momentum, MACD, Gap",-1.74,1.74,19.78,20.48,20.16,LOW,5221154.0,NOT_AVAILABLE,NOT_AVAILABLE,,False,False,False,60.16,WATCH,WATCH
1153,AIMTRON,2026-08-28,1644.45,Neutral-Range,60.92,63.15,0,50,3/10,Low,58.1,68.89,4.19,6.67,1619.78,1483.94,1117.28,-16.3398,-1.9093,0.48,12.5,1623.28,1.3,2.64,0.631,-0.16,-1.83,-5.01,18.61,-0.43,80.92,1677.95,1640.0,1647.15,1711.0,1640.0,49.59,47.68,3.54,-2.71,0.36,31.34,16.08,2.66,-3.34,77.76,8,6,100,52.0,0.32,53.0,0.94,64.0,1.89,68.0,4.77,74.0,6.78,POSITIVE,81.2,STRONG,Trend + VWAP + RSI,"Momentum, MACD, Delivery",-4.19,4.19,1575.56,1713.34,1647.15,HIGH,89166888.0,NOT_AVAILABLE,NOT_AVAILABLE,,False,False,False,60.02,WATCH,WATCH
1154,VIVIANA,2026-08-28,728.4,Neutral-Range,64.81,60.72,2,60,2/10,Low,51.5,30.57,4.2,1.67,718.85,742.78,778.14,6.7262,-0.1753,0.47,15.0,712.24,2.27,3.94,0.757,-0.12,5.2,3.95,1.37,2.13,,750.0,715.0,729.3,750.0,686.1,46.45,48.34,3.97,-2.84,0.59,37.68,21.8,3.62,-3.54,68.79,8,7,100,51.0,0.68,59.0,2.38,59.0,4.69,68.0,10.15,74.0,17.41,POSITIVE,79.45,STRONG,VWAP + Gap,None material,-4.2,4.2,697.83,758.97,729.3,HIGH,14271399.0,NOT_AVAILABLE,NOT_AVAILABLE,,False,False,False,60.02,WATCH,WATCH
1155,SUNTECK,2026-08-28,306.0,Neutral-Range,59.04,59.43,0,50,1/10,Low,51.48,8.12,2.65,2.5,304.05,306.94,341.49,1.6827,-0.2584,0.46,32.5,303.59,0.79,1.56,0.526,-0.49,3.26,2.32,1.22,0.11,51.58,313.2,305.25,307.5,320.0,294.0,45.39,50.26,1.92,-1.75,0.28,17.24,7.37,1.86,-2.07,83.76,8,7,12,66.67,0.07,58.33,0.51,75.0,1.65,66.67,1.16,50.0,-0.48,STRONG,75.82,STRONG,VWAP,Delivery,-2.65,2.65,297.88,314.12,307.5,MODERATE,51058859.0,NOT_AVAILABLE,NOT_AVAILABLE,,False,False,False,60.0,WATCH,WATCH
1156,CIPLA,2026-08-28,1423.5,Neutral-Range,58.85,58.28,1,55,3/10,Low,45.45,23.4,1.64,1.67,1435.13,1429.01,1409.99,-4.3776,0.8966,0.5,20.0,1447.58,-1.66,1.04,0.257,0.25,-0.61,-1.83,-3.37,0.0,62.65,1420.0,1402.1,1420.0,1443.6,1401.1,47.89,47.5,1.06,-1.0,0.09,4.34,4.47,2.27,-1.8,75.86,7,7,9,33.33,-0.17,44.44,0.37,66.67,0.95,55.56,1.82,55.56,0.66,STRONG,68.86,POSITIVE,Structure + Delivery + Liquidity,"Trend, VWAP",-1.64,1.64,1400.1,1446.9,1420.0,LOW,1093703432.0,NOT_AVAILABLE,NOT_AVAILABLE,,False,False,False,59.85,WATCH,WATCH
1157,SUNDRMFAST,2026-08-28,1200.0,Neutral-Range,59.33,63.3,1,55,4/10,Low,65.37,30.48,2.54,25.0,1165.68,1063.97,955.33,-6.6399,-3.2056,0.21,6.67,1159.84,3.46,2.33,0.815,-1.33,-2.28,-1.45,22.77,0.72,54.79,1245.4,1214.0,1216.2,1245.4,1201.45,45.53,50.0,1.27,-1.14,0.15,6.18,4.47,2.06,-1.7,91.25,10,9,72,54.17,0.12,54.17,0.65,58.33,1.32,55.56,2.52,62.5,3.58,POSITIVE,70.22,STRONG,Trend + VWAP + RSI + Liquidity,"Momentum, MACD, Delivery",-2.54,2.54,1169.52,1230.48,1216.2,MODERATE,300302625.0,NOT_AVAILABLE,NOT_AVAILABLE,,False,False,False,59.84,WATCH,WATCH
1158,CUMMINSIND,2026-08-28,5193.0,Neutral-Range,55.92,58.7,-2,40,4/10,Low,39.27,120.56,2.32,0.83,5306.78,5398.21,4993.74,-9.3071,3.2692,0.76,45.0,5318.88,-2.37,1.71,0.215,0.06,1.67,-3.83,-5.91,0.48,61.5,5270.0,5141.5,5190.0,5270.0,5083.0,52.37,43.29,1.46,-1.39,0.1,7.24,6.71,1.92,-2.31,82.34,7,7,100,57.0,0.55,61.0,1.11,66.0,1.51,69.0,2.87,73.0,4.35,STRONG,79.77,STRONG,Delivery + Liquidity,"Trend, Momentum, VWAP",-2.32,2.32,5072.44,5313.56,5190.0,MODERATE,2713974847.0,NOT_AVAILABLE,NOT_AVAILABLE,,False,False,False,59.83,WATCH,WATCH
1159,SBIN,2026-08-28,1047.5,Neutral-Range,57.05,58.75,0,50,2/10,Low,49.36,17.09,1.63,0.83,1050.63,1042.98,1014.1,-3.0972,0.3197,0.5,6.67,1066.27,-1.76,1.03,0.177,0.44,-0.11,-1.89,1.96,0.3,54.45,1054.4,1042.9,1042.9,1062.3,1031.3,51.32,44.21,1.07,-1.05,0.12,4.87,4.87,1.95,-1.79,66.73,7,7,100,55.0,0.15,58.0,0.17,64.0,0.77,67.0,1.55,62.0,2.05,POSITIVE,70.13,STRONG,Delivery + Liquidity,"Structure, VWAP",-1.63,1.63,1030.41,1064.59,1042.9,LOW,10513903623.0,NOT_AVAILABLE,NOT_AVAILABLE,,False,False,False,59.77,WATCH,WATCH
1160,SGFIN,2026-08-28,684.55,Neutral-Range,58.83,63.19,-1,45,4/10,Low,53.5,26.2,3.83,2.5,680.1,655.69,542.1,-0.4414,-0.5042,0.42,28.33,683.26,0.19,1.27,0.51,-0.42,-0.38,3.4,0.34,0.49,63.29,703.45,685.55,687.45,715.0,681.0,43.27,52.0,2.32,-1.49,0.34,20.36,7.27,1.85,-1.93,93.4,6,7,51,47.06,0.27,60.78,1.08,66.67,2.16,66.67,3.48,70.59,3.62,STRONG,81.67,STRONG,Trend + RSI + Liquidity,"Momentum, Structure, MACD",-3.83,3.83,658.35,710.75,687.45,HIGH,173649173.0,NOT_AVAILABLE,NOT_AVAILABLE,,False,False,False,59.52,WATCH,WATCH
1161,APOLLOHOSP,2026-08-28,8838.5,Neutral-Range,59.77,64.74,3,65,3/10,Low,51.97,156.41,1.77,31.67,8803.38,8718.69,8095.83,-1.9924,5.0705,0.75,38.33,8801.36,0.42,0.98,0.61,0.44,1.67,-0.92,-1.32,0.55,54.85,8868.0,8758.5,8800.0,8889.0,8591.5,48.42,47.37,1.03,-0.88,0.05,3.82,4.74,1.86,-1.75,84.91,10,9,100,50.0,-0.11,56.0,-0.09,59.0,0.18,58.0,0.49,57.0,0.36,POSITIVE,58.63,POSITIVE,Trend + Delivery + Liquidity,None material,-1.77,1.77,8682.09,8994.91,8800.0,LOW,3640672222.0,NOT_AVAILABLE,NOT_AVAILABLE,,False,False,False,59.51,WATCH,WATCH
1162,EBBETF0433,2026-08-28,1311.6,Neutral-Range,52.61,62.08,-2,40,3/10,Low,44.73,7.33,0.56,0.83,1314.93,1310.0,1284.98,-1.2929,0.0526,0.14,8.33,1315.16,-0.27,0.15,0.195,0.05,-0.47,-0.39,-0.41,0.0,84.72,1314.89,1310.0,1310.98,1318.9,1307.14,54.34,41.45,0.17,-0.16,0.11,4.08,0.53,2.28,-2.09,99.62,12,4,25,60.0,0.01,72.0,0.06,64.0,0.14,88.0,0.39,92.0,0.58,POSITIVE,70.32,STRONG,Delivery,"Momentum, Structure, RSI",-0.56,0.56,1304.27,1318.93,1310.98,LOW,9455603.0,NOT_AVAILABLE,NOT_AVAILABLE,,False,False,False,59.49,WATCH,WATCH
1163,BASF,2026-08-28,3848.7,Neutral-Range,56.33,56.14,-2,40,3/10,Low,48.05,106.45,2.77,3.33,3897.23,3803.57,3834.14,-30.0982,-0.174,0.09,0.83,3996.2,-3.69,1.15,0.329,0.07,-1.38,-5.62,5.91,-0.03,49.35,3939.2,3832.1,3846.1,3956.3,3832.1,46.32,49.34,1.73,-1.48,0.17,7.5,5.26,2.01,-1.98,90.09,7,15,16,50.0,-0.44,68.75,1.04,56.25,2.59,75.0,7.02,56.25,1.47,POSITIVE,80.94,STRONG,Liquidity,"Momentum, VWAP, MACD",-2.77,2.77,3742.25,3955.15,3846.1,MODERATE,345402635.0,NOT_AVAILABLE,NOT_AVAILABLE,,False,False,False,59.48,WATCH,WATCH
1164,NAVA,2026-08-28,564.85,Neutral-Range,65.16,57.56,2,60,4/10,Low,47.23,18.32,3.24,34.17,567.58,579.53,593.9,0.524,0.3046,1.54,85.83,571.62,-1.18,4.92,0.356,1.5,1.06,-1.36,2.06,0.45,26.18,570.05,554.4,556.5,583.25,553.0,47.89,47.76,2.16,-1.94,0.16,13.55,7.11,1.79,-3.3,83.15,10,6,77,51.95,0.5,62.34,1.21,59.74,1.93,70.13,4.45,68.83,6.34,POSITIVE,80.45,STRONG,Momentum + Volume + MACD + Liquidity,"Trend, VWAP",-3.24,3.24,546.53,583.17,556.5,HIGH,206526539.0,NOT_AVAILABLE,NOT_AVAILABLE,,False,False,False,59.43,WATCH,WATCH
1165,KCP,2026-08-28,168.69,Neutral-Range,66.2,59.3,3,65,4/10,Low,56.65,7.1,4.21,60.83,163.7,163.37,169.67,2.1151,-0.4078,0.45,15.83,162.99,3.5,4.48,0.627,-0.48,2.97,7.98,4.41,0.11,56.17,175.07,168.2,169.51,180.4,160.73,46.71,49.08,2.03,-1.77,0.22,14.08,8.16,1.85,-2.1,88.22,9,7,25,44.0,0.02,48.0,0.23,56.0,1.89,64.0,4.74,60.0,4.0,POSITIVE,77.0,STRONG,Trend + Momentum + VWAP + RSI,Delivery,-4.21,4.21,161.59,175.79,169.51,HIGH,52469722.0,NOT_AVAILABLE,NOT_AVAILABLE,,False,False,False,59.4,WATCH,WATCH
1166,LTGILTBEES,2026-08-28,29.95,Neutral-Range,55.76,61.8,0,50,2/10,Low,47.99,0.2,0.66,9.17,29.99,29.88,29.41,-0.0194,-0.0002,1.83,96.67,30.0,-0.17,0.33,0.531,0.03,-0.1,-0.56,-0.1,0.1,79.29,30.02,29.93,29.94,30.11,29.35,49.47,35.92,0.16,-0.14,0.28,11.58,3.03,2.04,-2.34,99.5,8,5,100,54.0,0.03,68.0,0.14,69.0,0.18,73.0,0.26,78.0,0.44,STRONG,66.46,POSITIVE,Volume + Delivery,"Momentum, MACD",-0.66,0.66,29.75,30.15,29.94,LOW,37165008.0,NOT_AVAILABLE,NOT_AVAILABLE,,False,False,False,59.38,WATCH,WATCH
1167,SILVERAG,2026-08-28,234.83,Bullish,63.5,74.07,6,80,6/10,Low,60.85,5.2,2.21,15.0,227.4,225.38,217.89,0.8757,-0.0893,1.66,87.5,227.42,3.26,2.46,0.857,1.76,-1.03,4.38,11.66,-0.07,42.42,233.27,227.83,230.77,239.0,227.83,54.03,40.73,2.61,-2.65,0.44,33.87,16.94,2.84,-3.17,54.69,10,4,7,71.43,0.8,57.14,0.61,57.14,1.72,57.14,4.72,100.0,12.26,INSUFFICIENT,50.0,INSUFFICIENT,Trend + Momentum + Volume + Structure,None material,0.77,3.32,236.65,242.62,227.42,MODERATE,60662560.0,NOT_AVAILABLE,NOT_AVAILABLE,,False,False,False,59.27,WATCH,WATCH
1168,INDIGO,2026-08-28,5166.0,Neutral-Range,56.69,59.55,-1,45,2/10,Low,46.28,103.95,2.01,0.83,5222.48,5149.31,4971.21,-15.977,0.3431,0.52,20.83,5269.57,-1.97,1.21,0.244,-0.44,1.1,-2.71,-0.1,0.19,43.02,5258.5,5178.0,5189.0,5280.0,5055.5,51.18,44.61,1.43,-1.38,0.09,11.32,10.0,1.96,-2.17,69.54,12,7,100,56.0,0.18,63.0,0.61,64.0,1.15,73.0,2.0,69.0,2.87,POSITIVE,75.55,STRONG,Liquidity,"Structure, VWAP",-2.01,2.01,5062.05,5269.95,5189.0,MODERATE,2621751424.0,NOT_AVAILABLE,NOT_AVAILABLE,,False,False,False,59.26,WATCH,WATCH
1169,MPSLTD,2026-08-28,2677.9,Neutral-Range,57.75,60.23,-2,40,4/10,Low,50.51,105.24,3.93,30.83,2723.79,2482.42,2100.78,-51.8022,-0.5599,0.33,16.67,2825.52,-5.22,1.95,0.099,0.67,-7.59,-4.66,-0.67,0.0,56.13,2725.9,2651.0,2660.2,2939.0,2650.0,45.26,50.39,2.21,-1.75,0.22,14.87,8.55,1.92,-1.99,87.17,9,10,21,52.38,-0.02,85.71,2.68,71.43,2.58,71.43,3.8,85.71,8.17,STRONG,85.0,STRONG,Delivery + Liquidity,"Momentum, Structure, VWAP",-3.93,3.93,2572.66,2783.14,2660.2,HIGH,115744054.0,NOT_AVAILABLE,NOT_AVAILABLE,,False,False,False,59.14,WATCH,WATCH
1170,MAZDOCK,2026-08-28,2555.0,Neutral-Range,63.75,56.58,3,65,4/10,Low,55.29,61.55,2.41,17.5,2535.98,2489.69,2528.05,0.1407,-4.2677,0.4,5.0,2552.91,0.08,2.05,0.647,-1.28,0.12,-0.97,7.27,-0.19,40.66,2634.0,2583.1,2588.0,2656.8,2520.0,46.58,49.21,2.33,-2.0,0.2,12.63,6.32,2.2,-3.88,75.49,7,6,8,50.0,0.58,62.5,1.95,50.0,2.77,50.0,2.57,37.5,-0.37,MIXED,70.0,STRONG,Trend + Momentum + RSI + Liquidity,Structure,-2.41,2.41,2493.45,2616.55,2588.0,MODERATE,2476888327.0,NOT_AVAILABLE,NOT_AVAILABLE,,False,False,False,59.1,WATCH,WATCH
1171,MAKEINDIA,2026-08-28,168.4,Neutral-Range,52.18,62.1,-2,40,4/10,Low,59.05,2.17,1.29,8.33,167.73,165.32,158.47,-0.2458,-0.0143,1.24,80.83,168.66,-0.16,0.75,0.419,-0.28,0.38,-0.25,1.29,0.1,87.2,170.24,165.55,168.87,171.5,165.55,53.95,41.45,0.72,-0.77,1.11,46.45,3.68,2.35,-2.06,95.64,11,6,100,51.0,0.01,58.0,0.3,65.0,0.59,71.0,1.03,72.0,1.09,STRONG,69.08,POSITIVE,Trend + RSI,"Momentum, Volume, MACD",-1.29,1.29,166.23,170.57,168.87,LOW,9223417.0,NOT_AVAILABLE,NOT_AVAILABLE,,False,False,False,59.05,WATCH,WATCH
1172,HDFCNEXT50,2026-08-28,75.73,Neutral-Range,53.7,61.67,-1,45,3/10,Low,55.55,1.08,1.42,0.83,75.51,74.5,71.91,-0.0914,-0.0092,0.13,5.83,75.63,0.14,1.0,0.395,-0.24,0.42,-0.42,0.72,0.49,74.31,76.41,75.51,75.91,76.69,75.17,55.13,40.26,0.77,-1.17,0.23,17.89,6.71,1.94,-3.77,92.72,11,6,100,54.0,-0.03,55.0,0.22,61.0,0.55,66.0,1.34,67.0,1.36,POSITIVE,67.01,POSITIVE,Trend + RSI,"Momentum, MACD, Delivery",-1.42,1.42,74.65,76.81,75.91,LOW,34789627.0,NOT_AVAILABLE,NOT_AVAILABLE,,False,False,False,58.86,WATCH,WATCH
1173,PGIL,2026-08-28,2314.3,Neutral-Range,59.94,62.46,0,50,3/10,Low,55.01,82.24,3.55,5.83,2302.71,2145.02,1776.27,-25.6158,-0.535,0.12,0.83,2389.82,-3.16,1.88,0.525,0.85,-3.01,-6.48,12.08,0.0,38.03,2315.2,2262.0,2294.8,2431.6,2262.0,48.68,47.11,2.6,-2.28,0.23,21.97,10.79,2.2,-3.01,85.29,8,8,100,53.0,0.41,62.0,1.47,64.0,2.07,60.0,3.25,65.0,4.89,POSITIVE,78.4,STRONG,Trend + RSI + Liquidity,"Momentum, VWAP, MACD",-3.55,3.55,2232.06,2396.54,2294.8,HIGH,481977058.0,NOT_AVAILABLE,NOT_AVAILABLE,,False,False,False,58.82,WATCH,WATCH
1174,SKIPPER,2026-08-28,546.25,Neutral-Range,63.34,61.49,2,60,2/10,Low,51.05,22.1,4.04,20.83,545.27,535.7,486.89,1.2598,-0.9212,0.58,24.17,548.56,-0.42,3.52,0.489,-2.12,-1.4,3.98,3.51,-0.03,47.5,566.75,545.3,558.1,588.0,538.1,46.05,49.47,2.61,-2.09,0.3,16.97,8.29,2.11,-2.72,80.61,6,7,100,54.0,0.28,54.0,1.03,57.0,1.84,58.0,3.34,59.0,3.49,POSITIVE,75.25,STRONG,Trend + Liquidity,None material,-4.04,4.04,524.15,568.35,558.1,HIGH,473832433.0,NOT_AVAILABLE,NOT_AVAILABLE,,False,False,False,58.76,WATCH,WATCH
1175,M&M,2026-08-28,3334.0,Neutral-Range,53.05,58.18,-2,40,4/10,Low,47.11,63.74,1.91,3.33,3378.63,3301.27,3265.74,-20.8469,-2.7243,0.98,70.83,3428.77,-2.76,1.49,0.138,0.12,-2.29,-2.75,-1.9,0.03,57.09,3420.0,3330.0,3330.0,3453.9,3330.0,50.0,45.79,1.46,-1.34,0.07,7.5,7.63,1.97,-1.95,72.66,8,8,15,66.67,-0.11,40.0,-0.84,53.33,-0.19,73.33,3.25,86.67,6.42,MIXED,71.57,STRONG,Delivery + Liquidity,"Momentum, Structure, VWAP",-1.91,1.91,3270.26,3397.74,3330.0,LOW,6116529254.0,NOT_AVAILABLE,NOT_AVAILABLE,,False,False,False,58.76,WATCH,WATCH
1176,ARVINDFASN,2026-08-28,450.65,Bullish,64.09,59.32,4,70,4/10,Low,50.77,13.09,2.91,3.33,447.44,453.6,462.26,1.3141,0.5567,0.78,51.67,445.55,1.15,2.7,0.6,0.28,0.51,0.63,0.14,0.28,62.35,451.05,437.05,449.4,455.75,434.95,45.92,49.61,1.88,-1.61,0.19,12.11,6.97,2.03,-2.32,86.83,9,8,100,42.0,0.14,52.0,0.34,53.0,1.03,56.0,1.82,42.0,1.32,MIXED,64.55,POSITIVE,Momentum + VWAP + MACD + Delivery,None material,1.02,4.36,455.23,470.29,437.05,MODERATE,99679425.0,NOT_AVAILABLE,NOT_AVAILABLE,,False,False,False,58.66,WATCH,WATCH
1177,DHARMAJ,2026-08-28,270.45,Neutral-Range,62.75,62.84,2,60,3/10,Low,52.26,8.22,3.04,16.67,269.19,267.49,264.19,-0.3678,0.0913,0.22,5.0,271.78,-0.49,0.94,0.482,-0.13,0.17,0.11,0.97,-0.2,79.83,273.0,265.65,270.8,278.0,256.9,47.24,48.42,2.04,-1.86,0.06,14.87,12.24,1.91,-2.35,82.17,8,6,100,45.0,0.25,50.0,0.57,52.0,1.53,62.0,3.14,57.0,3.13,MIXED,73.58,STRONG,Trend + Momentum + RSI,Delivery,-3.04,3.04,262.23,278.67,270.8,HIGH,25754005.0,NOT_AVAILABLE,NOT_AVAILABLE,,False,False,False,58.57,WATCH,WATCH
1178,BANCOINDIA,2026-08-28,624.4,Neutral-Range,56.68,57.14,-1,45,2/10,Low,45.33,16.04,2.57,0.83,631.11,638.88,636.23,-0.0066,0.3524,0.36,6.67,637.8,-2.1,1.84,0.222,0.12,0.11,1.02,-2.02,0.1,50.66,630.7,621.25,623.65,631.0,609.9,45.66,50.0,2.51,-2.06,0.2,16.58,8.42,2.32,-3.41,80.1,10,7,25,36.0,-0.32,52.0,0.61,60.0,1.24,68.0,2.69,60.0,1.36,POSITIVE,75.52,STRONG,Delivery,"Trend, VWAP",-2.57,2.57,608.36,640.44,623.65,MODERATE,98440729.0,NOT_AVAILABLE,NOT_AVAILABLE,,False,False,False,58.53,WATCH,WATCH
1179,DOLPHIN,2026-08-28,612.55,Neutral-Range,63.49,65.98,0,50,2/10,Low,73.42,33.77,5.51,75.83,546.14,474.7,425.21,5.7946,-3.4403,0.33,40.83,546.4,12.11,5.52,0.795,-2.49,-5.05,20.56,55.55,0.0,58.49,640.0,613.0,628.2,669.95,597.4,55.26,40.26,2.5,-2.61,0.76,48.42,15.13,2.57,-3.24,53.89,28,12,100,84.0,0.58,85.0,1.72,81.0,2.45,72.0,6.07,66.0,7.11,STRONG,88.55,STRONG,Trend + VWAP,"Structure, Delivery",-5.51,5.51,578.78,646.32,628.2,VERY_HIGH,77811917.0,NOT_AVAILABLE,NOT_AVAILABLE,,False,False,False,58.48,WATCH,WATCH
1180,MAFANG,2026-08-28,207.13,Neutral-Range,57.87,62.35,2,60,4/10,Low,58.01,2.21,1.07,1.67,204.63,199.43,181.2,-0.4588,-0.0019,0.23,9.17,206.5,0.31,0.0,0.788,0.28,0.17,-0.13,11.52,0.28,100.0,206.55,206.55,206.55,206.94,205.29,53.16,41.45,1.19,-1.12,0.38,27.11,11.18,1.98,-2.27,54.12,11,9,100,58.0,0.36,61.0,0.59,59.0,0.85,53.0,0.51,56.0,1.4,POSITIVE,59.64,POSITIVE,Trend + Structure + RSI + Delivery,"Momentum, MACD",-1.07,1.07,204.92,209.34,206.55,LOW,53061642.0,NOT_AVAILABLE,NOT_AVAILABLE,,False,False,False,58.48,WATCH,WATCH
1181,CARERATING,2026-08-28,1682.1,Neutral-Range,59.8,62.5,2,60,3/10,Low,49.79,50.29,2.99,16.67,1681.37,1678.98,1627.17,-7.5019,3.5833,0.56,29.17,1697.55,-0.91,3.13,0.492,2.96,0.46,-2.06,-1.6,0.02,63.4,1673.8,1631.0,1633.7,1734.9,1590.2,45.92,49.74,1.8,-1.44,0.16,13.95,8.95,1.83,-1.74,89.26,6,7,100,54.0,0.17,48.0,0.6,54.0,0.6,61.0,1.87,48.0,2.35,MIXED,65.13,POSITIVE,Trend + Structure + Delivery,VWAP,-2.99,2.99,1631.81,1732.39,1633.7,MODERATE,83645857.0,NOT_AVAILABLE,NOT_AVAILABLE,,False,False,False,58.47,WATCH,WATCH
1182,ARE&M,2026-08-28,921.35,Neutral-Range,58.62,55.36,0,50,1/10,Low,51.28,22.64,2.46,0.83,922.32,901.79,888.08,-4.8815,0.4294,0.45,40.83,950.57,-3.07,2.64,0.235,1.04,0.17,-2.6,1.2,0.05,33.97,926.35,910.1,911.9,934.7,910.1,44.44,51.44,1.74,-1.35,0.29,11.66,4.12,2.07,-3.06,81.84,7,8,8,75.0,1.25,62.5,3.75,62.5,3.6,62.5,0.37,37.5,-1.77,POSITIVE,74.63,STRONG,Liquidity,VWAP,-2.46,2.46,898.71,943.99,911.9,MODERATE,1185132921.0,NOT_AVAILABLE,NOT_AVAILABLE,,False,False,False,58.35,WATCH,WATCH
1183,UNIONBANK,2026-08-28,186.0,Neutral-Range,59.06,64.59,2,60,4/10,Low,58.97,4.49,2.41,7.5,182.88,177.78,168.87,-0.3633,-0.0532,0.32,2.5,183.99,1.09,1.2,0.698,0.81,1.39,-0.74,8.62,0.11,45.35,189.64,184.08,184.5,192.33,181.4,49.61,45.79,1.75,-1.65,0.2,13.16,6.97,1.77,-2.38,65.42,6,7,100,51.0,-0.04,54.0,0.11,54.0,0.25,59.0,1.87,68.0,3.15,MIXED,63.03,POSITIVE,Trend + VWAP + RSI + Liquidity,"Momentum, MACD",-2.41,2.41,181.51,190.49,184.5,MODERATE,2080248133.0,NOT_AVAILABLE,NOT_AVAILABLE,,False,False,False,58.35,WATCH,WATCH
1184,PHOENIXLTD,2026-08-28,1917.0,Neutral-Range,61.43,61.66,3,65,4/10,Low,45.85,41.37,2.16,0.83,1930.76,1929.75,1822.96,1.5347,0.13,0.7,42.5,1922.14,-0.27,1.47,0.475,0.8,-0.67,1.43,1.25,0.06,59.27,1944.8,1897.2,1901.7,1959.6,1897.2,48.03,47.76,1.89,-1.79,-0.01,11.18,10.66,1.74,-2.6,83.61,6,6,100,45.0,0.09,46.0,-0.37,61.0,0.39,61.0,1.03,61.0,2.13,POSITIVE,63.38,POSITIVE,Momentum + MACD + Delivery + Liquidity,Trend,-2.16,2.16,1875.63,1958.37,1901.7,MODERATE,698180112.0,NOT_AVAILABLE,NOT_AVAILABLE,,False,False,False,58.27,WATCH,WATCH
1185,TIINDIA,2026-08-28,2840.0,Neutral-Range,54.8,57.15,-2,40,3/10,Low,48.02,83.3,2.93,0.83,2854.56,2884.07,2875.35,8.9942,-4.2288,0.26,2.5,2880.84,-1.42,1.89,0.51,-1.05,-1.59,3.9,3.16,0.0,52.75,2879.4,2835.6,2870.0,2949.0,2835.6,45.66,50.13,1.82,-1.65,0.07,7.37,6.97,1.8,-2.2,84.56,7,11,18,38.89,-0.13,55.56,0.58,61.11,1.38,77.78,1.86,61.11,2.62,POSITIVE,76.57,STRONG,Liquidity,"Trend, VWAP, Delivery",-2.93,2.93,2756.7,2923.3,2870.0,MODERATE,1377776242.0,NOT_AVAILABLE,NOT_AVAILABLE,,False,False,False,58.23,WATCH,WATCH
1186,AONEGOLD,2026-08-28,14.73,Bullish,62.53,62.85,4,70,4/10,Low,66.07,0.31,2.07,20.0,14.33,13.98,13.43,0.0431,-0.0209,0.5,14.17,14.33,2.83,2.12,0.745,0.55,-0.41,4.47,11.09,-0.14,37.05,15.05,14.47,14.65,15.25,14.47,49.8,43.43,1.39,-1.22,0.76,38.65,9.56,2.25,-2.47,85.29,6,4,20,40.0,0.15,45.0,1.42,45.0,1.19,50.0,1.77,50.0,2.18,MIXED,60.09,POSITIVE,Trend + Momentum + VWAP + RSI,None material,0.72,3.11,14.84,15.19,14.33,MODERATE,8327631.0,NOT_AVAILABLE,NOT_AVAILABLE,,False,False,False,58.14,WATCH,WATCH
1187,ORBTEXP,2026-08-28,243.62,Neutral-Range,63.99,62.54,3,65,4/10,Low,54.06,9.92,4.07,10.0,239.06,230.58,201.77,-1.027,0.72,0.22,20.0,250.37,-2.7,3.35,0.347,1.89,8.22,3.26,1.03,-0.5,,242.0,237.0,239.09,242.0,225.01,44.87,50.66,2.63,-2.12,0.33,27.11,17.89,2.44,-2.14,84.59,8,10,23,47.83,1.46,65.22,1.83,56.52,0.91,65.22,2.36,52.17,-0.26,POSITIVE,70.69,STRONG,Trend + Momentum + Structure + RSI,VWAP,-4.07,4.07,233.7,253.54,239.09,HIGH,6422869.0,NOT_AVAILABLE,NOT_AVAILABLE,,False,False,False,58.13,WATCH,WATCH
1188,EVIETF,2026-08-28,33.67,Neutral-Range,57.51,62.37,2,60,3/10,Low,58.38,0.64,1.89,14.17,33.52,32.7,31.02,-0.1435,0.01,0.52,10.0,33.88,-0.61,2.57,0.27,0.48,-0.06,-1.32,2.68,0.18,47.7,34.19,33.32,33.51,34.19,33.29,47.59,47.31,0.92,-0.76,0.55,22.95,8.22,2.14,-2.05,94.1,7,5,88,50.0,0.13,54.55,0.24,55.68,0.34,57.95,0.62,55.68,0.94,POSITIVE,58.61,POSITIVE,Trend + Momentum + RSI,VWAP,-1.89,1.89,33.03,34.31,33.51,LOW,9013692.0,NOT_AVAILABLE,NOT_AVAILABLE,,False,False,False,58.12,WATCH,WATCH
1189,BIL,2026-08-28,857.7,Neutral-Range,59.51,61.54,0,50,3/10,Low,62.4,33.9,3.95,3.33,826.75,792.52,763.49,-0.0094,-0.073,1.6,79.17,839.08,2.22,5.24,0.792,-1.09,3.2,2.42,15.81,0.57,79.13,877.4,845.75,867.15,877.4,827.4,46.84,48.03,2.52,-1.98,0.58,36.05,18.55,2.93,-2.63,83.98,16,10,97,50.52,0.14,53.61,1.04,60.82,1.57,61.86,3.24,60.82,3.47,POSITIVE,77.18,STRONG,Trend + VWAP + RSI,"Momentum, MACD, Delivery",-3.95,3.95,823.8,891.6,867.15,HIGH,11383966.0,NOT_AVAILABLE,NOT_AVAILABLE,,False,False,False,58.11,WATCH,WATCH
1190,LUPIN,2026-08-28,2171.5,Neutral-Range,54.65,57.09,-2,40,4/10,Low,29.96,44.36,2.04,23.33,2251.52,2311.22,2257.67,-7.0368,2.2296,0.32,0.83,2292.26,-5.27,1.24,0.091,0.62,-1.38,-2.84,-10.08,0.32,54.24,2186.1,2144.7,2158.1,2237.9,2144.7,51.05,44.47,1.19,-1.15,0.17,7.37,5.39,1.82,-1.77,80.96,8,7,100,53.0,0.35,68.0,0.92,63.0,1.52,71.0,2.04,66.0,2.99,POSITIVE,76.14,STRONG,Delivery + Liquidity,"Trend, Momentum, Structure",-2.04,2.04,2127.14,2215.86,2158.1,MODERATE,2497055188.0,NOT_AVAILABLE,NOT_AVAILABLE,,False,False,False,58.06,WATCH,WATCH
1191,GPPL,2026-08-28,168.75,Bullish,63.12,60.5,4,70,4/10,Low,74.43,3.85,2.28,23.33,160.47,156.59,159.15,1.3048,-0.144,0.44,1.67,159.65,5.7,1.27,0.806,-0.21,3.19,6.35,12.3,0.27,48.7,172.43,168.43,169.1,173.8,162.96,47.5,48.29,1.72,-1.57,0.27,11.97,6.18,2.05,-2.07,76.85,7,8,100,52.0,0.15,51.0,0.47,50.0,0.57,56.0,1.85,57.0,2.63,MIXED,61.78,POSITIVE,Trend + Structure + VWAP + Liquidity,None material,0.8,3.42,170.1,174.52,159.65,MODERATE,395232592.0,NOT_AVAILABLE,NOT_AVAILABLE,,False,False,False,58.03,WATCH,WATCH
1192,QMSMEDI,2026-08-28,151.89,Neutral-Range,63.55,63.66,3,65,3/10,Low,77.23,7.04,4.64,39.17,135.42,120.46,101.33,1.7631,-0.3456,0.24,9.17,134.78,12.7,2.44,0.92,0.01,2.36,15.14,32.55,0.08,,155.5,149.0,151.88,155.5,141.22,41.86,51.14,2.8,-2.18,0.42,31.76,21.53,3.05,-2.63,71.88,7,6,43,41.86,-0.19,53.49,0.72,48.84,0.35,67.44,3.08,67.44,6.35,MIXED,69.42,POSITIVE,Trend + Structure + VWAP,None material,-4.64,4.64,144.85,158.93,151.88,HIGH,5984760.0,NOT_AVAILABLE,NOT_AVAILABLE,,False,False,False,58.02,WATCH,WATCH
1193,APOLLOPIPE,2026-08-28,631.0,Neutral-Range,63.42,63.76,3,65,4/10,Low,70.56,25.24,4.0,37.5,576.76,534.95,455.68,9.677,-2.2838,0.34,27.5,574.54,9.83,3.51,0.77,-1.18,4.9,23.52,22.38,0.0,38.59,667.65,635.7,638.55,668.8,597.1,40.13,55.53,2.09,-1.47,0.11,11.97,8.55,1.81,-2.05,91.69,5,9,83,31.33,0.12,37.35,0.47,48.19,1.26,56.63,3.08,65.06,5.44,MIXED,69.05,POSITIVE,Trend + Momentum + VWAP + Liquidity,Structure,-4.0,4.0,605.76,656.24,638.55,HIGH,349356422.0,NOT_AVAILABLE,NOT_AVAILABLE,,False,False,False,57.92,WATCH,WATCH
1194,STYL,2026-08-28,402.1,Neutral-Range,62.79,65.51,3,65,3/10,Low,57.62,19.0,4.72,48.33,391.32,365.69,322.17,-1.9152,0.4059,0.76,58.33,400.44,0.42,3.81,0.621,0.54,2.43,-1.52,16.16,-0.24,38.61,410.95,396.7,399.95,410.95,382.0,43.88,50.21,2.29,-1.95,0.15,19.83,10.55,1.86,-2.45,86.85,6,12,33,39.39,0.73,54.55,1.89,54.55,1.04,66.67,1.42,78.79,5.03,MIXED,67.27,POSITIVE,Trend + Momentum + RSI,None material,-4.72,4.72,383.1,421.1,399.95,HIGH,68983092.0,NOT_AVAILABLE,NOT_AVAILABLE,,False,False,False,57.81,WATCH,WATCH
1195,BFSI,2026-08-28,27.31,Neutral-Range,53.76,57.9,-1,45,2/10,Low,47.97,0.53,1.95,29.17,27.37,27.34,27.23,-0.0018,0.0002,0.15,5.0,27.43,-0.45,3.17,0.369,-0.36,0.0,0.04,-1.09,2.48,59.55,27.71,26.79,27.41,27.71,26.79,49.74,45.13,0.73,-0.71,0.64,34.47,8.29,2.14,-2.41,96.31,12,6,33,57.58,0.02,60.61,0.05,60.61,0.3,69.7,1.34,72.73,1.91,POSITIVE,67.17,POSITIVE,Gap,"Trend, Delivery",-1.95,1.95,26.78,27.84,27.41,LOW,14616580.0,NOT_AVAILABLE,NOT_AVAILABLE,,False,False,False,57.79,WATCH,WATCH
1196,AMANTA,2026-08-28,185.1,Neutral-Range,62.07,62.45,2,60,4/10,Low,57.35,6.63,3.58,18.33,178.63,167.89,141.92,1.7481,-0.8365,0.93,69.17,179.98,2.84,0.87,0.632,-1.13,-5.46,18.4,9.71,-2.0,,187.21,187.21,187.21,205.57,186.0,43.25,51.59,2.49,-1.82,-0.01,18.65,20.63,2.05,-1.91,74.54,7,6,37,40.54,-0.05,48.65,0.4,45.95,1.66,62.16,3.04,62.16,5.6,MIXED,71.64,STRONG,Trend + Momentum + VWAP + RSI,"Structure, Gap",-3.58,3.58,178.47,191.73,187.21,HIGH,18700872.0,NOT_AVAILABLE,NOT_AVAILABLE,,False,False,False,57.77,WATCH,WATCH
1197,CRAMC,2026-08-28,259.9,Neutral-Range,59.08,62.13,2,60,2/10,Low,51.4,6.87,2.64,1.67,259.07,257.44,263.24,-0.0238,0.0609,0.63,38.33,260.11,-0.08,2.11,0.48,0.39,-1.81,1.44,-0.52,-0.35,55.61,261.0,256.05,258.9,267.5,255.0,42.48,51.33,2.02,-1.73,0.15,13.72,9.73,2.39,-2.04,76.94,4,8,8,25.0,-0.29,62.5,1.4,75.0,1.36,62.5,-1.37,62.5,-1.24,STRONG,63.09,POSITIVE,Trend + Delivery,None material,-2.64,2.64,253.03,266.77,258.9,MODERATE,73978534.0,NOT_AVAILABLE,NOT_AVAILABLE,,False,False,False,57.64,WATCH,WATCH
1198,MIDCAPIETF,2026-08-28,24.34,Bullish,59.66,64.15,4,70,4/10,Low,59.55,0.33,1.38,5.83,24.21,23.92,23.46,-0.0147,0.0019,0.63,30.0,24.25,0.36,0.86,0.486,0.12,0.33,0.04,1.67,0.7,67.99,24.47,24.21,24.31,24.87,24.15,53.26,41.39,0.75,-1.14,0.42,22.72,3.18,1.97,-6.1,95.1,11,7,100,50.0,-0.04,56.0,0.02,53.0,-0.12,54.0,-0.02,57.0,-2.05,MIXED,51.89,MIXED,Trend + Momentum + RSI + Delivery,None material,0.48,2.06,24.46,24.84,24.21,LOW,21965607.0,NOT_AVAILABLE,NOT_AVAILABLE,,False,False,False,57.62,WATCH,WATCH
1199,SASKEN,2026-08-28,1901.0,Neutral-Range,60.68,55.91,0,50,2/10,Low,48.19,88.85,4.67,11.67,1911.47,1927.81,1699.12,-1.2762,1.6565,0.84,72.5,1938.17,-1.92,3.79,0.261,2.13,-2.46,-3.57,4.92,0.0,54.48,1900.0,1832.0,1861.4,1977.0,1832.0,43.55,52.11,2.49,-1.85,0.25,19.87,10.79,1.99,-1.97,86.83,8,9,10,50.0,0.98,60.0,1.81,60.0,3.91,70.0,3.52,60.0,2.68,POSITIVE,80.5,STRONG,Structure + Delivery,"Trend, VWAP",-4.67,4.67,1812.15,1989.85,1861.4,HIGH,37921181.0,NOT_AVAILABLE,NOT_AVAILABLE,,False,False,False,57.6,WATCH,WATCH
1200,PANACHE,2026-08-28,530.2,Neutral-Range,62.47,60.18,2,60,4/10,Low,63.5,25.66,4.84,1.67,506.86,464.16,381.07,-0.986,-0.9866,1.13,66.67,500.24,5.99,3.89,0.776,1.99,-0.55,1.04,23.16,-0.16,,519.85,519.85,519.85,550.0,513.0,48.29,46.05,2.83,-2.32,0.53,40.26,25.39,2.89,-2.54,61.69,22,12,100,49.0,0.42,50.0,1.27,53.0,1.82,59.0,2.82,55.0,4.79,MIXED,72.76,STRONG,Trend + Structure + VWAP + RSI,"Momentum, MACD",-4.84,4.84,504.54,555.86,519.85,HIGH,6794604.0,NOT_AVAILABLE,NOT_AVAILABLE,,False,False,False,57.48,WATCH,WATCH
1201,ORICONENT,2026-08-28,55.82,Neutral-Range,63.42,56.79,2,60,2/10,Low,51.73,2.58,4.63,87.5,55.43,56.17,58.15,0.2506,-0.0682,2.68,94.17,55.62,0.36,8.19,0.566,0.76,-1.98,5.08,3.77,-0.72,95.65,56.98,55.01,55.4,58.19,54.75,43.03,50.53,2.25,-1.63,0.16,20.39,14.47,1.94,-2.19,93.58,5,8,100,46.0,0.26,55.0,1.18,62.0,1.94,58.0,2.68,56.0,2.64,POSITIVE,75.48,STRONG,Volume + Delivery,None material,-4.63,4.63,53.24,58.4,55.4,HIGH,6841871.0,NOT_AVAILABLE,NOT_AVAILABLE,,False,False,False,57.43,WATCH,WATCH
1202,OBEROIRLTY,2026-08-28,1870.0,Neutral-Range,60.03,63.39,3,65,4/10,Low,53.59,45.49,2.43,2.5,1857.31,1821.56,1716.41,1.2416,-1.1237,0.56,25.83,1862.04,0.43,1.34,0.539,-0.15,-0.85,1.3,2.31,0.01,52.56,1875.3,1844.9,1872.9,1918.1,1844.9,50.13,45.39,1.54,-1.52,0.19,10.26,7.37,1.78,-1.93,79.38,7,7,100,52.0,0.24,51.0,0.34,53.0,0.28,58.0,1.1,52.0,0.92,MIXED,59.37,POSITIVE,Trend + Momentum + RSI + Liquidity,Delivery,-2.43,2.43,1824.51,1915.49,1872.9,MODERATE,871794693.0,NOT_AVAILABLE,NOT_AVAILABLE,,False,False,False,57.37,WATCH,WATCH
1203,BLUESTARCO,2026-08-28,1480.0,Neutral-Range,56.93,52.42,-1,45,4/10,Low,35.18,38.78,2.62,1.67,1532.68,1587.28,1697.75,0.1697,0.0087,0.46,18.33,1540.79,-3.95,1.41,0.033,-1.14,-2.11,-1.86,-11.97,-0.2,40.24,1509.9,1487.2,1497.0,1525.2,1485.0,48.42,47.11,1.75,-1.57,0.16,10.53,7.11,1.91,-2.26,84.43,7,7,93,45.16,0.09,52.69,0.81,55.91,1.75,64.52,3.02,68.82,3.72,POSITIVE,76.23,STRONG,Momentum + MACD + Liquidity,"Trend, Structure, VWAP",-2.62,2.62,1441.22,1518.78,1497.0,MODERATE,974606054.0,NOT_AVAILABLE,NOT_AVAILABLE,,False,False,False,57.36,WATCH,WATCH
1204,MINDACORP,2026-08-28,702.8,Neutral-Range,59.65,58.54,0,50,1/10,Low,47.48,25.36,3.61,60.83,713.48,691.86,614.31,-5.7059,0.032,0.43,21.67,722.31,-2.7,2.41,0.207,1.76,-3.44,-2.4,0.26,0.29,43.05,711.9,685.5,690.65,747.95,685.5,47.11,48.55,1.75,-1.46,0.15,10.0,8.42,1.87,-1.93,85.2,7,7,100,58.0,0.44,69.0,1.36,64.0,1.63,67.0,2.55,67.0,3.12,POSITIVE,77.57,STRONG,Liquidity,VWAP,-3.61,3.61,677.44,728.16,690.65,HIGH,581025706.0,NOT_AVAILABLE,NOT_AVAILABLE,,False,False,False,57.35,WATCH,WATCH
1205,PNB,2026-08-28,115.4,Neutral-Range,54.24,59.97,0,50,3/10,Low,53.96,2.05,1.78,6.67,115.23,112.54,111.97,-0.4437,-0.0606,0.67,30.0,116.29,-0.76,1.15,0.431,0.0,-0.99,-2.2,2.39,-0.51,50.2,117.2,115.07,115.4,118.2,115.0,50.53,45.0,1.46,-1.47,0.18,9.61,6.32,1.94,-2.02,73.93,9,7,91,53.85,0.13,53.85,0.58,61.54,0.83,52.75,0.95,59.34,1.7,POSITIVE,62.12,POSITIVE,Trend + RSI + Liquidity,"Momentum, VWAP, MACD",-1.78,1.78,113.35,117.45,115.4,LOW,1474039590.0,NOT_AVAILABLE,NOT_AVAILABLE,,False,False,False,57.29,WATCH,WATCH
1206,ARVSMART,2026-08-28,661.4,Neutral-Range,61.0,63.95,2,60,4/10,Low,55.46,23.86,3.61,66.67,652.5,629.87,607.88,-0.9795,-1.0453,0.18,41.67,654.07,1.12,3.37,0.603,1.34,-0.84,0.88,11.62,0.0,42.13,677.95,648.6,652.65,707.85,648.6,47.5,48.29,1.98,-1.7,0.19,16.97,9.87,1.82,-1.87,90.22,7,8,100,43.0,0.12,49.0,0.57,52.0,0.66,62.0,2.76,71.0,3.63,MIXED,68.58,POSITIVE,Trend + VWAP + RSI + Liquidity,"Momentum, MACD",-3.61,3.61,637.54,685.26,652.65,HIGH,321902726.0,NOT_AVAILABLE,NOT_AVAILABLE,,False,False,False,57.13,WATCH,WATCH
1207,CHOLAFIN,2026-08-28,1862.9,Neutral-Range,52.87,54.14,-3,35,4/10,Low,51.71,43.75,2.35,0.83,1864.52,1808.88,1679.71,-8.316,-0.1065,0.74,43.33,1891.63,-1.52,1.76,0.318,-0.67,0.0,-1.66,0.7,0.14,61.7,1891.7,1860.8,1875.4,1925.0,1821.1,45.39,49.87,1.76,-1.45,0.12,9.34,7.37,1.86,-1.83,70.34,8,9,19,36.84,-0.6,47.37,-0.01,57.89,0.91,68.42,3.66,63.16,0.68,POSITIVE,77.49,STRONG,Liquidity,"Momentum, VWAP, MACD",-2.35,2.35,1819.15,1906.65,1875.4,MODERATE,2045610470.0,NOT_AVAILABLE,NOT_AVAILABLE,,False,False,False,56.98,WATCH,WATCH
1208,CLSEL,2026-08-28,293.05,Neutral-Range,59.07,59.05,0,50,3/10,Low,52.22,12.14,4.14,38.33,291.36,286.32,278.44,1.8336,-1.0218,0.31,31.67,305.96,-4.22,2.63,0.417,-0.73,1.63,5.24,2.64,-0.39,51.81,313.35,294.05,295.2,324.8,279.0,45.53,49.87,2.09,-1.74,0.28,17.5,8.95,2.22,-2.19,87.87,9,12,16,37.5,-0.24,50.0,1.49,56.25,2.39,62.5,2.45,62.5,5.93,POSITIVE,75.92,STRONG,Trend + Momentum + RSI,"Structure, VWAP, Delivery",-4.14,4.14,280.91,305.19,295.2,HIGH,80596684.0,NOT_AVAILABLE,NOT_AVAILABLE,,False,False,False,56.92,WATCH,WATCH
1209,IFGLEXPOR,2026-08-28,215.47,Neutral-Range,60.34,54.67,0,50,1/10,Low,51.35,10.7,4.96,12.5,215.08,209.03,213.86,-1.1428,0.1853,0.35,33.33,219.93,-2.03,3.8,0.349,1.18,1.75,-4.37,3.31,-0.93,38.43,218.79,211.0,212.96,220.49,206.6,41.71,53.55,2.63,-2.11,0.19,20.39,11.71,2.06,-2.94,84.86,6,11,22,54.55,0.42,63.64,1.39,68.18,3.09,59.09,8.24,54.55,8.34,STRONG,79.54,STRONG,Trend,VWAP,-4.96,4.96,204.77,226.17,212.96,HIGH,12877641.0,NOT_AVAILABLE,NOT_AVAILABLE,,False,False,False,56.89,WATCH,WATCH
1210,MUKANDLTD,2026-08-28,137.27,Neutral-Range,57.69,53.64,0,50,1/10,Low,49.09,3.74,2.73,2.5,137.34,137.58,134.63,-0.0972,0.1308,0.24,8.33,137.31,-0.03,1.83,0.377,0.74,0.04,2.33,-2.93,-0.18,57.92,137.98,135.1,136.26,139.67,133.55,44.61,50.92,2.11,-1.84,0.15,12.37,8.95,1.74,-2.12,85.29,7,10,19,47.37,0.3,47.37,0.81,57.89,1.74,57.89,2.37,36.84,0.86,POSITIVE,71.96,STRONG,Delivery,Trend,-2.73,2.73,133.53,141.01,136.26,MODERATE,23154279.0,NOT_AVAILABLE,NOT_AVAILABLE,,False,False,False,56.89,WATCH,WATCH
1211,HAL,2026-08-28,4861.1,Neutral-Range,54.26,53.99,-2,40,4/10,Low,52.74,102.86,2.12,15.83,4873.55,4706.18,4461.83,-30.0989,-3.7515,0.43,9.17,4942.43,-1.65,1.51,0.472,-0.77,-2.78,-3.36,4.62,-0.3,46.63,4935.0,4875.0,4899.0,5092.0,4805.0,50.53,45.26,1.6,-1.61,0.17,8.95,5.39,2.17,-3.27,72.09,8,6,100,54.0,0.26,63.0,0.82,60.0,1.33,58.0,3.35,60.0,3.88,POSITIVE,75.02,STRONG,RSI + Liquidity,"Momentum, Structure, VWAP",-2.12,2.12,4758.24,4963.96,4899.0,MODERATE,5516306397.0,NOT_AVAILABLE,NOT_AVAILABLE,,False,False,False,56.73,WATCH,WATCH
1212,MMP,2026-08-28,404.4,Bullish,64.37,61.53,4,70,4/10,Low,76.67,19.63,4.85,30.83,365.01,326.6,281.93,2.8017,-0.8172,0.45,19.17,361.09,12.0,4.23,0.817,0.24,0.62,19.82,38.26,0.0,61.02,405.95,395.05,403.45,429.95,383.25,45.53,50.13,2.3,-1.86,0.49,30.53,15.53,2.38,-2.02,91.46,7,7,81,37.04,-0.19,45.68,0.43,46.91,0.54,58.02,2.86,54.32,3.83,MIXED,65.33,POSITIVE,Trend + Structure + VWAP + Delivery,None material,1.7,7.28,411.27,433.84,361.09,HIGH,48377180.0,NOT_AVAILABLE,NOT_AVAILABLE,,False,False,False,56.6,WATCH,WATCH
1213,IIFL,2026-08-28,659.25,Neutral-Range,60.3,64.18,2,60,4/10,Low,60.51,24.85,3.77,39.17,634.2,592.39,528.96,-1.2647,-0.2448,0.73,45.0,652.44,1.04,8.24,0.554,3.71,-3.02,4.45,8.31,-0.31,49.56,659.6,632.0,635.65,705.0,632.0,48.29,47.37,2.07,-1.99,0.18,14.74,8.03,1.86,-2.94,80.18,8,5,100,48.0,0.29,59.0,0.78,61.0,1.01,63.0,1.03,65.0,1.48,POSITIVE,66.56,POSITIVE,Trend + VWAP + RSI + Liquidity,"Momentum, MACD",-3.77,3.77,634.4,684.1,635.65,HIGH,1589411150.0,NOT_AVAILABLE,NOT_AVAILABLE,,False,False,False,56.48,WATCH,WATCH
1214,CAPACITE,2026-08-28,217.33,Neutral-Range,59.34,51.22,-1,45,2/10,Low,49.01,8.19,3.77,11.67,217.4,222.35,242.1,2.0349,-0.4613,0.71,59.17,217.65,-0.15,3.38,0.515,-2.61,1.3,1.31,1.22,0.38,40.76,231.5,221.73,223.16,231.7,204.0,44.87,50.39,2.28,-1.95,0.2,11.97,7.89,1.98,-2.15,79.18,8,8,8,50.0,0.11,75.0,2.53,62.5,2.28,75.0,4.82,50.0,4.22,POSITIVE,83.12,STRONG,Liquidity,"Trend, Structure",-3.77,3.77,209.14,225.52,223.16,HIGH,117661024.0,NOT_AVAILABLE,NOT_AVAILABLE,,False,False,False,56.45,WATCH,WATCH
1215,KIRLOSBROS,2026-08-28,1914.7,Neutral-Range,58.29,60.79,2,60,3/10,Low,51.16,56.13,2.93,0.83,1911.18,1881.86,1779.43,-4.0718,0.8682,0.51,45.83,1928.51,-0.72,1.56,0.494,0.81,0.45,0.48,2.38,0.54,56.27,1919.0,1885.8,1899.3,1939.1,1879.1,46.71,49.08,2.44,-2.0,0.19,15.26,7.63,1.9,-2.57,88.36,7,9,100,51.0,0.21,52.0,0.69,51.0,0.64,50.0,1.98,54.0,1.68,MIXED,60.83,POSITIVE,Trend + Delivery + Liquidity,VWAP,-2.93,2.93,1858.57,1970.83,1899.3,MODERATE,125471760.0,NOT_AVAILABLE,NOT_AVAILABLE,,False,False,False,56.43,WATCH,WATCH
1216,MODISONLTD,2026-08-28,412.8,Bullish,64.75,59.53,4,70,4/10,Low,74.4,19.17,4.64,34.17,361.47,320.52,233.2,6.7097,-1.2682,0.54,32.5,361.87,14.07,5.63,0.928,1.94,6.63,21.72,53.8,1.49,,419.0,396.9,404.95,423.95,373.0,46.18,49.34,2.85,-2.11,0.49,31.84,13.82,2.45,-2.21,88.44,9,7,100,45.0,0.1,45.0,0.56,45.0,1.93,49.0,2.7,49.0,2.3,MIXED,66.42,POSITIVE,Trend + Structure + VWAP + Gap,None material,1.63,6.97,419.51,441.56,361.87,HIGH,48858165.0,NOT_AVAILABLE,NOT_AVAILABLE,,False,False,False,56.39,WATCH,WATCH
1217,INDUSTOWER,2026-08-28,380.0,Neutral-Range,59.93,55.09,2,60,3/10,Low,47.57,9.49,2.5,8.33,380.95,389.99,403.48,1.1357,0.1045,0.3,2.5,379.14,0.23,1.83,0.474,0.01,1.13,-1.13,-2.84,0.0,40.38,384.2,374.3,379.95,389.4,369.55,48.29,47.37,1.65,-1.43,0.24,11.58,6.32,2.06,-2.06,79.46,8,7,72,51.39,0.2,51.39,0.66,59.72,0.66,56.94,1.76,65.28,3.12,POSITIVE,65.51,POSITIVE,Momentum + MACD + Liquidity,Trend,-2.5,2.5,370.51,389.49,379.95,MODERATE,1925359305.0,NOT_AVAILABLE,NOT_AVAILABLE,,False,False,False,56.38,WATCH,WATCH
1218,SWARAJ,2026-08-28,366.4,Neutral-Range,54.59,56.61,-1,45,3/10,Low,54.25,10.43,2.85,17.5,366.01,343.47,280.04,-2.2444,-0.3295,0.35,17.5,367.9,-0.41,2.03,0.379,-0.6,-0.33,-0.93,0.47,0.04,,384.4,366.75,368.6,384.4,366.0,46.36,47.07,3.17,-2.57,0.26,32.86,24.87,3.34,-3.48,73.28,9,10,77,42.86,-0.09,48.05,1.91,48.05,3.26,50.65,4.32,54.55,5.86,MIXED,69.54,POSITIVE,Trend + RSI,"Momentum, Structure, MACD",-2.85,2.85,355.97,376.83,368.6,MODERATE,78727932.0,NOT_AVAILABLE,NOT_AVAILABLE,,False,False,False,56.24,WATCH,WATCH
1219,AXISCADES,2026-08-28,1594.7,Neutral-Range,63.58,57.64,3,65,3/10,Low,50.66,62.77,3.94,1.67,1584.68,1623.99,1582.54,9.0853,-1.4135,0.68,30.83,1566.18,1.82,3.97,0.78,-1.13,-0.18,7.4,2.65,0.38,44.22,1620.9,1590.0,1612.9,1634.4,1548.0,46.58,49.21,2.91,-2.35,0.39,25.13,11.18,2.44,-2.78,81.12,8,8,100,44.0,0.1,52.0,0.54,59.0,1.3,58.0,2.09,44.0,1.68,POSITIVE,69.51,POSITIVE,Trend + VWAP + Liquidity,None material,-3.94,3.94,1531.93,1657.47,1612.9,HIGH,232635819.0,NOT_AVAILABLE,NOT_AVAILABLE,,False,False,False,56.24,WATCH,WATCH
1220,BLUSPRING,2026-08-28,127.43,Bullish,68.23,63.65,4,70,4/10,Low,58.64,7.65,6.01,30.83,120.79,111.87,88.21,1.1118,-0.3125,0.68,55.83,122.92,3.67,6.08,0.686,-3.14,-1.2,14.73,10.0,0.33,46.75,133.88,125.02,131.56,136.67,117.72,43.95,50.96,3.06,-2.26,0.26,24.84,12.42,2.12,-2.58,88.19,7,9,55,47.27,0.8,63.64,3.21,50.91,3.46,67.27,5.84,74.55,9.1,MIXED,76.36,STRONG,Trend + Momentum + VWAP + RSI,None material,2.1,9.01,130.11,138.91,122.92,VERY_HIGH,77863952.0,NOT_AVAILABLE,NOT_AVAILABLE,,False,False,False,56.15,WATCH,WATCH
1221,GENCON,2026-08-28,44.12,Neutral-Range,62.48,55.59,2,60,4/10,Low,61.46,2.09,4.74,54.17,41.59,40.96,41.92,0.687,-0.0812,1.58,87.5,41.95,5.16,6.48,0.673,-3.73,4.6,11.39,9.4,0.17,54.69,46.35,44.41,45.83,47.0,40.4,41.45,53.55,2.85,-2.1,0.82,44.21,13.55,2.47,-2.34,92.5,7,9,100,38.0,0.21,46.0,0.32,46.0,1.68,62.0,5.75,62.0,5.3,MIXED,72.8,STRONG,Trend + Momentum + VWAP + RSI,"Structure, Delivery",-4.74,4.74,42.03,46.21,45.83,HIGH,14504625.0,NOT_AVAILABLE,NOT_AVAILABLE,,False,False,False,56.12,WATCH,WATCH
1222,PRECAM,2026-08-28,126.33,Neutral-Range,55.15,53.52,-3,35,4/10,Low,23.78,4.31,3.41,14.17,133.69,139.3,152.15,-0.6843,0.0189,1.7,92.5,135.68,-6.89,2.58,0.078,0.42,-3.25,-6.42,-9.95,-0.08,41.41,130.5,124.55,125.8,133.12,124.55,42.89,52.63,2.46,-2.1,0.3,17.37,8.03,2.1,-2.71,80.95,8,8,10,50.0,-0.25,70.0,2.78,60.0,3.33,80.0,5.41,90.0,7.18,POSITIVE,84.0,STRONG,Volume,"Trend, Momentum, Structure",-3.41,3.41,122.02,130.64,125.8,HIGH,14566887.0,NOT_AVAILABLE,NOT_AVAILABLE,,False,False,False,56.1,WATCH,WATCH
1223,SCHNEIDER,2026-08-28,1201.9,Neutral-Range,54.92,54.32,-3,35,4/10,Low,41.05,58.21,4.84,45.83,1262.95,1290.47,1111.38,-12.6988,3.6762,0.4,11.67,1273.0,-5.59,2.78,0.213,-0.42,-1.27,-12.22,-11.32,0.66,49.97,1214.9,1172.1,1207.0,1262.9,1134.9,48.29,47.5,2.51,-2.11,0.27,19.47,10.39,2.24,-3.04,81.63,7,6,21,38.1,-0.0,66.67,0.88,57.14,1.34,80.95,4.37,76.19,3.19,POSITIVE,83.33,STRONG,Liquidity,"Trend, Momentum, VWAP",-4.84,4.84,1143.69,1260.11,1207.0,HIGH,620873824.0,NOT_AVAILABLE,NOT_AVAILABLE,,False,False,False,56.1,WATCH,WATCH
1224,HUBTOWN,2026-08-28,186.09,Neutral-Range,60.68,50.91,0,50,2/10,Low,46.72,7.77,4.17,34.17,188.13,193.1,214.57,0.8794,-0.2163,0.3,1.67,189.96,-2.04,2.97,0.391,0.75,-4.34,-0.28,-2.36,0.05,57.94,189.35,184.0,184.71,200.59,184.0,46.45,49.21,2.95,-2.34,0.48,28.68,14.74,2.6,-2.4,85.02,9,7,10,50.0,0.41,70.0,0.66,70.0,3.04,60.0,7.57,60.0,5.71,STRONG,80.5,STRONG,Delivery + Liquidity,"Trend, VWAP",-4.17,4.17,178.32,193.86,184.71,HIGH,122293106.0,NOT_AVAILABLE,NOT_AVAILABLE,,False,False,False,56.1,WATCH,WATCH
1225,HIRECT,2026-08-28,1237.8,Neutral-Range,59.37,54.96,0,50,1/10,Low,47.76,53.23,4.3,0.83,1253.42,1220.17,1217.67,-9.1019,1.0674,0.28,20.0,1260.78,-1.82,2.31,0.333,1.21,-2.82,-1.45,-7.51,0.57,44.29,1242.9,1202.1,1223.0,1329.5,1202.1,48.29,47.5,3.03,-2.53,0.44,30.39,12.76,2.53,-3.27,83.03,11,9,31,45.16,0.62,64.52,2.23,61.29,2.26,58.06,5.35,67.74,4.34,POSITIVE,76.77,STRONG,Liquidity,VWAP,-4.3,4.3,1184.57,1291.03,1223.0,HIGH,125606867.0,NOT_AVAILABLE,NOT_AVAILABLE,,False,False,False,55.99,WATCH,WATCH
1226,PRINCEPIPE,2026-08-28,293.45,Neutral-Range,59.11,61.65,3,65,4/10,Low,63.93,8.24,2.81,2.5,282.83,276.03,275.78,1.5921,-0.2251,0.37,9.17,281.38,4.29,2.03,0.767,-0.74,3.58,3.33,11.16,0.0,54.35,303.0,293.4,295.65,303.0,282.1,41.05,54.34,1.76,-1.5,0.23,12.24,5.39,2.09,-2.18,82.2,8,10,51,47.06,0.35,52.94,0.62,45.1,0.8,60.78,0.37,47.06,-0.52,MIXED,56.74,MIXED,Trend + Momentum + VWAP + RSI,Delivery,-2.81,2.81,285.21,301.69,295.65,MODERATE,88316596.0,NOT_AVAILABLE,NOT_AVAILABLE,,False,False,False,55.91,WATCH,WATCH
1227,DDEVPLSTIK,2026-08-28,279.05,Neutral-Range,58.36,57.51,0,50,1/10,Low,49.92,10.45,3.74,6.67,279.29,275.86,270.26,-0.6522,0.258,0.2,2.5,288.97,-3.43,1.74,0.235,0.13,0.43,0.76,4.06,0.0,60.24,280.0,275.6,278.7,284.0,274.5,45.87,50.97,2.33,-1.97,0.34,18.69,8.98,2.05,-2.33,83.81,6,8,18,44.44,0.99,50.0,2.2,50.0,3.92,61.11,4.02,83.33,6.66,MIXED,73.89,STRONG,Delivery,VWAP,-3.74,3.74,268.6,289.5,278.7,HIGH,64555825.0,NOT_AVAILABLE,NOT_AVAILABLE,,False,False,False,55.73,WATCH,WATCH
1228,HITECH,2026-08-28,82.05,Bullish,64.4,57.58,4,70,4/10,Low,49.96,2.59,3.16,14.17,81.34,83.77,88.95,0.3459,0.1763,1.67,90.0,80.57,1.84,5.92,0.518,5.29,0.84,4.9,-3.07,0.24,40.77,82.39,77.7,77.93,82.97,77.59,45.39,50.26,2.25,-1.97,0.28,14.61,6.71,2.09,-2.59,80.63,9,7,100,47.0,0.3,50.0,0.62,48.0,1.06,52.0,2.8,52.0,2.6,MIXED,65.44,POSITIVE,Momentum + Volume + VWAP + MACD,None material,1.11,4.74,82.96,85.94,77.7,HIGH,56100650.0,NOT_AVAILABLE,NOT_AVAILABLE,,False,False,False,55.45,WATCH,WATCH
1229,SUNDARMFIN,2026-08-28,4574.4,Neutral-Range,58.14,57.99,2,60,4/10,Low,51.98,113.26,2.48,5.0,4548.38,4540.85,4673.36,3.2206,0.9217,0.87,57.5,4660.14,-1.84,2.19,0.307,-1.35,0.88,2.32,-1.95,0.0,65.34,4665.7,4500.0,4636.9,4665.7,4470.1,48.95,46.71,1.71,-1.6,0.1,7.11,6.18,1.65,-1.85,89.69,9,8,100,54.0,0.38,53.0,0.57,59.0,0.74,57.0,0.46,56.0,1.86,POSITIVE,60.4,POSITIVE,Trend + Momentum + MACD + Liquidity,"VWAP, Delivery",-2.48,2.48,4461.14,4687.66,4636.9,MODERATE,246697817.0,NOT_AVAILABLE,NOT_AVAILABLE,,False,False,False,55.44,WATCH,WATCH
1230,NITCO,2026-08-28,95.59,Neutral-Range,58.96,54.37,0,50,3/10,Low,45.05,4.64,4.85,7.5,96.93,99.53,98.19,0.5855,0.0258,1.08,69.17,95.76,-0.18,2.33,0.31,-2.02,2.39,2.5,-11.16,-0.28,61.9,99.88,96.5,97.56,109.25,89.99,46.45,48.68,2.84,-2.16,0.49,35.13,16.32,2.31,-2.29,64.45,23,8,100,48.0,0.69,56.0,2.03,53.0,3.34,63.0,5.16,68.0,7.83,MIXED,75.6,STRONG,Momentum + MACD + Liquidity,"Trend, Structure, Delivery",-4.85,4.85,90.95,100.23,97.56,HIGH,166915482.0,NOT_AVAILABLE,NOT_AVAILABLE,,False,False,False,55.4,WATCH,WATCH
1231,PANAMAPET,2026-08-28,465.2,Neutral-Range,57.83,58.74,-3,35,4/10,Low,47.04,24.72,5.31,58.33,478.44,451.56,367.94,-5.5361,-0.557,0.12,6.67,486.31,-4.34,2.13,0.101,-1.18,-4.12,-3.61,2.57,0.65,46.65,485.1,466.55,470.75,496.0,466.55,45.92,49.34,1.95,-1.65,0.15,9.87,7.63,2.05,-2.13,88.54,7,11,21,57.14,0.37,66.67,0.92,76.19,2.14,85.71,4.88,76.19,4.03,STRONG,91.66,STRONG,Liquidity,"Momentum, Structure, VWAP",-5.31,5.31,440.48,489.92,470.75,VERY_HIGH,592875546.0,NOT_AVAILABLE,NOT_AVAILABLE,,False,False,False,55.39,WATCH,WATCH
1232,INDSWFTLAB,2026-08-28,362.92,Bullish,67.35,63.84,4,70,4/10,Low,73.66,18.28,5.04,45.0,308.35,260.08,178.81,4.4909,-0.3882,0.25,10.0,314.83,15.28,2.89,0.929,1.36,10.11,19.31,61.82,0.55,33.09,366.4,352.51,358.04,373.72,316.61,44.87,50.66,2.77,-1.99,0.34,25.0,12.11,2.05,-2.26,80.87,7,11,100,47.0,0.15,55.0,0.96,57.0,2.0,54.0,3.43,56.0,6.06,POSITIVE,73.85,STRONG,Trend + Structure + VWAP + Liquidity,None material,1.76,7.55,369.32,390.34,314.83,VERY_HIGH,663886010.0,NOT_AVAILABLE,NOT_AVAILABLE,,False,False,False,55.32,WATCH,WATCH
1233,POWERINDIA,2026-08-28,33330.0,Neutral-Range,54.02,54.03,-3,35,4/10,Low,48.05,1088.63,3.27,11.67,33724.24,33405.61,28721.72,-151.623,-20.7012,0.27,1.67,34621.5,-3.73,1.79,0.402,-1.62,-2.52,-6.64,3.59,-0.12,36.76,34250.0,33290.0,33880.0,34975.0,33005.0,50.0,45.66,2.48,-2.03,0.28,13.16,6.97,2.34,-2.71,82.64,8,8,26,46.15,0.08,57.69,1.36,61.54,2.35,69.23,3.38,69.23,7.16,POSITIVE,80.77,STRONG,Liquidity,"Trend, Momentum, VWAP",-3.27,3.27,32241.37,34418.63,33880.0,HIGH,4152634670.0,NOT_AVAILABLE,NOT_AVAILABLE,,False,False,False,55.11,WATCH,WATCH
1234,IITL,2026-08-28,156.53,Bullish,68.08,60.49,4,70,4/10,Low,60.36,8.12,5.19,8.33,149.16,143.82,152.5,0.8095,-0.2472,0.82,20.0,148.7,5.27,7.34,0.746,-2.11,4.64,5.99,22.6,0.06,16.42,162.0,155.0,159.91,162.89,145.1,46.58,47.5,2.46,-2.2,0.44,35.26,21.71,2.89,-2.77,82.46,13,11,100,44.0,-0.15,52.0,0.55,61.0,1.49,56.0,4.74,60.0,5.85,POSITIVE,75.95,STRONG,Trend + Momentum + VWAP + RSI,None material,1.82,7.78,159.37,168.71,148.7,VERY_HIGH,20753876.0,NOT_AVAILABLE,NOT_AVAILABLE,,False,False,False,55.06,WATCH,WATCH
1235,KINGFA,2026-08-28,5947.0,Neutral-Range,58.73,59.13,1,55,4/10,Low,61.03,199.94,3.36,28.33,5742.81,5463.22,4825.76,-1.5414,-5.6669,0.19,0.83,5875.22,1.22,1.09,0.769,-0.23,2.3,1.31,13.31,-0.18,62.44,6090.0,5930.0,5960.5,6090.0,5710.0,44.34,51.18,2.26,-1.65,0.16,14.74,9.34,1.86,-2.19,92.39,9,8,100,37.0,0.2,52.0,1.22,52.0,1.58,56.0,2.35,54.0,3.06,MIXED,68.52,POSITIVE,Trend + VWAP + RSI + Liquidity,"Momentum, MACD, Delivery",-3.36,3.36,5747.06,6146.94,5960.5,HIGH,144188971.0,NOT_AVAILABLE,NOT_AVAILABLE,,False,False,False,54.99,WATCH,WATCH
1236,SUPRAJIT,2026-08-28,505.25,Neutral-Range,53.92,53.93,-1,45,2/10,Low,48.2,13.98,2.77,1.67,509.53,496.94,463.42,-3.5047,0.2751,0.51,40.83,521.38,-3.09,1.67,0.135,0.24,-0.03,-3.69,0.13,-0.57,58.89,510.7,500.0,504.05,515.35,496.85,45.39,49.87,1.59,-1.36,0.2,9.34,6.18,2.08,-1.87,86.17,9,9,22,31.82,-0.01,50.0,0.79,54.55,1.57,54.55,2.04,63.64,1.45,MIXED,67.62,POSITIVE,Delivery,"Structure, VWAP",-2.77,2.77,491.27,519.23,504.05,MODERATE,86232296.0,NOT_AVAILABLE,NOT_AVAILABLE,,False,False,False,54.76,WATCH,WATCH
1237,TEGA,2026-08-28,1658.7,Neutral-Range,56.27,55.9,-1,45,4/10,Low,50.01,60.55,3.65,62.5,1663.87,1657.84,1705.58,-4.538,-1.4463,0.89,66.67,1683.28,-1.46,4.37,0.493,2.3,-4.85,-2.65,11.66,1.26,51.77,1668.3,1615.9,1621.4,1789.7,1615.9,46.71,49.08,1.92,-1.62,0.15,11.58,8.03,1.76,-2.16,85.62,9,8,100,53.0,0.41,55.0,0.71,56.0,1.07,63.0,3.35,76.0,5.98,POSITIVE,74.33,STRONG,Gap + Delivery + Liquidity,"Trend, Momentum, VWAP",-3.65,3.65,1598.15,1719.25,1621.4,HIGH,410797436.0,NOT_AVAILABLE,NOT_AVAILABLE,,False,False,False,54.73,WATCH,WATCH
1238,BANKETF,2026-08-28,585.97,Neutral-Range,48.9,53.31,-3,35,3/10,Low,49.55,6.35,1.08,0.83,586.69,583.65,576.32,-0.1737,-0.0957,0.38,22.5,587.21,-0.21,0.56,0.189,-0.27,-0.38,-0.18,0.51,0.0,46.64,590.64,586.7,587.54,601.3,584.21,50.66,45.0,0.68,-0.69,0.19,9.87,3.42,2.17,-1.66,78.95,10,8,100,52.0,-0.01,64.0,0.29,62.0,0.61,67.0,0.89,67.0,1.0,POSITIVE,66.15,POSITIVE,No strong driver,"Momentum, Structure, MACD",-1.08,1.08,579.62,592.32,587.54,LOW,21179908.0,NOT_AVAILABLE,NOT_AVAILABLE,,False,False,False,54.7,WATCH,WATCH
1239,KABRAEXTRU,2026-08-28,603.5,Bullish,66.86,63.33,4,70,4/10,Low,73.67,31.22,5.17,55.0,521.68,427.71,310.21,3.6455,-1.1254,0.52,35.0,509.41,18.47,5.74,0.906,2.36,6.59,16.64,52.8,0.07,37.68,609.8,587.0,589.6,625.15,521.55,42.11,53.55,2.58,-1.88,0.19,17.5,11.45,1.88,-2.11,88.57,7,7,85,40.0,0.21,54.12,1.81,54.12,2.35,52.94,4.12,57.65,7.49,MIXED,72.47,STRONG,Trend + Structure + VWAP + Liquidity,None material,1.81,7.76,614.43,650.33,509.41,VERY_HIGH,272447164.0,NOT_AVAILABLE,NOT_AVAILABLE,,False,False,False,54.67,WATCH,WATCH
1240,PIXTRANS,2026-08-28,1843.3,Neutral-Range,60.42,57.55,2,60,4/10,Low,52.72,74.92,4.06,75.83,1828.07,1780.8,1621.51,-5.924,1.3261,0.13,15.0,1959.05,-5.91,2.09,0.457,-1.09,1.89,-2.82,10.19,0.34,56.4,1892.1,1810.1,1863.6,1892.1,1758.2,46.58,49.21,1.95,-1.63,0.27,18.82,8.42,2.2,-2.49,89.31,7,6,13,53.85,0.43,61.54,0.59,46.15,0.8,53.85,3.43,53.85,4.03,MIXED,66.92,POSITIVE,Trend + Momentum + RSI + Liquidity,"VWAP, Delivery",-4.06,4.06,1768.38,1918.22,1863.6,HIGH,190922896.0,NOT_AVAILABLE,NOT_AVAILABLE,,False,False,False,54.62,WATCH,WATCH
1241,SPLPETRO,2026-08-28,700.85,Neutral-Range,54.8,55.79,0,50,2/10,Low,46.83,20.85,2.98,7.5,706.52,711.99,705.27,-0.6883,0.38,2.41,91.67,711.49,-1.5,3.62,0.351,1.28,0.44,-3.54,-1.72,0.12,55.77,715.2,691.0,692.0,717.0,688.05,45.0,50.53,1.88,-1.53,0.11,12.24,8.29,1.71,-1.84,90.07,7,8,100,41.0,-0.03,56.0,0.35,54.0,0.6,63.0,1.34,61.0,1.71,MIXED,63.71,POSITIVE,Volume + Delivery,"Trend, VWAP",-2.98,2.98,680.0,721.7,692.0,MODERATE,58757874.0,NOT_AVAILABLE,NOT_AVAILABLE,,False,False,False,54.6,WATCH,WATCH
1242,CONCORDBIO,2026-08-28,1481.1,Neutral-Range,59.1,61.91,2,60,4/10,Low,54.76,52.14,3.52,18.33,1477.55,1392.86,1331.09,-6.6131,-4.7262,0.45,32.5,1481.74,-0.04,2.99,0.482,-0.05,-5.74,2.05,4.24,1.75,45.45,1546.4,1471.7,1481.9,1589.0,1471.7,45.92,49.74,2.07,-1.74,0.19,15.79,7.89,1.81,-2.51,89.39,7,12,99,42.42,0.1,54.55,0.71,58.59,0.55,59.6,1.14,57.58,2.66,POSITIVE,63.13,POSITIVE,Trend + RSI + Gap + Liquidity,"Momentum, MACD",-3.52,3.52,1428.96,1533.24,1481.9,HIGH,291269778.0,NOT_AVAILABLE,NOT_AVAILABLE,,False,False,False,54.59,WATCH,WATCH
1243,LTF,2026-08-28,314.3,Neutral-Range,50.94,52.58,-3,35,4/10,Low,49.67,8.49,2.7,2.5,315.94,309.59,285.41,-0.111,-0.4567,0.63,30.0,317.02,-0.86,2.52,0.43,-2.36,-0.9,2.61,0.98,0.03,49.66,323.65,318.6,321.9,327.3,314.15,50.5,46.18,1.66,-1.54,0.15,9.8,6.81,1.84,-2.1,67.57,6,9,100,55.0,0.33,63.0,0.88,64.0,1.45,63.0,1.68,57.0,1.07,POSITIVE,71.97,STRONG,Liquidity,"Momentum, Structure, VWAP",-2.7,2.7,305.81,322.79,321.9,MODERATE,1461306933.0,NOT_AVAILABLE,NOT_AVAILABLE,,False,False,False,54.55,WATCH,WATCH
1244,PITTIENG,2026-08-28,1121.2,Bullish,62.01,62.62,4,70,4/10,Low,72.06,40.38,3.6,32.5,1049.56,999.11,936.6,9.7593,-1.7107,0.48,20.83,1071.99,4.59,2.44,0.811,-0.75,6.56,5.79,21.28,0.92,46.83,1149.5,1105.0,1129.65,1168.0,1037.4,45.0,50.79,1.93,-1.5,0.24,16.97,6.71,1.92,-2.3,90.69,7,10,100,39.0,0.22,48.0,0.19,46.0,0.35,57.0,1.54,57.0,2.84,MIXED,58.61,POSITIVE,Trend + Structure + VWAP + Liquidity,None material,1.26,5.4,1135.33,1181.77,1071.99,HIGH,188060430.0,NOT_AVAILABLE,NOT_AVAILABLE,,False,False,False,54.54,WATCH,WATCH
1245,KILITCH,2026-08-28,171.77,Bearish,54.12,46.29,-4,30,4/10,Low,43.57,7.65,4.46,11.67,175.21,179.95,230.48,-0.5684,0.4434,0.28,14.17,172.81,-0.6,2.8,0.362,0.26,5.82,-5.44,-7.94,-0.19,,174.48,168.5,171.33,175.1,161.05,45.26,49.61,2.11,-1.88,0.58,38.55,13.42,2.27,-2.64,86.89,8,9,8,50.0,1.54,75.0,5.49,87.5,6.27,62.5,4.44,50.0,3.43,STRONG,87.5,STRONG,No strong driver,"Trend, Momentum, VWAP",-6.68,-1.56,160.29,169.09,174.48,HIGH,6156599.0,NOT_AVAILABLE,NOT_AVAILABLE,,False,False,False,54.5,WATCH,WATCH
1246,INDIANB,2026-08-28,882.4,Neutral-Range,53.43,59.94,0,50,3/10,Low,57.03,18.86,2.14,1.67,872.96,859.62,836.11,-1.0549,-0.1342,0.36,10.83,878.66,0.43,1.3,0.666,-0.23,0.63,-1.4,5.49,-0.25,53.16,896.15,875.35,884.4,905.0,862.0,46.97,48.29,1.76,-1.44,0.16,10.39,7.24,1.67,-2.12,75.81,7,6,100,50.0,0.19,54.0,0.27,58.0,0.47,57.0,0.67,61.0,0.37,POSITIVE,59.81,POSITIVE,Trend + RSI + Liquidity,"Momentum, MACD, Delivery",-2.14,2.14,863.54,901.26,884.4,MODERATE,1107078045.0,NOT_AVAILABLE,NOT_AVAILABLE,,False,False,False,54.46,WATCH,WATCH
1247,SHANKARA,2026-08-28,146.09,Neutral-Range,58.86,57.49,3,65,4/10,Low,66.62,3.1,2.12,5.83,143.01,137.3,190.57,0.047,-0.0446,0.77,62.5,142.92,2.22,1.86,0.527,-0.59,1.95,3.58,2.97,0.2,84.99,148.39,146.02,146.95,152.0,141.5,47.24,48.42,2.01,-2.16,0.04,13.16,10.39,1.86,-3.21,82.09,9,12,100,47.0,0.01,46.0,-0.14,50.0,0.11,55.0,0.96,55.0,0.77,MIXED,56.03,MIXED,Trend + Momentum + VWAP + RSI,Delivery,-2.12,2.12,142.99,149.19,146.95,MODERATE,28231210.0,NOT_AVAILABLE,NOT_AVAILABLE,,False,False,False,54.41,WATCH,WATCH
1248,BANKBEES,2026-08-28,596.06,Neutral-Range,48.6,52.91,-3,35,4/10,Low,50.58,6.54,1.1,2.5,596.14,593.0,585.75,-0.1427,-0.055,0.9,50.83,597.08,-0.17,0.66,0.756,-0.12,-0.28,-0.05,0.64,0.16,71.78,601.0,596.45,596.79,601.0,580.0,49.74,45.92,0.67,-0.65,0.27,6.84,1.32,1.7,-1.48,82.46,8,6,100,59.0,0.19,65.0,0.42,68.0,0.69,60.0,0.68,66.0,0.95,STRONG,65.28,POSITIVE,Liquidity,"Momentum, Structure, MACD",-1.1,1.1,589.52,602.6,596.79,LOW,348089984.0,NOT_AVAILABLE,NOT_AVAILABLE,,False,False,False,54.27,WATCH,WATCH
1249,USHAMART,2026-08-28,492.45,Neutral-Range,54.96,54.13,0,50,2/10,Low,47.09,13.61,2.76,7.5,496.54,495.09,460.22,-1.2878,0.3775,0.94,73.33,501.23,-1.75,2.29,0.312,0.67,2.32,0.92,-0.71,0.38,57.71,495.9,479.95,489.15,499.6,477.8,44.74,50.79,2.08,-1.68,0.13,10.26,8.29,1.79,-2.13,83.73,8,9,100,47.0,0.42,57.0,0.92,57.0,1.35,54.0,1.23,54.0,1.76,POSITIVE,64.17,POSITIVE,Delivery + Liquidity,"Trend, VWAP",-2.76,2.76,478.84,506.06,489.15,MODERATE,206768043.0,NOT_AVAILABLE,NOT_AVAILABLE,,False,False,False,54.27,WATCH,WATCH
1250,JUNIORBEES,2026-08-28,801.29,Neutral-Range,52.07,57.22,0,50,4/10,Low,53.49,13.39,1.67,28.33,801.13,790.03,758.21,-1.2887,-0.2173,0.51,5.0,804.03,-0.34,2.66,0.458,-0.56,0.13,-0.81,0.71,2.0,79.52,814.16,803.25,805.78,814.16,794.27,56.45,39.21,0.73,-0.86,0.97,41.05,7.89,2.43,-2.37,98.1,12,6,15,40.0,-0.14,66.67,0.12,53.33,0.14,60.0,0.17,46.67,0.08,MIXED,55.91,MIXED,Trend + RSI + Gap + Liquidity,"Momentum, Structure, MACD",-1.67,1.67,787.9,814.68,805.78,LOW,303509514.0,NOT_AVAILABLE,NOT_AVAILABLE,,False,False,False,54.26,WATCH,WATCH
1251,POONAWALLA,2026-08-28,479.05,Neutral-Range,55.9,50.86,0,50,1/10,Low,50.07,13.49,2.82,0.83,481.69,467.67,443.41,-2.9744,0.0829,0.44,18.33,486.88,-1.61,2.33,0.304,-0.68,-2.24,-3.79,3.34,0.05,47.75,484.0,471.75,482.35,499.55,470.55,46.84,48.95,1.78,-1.59,0.16,9.08,7.24,2.03,-2.03,79.6,9,8,16,25.0,-0.78,43.75,0.54,43.75,2.27,50.0,2.49,43.75,2.32,MIXED,66.85,POSITIVE,Liquidity,VWAP,-2.82,2.82,465.56,492.54,482.35,MODERATE,615451594.0,NOT_AVAILABLE,NOT_AVAILABLE,,False,False,False,54.24,WATCH,WATCH
1252,SBIBPB,2026-08-28,49.8,Neutral-Range,51.62,54.06,-2,40,3/10,Low,51.15,1.16,2.32,11.67,49.81,49.44,48.48,-0.0754,-0.0125,5.3,97.5,49.71,0.19,1.6,0.45,-0.18,0.0,-1.62,3.58,1.16,96.91,50.9,49.41,49.89,51.05,48.84,49.31,46.01,1.19,-1.06,0.85,39.12,7.71,2.25,-2.47,95.48,6,7,100,49.0,0.11,59.0,0.47,63.0,0.83,60.0,1.53,64.0,2.32,POSITIVE,67.49,POSITIVE,Gap,"Momentum, MACD, Delivery",-2.32,2.32,48.64,50.96,49.89,MODERATE,12836544.0,NOT_AVAILABLE,NOT_AVAILABLE,,False,False,False,54.08,WATCH,WATCH
1253,ZENTEC,2026-08-28,1820.1,Neutral-Range,54.22,55.24,-2,40,3/10,Low,49.52,62.26,3.42,4.17,1836.42,1791.54,1638.05,-3.3405,-5.0158,0.42,13.33,1868.72,-2.6,1.74,0.467,-0.3,-5.51,-2.0,12.06,-0.03,44.75,1873.6,1816.3,1825.6,1960.6,1816.3,47.11,48.55,2.34,-1.96,0.38,24.74,9.87,2.15,-3.06,80.63,10,10,40,47.5,-0.02,47.5,0.33,60.0,1.44,67.5,2.38,75.0,3.45,POSITIVE,74.91,STRONG,Liquidity,"Momentum, VWAP, MACD",-3.42,3.42,1757.84,1882.36,1825.6,HIGH,992738139.0,NOT_AVAILABLE,NOT_AVAILABLE,,False,False,False,54.07,WATCH,WATCH
1254,WAAREERTL,2026-08-28,878.7,Neutral-Range,54.62,47.87,0,50,3/10,Low,35.38,17.29,1.97,2.5,896.06,927.75,956.36,1.8151,0.5261,1.75,90.0,892.97,-1.6,1.67,0.241,0.43,0.39,-1.44,-3.78,-0.02,34.31,894.7,870.65,874.95,894.7,864.0,41.97,53.52,2.17,-1.63,0.27,16.34,7.89,2.35,-2.5,75.81,7,8,30,56.67,0.42,53.33,1.45,56.67,0.88,50.0,1.84,50.0,2.57,POSITIVE,63.21,POSITIVE,Momentum + Volume + MACD,"Trend, VWAP, RSI",-1.97,1.97,861.41,895.99,874.95,LOW,87743201.0,NOT_AVAILABLE,NOT_AVAILABLE,,False,False,False,54.05,WATCH,WATCH
1255,DREDGECORP,2026-08-28,1120.4,Neutral-Range,56.79,57.11,0,50,3/10,Low,53.03,44.38,3.96,2.5,1109.34,1088.26,991.55,-1.4648,-0.3006,0.63,57.5,1131.51,-0.98,2.12,0.526,0.41,0.35,-3.94,-1.67,-0.42,44.72,1138.6,1104.9,1115.8,1145.0,1087.1,44.61,51.18,2.93,-2.23,0.34,20.13,11.45,2.38,-2.31,81.41,8,9,100,45.0,-0.06,51.0,0.77,48.0,1.54,55.0,3.05,56.0,5.52,MIXED,69.41,POSITIVE,Trend + RSI + Liquidity,"Momentum, VWAP, MACD",-3.96,3.96,1076.02,1164.78,1115.8,HIGH,234913035.0,NOT_AVAILABLE,NOT_AVAILABLE,,False,False,False,54.02,WATCH,WATCH
1256,JUBLCPL,2026-08-28,2140.4,Neutral-Range,60.55,60.78,0,50,3/10,Low,54.03,119.38,5.58,65.0,2107.47,2020.39,1957.88,-6.0504,-3.7257,0.06,0.83,2254.49,-5.06,3.03,0.529,0.82,-3.92,-11.09,20.34,-0.2,52.19,2176.7,2101.9,2122.9,2294.9,2101.9,45.13,51.28,2.76,-2.14,0.17,17.95,14.62,2.18,-1.93,89.76,7,7,38,47.37,0.38,52.63,1.7,63.16,2.84,65.79,2.85,60.53,5.75,POSITIVE,80.13,STRONG,Trend + RSI + Delivery,"Momentum, VWAP, MACD",-5.58,5.58,2021.02,2259.78,2122.9,VERY_HIGH,76868224.0,NOT_AVAILABLE,NOT_AVAILABLE,,False,False,False,53.93,WATCH,WATCH
1257,RITCO,2026-08-28,311.6,Neutral-Range,59.45,58.49,2,60,4/10,Low,57.85,13.09,4.2,6.67,306.17,290.23,263.75,-0.9228,-0.2293,0.19,16.67,307.51,1.33,2.03,0.708,0.48,-1.98,5.41,6.82,0.73,69.16,318.4,307.8,310.1,327.5,307.8,45.79,49.74,2.15,-1.85,0.33,21.71,9.21,1.76,-1.88,91.84,11,9,100,41.0,-0.1,46.0,-0.08,49.0,0.87,53.0,2.49,62.0,3.06,MIXED,64.14,POSITIVE,Trend + VWAP + RSI + Delivery,"Momentum, MACD",-4.2,4.2,298.51,324.69,310.1,HIGH,46683631.0,NOT_AVAILABLE,NOT_AVAILABLE,,False,False,False,53.92,WATCH,WATCH
1258,SMARTWORKS,2026-08-28,538.75,Bullish,61.02,63.9,4,70,4/10,Low,67.41,17.62,3.27,0.83,511.78,490.28,466.32,4.2967,-0.8361,0.15,1.67,514.96,4.62,1.53,0.712,-0.34,2.96,10.23,14.51,-0.56,47.38,546.0,534.0,540.6,567.9,512.15,48.61,46.53,1.78,-1.67,0.06,15.97,12.85,1.85,-1.58,92.59,6,14,44,36.36,-0.49,38.64,-0.83,45.45,-0.09,61.36,0.94,65.91,2.37,MIXED,55.78,MIXED,Trend + Momentum + VWAP + RSI,None material,1.15,4.91,544.92,565.19,514.96,HIGH,64914691.0,NOT_AVAILABLE,NOT_AVAILABLE,,False,False,False,53.92,WATCH,WATCH
1259,WAAREEINDO,2026-08-28,276.25,Neutral-Range,55.88,49.08,-2,40,4/10,Low,29.57,12.51,4.53,17.5,298.64,332.68,361.82,-0.003,0.5193,1.18,71.67,305.75,-9.65,5.04,0.092,1.23,-2.69,-7.06,-9.93,0.2,57.2,277.0,271.0,272.9,293.9,271.0,45.85,49.34,3.55,-2.76,0.54,37.55,26.2,3.44,-2.97,63.95,29,9,29,48.28,0.43,51.72,1.47,62.07,3.36,65.52,7.89,75.86,6.26,POSITIVE,79.66,STRONG,Volume + Delivery,"Trend, Momentum, Structure",-4.53,4.53,263.74,288.76,272.9,HIGH,27924770.0,NOT_AVAILABLE,NOT_AVAILABLE,,False,False,False,53.9,WATCH,WATCH
1260,DIVGIITTS,2026-08-28,1175.15,Neutral-Range,55.28,56.08,-1,45,4/10,Low,57.7,55.4,4.71,40.0,1155.33,1044.82,826.02,-11.1453,-3.3384,0.39,36.67,1221.36,-3.78,3.97,0.605,-1.7,-3.51,-9.68,22.06,0.38,51.53,1207.4,1143.2,1195.5,1274.3,1143.2,46.18,49.34,1.86,-1.63,0.3,18.42,9.87,2.11,-1.96,91.02,6,10,100,52.0,0.13,56.0,0.65,55.0,1.09,62.0,2.8,60.0,4.2,POSITIVE,71.51,STRONG,Trend + RSI + Liquidity,"Momentum, VWAP, MACD",-4.71,4.71,1119.75,1230.55,1195.5,HIGH,360170559.0,NOT_AVAILABLE,NOT_AVAILABLE,,False,False,False,53.79,WATCH,WATCH
1261,DCXINDIA,2026-08-28,177.81,Bullish,62.97,56.57,4,70,4/10,Low,48.42,5.46,3.07,2.5,177.44,182.83,196.34,0.6502,0.2298,1.25,85.0,176.44,0.78,2.88,0.63,2.2,1.32,0.92,-1.42,-0.06,47.39,178.52,173.0,173.99,178.52,172.6,45.0,50.79,2.38,-2.16,0.29,17.37,8.03,2.28,-3.03,79.78,8,8,100,46.0,0.19,48.0,0.29,44.0,0.77,53.0,2.33,52.0,2.97,MIXED,61.35,POSITIVE,Momentum + Volume + VWAP + MACD,None material,1.08,4.61,179.72,186.01,173.0,HIGH,83401252.0,NOT_AVAILABLE,NOT_AVAILABLE,,False,False,False,53.7,WATCH,WATCH
1262,GESHIP,2026-08-28,1339.6,Neutral-Range,61.26,56.92,3,65,4/10,Low,49.23,43.49,3.25,0.83,1333.66,1371.57,1331.7,6.7458,1.073,1.08,76.67,1363.55,-1.76,3.17,0.233,1.7,2.16,4.29,-0.8,0.58,34.98,1341.8,1311.5,1317.2,1380.0,1291.5,47.76,48.03,1.81,-1.61,0.22,9.47,5.79,2.06,-2.04,88.06,12,7,100,47.0,0.18,53.0,0.8,55.0,0.78,55.0,1.57,53.0,1.37,POSITIVE,62.9,POSITIVE,Trend + Momentum + MACD + Liquidity,VWAP,-3.25,3.25,1296.11,1383.09,1317.2,HIGH,1797143432.0,NOT_AVAILABLE,NOT_AVAILABLE,,False,False,False,53.68,WATCH,WATCH
1263,PSUBNKBEES,2026-08-28,96.04,Neutral-Range,48.9,55.22,-2,40,4/10,Low,51.19,1.91,1.99,2.5,96.03,95.35,93.4,-0.1563,-0.0078,0.28,0.83,96.53,-0.51,1.44,0.428,-0.04,0.23,-1.52,2.8,0.0,51.99,97.2,95.9,96.08,97.8,94.8,49.21,46.18,1.2,-1.1,0.4,25.92,11.71,1.91,-1.92,94.22,7,7,100,40.0,-0.09,50.0,0.24,55.0,0.42,55.0,1.13,57.0,2.01,POSITIVE,59.7,POSITIVE,Trend + Liquidity,"Momentum, VWAP, MACD",-1.99,1.99,94.13,97.95,96.08,LOW,267601293.0,NOT_AVAILABLE,NOT_AVAILABLE,,False,False,False,53.66,WATCH,WATCH
1264,NSIL,2026-08-28,5715.5,Neutral-Range,57.22,55.07,2,60,4/10,Low,57.49,134.61,2.36,25.0,5628.07,5584.04,5831.56,15.5744,-2.3445,0.49,13.33,5651.54,1.13,1.72,0.683,-0.44,2.3,3.99,3.54,-0.28,58.91,5823.5,5725.0,5741.0,5837.0,5520.5,46.45,49.34,2.02,-1.61,0.4,22.24,6.18,1.96,-2.38,82.82,10,8,100,46.0,0.03,49.0,0.34,47.0,0.43,51.0,1.69,55.0,3.37,MIXED,57.78,POSITIVE,Trend + Momentum + VWAP + RSI,"Structure, Delivery",-2.36,2.36,5580.89,5850.11,5741.0,MODERATE,12461082.0,NOT_AVAILABLE,NOT_AVAILABLE,,False,False,False,53.63,WATCH,WATCH
1265,MARKOLINES,2026-08-28,171.92,Neutral-Range,51.17,53.76,-2,40,2/10,Low,46.03,5.08,2.96,6.67,173.5,172.61,166.87,-0.4221,0.0745,1.01,64.17,174.77,-1.63,1.53,0.211,-0.47,0.21,-1.83,-2.51,0.04,30.75,174.92,171.0,172.74,176.4,169.09,45.18,49.12,1.64,-1.53,0.53,21.49,2.63,1.7,-1.39,90.73,7,5,80,48.75,-0.08,57.5,0.18,60.0,0.41,61.25,1.78,65.0,2.65,POSITIVE,66.2,POSITIVE,No strong driver,"Trend, VWAP",-2.96,2.96,166.84,177.0,172.74,MODERATE,28238292.0,NOT_AVAILABLE,NOT_AVAILABLE,,False,False,False,53.53,WATCH,WATCH
1266,CHENNPETRO,2026-08-28,1341.1,Neutral-Range,52.88,52.49,-3,35,4/10,Low,51.89,62.9,4.69,38.33,1345.87,1268.67,1069.72,-9.0418,-3.3481,0.27,8.33,1387.18,-3.32,3.16,0.448,-0.84,-3.76,1.45,6.39,0.5,33.55,1390.0,1350.0,1352.4,1452.0,1350.0,47.76,47.76,2.44,-2.07,0.15,11.18,7.37,1.77,-2.61,80.39,8,10,28,53.57,0.78,53.57,1.43,60.71,2.74,60.71,3.21,85.71,7.36,POSITIVE,77.5,STRONG,Liquidity,"Momentum, Structure, VWAP",-4.69,4.69,1278.2,1404.0,1352.4,HIGH,3597010008.0,NOT_AVAILABLE,NOT_AVAILABLE,,False,False,False,53.49,WATCH,WATCH
1267,WSTCSTPAPR,2026-08-28,612.5,Neutral-Range,58.04,61.11,2,60,4/10,Low,57.87,23.1,3.77,40.0,601.99,570.81,505.82,-3.1484,-0.1681,0.48,27.5,615.4,-0.47,2.13,0.538,0.93,-3.88,0.19,7.55,0.8,56.74,638.95,604.4,606.85,655.0,599.8,46.18,49.08,1.72,-1.61,0.1,8.29,9.34,1.76,-1.9,85.29,6,11,71,49.3,-0.0,46.48,0.22,52.11,0.53,60.56,0.89,60.56,1.49,MIXED,60.11,POSITIVE,Trend + RSI + Delivery + Liquidity,"Momentum, MACD",-3.77,3.77,589.4,635.6,606.85,HIGH,209404407.0,NOT_AVAILABLE,NOT_AVAILABLE,,False,False,False,53.27,WATCH,WATCH
1268,BRIGHOTEL,2026-08-28,59.56,Neutral-Range,52.46,48.39,-2,40,4/10,Low,43.68,1.67,2.81,6.67,60.12,61.08,65.34,0.0438,0.0028,0.48,21.67,60.15,-0.98,1.68,0.24,-0.02,0.73,-0.17,0.19,0.71,65.98,60.55,59.44,59.57,62.92,58.75,38.49,55.76,1.23,-1.06,0.23,16.55,5.4,1.78,-1.65,91.44,5,9,29,55.17,-0.01,55.17,0.66,55.17,0.84,68.97,2.02,55.17,2.26,POSITIVE,69.89,POSITIVE,Momentum + MACD,"Trend, VWAP, RSI",-2.81,2.81,57.89,61.23,59.57,MODERATE,9324684.0,NOT_AVAILABLE,NOT_AVAILABLE,,False,False,False,53.23,WATCH,WATCH
1269,PATELRMART,2026-08-28,232.68,Neutral-Range,59.34,61.89,3,65,4/10,Low,56.52,8.52,3.66,12.5,228.32,222.21,215.67,0.5198,-0.1702,0.36,22.5,229.27,1.49,2.95,0.687,-0.67,-0.61,5.95,3.12,0.06,59.69,237.85,231.0,234.25,240.98,226.2,43.68,51.34,2.14,-1.9,0.13,18.01,9.58,1.98,-2.83,85.44,6,7,29,41.38,0.2,51.72,1.05,55.17,0.45,51.72,0.8,62.07,0.95,POSITIVE,57.41,POSITIVE,Trend + Momentum + VWAP + RSI,Delivery,-3.66,3.66,224.16,241.2,234.25,HIGH,24306468.0,NOT_AVAILABLE,NOT_AVAILABLE,,False,False,False,53.22,WATCH,WATCH
1270,MON100,2026-08-28,327.1,Neutral-Range,51.93,54.16,0,50,3/10,Low,48.53,3.15,0.96,0.83,328.49,325.47,286.27,-0.5921,-0.0855,0.98,64.17,330.54,-1.04,0.0,0.545,0.05,-1.03,-1.65,7.18,0.05,100.0,326.94,326.94,326.94,330.51,326.0,50.53,45.0,1.05,-0.87,0.81,40.53,6.32,2.05,-2.13,85.87,8,7,100,47.0,-0.06,58.0,0.27,58.0,0.18,55.0,0.06,62.0,0.6,POSITIVE,55.51,MIXED,Structure + Delivery + Liquidity,"Momentum, VWAP, MACD",-0.96,0.96,323.95,330.25,326.94,LOW,113980627.0,NOT_AVAILABLE,NOT_AVAILABLE,,False,False,False,53.2,WATCH,WATCH
1271,BSE500IETF,2026-08-28,39.85,Bullish,56.76,59.17,4,70,4/10,Low,53.7,0.58,1.46,4.17,39.78,39.44,38.83,-0.0501,0.0063,0.31,10.0,39.92,-0.18,1.16,0.279,0.4,-0.13,-0.4,0.68,0.0,60.76,40.03,39.55,39.69,40.24,39.38,52.82,41.53,0.61,-0.69,0.46,17.51,4.2,2.09,-2.12,96.66,15,7,25,52.0,-0.02,36.0,-0.38,40.0,-0.21,48.0,-0.34,48.0,-0.32,NEGATIVE,43.6,MIXED,Trend + Momentum + RSI + Delivery,None material,0.51,2.2,40.05,40.72,39.55,LOW,6948509.0,NOT_AVAILABLE,NOT_AVAILABLE,,False,False,False,53.18,WATCH,WATCH
1272,GROWWPOWER,2026-08-28,11.33,Neutral-Range,53.1,50.04,0,50,3/10,Low,38.12,0.22,1.96,0.83,11.45,11.61,11.19,0.0037,0.0012,1.05,70.83,11.44,-0.94,1.06,0.329,0.09,0.0,-1.39,-1.99,0.62,86.68,11.43,11.29,11.32,11.55,11.09,45.79,43.59,0.99,-0.91,0.85,36.63,4.03,2.12,-2.39,96.98,7,6,62,43.55,0.27,58.06,0.9,50.0,0.85,46.77,1.65,43.55,1.65,MIXED,58.87,POSITIVE,Momentum + MACD + Delivery,"Trend, VWAP, RSI",-1.96,1.96,11.11,11.55,11.32,LOW,25921593.0,NOT_AVAILABLE,NOT_AVAILABLE,,False,False,False,53.16,WATCH,WATCH
1273,KPIGREEN,2026-08-28,314.25,Neutral-Range,58.36,48.81,0,50,3/10,Low,29.52,11.17,3.55,33.33,334.32,363.42,414.67,0.859,0.4089,0.27,2.5,334.5,-6.05,2.48,0.149,-0.76,0.53,-1.49,-15.92,0.74,45.88,322.05,316.05,316.65,323.65,307.05,43.29,52.5,2.66,-2.28,0.38,26.45,10.13,2.65,-4.19,77.07,8,9,9,33.33,1.16,44.44,2.72,55.56,5.9,55.56,1.68,55.56,0.27,POSITIVE,73.89,STRONG,Momentum + MACD + Liquidity,"Trend, Structure, VWAP",-3.55,3.55,303.08,325.42,316.65,HIGH,545877511.0,NOT_AVAILABLE,NOT_AVAILABLE,,False,False,False,53.12,WATCH,WATCH
1274,ZUARIIND,2026-08-28,272.95,Neutral-Range,61.61,53.87,3,65,4/10,Low,54.55,11.28,4.13,76.67,269.11,264.4,269.76,0.9345,-0.4722,0.72,54.17,277.42,-1.61,3.58,0.461,0.78,-2.27,5.88,5.47,-0.2,53.79,284.0,269.25,270.85,297.0,269.25,44.87,50.66,2.54,-2.0,0.26,17.89,8.55,1.9,-2.13,85.71,7,7,100,53.0,0.45,51.0,1.21,54.0,1.67,49.0,1.54,51.0,1.85,MIXED,63.89,POSITIVE,Trend + Momentum + RSI + Delivery,VWAP,-4.13,4.13,261.67,284.23,270.85,HIGH,25708992.0,NOT_AVAILABLE,NOT_AVAILABLE,,False,False,False,53.12,WATCH,WATCH
1275,TOP100CASE,2026-08-28,10.67,Neutral-Range,55.0,55.33,1,55,2/10,Low,50.66,0.26,2.45,8.33,10.68,10.61,10.55,-0.0142,0.001,1.27,80.83,10.73,-0.52,0.75,0.373,0.19,0.09,-0.65,-0.09,0.47,93.05,10.92,10.6,10.65,10.92,10.53,49.02,42.07,0.61,-0.68,1.52,70.23,6.95,2.26,-1.97,98.67,9,7,100,49.0,0.05,57.0,0.2,60.0,0.33,54.0,0.41,54.0,-0.02,POSITIVE,57.86,POSITIVE,Volume + Delivery,VWAP,-2.45,2.45,10.41,10.93,10.65,MODERATE,7706387.0,NOT_AVAILABLE,NOT_AVAILABLE,,False,False,False,53.06,WATCH,WATCH
1276,CHOICEIN,2026-08-28,786.4,Neutral-Range,49.61,50.66,-2,40,3/10,Low,43.23,15.65,1.99,5.0,800.22,785.65,741.69,-5.6652,0.6971,0.86,49.17,814.44,-3.44,2.4,0.16,1.46,-2.75,-2.23,-4.44,-0.01,22.77,784.2,773.5,775.05,815.8,773.5,51.18,44.34,1.43,-1.37,0.39,15.0,2.5,1.87,-4.36,72.51,11,8,100,52.0,0.35,53.0,0.84,57.0,1.03,54.0,0.94,57.0,1.38,POSITIVE,61.73,POSITIVE,Liquidity,"Momentum, VWAP, RSI",-1.99,1.99,770.75,802.05,775.05,LOW,356974455.0,NOT_AVAILABLE,NOT_AVAILABLE,,False,False,False,53.01,WATCH,WATCH
1277,HINDCOPPER,2026-08-28,533.55,Neutral-Range,54.66,49.96,-2,40,3/10,Low,49.87,23.14,4.34,76.67,539.15,525.9,489.75,-2.7968,-1.3924,0.56,25.83,547.15,-2.49,2.42,0.45,-0.51,-6.84,0.85,8.53,0.5,39.16,552.9,533.15,536.3,586.75,526.2,48.29,47.37,2.43,-2.04,0.28,19.08,9.08,2.12,-2.51,67.88,9,7,17,52.94,0.37,70.59,1.02,70.59,2.03,47.06,3.32,58.82,5.0,STRONG,76.18,STRONG,Liquidity,"Momentum, VWAP, MACD",-4.34,4.34,510.41,556.69,536.3,HIGH,9805008978.0,NOT_AVAILABLE,NOT_AVAILABLE,,False,False,False,52.93,WATCH,WATCH
1278,MAHKTECH,2026-08-28,22.75,Neutral-Range,49.61,45.01,-3,35,4/10,Low,41.35,0.3,1.31,3.33,23.1,23.16,23.71,-0.1103,0.0135,0.46,33.33,23.36,-2.6,1.11,0.156,0.8,-1.52,-2.82,-3.97,0.0,66.51,22.57,22.57,22.57,23.38,22.57,45.79,46.84,1.5,-1.29,0.43,29.87,13.68,2.25,-2.22,63.16,9,7,100,52.0,0.14,52.0,0.12,59.0,0.4,57.0,2.74,53.0,5.03,POSITIVE,68.16,POSITIVE,Delivery,"Trend, Momentum, VWAP",-1.31,1.31,22.45,23.05,22.57,LOW,14019446.0,NOT_AVAILABLE,NOT_AVAILABLE,,False,False,False,52.93,WATCH,WATCH
1279,RATEGAIN,2026-08-28,933.95,Neutral-Range,54.27,51.15,-2,40,3/10,Low,50.35,39.33,4.21,45.83,936.87,901.95,743.26,-3.2641,-0.1984,0.33,8.33,945.79,-1.25,2.61,0.323,1.71,-5.67,-0.92,1.69,-0.35,48.1,943.75,911.0,918.25,1009.0,911.0,47.89,47.76,2.04,-1.84,0.28,15.92,7.11,1.95,-2.36,84.89,7,8,15,66.67,0.82,66.67,1.16,66.67,1.83,60.0,2.1,60.0,1.43,STRONG,75.05,STRONG,Liquidity,"Momentum, VWAP, MACD",-4.21,4.21,894.62,973.28,918.25,HIGH,648228137.0,NOT_AVAILABLE,NOT_AVAILABLE,,False,False,False,52.89,WATCH,WATCH
1280,FILATEX,2026-08-28,78.89,Neutral-Range,64.87,58.73,3,65,4/10,Low,52.02,4.27,5.42,93.33,79.4,71.9,57.27,-1.3954,0.0063,0.42,20.83,80.34,-1.8,2.94,0.493,0.74,-5.02,-3.07,7.3,0.05,62.69,80.47,75.05,78.31,85.0,70.74,44.34,51.18,2.41,-1.87,0.26,14.87,7.5,2.02,-1.93,87.58,8,9,100,47.0,0.66,49.0,0.7,53.0,1.52,64.0,2.79,63.0,3.25,MIXED,73.19,STRONG,Momentum + RSI + Delivery + Liquidity,VWAP,-5.42,5.42,74.62,83.16,78.31,VERY_HIGH,336876295.0,NOT_AVAILABLE,NOT_AVAILABLE,,False,False,False,52.88,WATCH,WATCH
1281,JAYSREETEA,2026-08-28,98.84,Neutral-Range,58.09,59.64,2,60,4/10,Low,60.26,4.7,4.76,89.17,94.71,90.01,89.0,0.7921,-0.4379,0.33,10.0,98.11,0.74,3.65,0.546,-1.26,-2.92,7.39,20.6,-0.05,58.02,104.8,100.0,100.1,112.7,100.0,44.61,50.26,2.02,-1.73,0.35,17.76,5.79,1.78,-2.17,81.26,9,11,100,42.0,0.13,52.0,0.91,57.0,0.71,58.0,0.54,62.0,1.06,POSITIVE,60.25,POSITIVE,Trend + Momentum + VWAP + RSI,"Structure, Delivery",-4.76,4.76,94.14,103.54,100.1,HIGH,16710929.0,NOT_AVAILABLE,NOT_AVAILABLE,,False,False,False,52.88,WATCH,WATCH
1282,GROWWEV,2026-08-28,33.38,Neutral-Range,56.76,59.32,3,65,4/10,Low,54.28,0.68,2.04,10.0,33.35,32.55,31.01,-0.1642,0.0085,0.45,11.67,33.76,-1.12,1.32,0.425,0.39,-0.06,-2.4,2.2,0.03,66.59,33.6,33.17,33.25,34.48,33.03,46.89,47.67,0.89,-0.87,0.46,19.65,6.42,1.78,-1.98,94.85,6,12,100,46.0,-0.01,46.0,-0.09,47.0,-0.01,50.0,0.28,46.0,0.28,MIXED,50.03,MIXED,Trend + Momentum + RSI + Delivery,VWAP,-2.04,2.04,32.7,34.06,33.25,MODERATE,16152936.0,NOT_AVAILABLE,NOT_AVAILABLE,,False,False,False,52.83,WATCH,WATCH
1283,SDBL,2026-08-28,73.38,Bullish,62.01,56.9,4,70,4/10,Low,52.31,2.38,3.24,0.83,72.84,73.28,86.74,-0.1388,0.0562,0.65,60.83,73.44,-0.08,3.76,0.501,2.17,-0.49,-1.11,2.04,0.11,49.77,73.24,71.5,71.82,74.84,71.5,42.37,53.16,2.31,-2.07,0.16,17.24,8.16,1.8,-4.04,83.09,9,8,11,27.27,-0.22,36.36,-0.69,36.36,-1.38,63.64,3.53,54.55,0.12,NEGATIVE,58.6,POSITIVE,Trend + Momentum + Structure + RSI,None material,1.13,4.86,74.21,76.95,71.5,HIGH,51295391.0,NOT_AVAILABLE,NOT_AVAILABLE,,False,False,False,52.82,WATCH,WATCH
1284,AUTOIETF,2026-08-28,29.92,Neutral-Range,48.22,54.6,-2,40,4/10,Low,53.58,0.59,1.96,4.17,29.97,29.16,28.03,-0.1406,-0.0123,0.56,32.5,30.24,-1.07,1.73,0.28,-0.23,-1.06,-1.51,0.64,1.0,50.86,31.0,29.61,29.99,31.0,29.61,49.93,43.56,0.93,-1.18,0.22,16.64,6.22,1.89,-4.14,90.56,8,8,100,52.0,-0.75,60.0,-0.58,62.0,-0.58,68.0,-0.1,72.0,0.81,MIXED,57.78,POSITIVE,RSI + Gap,"Momentum, VWAP, MACD",-1.96,1.96,29.33,30.51,29.99,LOW,24490183.0,NOT_AVAILABLE,NOT_AVAILABLE,,False,False,False,52.79,WATCH,WATCH
1285,ICICIBANK,2026-08-28,1422.8,Neutral-Range,47.32,52.21,-3,35,4/10,Low,50.44,20.77,1.46,5.0,1424.03,1405.35,1362.3,-0.5332,-0.216,0.94,53.33,1429.73,-0.48,1.45,0.457,-1.4,0.2,0.41,-0.88,-0.55,60.42,1453.8,1433.1,1443.0,1453.8,1408.0,49.74,46.05,0.9,-0.85,-0.0,4.47,4.87,1.8,-1.58,71.73,9,9,14,64.29,0.29,64.29,0.83,50.0,0.73,57.14,1.55,85.71,2.23,MIXED,61.62,POSITIVE,Liquidity,"Momentum, Structure, MACD",-1.46,1.46,1402.03,1443.57,1443.0,LOW,13156848711.0,NOT_AVAILABLE,NOT_AVAILABLE,,False,False,False,52.76,WATCH,WATCH
1286,HEROMOTOCO,2026-08-28,5600.0,Neutral-Range,53.64,58.42,1,55,4/10,Low,54.08,114.54,2.05,5.83,5599.61,5393.65,5246.36,-48.6498,-0.0742,0.63,20.83,5710.6,-1.94,2.25,0.386,0.9,-2.35,-3.28,3.97,-0.02,50.69,5610.0,5511.5,5550.0,5735.0,5511.5,49.47,46.32,1.32,-1.21,0.18,7.37,5.26,1.85,-1.66,72.76,8,6,62,45.16,0.15,56.45,0.37,48.39,0.41,53.23,0.44,56.45,0.97,MIXED,53.97,MIXED,Trend + RSI + Delivery + Liquidity,"Momentum, VWAP, MACD",-2.05,2.05,5485.46,5714.54,5550.0,MODERATE,3673166912.0,NOT_AVAILABLE,NOT_AVAILABLE,,False,False,False,52.61,WATCH,WATCH
1287,TRITURBINE,2026-08-28,580.3,Neutral-Range,52.76,49.94,-3,35,4/10,Low,41.87,20.07,3.46,11.67,592.03,608.46,582.81,-0.0939,0.6468,0.34,30.83,599.83,-3.26,2.56,0.207,-0.54,0.95,-2.04,-3.56,0.8,46.65,604.05,575.05,583.45,604.05,566.5,43.68,52.11,2.28,-1.74,0.22,11.58,7.5,2.25,-2.35,81.74,7,8,15,46.67,0.43,60.0,1.63,66.67,2.47,60.0,1.99,46.67,1.97,STRONG,77.17,STRONG,Liquidity,"Trend, Momentum, VWAP",-3.46,3.46,560.23,600.37,583.45,HIGH,482035194.0,NOT_AVAILABLE,NOT_AVAILABLE,,False,False,False,52.6,WATCH,WATCH
1288,HDFCAMC,2026-08-28,2569.0,Neutral-Range,53.22,48.93,-1,45,2/10,Low,48.05,59.45,2.31,9.17,2585.05,2598.71,2955.16,9.9586,-5.178,0.71,34.17,2565.65,0.13,1.95,0.434,-0.23,-1.57,3.38,-1.79,-0.08,57.07,2691.0,2559.9,2575.0,2698.0,2559.9,48.82,46.84,1.47,-1.46,0.04,6.18,5.66,1.85,-3.11,73.58,7,8,100,50.0,-0.05,52.0,0.5,59.0,1.09,54.0,1.68,62.0,0.43,POSITIVE,65.63,POSITIVE,Liquidity,"Trend, Delivery",-2.31,2.31,2509.55,2628.45,2575.0,MODERATE,2114575988.0,NOT_AVAILABLE,NOT_AVAILABLE,,False,False,False,52.55,WATCH,WATCH
1289,TIRUPATIFL,2026-08-28,69.78,Bullish,65.51,60.79,4,70,4/10,Low,53.59,4.01,5.75,33.33,68.72,65.3,51.29,-0.0062,0.0686,0.69,56.67,68.66,1.63,2.94,0.581,2.44,0.23,5.98,-0.31,0.56,,70.7,67.05,68.12,74.0,66.0,45.26,49.34,3.19,-2.31,0.29,37.11,28.68,2.66,-2.39,48.13,13,15,100,40.0,0.01,40.0,0.27,43.0,1.37,53.0,4.52,54.0,5.47,MIXED,68.6,POSITIVE,Trend + Momentum + VWAP + RSI,None material,2.01,8.62,71.18,75.79,67.05,VERY_HIGH,16321121.0,NOT_AVAILABLE,NOT_AVAILABLE,,False,False,False,52.54,WATCH,WATCH
1290,ANGELONE,2026-08-28,294.0,Neutral-Range,51.17,45.01,-3,35,4/10,Low,44.23,8.66,2.95,1.67,296.61,318.18,906.51,2.0638,-0.1268,0.61,25.0,294.46,-0.16,2.04,0.52,-0.64,2.15,2.33,-1.33,0.0,33.77,300.2,294.9,295.9,305.45,284.0,46.84,48.82,2.34,-2.26,0.1,15.26,8.42,1.93,-4.02,78.03,8,9,100,44.0,0.22,50.0,1.27,54.0,2.04,56.0,2.74,54.0,2.08,MIXED,72.62,STRONG,Liquidity,"Trend, Momentum, Structure",-2.95,2.95,285.34,302.66,295.9,MODERATE,1375894414.0,NOT_AVAILABLE,NOT_AVAILABLE,,False,False,False,52.51,WATCH,WATCH
1291,TIMETECHNO,2026-08-28,186.29,Neutral-Range,52.46,50.03,-3,35,4/10,Low,39.65,6.28,3.37,22.5,192.74,192.34,207.96,-1.8554,0.377,0.92,50.83,197.35,-5.6,2.41,0.205,0.33,-0.63,-3.61,-10.68,0.0,23.75,187.99,184.25,185.67,192.4,183.07,47.5,48.16,2.33,-2.11,0.17,11.71,8.16,2.27,-3.24,77.95,8,8,100,51.0,0.6,58.0,1.26,61.0,2.3,57.0,4.05,57.0,4.95,POSITIVE,76.3,STRONG,Liquidity,"Trend, Momentum, VWAP",-3.37,3.37,180.01,192.57,185.67,HIGH,639706922.0,NOT_AVAILABLE,NOT_AVAILABLE,,False,False,False,52.32,WATCH,WATCH
1292,BANKIETF,2026-08-28,59.13,Neutral-Range,47.39,55.83,-2,40,3/10,Low,50.9,0.66,1.12,0.83,59.12,58.81,58.08,-0.012,-0.0043,1.59,85.0,59.1,0.05,0.76,0.341,-0.19,-0.17,-0.15,0.6,0.2,73.32,59.6,59.01,59.24,59.6,58.75,49.06,45.73,0.7,-0.67,0.69,29.23,4.63,2.28,-2.17,95.65,8,8,89,43.82,-0.03,58.43,0.12,57.3,0.18,55.06,0.09,64.04,0.49,POSITIVE,55.41,MIXED,Trend,"Momentum, MACD, Delivery",-1.12,1.12,58.47,59.79,59.24,LOW,32091919.0,NOT_AVAILABLE,NOT_AVAILABLE,,False,False,False,52.32,WATCH,WATCH
1293,TRIVENI,2026-08-28,283.82,Neutral-Range,63.97,54.29,2,60,3/10,Low,46.54,15.79,5.56,77.5,284.12,317.04,360.5,8.1269,-1.1353,0.54,30.83,274.37,3.44,3.02,0.65,0.57,-3.88,6.53,28.14,1.09,39.4,289.9,281.28,282.21,306.7,281.28,46.32,48.95,1.88,-1.77,0.12,10.66,6.71,2.1,-3.79,78.2,6,10,100,50.0,0.1,49.0,0.42,56.0,1.26,70.0,3.23,67.0,3.39,POSITIVE,77.06,STRONG,VWAP + Gap + Liquidity,Trend,-5.56,5.56,268.03,299.61,282.21,VERY_HIGH,404019540.0,NOT_AVAILABLE,NOT_AVAILABLE,,False,False,False,52.24,WATCH,WATCH
1294,METROBRAND,2026-08-28,936.7,Neutral-Range,54.13,49.97,0,50,3/10,Low,41.19,25.64,2.74,17.5,951.33,986.1,1040.06,1.7008,1.6299,0.55,40.83,958.55,-2.28,2.69,0.247,1.63,2.65,-0.78,-9.64,-0.71,71.59,955.5,915.0,921.7,955.5,901.0,46.05,49.47,1.55,-1.44,0.12,10.39,6.58,2.05,-2.43,91.29,9,8,100,48.0,0.11,54.0,0.32,59.0,0.67,57.0,0.88,58.0,1.14,POSITIVE,61.8,POSITIVE,Momentum + MACD + Delivery,"Trend, VWAP, RSI",-2.74,2.74,911.06,962.34,921.7,MODERATE,56698772.0,NOT_AVAILABLE,NOT_AVAILABLE,,False,False,False,52.18,WATCH,WATCH
1295,SUPRIYA,2026-08-28,804.15,Neutral-Range,54.03,49.16,-2,40,4/10,Low,44.54,34.07,4.24,35.0,818.6,838.11,776.37,-2.223,2.2741,0.64,47.5,828.86,-2.98,3.97,0.303,3.58,-0.16,1.58,-7.25,0.21,39.64,792.0,774.3,776.35,817.95,774.3,46.32,49.08,2.43,-1.93,0.27,15.39,8.03,2.1,-2.61,86.25,8,9,40,47.5,0.18,47.5,0.69,45.0,1.05,67.5,4.12,60.0,5.46,MIXED,74.38,STRONG,Structure + Liquidity,"Trend, Momentum, VWAP",-4.24,4.24,770.08,838.22,776.35,HIGH,297351402.0,NOT_AVAILABLE,NOT_AVAILABLE,,False,False,False,52.05,WATCH,WATCH
1296,SHAKTIPUMP,2026-08-28,493.55,Neutral-Range,53.18,47.31,-1,45,4/10,Low,36.65,11.41,2.31,5.0,506.09,522.7,619.05,0.4791,0.1819,0.88,67.5,505.28,-2.32,1.75,0.167,-0.77,-1.99,-1.35,-5.16,0.3,44.23,503.0,486.85,497.4,515.5,486.85,45.0,50.79,2.69,-2.17,0.36,23.82,11.84,2.85,-3.82,74.92,7,8,100,48.0,0.4,52.0,0.72,53.0,1.04,53.0,2.31,57.0,3.6,MIXED,65.5,POSITIVE,Momentum + MACD + Liquidity,"Trend, Structure, VWAP",-2.31,2.31,482.14,504.96,497.4,MODERATE,160680151.0,NOT_AVAILABLE,NOT_AVAILABLE,,False,False,False,52.02,WATCH,WATCH
1297,KEI,2026-08-28,5570.0,Neutral-Range,54.27,59.6,2,60,4/10,Low,54.89,146.04,2.62,3.33,5526.54,5369.69,4865.78,-29.3746,-0.2598,0.6,25.0,5577.93,-0.14,1.49,0.648,0.61,0.77,-2.28,11.42,0.0,53.36,5590.0,5448.4,5536.0,5744.0,5448.4,49.87,45.92,1.79,-1.66,0.2,12.11,7.37,1.82,-2.05,81.17,9,6,100,48.0,-0.01,50.0,-0.38,48.0,-0.63,57.0,0.03,54.0,-0.39,MIXED,49.35,MIXED,Trend + RSI + Delivery + Liquidity,"Momentum, MACD",-2.62,2.62,5423.96,5716.04,5536.0,MODERATE,2938940102.0,NOT_AVAILABLE,NOT_AVAILABLE,,False,False,False,52.0,WATCH,WATCH
1298,PREMEXPLN,2026-08-28,662.75,Neutral-Range,51.87,51.62,-1,45,3/10,Low,47.49,13.28,2.0,0.83,665.1,665.93,604.57,2.1234,-0.5138,0.3,10.83,656.82,0.9,1.04,0.65,-0.53,-0.36,1.66,-0.21,0.03,83.64,673.95,665.0,666.25,676.35,663.1,46.71,49.08,2.99,-2.63,0.39,27.11,9.74,2.36,-3.82,83.18,12,8,100,48.0,0.23,53.0,0.64,54.0,0.59,53.0,1.74,55.0,3.42,MIXED,61.77,POSITIVE,VWAP + Liquidity,"Trend, Structure, Delivery",-2.0,2.0,649.47,676.03,666.25,MODERATE,157754150.0,NOT_AVAILABLE,NOT_AVAILABLE,,False,False,False,51.99,WATCH,WATCH
1299,SANGINITA,2026-08-28,53.31,Neutral-Range,57.12,48.92,0,50,1/10,Low,46.09,2.42,4.53,95.0,55.44,51.88,32.72,-1.2535,0.2677,1.02,75.83,55.98,-4.76,4.98,0.374,4.98,-5.51,-1.28,-18.44,0.37,,50.79,45.97,50.78,58.9,45.97,47.11,46.18,2.49,-2.19,0.77,49.21,18.82,2.56,-2.75,71.33,24,11,100,44.0,0.28,36.0,0.68,47.0,2.0,54.0,3.49,48.0,1.74,MIXED,70.35,STRONG,Structure,VWAP,-4.53,4.53,50.89,55.73,50.78,HIGH,25482701.0,NOT_AVAILABLE,NOT_AVAILABLE,,False,False,False,51.9,WATCH,WATCH
1300,GNFC,2026-08-28,580.05,Neutral-Range,54.52,58.17,2,60,4/10,Low,59.02,15.22,2.62,8.33,568.39,544.12,508.75,-0.7797,-0.9607,0.53,28.33,570.55,1.67,3.29,0.636,0.53,-0.47,1.95,13.67,0.0,44.69,584.7,575.0,577.0,603.65,575.0,48.16,47.37,1.45,-1.47,0.14,7.11,5.26,1.73,-2.34,72.51,7,7,78,41.03,0.09,41.03,-0.08,46.15,0.23,51.28,0.01,50.0,0.86,MIXED,50.06,MIXED,Trend + VWAP + RSI + Liquidity,"Momentum, MACD",-2.62,2.62,564.83,595.27,577.0,MODERATE,388072323.0,NOT_AVAILABLE,NOT_AVAILABLE,,False,False,False,51.82,WATCH,WATCH
1301,WAAREEENER,2026-08-28,2640.0,Neutral-Range,50.66,44.36,-3,35,4/10,Low,38.83,54.45,2.06,0.83,2682.3,2771.99,2931.48,2.0436,-0.0133,1.08,81.67,2678.35,-1.43,2.16,0.342,0.61,-1.43,-1.57,-1.5,-0.0,29.81,2649.9,2611.0,2624.0,2727.0,2611.0,46.79,50.0,2.2,-1.92,0.2,16.03,10.04,2.12,-2.82,72.43,9,8,51,41.18,-0.18,45.1,-0.13,49.02,0.72,62.75,3.54,49.02,5.6,MIXED,71.16,STRONG,Liquidity,"Trend, Momentum, VWAP",-2.06,2.06,2585.55,2694.45,2624.0,MODERATE,1205948641.0,NOT_AVAILABLE,NOT_AVAILABLE,,False,False,False,51.8,WATCH,WATCH
1302,TIRUMALCHM,2026-08-28,160.32,Neutral-Range,59.78,50.1,2,60,4/10,Low,47.8,7.36,4.59,35.0,160.9,167.31,195.79,0.5791,0.2128,2.88,97.5,163.34,-1.85,3.89,0.37,0.46,4.04,0.41,-7.99,0.0,36.62,163.03,157.61,159.58,164.9,153.3,44.87,50.79,2.2,-1.97,0.16,10.0,7.76,2.03,-2.2,82.38,7,9,100,50.0,0.48,47.0,0.5,54.0,0.85,64.0,1.35,57.0,1.7,MIXED,65.1,POSITIVE,Momentum + Volume + MACD + Liquidity,"Trend, VWAP",-4.59,4.59,152.96,167.68,159.58,HIGH,120161924.0,NOT_AVAILABLE,NOT_AVAILABLE,,False,False,False,51.74,WATCH,WATCH
1303,KSB,2026-08-28,793.85,Neutral-Range,56.64,44.45,-1,45,4/10,Low,38.02,24.56,3.09,18.33,811.1,839.01,845.97,2.7389,0.0594,0.7,55.0,805.89,-1.49,1.44,0.144,0.0,-1.0,-0.92,-7.25,0.14,60.89,810.0,790.0,793.85,814.5,784.85,46.58,48.82,1.64,-1.63,0.03,9.21,7.76,1.82,-3.3,88.57,8,7,11,45.45,0.53,54.55,1.34,72.73,1.9,54.55,2.06,18.18,0.64,STRONG,75.39,STRONG,Momentum + MACD + Liquidity,"Trend, Structure, VWAP",-3.09,3.09,769.29,818.41,793.85,HIGH,158137774.0,NOT_AVAILABLE,NOT_AVAILABLE,,False,False,False,51.67,WATCH,WATCH
1304,SMCGLOBAL,2026-08-28,79.2,Neutral-Range,53.51,54.94,-1,45,2/10,Low,51.19,2.47,3.12,0.83,79.43,76.98,80.93,-0.404,0.0144,0.75,61.67,80.01,-1.01,3.33,0.32,0.75,-2.38,-0.33,-2.02,0.2,70.7,80.0,78.12,78.61,82.49,78.12,45.13,50.39,2.13,-1.78,0.2,16.45,9.08,1.9,-2.75,89.52,7,8,30,26.67,-0.41,56.67,0.38,66.67,0.95,70.0,-0.04,60.0,2.04,STRONG,66.47,POSITIVE,Delivery,"Trend, VWAP",-3.12,3.12,76.73,81.67,78.61,HIGH,37682873.0,NOT_AVAILABLE,NOT_AVAILABLE,,False,False,False,51.65,WATCH,WATCH
1305,KDDL,2026-08-28,3936.9,Neutral-Range,57.57,57.28,2,60,4/10,Low,63.67,166.02,4.22,20.0,3815.56,3502.59,2899.18,-24.3399,-3.4273,0.14,3.33,3826.06,2.9,1.28,0.752,-0.26,-1.71,0.17,19.23,0.05,47.19,4063.8,3921.5,3947.2,4078.9,3510.0,47.63,48.03,2.21,-1.92,0.21,18.82,10.0,2.07,-2.2,91.93,9,7,100,45.0,-0.08,51.0,0.16,52.0,-0.0,55.0,1.58,54.0,2.26,MIXED,58.77,POSITIVE,Trend + VWAP + RSI + Liquidity,"Momentum, MACD",-4.22,4.22,3770.88,4102.92,3947.2,HIGH,340507152.0,NOT_AVAILABLE,NOT_AVAILABLE,,False,False,False,51.65,WATCH,WATCH
1306,RADHIKAJWE,2026-08-28,68.76,Neutral-Range,58.02,50.23,1,55,3/10,Low,53.52,3.04,4.43,16.67,68.09,65.73,67.82,-0.207,0.0131,0.18,5.83,70.76,-2.82,3.09,0.388,-2.23,1.78,-0.76,-4.17,0.0,43.73,72.85,69.54,70.33,72.85,65.76,42.24,52.63,2.88,-2.04,0.42,21.45,10.92,2.47,-2.33,85.29,7,10,10,60.0,0.92,40.0,1.21,40.0,0.02,50.0,7.82,60.0,8.32,MIXED,66.5,POSITIVE,Trend + Momentum + RSI,"Structure, VWAP",-4.43,4.43,65.72,71.8,70.33,HIGH,95728780.0,NOT_AVAILABLE,NOT_AVAILABLE,,False,False,False,51.6,WATCH,WATCH
1307,ALKEM,2026-08-28,5355.0,Neutral-Range,50.87,53.29,-1,45,4/10,Low,41.02,111.11,2.07,6.67,5440.91,5491.48,5473.74,-14.5562,5.1296,1.78,91.67,5438.93,-1.54,1.7,0.3,0.66,-0.83,-0.24,-6.89,0.61,66.7,5358.5,5297.5,5320.0,5454.0,5297.0,49.74,45.79,1.14,-1.1,0.15,5.0,3.29,1.45,-1.84,85.8,11,7,9,22.22,-0.58,22.22,-0.2,22.22,-0.85,77.78,3.08,77.78,4.14,NEGATIVE,58.92,POSITIVE,Volume + Delivery + Liquidity,"Trend, Momentum, VWAP",-2.07,2.07,5243.89,5466.11,5320.0,MODERATE,708083232.0,NOT_AVAILABLE,NOT_AVAILABLE,,False,False,False,51.48,WATCH,WATCH
1308,LMW,2026-08-28,18901.0,Neutral-Range,52.13,54.12,0,50,4/10,Low,60.42,555.48,2.94,36.67,18508.74,17336.37,15811.77,-43.3127,-59.5404,0.35,15.0,18750.81,0.8,2.57,0.7,-1.21,-4.78,-0.11,17.02,0.8,52.53,19459.0,19050.0,19132.0,20030.0,19050.0,43.54,53.12,1.58,-1.22,0.11,6.88,3.96,1.71,-2.15,84.67,6,9,52,46.15,-0.02,48.08,-0.07,44.23,0.55,44.23,1.98,48.08,2.59,MIXED,56.08,MIXED,Trend + VWAP + RSI + Liquidity,"Momentum, Structure, MACD",-2.94,2.94,18345.52,19456.48,19132.0,MODERATE,132706054.0,NOT_AVAILABLE,NOT_AVAILABLE,,False,False,False,51.4,WATCH,WATCH
1309,LT,2026-08-28,4045.8,Neutral-Range,51.27,55.66,1,55,3/10,Low,52.37,55.06,1.36,2.5,4038.93,4008.4,3937.12,-4.7015,-1.7724,0.64,24.17,4054.09,-0.2,0.96,0.512,0.47,-1.15,-0.28,2.71,0.45,49.0,4067.3,4023.0,4027.0,4125.3,4023.0,48.95,46.84,1.13,-1.07,0.12,5.92,4.47,2.0,-2.27,60.97,7,6,100,48.0,0.07,52.0,-0.1,51.0,-0.16,46.0,-0.28,48.0,-0.13,MIXED,47.19,MIXED,Trend + RSI + Liquidity,"Momentum, MACD",-1.36,1.36,3990.74,4100.86,4027.0,LOW,5661359308.0,NOT_AVAILABLE,NOT_AVAILABLE,,False,False,False,51.38,WATCH,WATCH
1310,HDFCNIFBAN,2026-08-28,59.28,Neutral-Range,47.14,53.54,-2,40,3/10,Low,50.95,0.74,1.25,0.83,59.26,58.95,58.78,-0.0185,-0.0005,0.17,12.5,59.27,0.02,0.57,0.269,-0.02,-0.34,-0.02,0.63,0.0,54.4,59.69,59.19,59.29,60.52,59.0,49.87,45.92,0.69,-0.93,0.27,20.0,6.71,1.78,-3.32,92.16,10,7,100,55.0,-0.02,55.0,0.12,55.0,0.28,53.0,0.19,52.0,0.34,POSITIVE,54.68,MIXED,Trend,"Momentum, MACD, Delivery",-1.25,1.25,58.54,60.02,59.29,LOW,7542178.0,NOT_AVAILABLE,NOT_AVAILABLE,,False,False,False,51.37,WATCH,WATCH
1311,ALIVUS,2026-08-28,1350.2,Neutral-Range,53.19,54.98,-1,45,4/10,Low,59.86,44.4,3.29,16.67,1328.83,1244.44,1089.04,-9.829,-1.2441,0.31,10.0,1345.81,0.33,2.78,0.723,-0.59,-0.05,-2.63,16.4,0.0,56.75,1400.0,1353.1,1358.2,1400.0,1331.1,45.72,50.61,1.75,-1.44,0.07,11.74,10.02,1.86,-2.18,89.88,8,7,38,39.47,-0.11,50.0,0.18,50.0,0.4,60.53,2.56,50.0,2.86,MIXED,65.53,POSITIVE,Trend + RSI + Liquidity,"Momentum, Structure, MACD",-3.29,3.29,1305.8,1394.6,1358.2,HIGH,223406936.0,NOT_AVAILABLE,NOT_AVAILABLE,,False,False,False,51.33,WATCH,WATCH
1312,SRF,2026-08-28,2589.9,Neutral-Range,50.45,47.47,-1,45,4/10,Low,43.36,46.92,1.81,0.83,2611.21,2651.9,2712.51,4.5497,0.5799,0.56,31.67,2602.86,-0.5,1.27,0.388,-0.58,0.7,-0.62,-1.24,0.0,62.37,2627.0,2592.1,2605.0,2627.0,2543.5,47.89,47.89,1.28,-1.23,0.08,4.47,5.13,2.1,-2.23,79.59,9,6,100,44.0,-0.15,47.0,-0.09,49.0,0.19,59.0,1.04,65.0,2.51,MIXED,57.72,POSITIVE,Momentum + MACD + Liquidity,"Trend, Structure, RSI",-1.81,1.81,2542.98,2636.82,2605.0,LOW,705420362.0,NOT_AVAILABLE,NOT_AVAILABLE,,False,False,False,51.31,WATCH,WATCH
1313,TVSMOTOR,2026-08-28,4304.2,Neutral-Range,49.54,51.83,-2,40,4/10,Low,54.12,94.53,2.2,11.67,4312.29,4068.13,3676.9,-30.4424,-7.731,2.93,99.17,4383.07,-1.8,5.98,0.442,-2.39,-1.95,-0.07,-0.21,0.0,43.35,4469.0,4366.6,4409.8,4484.5,4326.4,50.66,45.0,1.37,-1.2,0.2,8.03,4.74,1.92,-1.85,71.78,9,7,100,45.0,0.01,53.0,0.21,56.0,0.32,62.0,0.99,59.0,1.41,POSITIVE,61.54,POSITIVE,RSI + Liquidity,"Momentum, Structure, VWAP",-2.2,2.2,4209.67,4398.73,4409.8,MODERATE,3974914402.0,NOT_AVAILABLE,NOT_AVAILABLE,,False,False,False,51.3,WATCH,WATCH
1314,KFINTECH,2026-08-28,949.95,Neutral-Range,52.82,51.21,0,50,3/10,Low,52.32,27.64,2.91,10.83,949.08,925.42,949.95,-1.5237,-1.4491,0.62,25.0,959.36,-0.98,2.25,0.474,-0.74,-3.07,1.06,1.28,0.28,49.94,976.0,942.6,957.0,992.4,942.6,50.0,45.39,2.09,-2.01,0.25,14.08,8.03,2.0,-2.53,78.37,10,7,100,52.0,-0.15,54.0,-0.1,47.0,0.43,52.0,1.67,51.0,1.93,MIXED,58.05,POSITIVE,Trend + RSI + Liquidity,"Momentum, VWAP, MACD",-2.91,2.91,922.31,977.59,957.0,MODERATE,917070819.0,NOT_AVAILABLE,NOT_AVAILABLE,,False,False,False,51.22,WATCH,WATCH
1315,WELINV,2026-08-28,2259.2,Neutral-Range,55.62,56.99,1,55,2/10,Low,72.13,87.83,3.89,5.0,2024.2,1898.09,1572.31,45.1414,-3.9461,0.02,3.33,1879.47,20.2,0.49,0.852,-1.51,11.73,22.25,20.18,-2.0,,2295.0,2293.8,2293.8,2340.6,2000.0,45.0,48.82,2.91,-2.14,0.47,32.11,21.05,3.26,-2.7,84.36,6,12,100,43.0,0.41,48.0,0.8,55.0,1.5,46.0,0.82,55.0,2.28,POSITIVE,59.63,POSITIVE,Trend + VWAP,Gap,-3.89,3.89,2171.37,2347.03,2293.8,HIGH,14781031.0,NOT_AVAILABLE,NOT_AVAILABLE,,False,False,False,51.19,WATCH,WATCH
1316,HCG,2026-08-28,696.3,Neutral-Range,51.73,48.61,-3,35,4/10,Low,48.74,21.8,3.13,32.5,705.53,680.67,636.65,-4.6449,-1.1502,0.31,11.67,714.64,-2.57,1.62,0.427,-0.52,-4.08,-2.52,3.74,0.57,50.17,714.0,692.3,699.95,734.8,692.3,46.84,48.55,1.6,-1.33,0.2,10.39,5.39,1.84,-1.81,90.12,7,7,30,63.33,0.55,73.33,1.94,60.0,2.39,60.0,1.92,46.67,0.8,POSITIVE,74.24,STRONG,Liquidity,"Momentum, VWAP, MACD",-3.13,3.13,674.5,718.1,699.95,HIGH,127564192.0,NOT_AVAILABLE,NOT_AVAILABLE,,False,False,False,51.16,WATCH,WATCH
1317,STYLAMIND,2026-08-28,3507.5,Neutral-Range,52.19,52.37,-2,40,3/10,Low,49.72,134.29,3.83,72.5,3539.98,3386.96,2756.95,-26.1128,-1.8193,0.51,35.83,3597.87,-2.51,2.3,0.323,1.05,-2.62,-3.69,3.64,0.26,44.62,3604.9,3443.2,3471.0,3650.9,3443.2,47.37,48.42,1.8,-1.52,0.28,16.18,5.13,1.78,-1.92,89.77,8,9,16,50.0,-0.07,50.0,-0.18,62.5,0.75,62.5,1.84,62.5,2.94,POSITIVE,69.11,POSITIVE,Liquidity,"Momentum, VWAP, MACD",-3.83,3.83,3373.21,3641.79,3471.0,HIGH,155633324.0,NOT_AVAILABLE,NOT_AVAILABLE,,False,False,False,51.15,WATCH,WATCH
1318,PSUBNKIETF,2026-08-28,87.17,Neutral-Range,49.98,53.92,0,50,2/10,Low,51.63,1.53,1.75,0.83,87.09,86.5,84.79,-0.1284,-0.0035,0.31,11.67,87.5,-0.38,0.73,0.569,0.09,0.51,-1.46,2.83,0.06,55.42,88.19,86.93,87.09,88.8,85.13,48.77,46.89,1.19,-1.08,0.32,18.96,8.39,2.04,-2.16,90.15,7,7,100,46.0,-0.06,49.0,0.02,47.0,0.16,47.0,0.35,48.0,0.62,MIXED,49.94,MIXED,Trend + Delivery,"Momentum, MACD",-1.75,1.75,85.64,88.7,87.09,LOW,20284178.0,NOT_AVAILABLE,NOT_AVAILABLE,,False,False,False,51.15,WATCH,WATCH
1319,POLYMED,2026-08-28,1733.0,Neutral-Range,58.05,53.95,2,60,3/10,Low,50.76,59.36,3.43,9.17,1736.49,1689.15,1657.46,-10.9617,1.2954,0.97,69.17,1786.28,-2.98,3.46,0.312,1.19,0.79,-2.98,1.82,-0.32,51.52,1727.5,1682.3,1712.6,1783.8,1682.3,44.47,51.32,2.09,-1.71,0.16,7.63,5.92,1.98,-2.18,84.63,8,11,100,47.0,0.29,51.0,0.62,47.0,1.15,55.0,1.21,55.0,2.92,MIXED,60.14,POSITIVE,Structure + Delivery + Liquidity,VWAP,-3.43,3.43,1673.64,1792.36,1712.6,HIGH,361804115.0,NOT_AVAILABLE,NOT_AVAILABLE,,False,False,False,51.13,WATCH,WATCH
1320,MRPL,2026-08-28,168.53,Neutral-Range,51.52,49.15,-3,35,4/10,Low,47.52,6.67,3.95,10.0,171.74,167.94,163.87,-1.0137,-0.2745,0.26,14.17,176.51,-4.52,2.58,0.264,-1.33,-4.68,-1.18,-0.83,0.12,37.15,174.51,169.22,170.8,178.3,169.22,45.53,50.13,2.41,-1.94,0.2,12.11,7.89,1.84,-2.5,80.87,7,7,14,50.0,-0.27,50.0,0.78,57.14,1.64,64.29,2.39,50.0,-0.48,POSITIVE,73.62,STRONG,Liquidity,"Momentum, Structure, VWAP",-3.95,3.95,161.86,175.2,170.8,HIGH,1990953904.0,NOT_AVAILABLE,NOT_AVAILABLE,,False,False,False,51.11,WATCH,WATCH
1321,PREMIERENE,2026-08-28,1013.9,Neutral-Range,55.03,53.36,0,50,2/10,Low,45.85,31.98,3.15,41.67,1026.63,1032.03,986.11,-1.3425,0.1211,2.17,94.17,1029.21,-1.49,4.6,0.411,1.39,-3.71,-0.33,-0.81,-0.51,28.02,1020.0,985.1,1000.0,1072.4,982.2,48.92,47.93,2.06,-1.94,0.17,13.81,10.06,2.19,-2.34,81.46,9,6,100,51.0,0.1,52.0,0.45,61.0,0.93,54.0,1.35,59.0,2.18,POSITIVE,64.37,POSITIVE,Volume + Liquidity,"Trend, VWAP",-3.15,3.15,981.92,1045.88,1000.0,HIGH,1094300424.0,NOT_AVAILABLE,NOT_AVAILABLE,,False,False,False,51.11,WATCH,WATCH
1322,SCODATUBES,2026-08-28,132.59,Neutral-Range,57.0,46.61,0,50,3/10,Low,43.53,5.03,3.79,10.83,134.13,138.14,143.99,0.0335,0.3717,0.65,40.0,135.34,-2.03,3.74,0.285,1.27,2.91,-0.48,-9.43,-0.06,53.86,133.46,128.12,130.93,133.49,126.68,41.38,54.55,2.56,-1.92,0.29,18.18,9.72,2.18,-2.47,84.86,5,7,44,38.64,-0.04,50.0,1.21,47.73,1.68,52.27,4.42,54.55,4.44,MIXED,70.0,STRONG,Momentum + MACD + Delivery,"Trend, VWAP, RSI",-3.79,3.79,127.56,137.62,130.93,HIGH,28578340.0,NOT_AVAILABLE,NOT_AVAILABLE,,False,False,False,51.08,WATCH,WATCH
1323,DENTALKART,2026-08-28,408.75,Neutral-Range,56.02,49.91,0,50,2/10,Low,51.89,16.29,3.99,8.33,405.93,403.08,450.81,1.0249,-0.4138,0.37,18.33,405.22,0.87,1.75,0.592,-0.23,3.32,0.43,3.81,-1.64,66.67,415.35,404.05,409.7,424.95,391.0,44.61,50.53,2.34,-2.0,0.39,27.89,14.47,2.49,-2.18,84.24,6,8,20,45.0,1.33,55.0,3.51,60.0,3.31,40.0,0.99,45.0,2.01,POSITIVE,67.2,POSITIVE,Trend + VWAP,"Gap, Delivery",-3.99,3.99,392.46,425.04,409.7,HIGH,8165184.0,NOT_AVAILABLE,NOT_AVAILABLE,,False,False,False,51.08,WATCH,WATCH
1324,CHEMBONDCH,2026-08-28,267.49,Neutral-Range,57.67,54.95,2,60,4/10,Low,56.9,12.78,4.78,3.33,262.14,243.17,196.53,-0.7276,-0.5386,0.21,5.0,259.16,3.22,3.26,0.674,-0.87,-5.94,-0.58,18.14,1.84,,277.15,266.1,269.84,290.0,263.55,45.77,49.65,3.12,-2.45,0.51,41.55,17.61,2.5,-3.25,90.73,6,6,51,56.86,0.69,56.86,2.59,54.9,2.25,41.18,0.36,47.06,3.38,MIXED,59.07,POSITIVE,Trend + VWAP + RSI + Gap,"Momentum, MACD",-4.78,4.78,254.71,280.27,269.84,HIGH,5146926.0,NOT_AVAILABLE,NOT_AVAILABLE,,False,False,False,51.05,WATCH,WATCH
1325,BAJAJFINSV,2026-08-28,2002.0,Neutral-Range,48.68,52.53,-1,45,4/10,Low,53.64,35.22,1.76,0.83,2000.82,1942.72,1896.1,-9.3085,-0.1324,0.43,10.83,2047.05,-2.2,1.61,0.145,-0.45,-1.5,-0.31,-1.34,0.0,49.37,2026.6,1997.5,2011.0,2032.5,1985.0,49.21,46.18,1.11,-1.09,0.09,5.39,5.13,1.73,-1.58,70.79,8,9,89,43.82,-0.07,51.69,-0.06,53.93,0.19,47.19,0.38,40.45,0.23,MIXED,52.67,MIXED,Trend + RSI + Liquidity,"Momentum, Structure, VWAP",-1.76,1.76,1966.78,2037.22,2011.0,LOW,2246899896.0,NOT_AVAILABLE,NOT_AVAILABLE,,False,False,False,51.03,WATCH,WATCH
1326,TARIL,2026-08-28,303.45,Neutral-Range,57.69,54.73,2,60,2/10,Low,50.61,9.77,3.22,5.0,301.04,307.53,335.03,2.3801,-0.1164,0.54,32.5,298.52,1.65,2.25,0.651,-0.23,1.61,1.81,2.34,0.21,40.01,313.35,302.0,304.15,313.9,286.0,44.83,51.85,2.89,-2.63,0.13,21.05,13.26,2.46,-3.8,78.49,7,8,100,43.0,-0.52,46.0,-0.24,52.0,-0.04,60.0,1.27,52.0,0.54,MIXED,59.12,POSITIVE,VWAP + Liquidity,None material,-3.22,3.22,293.68,313.22,304.15,HIGH,404675339.0,NOT_AVAILABLE,NOT_AVAILABLE,,False,False,False,51.01,WATCH,WATCH
1327,GRASIM,2026-08-28,3290.0,Neutral-Range,54.1,56.86,2,60,4/10,Low,55.81,68.95,2.1,35.83,3260.31,3194.19,2980.51,-4.597,-0.0699,0.59,23.33,3290.52,-0.02,1.95,0.607,0.98,-0.54,1.27,6.1,0.09,52.32,3299.8,3258.0,3258.0,3343.1,3222.1,49.08,46.45,1.12,-1.01,0.08,3.42,3.29,2.01,-1.86,71.78,9,12,100,44.0,-0.01,42.0,-0.28,46.0,-0.26,52.0,0.15,41.0,-0.24,MIXED,48.86,MIXED,Trend + RSI + Delivery + Liquidity,"Momentum, MACD",-2.1,2.1,3221.05,3358.95,3258.0,MODERATE,3748519373.0,NOT_AVAILABLE,NOT_AVAILABLE,,False,False,False,51.0,WATCH,WATCH
1328,ADFFOODS,2026-08-28,274.45,Neutral-Range,58.36,52.09,2,60,2/10,Low,48.75,10.5,3.83,0.83,273.73,278.61,254.64,2.5011,-0.1212,0.63,59.17,268.38,2.26,1.99,0.623,0.24,2.56,4.57,1.29,0.0,32.11,280.7,272.05,273.8,285.7,264.35,42.89,52.76,2.39,-1.82,0.22,11.84,8.16,2.22,-1.87,85.57,6,8,100,38.0,-0.1,40.0,0.13,45.0,0.82,53.0,2.11,44.0,2.45,MIXED,61.02,POSITIVE,Trend + VWAP,None material,-3.83,3.83,263.95,284.95,273.8,HIGH,36262453.0,NOT_AVAILABLE,NOT_AVAILABLE,,False,False,False,50.89,WATCH,WATCH
1329,KROSS,2026-08-28,213.99,Neutral-Range,58.07,58.32,3,65,4/10,Low,58.6,8.06,3.77,14.17,206.82,200.31,193.16,0.6741,-0.0711,0.7,60.0,208.48,2.65,2.32,0.66,-0.52,3.46,1.8,9.07,-0.05,41.29,223.17,214.1,215.11,223.17,204.25,45.18,51.61,2.4,-2.08,0.33,19.68,9.04,1.72,-1.74,86.14,6,9,80,43.75,0.08,46.25,0.22,48.75,0.5,47.5,0.77,50.0,-0.41,MIXED,53.77,MIXED,Trend + Momentum + VWAP + RSI,Structure,-3.77,3.77,205.93,222.05,215.11,HIGH,85350755.0,NOT_AVAILABLE,NOT_AVAILABLE,,False,False,False,50.86,WATCH,WATCH
1330,BIKAJI,2026-08-28,618.8,Bullish,57.93,54.01,4,70,4/10,Low,48.21,13.18,2.13,5.83,617.22,630.03,659.72,1.0376,0.9611,1.61,82.5,618.12,0.11,1.99,0.332,1.13,2.15,0.9,-3.56,0.5,51.16,635.9,607.6,611.9,635.9,598.1,44.47,51.18,1.56,-1.26,0.2,10.66,6.18,1.87,-2.14,86.05,6,8,100,40.0,0.05,48.0,0.21,42.0,0.32,44.0,0.14,45.0,0.66,MIXED,46.94,MIXED,Momentum + Volume + MACD + Delivery,None material,0.75,3.2,623.41,638.58,607.6,MODERATE,93856317.0,NOT_AVAILABLE,NOT_AVAILABLE,,False,False,False,50.82,WATCH,WATCH
1331,TATASTEEL,2026-08-28,186.5,Neutral-Range,51.32,48.75,-1,45,2/10,Low,48.6,3.86,2.07,22.5,186.55,189.44,189.93,0.3213,-0.0019,1.59,91.67,187.2,-0.38,2.52,0.476,-0.16,1.91,1.63,-1.68,0.43,67.25,190.25,186.5,186.8,190.25,182.0,48.82,46.58,1.29,-1.22,0.19,11.45,6.71,1.72,-1.94,73.93,8,6,89,58.43,0.14,53.93,0.15,53.93,0.04,61.8,1.13,64.04,2.81,MIXED,60.19,POSITIVE,Liquidity,"Trend, Delivery",-2.07,2.07,182.64,190.36,186.8,MODERATE,4644867940.0,NOT_AVAILABLE,NOT_AVAILABLE,,False,False,False,50.57,WATCH,WATCH
1332,SURYODAY,2026-08-28,154.26,Neutral-Range,52.49,49.23,-2,40,4/10,Low,41.89,6.2,4.02,23.33,159.08,164.37,154.76,0.5186,0.0095,0.49,36.67,157.71,-2.19,1.75,0.254,-0.91,-2.88,1.45,-4.73,0.0,47.91,159.1,154.3,155.68,160.88,150.15,46.18,49.34,2.01,-1.81,0.26,15.66,9.34,2.04,-2.02,83.59,8,7,100,52.0,0.24,52.0,0.53,55.0,1.16,61.0,2.43,62.0,3.78,POSITIVE,69.96,POSITIVE,Momentum + MACD,"Trend, Structure, VWAP",-4.02,4.02,148.06,160.46,155.68,HIGH,90082306.0,NOT_AVAILABLE,NOT_AVAILABLE,,False,False,False,50.51,WATCH,WATCH
1333,SETFNIFBK,2026-08-28,591.6,Neutral-Range,46.29,53.5,-2,40,3/10,Low,50.84,6.16,1.04,0.83,591.53,588.38,581.14,-0.109,-0.0559,1.15,80.83,592.63,-0.17,0.79,0.756,-0.18,-0.27,-0.12,0.61,-0.35,81.25,595.28,590.55,592.65,595.96,589.0,51.05,44.74,0.66,-0.68,0.24,8.29,2.89,2.23,-1.98,84.97,10,6,64,56.25,0.13,60.94,0.27,53.12,0.02,53.12,-0.0,56.25,0.12,MIXED,52.26,MIXED,Trend,"Momentum, MACD, Delivery",-1.04,1.04,585.44,597.76,592.65,LOW,29568703.0,NOT_AVAILABLE,NOT_AVAILABLE,,False,False,False,50.5,WATCH,WATCH
1334,SATKARTAR,2026-08-28,139.0,Bullish,65.17,54.98,4,70,4/10,Low,49.74,9.79,7.05,84.17,134.97,147.98,157.35,3.5745,0.6014,0.18,10.0,125.89,10.41,3.92,0.643,1.72,19.72,14.88,-30.53,0.04,88.89,148.4,133.6,136.65,154.0,112.0,42.05,52.65,4.04,-3.03,0.35,36.36,23.11,3.31,-3.69,71.61,5,7,100,37.0,0.01,51.0,0.16,54.0,1.07,55.0,2.55,66.0,4.77,MIXED,67.63,POSITIVE,Momentum + VWAP + MACD + Delivery,None material,2.47,10.57,142.43,153.69,125.89,VERY_HIGH,5131474.0,NOT_AVAILABLE,NOT_AVAILABLE,,False,False,False,50.45,WATCH,WATCH
1335,CAMPUS,2026-08-28,226.14,Bullish,57.06,55.56,4,70,4/10,Low,53.41,5.59,2.47,1.67,223.81,226.75,242.35,0.9789,-0.0612,0.57,49.17,222.27,1.74,2.09,0.583,0.51,-0.88,3.54,1.7,0.0,46.69,227.34,222.15,224.99,233.28,222.15,42.89,51.97,1.59,-1.35,0.12,9.34,6.58,1.95,-2.47,85.41,10,7,22,36.36,0.03,54.55,0.86,50.0,-0.27,40.91,-0.32,54.55,0.55,MIXED,44.46,MIXED,Momentum + VWAP + RSI + Liquidity,None material,0.86,3.71,228.1,234.52,222.15,MODERATE,166129914.0,NOT_AVAILABLE,NOT_AVAILABLE,,False,False,False,50.4,WATCH,WATCH
1336,ASHOKLEY,2026-08-28,175.77,Neutral-Range,52.02,51.13,0,50,3/10,Low,57.99,4.24,2.41,2.5,172.93,167.43,168.66,-0.3815,-0.0999,0.65,35.83,175.34,0.25,1.9,0.489,-0.92,1.6,2.41,5.77,0.34,47.58,181.84,176.79,177.4,181.84,171.58,49.21,46.05,1.53,-1.54,0.09,10.39,8.42,1.76,-2.63,68.47,9,7,100,46.0,0.04,48.0,0.27,47.0,0.68,47.0,1.29,58.0,2.11,MIXED,55.78,MIXED,Trend + RSI + Liquidity,"Momentum, Structure, MACD",-2.41,2.41,171.53,180.01,177.4,MODERATE,3183039048.0,NOT_AVAILABLE,NOT_AVAILABLE,,False,False,False,50.39,WATCH,WATCH
1337,TMPV,2026-08-28,319.4,Neutral-Range,50.05,46.78,-2,40,4/10,Low,38.8,7.2,2.25,5.83,326.8,336.86,354.57,-1.4874,0.6481,0.6,17.5,332.79,-4.02,1.93,0.208,1.08,0.47,-4.51,-5.99,0.47,51.92,319.6,314.15,316.0,322.4,310.55,43.18,50.45,1.49,-1.45,0.01,8.64,10.45,2.29,-2.44,64.11,7,9,44,43.18,-0.24,47.73,-0.1,45.45,0.71,56.82,2.34,72.73,4.23,MIXED,62.99,POSITIVE,Delivery + Liquidity,"Trend, Momentum, VWAP",-2.25,2.25,312.2,326.6,316.0,MODERATE,3227072087.0,NOT_AVAILABLE,NOT_AVAILABLE,,False,False,False,50.3,WATCH,WATCH
1338,POWERGRID,2026-08-28,266.05,Neutral-Range,51.4,46.27,0,50,4/10,Low,39.06,4.91,1.84,15.0,270.84,278.11,286.57,0.2245,0.0384,0.61,17.5,270.76,-1.74,0.87,0.125,0.43,-2.33,0.0,-6.4,0.43,55.38,266.3,262.3,264.9,275.95,262.3,48.82,46.71,1.17,-1.11,0.04,7.63,7.5,1.66,-1.83,84.79,7,7,100,50.0,-0.02,49.0,0.16,51.0,0.36,48.0,0.73,56.0,1.76,MIXED,54.01,MIXED,Momentum + MACD + Delivery + Liquidity,"Trend, Structure, VWAP",-1.84,1.84,261.14,270.96,264.9,LOW,2272104392.0,NOT_AVAILABLE,NOT_AVAILABLE,,False,False,False,50.3,WATCH,WATCH
1339,BANKBARODA,2026-08-28,241.9,Neutral-Range,47.2,44.11,-3,35,4/10,Low,42.77,4.48,1.85,0.83,245.0,250.76,264.01,-0.1217,0.0348,0.48,5.83,245.86,-1.61,1.0,0.202,0.37,-2.06,-2.55,-0.29,0.06,46.88,244.62,240.0,241.0,247.0,239.9,47.89,47.63,1.43,-1.36,0.09,7.5,7.11,1.74,-1.88,69.09,7,8,100,50.0,0.19,57.0,0.25,56.0,0.55,56.0,1.22,58.0,1.48,POSITIVE,61.28,POSITIVE,Liquidity,"Trend, Momentum, VWAP",-1.85,1.85,237.42,246.38,241.0,LOW,1830362322.0,NOT_AVAILABLE,NOT_AVAILABLE,,False,False,False,50.21,WATCH,WATCH
1340,VARROC,2026-08-28,821.85,Neutral-Range,56.4,56.25,2,60,4/10,Low,69.73,29.59,3.6,60.0,792.99,726.71,622.66,-6.7006,-0.0804,0.16,4.17,806.07,1.96,3.22,0.738,1.07,0.85,-3.07,21.0,-0.26,38.83,840.8,806.3,813.15,845.0,795.6,48.29,47.37,1.94,-1.75,0.15,10.79,7.11,1.79,-2.05,89.04,8,8,100,41.0,-0.16,43.0,0.18,40.0,0.46,58.0,1.07,44.0,1.15,MIXED,55.42,MIXED,Trend + VWAP + RSI + Liquidity,"Momentum, MACD",-3.6,3.6,792.26,851.44,813.15,HIGH,955272115.0,NOT_AVAILABLE,NOT_AVAILABLE,,False,False,False,50.15,WATCH,WATCH
1341,SPIC,2026-08-28,69.09,Neutral-Range,54.52,52.58,2,60,3/10,Low,55.91,1.54,2.23,11.67,68.35,68.07,71.88,0.2388,-0.073,0.48,7.5,69.0,0.14,1.22,0.423,-0.53,1.36,2.08,3.94,-0.17,50.58,70.6,69.06,69.46,73.3,67.61,44.61,50.79,2.06,-1.76,0.27,11.58,5.79,2.01,-2.07,74.8,6,19,100,42.0,-0.08,44.0,0.06,44.0,0.1,49.0,0.53,50.0,0.54,MIXED,50.07,MIXED,Trend + Momentum + RSI,Delivery,-2.23,2.23,67.55,70.63,69.46,MODERATE,30798591.0,NOT_AVAILABLE,NOT_AVAILABLE,,False,False,False,50.15,WATCH,WATCH
1342,SJLOGISTIC,2026-08-28,334.35,Bullish,60.4,53.33,4,70,4/10,Low,52.09,16.43,4.92,37.5,332.25,328.37,338.81,1.1898,-0.86,0.78,44.17,333.14,0.36,6.31,0.564,0.78,-5.43,5.72,10.44,-0.23,79.71,340.45,330.0,331.75,366.7,323.55,44.63,51.47,3.16,-2.39,0.61,33.71,12.7,2.72,-2.79,79.01,7,6,100,40.0,0.13,46.0,0.42,48.0,0.21,47.0,1.23,53.0,2.55,MIXED,54.01,MIXED,Trend + Momentum + RSI + Delivery,None material,1.72,7.37,340.1,359.0,330.0,HIGH,22037482.0,NOT_AVAILABLE,NOT_AVAILABLE,,False,False,False,50.12,WATCH,WATCH
1343,ANANTRAJ,2026-08-28,606.15,Neutral-Range,49.1,49.22,-2,40,3/10,Low,47.84,16.7,2.75,0.83,613.53,592.68,555.73,-4.6978,-0.1025,0.37,7.5,622.14,-2.57,1.44,0.231,0.15,-3.02,-3.78,-2.94,0.0,41.4,610.75,603.0,605.25,642.95,598.25,49.47,45.79,2.27,-2.06,0.33,14.74,7.5,2.4,-2.57,74.08,10,8,17,52.94,-1.13,41.18,-0.89,47.06,-0.15,70.59,1.18,41.18,-0.12,MIXED,60.3,POSITIVE,Liquidity,"Momentum, VWAP, MACD",-2.75,2.75,589.45,622.85,605.25,MODERATE,1027894741.0,NOT_AVAILABLE,NOT_AVAILABLE,,False,False,False,50.07,WATCH,WATCH
1344,ABCAPITAL,2026-08-28,405.55,Neutral-Range,47.24,49.99,-3,35,4/10,Low,50.06,9.07,2.24,0.83,407.0,398.02,356.95,-0.5817,-0.2837,0.34,5.83,412.28,-1.63,1.35,0.318,-1.09,-1.8,1.13,0.31,-0.04,45.96,413.1,408.1,410.0,416.45,405.3,48.16,47.37,1.67,-1.43,0.21,9.87,5.66,1.85,-2.05,69.49,8,7,17,58.82,0.85,47.06,0.8,52.94,0.78,58.82,1.04,64.71,1.77,MIXED,61.4,POSITIVE,Liquidity,"Momentum, Structure, VWAP",-2.24,2.24,396.48,414.62,410.0,MODERATE,1456112844.0,NOT_AVAILABLE,NOT_AVAILABLE,,False,False,False,50.02,WATCH,WATCH
1345,EICHERMOT,2026-08-28,8059.0,Neutral-Range,48.42,55.43,0,50,3/10,Low,59.42,126.6,1.57,1.67,7984.0,7778.52,7275.98,-16.8005,-0.8201,0.89,59.17,8023.13,0.45,1.69,0.661,-0.51,0.61,-0.09,2.88,0.49,56.48,8105.5,7987.0,8100.0,8112.5,7970.0,48.29,47.37,1.28,-1.03,0.08,6.45,5.26,2.03,-1.84,69.92,7,8,12,25.0,-0.33,41.67,-0.08,50.0,0.01,50.0,-1.14,58.33,0.26,MIXED,45.48,MIXED,Trend + RSI + Liquidity,"Momentum, MACD, Delivery",-1.57,1.57,7932.4,8185.6,8100.0,LOW,3039824828.0,NOT_AVAILABLE,NOT_AVAILABLE,,False,False,False,50.02,WATCH,WATCH
1346,LOWVOL1,2026-08-28,21.29,Neutral-Range,45.78,48.23,-3,35,3/10,Low,47.39,0.32,1.49,0.83,21.39,21.24,20.99,-0.0479,0.0042,0.03,1.67,21.47,-0.82,0.94,0.137,-0.19,-0.33,-1.34,-1.75,0.05,59.26,21.38,21.2,21.33,21.46,21.13,48.24,44.73,0.65,-0.64,0.18,21.41,13.42,2.1,-2.08,98.26,9,6,100,49.0,-0.07,51.0,-0.03,62.0,0.15,56.0,0.08,50.0,-0.16,POSITIVE,57.22,POSITIVE,No strong driver,"Structure, VWAP, Delivery",-1.49,1.49,20.97,21.61,21.33,LOW,11131610.0,NOT_AVAILABLE,NOT_AVAILABLE,,False,False,False,50.01,WATCH,WATCH
1347,JYOTICNC,2026-08-28,1039.4,Bullish,58.21,60.03,4,70,4/10,Low,79.47,35.91,3.45,4.17,922.68,847.9,827.97,14.4857,-0.4871,0.55,43.33,887.55,17.11,3.25,0.972,0.93,5.12,25.7,28.54,0.0,43.99,1040.5,1009.0,1029.8,1040.5,947.95,47.32,48.66,2.57,-2.13,0.26,17.56,8.63,2.12,-2.88,83.94,7,7,72,44.44,-0.18,48.61,-0.04,48.61,-0.33,50.0,-0.11,54.17,-0.35,MIXED,47.75,MIXED,Trend + Structure + VWAP + Liquidity,None material,1.21,5.18,1051.97,1093.26,887.55,HIGH,1413543257.0,NOT_AVAILABLE,NOT_AVAILABLE,,False,False,False,49.91,WATCH,WATCH
1348,KAYA,2026-08-28,327.35,Neutral-Range,56.58,49.92,-2,40,4/10,Low,55.4,20.72,6.33,81.67,322.46,293.5,301.79,-0.5711,-2.4244,0.16,5.0,331.17,-1.15,4.68,0.505,-2.06,-14.36,10.27,18.72,0.0,,352.0,334.25,334.25,393.0,334.25,40.79,54.47,2.75,-1.98,0.39,30.66,16.71,2.42,-2.17,83.49,8,10,9,66.67,0.6,55.56,2.36,66.67,4.03,66.67,3.0,66.67,3.95,STRONG,81.67,STRONG,Trend + RSI,"Momentum, Structure, VWAP",-6.33,6.33,306.63,348.07,334.25,VERY_HIGH,20812726.0,NOT_AVAILABLE,NOT_AVAILABLE,,False,False,False,49.87,WATCH,WATCH
1349,KESORAMIND,2026-08-28,11.3,Bearish,46.69,45.95,-4,30,4/10,Low,42.2,0.29,2.58,4.17,11.67,11.65,14.85,-0.1301,0.0226,0.52,43.33,12.6,-10.3,1.71,0.143,1.71,-1.74,-3.42,-9.74,0.0,,11.11,10.89,11.11,11.58,10.89,47.5,47.37,2.36,-2.29,0.17,27.76,19.87,2.79,-3.35,58.01,38,16,13,38.46,1.02,61.54,4.33,76.92,3.12,46.15,-1.07,30.77,-2.5,STRONG,66.27,POSITIVE,No strong driver,"Trend, Momentum, VWAP",-3.88,-0.9,10.86,11.2,12.6,MODERATE,5398649.0,NOT_AVAILABLE,NOT_AVAILABLE,,False,False,False,49.86,WATCH,WATCH
1350,UFLEX,2026-08-28,634.35,Bullish,58.2,59.88,4,70,4/10,Low,74.0,26.08,4.11,75.83,569.09,511.11,474.65,6.8276,-1.6711,0.41,48.33,601.35,5.49,4.41,0.862,0.53,3.21,29.88,34.78,0.63,32.53,660.5,627.0,631.0,660.5,603.55,47.89,47.76,1.56,-1.41,0.39,13.82,4.47,2.36,-2.0,82.2,8,9,9,44.44,-0.47,33.33,0.64,33.33,0.41,44.44,0.96,88.89,3.12,MIXED,47.7,MIXED,Trend + Structure + VWAP + Liquidity,None material,1.44,6.17,643.48,673.47,601.35,HIGH,432814808.0,NOT_AVAILABLE,NOT_AVAILABLE,,False,False,False,49.85,WATCH,WATCH
1351,SARDAEN,2026-08-28,508.25,Neutral-Range,48.73,43.97,-3,35,4/10,Low,48.98,12.86,2.53,2.5,509.77,512.5,518.52,-0.2046,-0.1862,0.09,0.83,521.09,-2.46,1.64,0.373,-0.26,-0.46,-4.31,-1.62,-0.77,47.68,514.4,507.6,509.6,521.9,503.15,48.42,47.11,2.1,-1.85,0.16,11.45,8.03,2.13,-2.59,85.58,8,7,100,52.0,-0.18,55.0,0.45,58.0,1.28,52.0,1.76,54.0,2.45,POSITIVE,65.66,POSITIVE,Liquidity,"Trend, Momentum, VWAP",-2.53,2.53,495.39,521.11,509.6,MODERATE,792331887.0,NOT_AVAILABLE,NOT_AVAILABLE,,False,False,False,49.72,WATCH,WATCH
1352,MOTILALOFS,2026-08-28,1038.3,Bullish,55.06,59.91,4,70,4/10,Low,74.67,28.67,2.76,7.5,962.16,928.95,872.57,14.7259,-1.0062,0.44,10.83,954.94,8.73,2.49,0.927,0.02,4.88,14.89,21.87,-0.39,43.03,1044.35,1021.9,1038.1,1048.8,968.55,46.71,48.95,2.55,-2.14,0.13,14.47,7.5,1.91,-3.86,79.15,8,8,100,47.0,-0.75,51.0,-0.98,53.0,-1.34,49.0,-1.65,45.0,-1.75,MIXED,38.74,NEGATIVE,Trend + Structure + VWAP + Liquidity,None material,0.97,4.14,1048.33,1081.3,954.94,MODERATE,1200907442.0,NOT_AVAILABLE,NOT_AVAILABLE,,False,False,False,49.68,WATCH,WATCH
1353,TVSHLTD,2026-08-28,13450.0,Neutral-Range,47.33,48.5,-3,35,4/10,Low,28.9,314.14,2.34,2.5,13994.28,14094.03,13860.85,-113.2911,9.217,0.93,70.83,14227.51,-5.46,1.68,0.097,0.12,-3.23,-3.89,-8.58,0.01,58.2,13619.0,13276.0,13434.0,14052.0,13276.0,44.74,51.05,1.8,-1.31,0.3,16.58,7.5,1.8,-1.72,90.74,8,6,100,51.0,0.03,53.0,0.35,57.0,1.03,60.0,0.4,48.0,-0.31,POSITIVE,61.67,POSITIVE,Delivery,"Trend, Momentum, Structure",-2.34,2.34,13135.86,13764.14,13434.0,MODERATE,60183784.0,NOT_AVAILABLE,NOT_AVAILABLE,,False,False,False,49.67,WATCH,WATCH
1354,TNPETRO,2026-08-28,111.37,Neutral-Range,55.06,53.82,1,55,3/10,Low,60.34,4.58,4.11,75.83,108.54,102.15,96.08,-0.259,-0.2388,0.37,12.5,109.06,2.12,3.11,0.618,2.06,-3.33,0.4,15.41,0.32,47.93,114.0,108.3,109.12,118.58,108.3,45.66,49.87,1.75,-1.52,0.22,14.61,8.82,1.89,-1.96,90.31,8,8,100,55.0,0.53,53.0,0.83,49.0,0.67,53.0,1.16,47.0,0.99,MIXED,58.02,POSITIVE,Trend + VWAP + RSI,"Momentum, MACD",-4.11,4.11,106.79,115.95,109.12,HIGH,74868300.0,NOT_AVAILABLE,NOT_AVAILABLE,,False,False,False,49.67,WATCH,WATCH
1355,SCPL,2026-08-28,645.8,Neutral-Range,57.17,57.85,0,50,2/10,Low,55.43,37.84,5.86,60.83,639.63,583.35,439.2,-5.728,-1.2602,0.11,2.5,642.81,0.47,4.63,0.597,-1.88,-5.41,-1.11,5.01,0.0,,665.0,645.2,658.15,690.0,640.0,41.58,54.08,2.59,-1.8,0.54,28.95,7.89,2.13,-2.39,91.65,7,11,97,47.42,0.44,51.55,1.15,59.79,1.51,56.7,2.17,61.86,2.23,POSITIVE,70.49,STRONG,Trend + RSI,"Momentum, MACD",-5.86,5.86,607.96,683.64,658.15,VERY_HIGH,55131826.0,NOT_AVAILABLE,NOT_AVAILABLE,,False,False,False,49.63,WATCH,WATCH
1356,HDFCLIFE,2026-08-28,548.0,Neutral-Range,52.74,50.03,2,60,2/10,Low,49.36,9.92,1.81,5.83,547.12,557.27,621.12,2.1014,-0.2436,0.68,38.33,543.13,0.9,1.3,0.53,0.0,-1.23,2.27,-0.09,0.51,65.6,557.0,548.0,548.0,563.5,537.2,45.92,49.47,1.1,-1.04,0.02,5.26,5.39,1.74,-1.74,85.5,10,6,27,37.04,-0.22,37.04,-0.09,37.04,-0.23,48.15,0.27,44.44,0.43,NEGATIVE,44.98,MIXED,VWAP + Liquidity,None material,-1.81,1.81,538.08,557.92,548.0,LOW,1669401410.0,NOT_AVAILABLE,NOT_AVAILABLE,,False,False,False,49.58,WATCH,WATCH
1357,VENTIVE,2026-08-28,587.1,Neutral-Range,50.83,47.03,-1,45,3/10,Low,43.87,17.58,2.99,26.67,593.83,608.44,651.72,0.9208,0.3156,0.32,15.0,591.93,-0.82,1.45,0.394,0.62,4.07,0.71,-6.0,-0.15,45.98,605.45,581.0,583.5,610.0,556.6,44.81,51.89,1.69,-1.49,0.28,22.88,10.14,1.91,-2.01,90.15,8,10,73,43.84,-0.03,56.16,0.25,56.16,0.38,58.9,0.5,53.42,0.69,POSITIVE,58.79,POSITIVE,Momentum + MACD,"Trend, VWAP, RSI",-2.99,2.99,569.52,604.68,583.5,MODERATE,16492120.0,NOT_AVAILABLE,NOT_AVAILABLE,,False,False,False,49.56,WATCH,WATCH
1358,TVSSRICHAK,2026-08-28,5292.3,Bullish,58.57,57.28,4,70,4/10,Low,76.33,215.79,4.08,64.17,4663.27,4342.14,3996.95,91.3095,-4.5916,0.24,5.83,4701.42,12.57,3.04,0.956,0.91,8.47,18.18,34.63,0.13,39.64,5310.9,5155.0,5244.5,5359.3,4668.1,45.39,50.0,1.84,-1.46,0.13,10.39,7.24,1.69,-2.05,86.91,8,7,100,40.0,-0.07,44.0,0.05,45.0,-0.17,53.0,0.04,48.0,0.3,MIXED,48.78,MIXED,Trend + Structure + VWAP + Liquidity,None material,1.43,6.12,5367.83,5615.98,4701.42,HIGH,407750203.0,NOT_AVAILABLE,NOT_AVAILABLE,,False,False,False,49.45,WATCH,WATCH
1359,PUNJABCHEM,2026-08-28,1126.9,Neutral-Range,57.63,55.03,3,65,3/10,Low,51.71,45.88,4.07,30.83,1121.17,1107.6,1105.25,-1.8818,1.007,0.8,64.17,1121.38,0.49,4.77,0.43,1.27,-1.84,2.93,-1.48,1.06,56.28,1135.9,1110.6,1112.8,1196.9,1081.1,45.39,50.26,2.25,-1.96,0.24,20.13,7.76,1.69,-1.99,93.47,6,10,100,43.0,0.15,39.0,-0.36,49.0,0.24,51.0,0.39,38.0,-0.4,MIXED,52.52,MIXED,Trend + Gap + Delivery,None material,-4.07,4.07,1081.02,1172.78,1112.8,HIGH,12802652.0,NOT_AVAILABLE,NOT_AVAILABLE,,False,False,False,49.43,WATCH,WATCH
1360,MANKIND,2026-08-28,2382.9,Neutral-Range,49.79,49.92,-1,45,4/10,Low,42.36,50.54,2.12,2.5,2417.21,2435.99,2358.97,0.5141,0.3661,0.53,30.0,2411.79,-1.2,2.16,0.283,-1.43,-0.05,-1.74,-3.51,0.06,54.84,2417.5,2377.6,2417.5,2423.9,2337.6,45.92,49.87,1.53,-1.31,0.25,13.68,5.39,1.71,-2.0,88.09,7,11,100,35.0,-0.23,52.0,0.1,51.0,0.25,51.0,1.03,54.0,1.06,MIXED,55.82,MIXED,Momentum + MACD + Liquidity,"Trend, VWAP, RSI",-2.12,2.12,2332.36,2433.44,2417.5,MODERATE,860100461.0,NOT_AVAILABLE,NOT_AVAILABLE,,False,False,False,49.37,WATCH,WATCH
1361,MAITHANALL,2026-08-28,982.15,Neutral-Range,47.82,45.84,-3,35,3/10,Low,48.27,24.19,2.46,3.33,986.16,990.92,1003.53,2.2884,-1.1021,0.85,58.33,982.99,-0.09,2.75,0.462,-1.27,0.52,1.12,-0.16,0.57,56.78,1013.4,992.0,994.8,1013.4,972.1,45.39,50.26,1.75,-1.55,0.19,11.45,6.97,1.79,-2.25,79.29,7,9,100,45.0,-0.16,50.0,0.12,58.0,0.51,60.0,1.18,63.0,1.86,POSITIVE,63.06,POSITIVE,No strong driver,"Trend, Structure, Delivery",-2.46,2.46,957.96,1006.34,994.8,MODERATE,38461007.0,NOT_AVAILABLE,NOT_AVAILABLE,,False,False,False,49.36,WATCH,WATCH
1362,INOXGREEN,2026-08-28,174.26,Neutral-Range,53.17,48.44,-1,45,4/10,Low,41.7,7.27,4.17,22.5,178.91,182.6,181.46,-0.4091,0.125,1.7,91.67,177.98,-2.09,5.46,0.386,1.21,-2.29,-6.85,2.57,0.0,60.7,174.59,170.6,172.18,179.22,170.6,45.0,50.53,2.85,-2.18,0.26,18.29,9.87,2.18,-2.51,83.87,7,10,100,44.0,0.35,51.0,0.48,50.0,0.61,54.0,2.91,60.0,5.2,MIXED,65.48,POSITIVE,Volume + Delivery + Liquidity,"Trend, Momentum, VWAP",-4.17,4.17,166.99,181.53,172.18,HIGH,164849423.0,NOT_AVAILABLE,NOT_AVAILABLE,,False,False,False,49.35,WATCH,WATCH
1363,THANGAMAYL,2026-08-28,5440.5,Neutral-Range,53.43,47.48,-1,45,3/10,Low,46.19,236.33,4.34,5.83,5521.46,5548.68,4466.93,33.3591,-2.4595,1.36,75.0,5133.54,5.98,3.45,0.746,-1.12,-0.86,0.25,4.09,0.0,42.67,5589.0,5474.5,5502.0,5722.5,5380.0,47.63,48.03,2.4,-1.87,0.28,19.74,7.11,1.77,-2.94,87.85,6,7,100,47.0,0.31,47.0,0.67,50.0,1.12,52.0,2.76,54.0,3.6,MIXED,66.22,POSITIVE,VWAP + Liquidity,"Trend, Volume, Structure",-4.34,4.34,5204.17,5676.83,5502.0,HIGH,1060515081.0,NOT_AVAILABLE,NOT_AVAILABLE,,False,False,False,49.33,WATCH,WATCH
1364,SANDHAR,2026-08-28,649.25,Neutral-Range,54.35,54.98,1,55,2/10,Low,51.16,24.33,3.75,5.0,647.77,640.67,582.4,2.1988,-1.3607,0.59,44.17,646.86,0.37,2.03,0.438,-0.38,-2.77,1.47,3.58,0.47,57.54,663.2,644.8,651.75,704.9,644.8,45.92,49.74,2.23,-1.86,0.29,16.71,6.97,1.89,-2.35,87.44,7,8,100,41.0,-0.32,37.0,-0.62,45.0,0.26,51.0,1.59,49.0,1.28,MIXED,56.0,MIXED,Trend + Liquidity,Delivery,-3.75,3.75,624.92,673.58,651.75,HIGH,175900731.0,NOT_AVAILABLE,NOT_AVAILABLE,,False,False,False,49.3,WATCH,WATCH
1365,GABRIEL,2026-08-28,1367.6,Neutral-Range,52.02,46.76,-2,40,4/10,Low,44.9,53.89,3.94,31.67,1407.6,1353.5,1142.49,-20.6072,2.5904,1.47,84.17,1469.06,-6.91,4.34,0.181,0.77,-3.73,-6.26,-5.15,0.34,45.29,1377.2,1335.0,1357.2,1435.0,1330.1,45.79,49.61,2.53,-1.86,0.2,13.29,10.13,2.18,-2.25,81.11,7,7,100,41.0,-0.13,52.0,0.9,54.0,1.51,47.0,3.06,45.0,4.21,MIXED,68.63,POSITIVE,Volume + Liquidity,"Momentum, Structure, VWAP",-3.94,3.94,1313.71,1421.49,1357.2,HIGH,501185211.0,NOT_AVAILABLE,NOT_AVAILABLE,,False,False,False,49.29,WATCH,WATCH
1366,GICRE,2026-08-28,353.3,Neutral-Range,49.37,44.34,-1,45,3/10,Low,44.76,5.84,1.65,13.33,355.56,360.67,373.05,-0.0994,0.0821,0.96,62.5,354.56,-0.36,1.14,0.358,0.41,-0.69,0.34,-0.93,0.61,60.12,356.9,348.5,351.85,362.0,347.5,46.97,48.68,1.86,-1.6,0.17,10.79,6.97,1.73,-2.18,82.67,7,9,100,42.0,0.07,45.0,-0.06,48.0,0.39,50.0,0.94,55.0,2.44,MIXED,54.62,MIXED,Delivery + Liquidity,"Trend, Momentum, RSI",-1.65,1.65,347.46,359.14,351.85,LOW,247189733.0,NOT_AVAILABLE,NOT_AVAILABLE,,False,False,False,49.27,WATCH,WATCH
1367,EMIL,2026-08-28,177.35,Neutral-Range,54.37,49.44,0,50,3/10,Low,59.21,7.75,4.37,30.83,174.2,154.15,128.98,-2.4136,-0.6096,0.05,1.67,176.72,0.35,2.68,0.707,-0.92,-5.01,-6.38,36.26,-0.55,43.25,185.89,177.88,178.99,191.58,176.72,43.55,52.11,2.44,-1.88,0.26,16.71,10.26,1.88,-2.1,85.89,9,8,66,45.45,-0.09,43.94,0.82,50.0,1.68,37.88,2.5,36.36,3.41,MIXED,62.48,POSITIVE,Trend + RSI + Liquidity,"Momentum, Structure, MACD",-4.37,4.37,169.6,185.1,178.99,HIGH,2588971049.0,NOT_AVAILABLE,NOT_AVAILABLE,,False,False,False,49.26,WATCH,WATCH
1368,VSTIND,2026-08-28,210.45,Neutral-Range,48.84,40.71,-2,40,4/10,Low,27.4,3.45,1.64,1.67,216.49,228.19,267.72,0.6692,0.0554,0.55,41.67,216.28,-2.7,1.37,0.073,-0.37,-1.05,-2.32,-4.99,0.55,74.9,211.95,210.0,211.23,215.0,209.42,43.16,52.24,1.35,-1.45,0.13,13.16,5.92,1.95,-4.1,77.97,10,10,15,33.33,-0.06,53.33,0.33,73.33,1.51,40.0,-0.29,20.0,-4.07,STRONG,59.55,POSITIVE,Momentum + MACD,"Trend, Structure, VWAP",-1.64,1.64,207.0,213.9,211.23,LOW,32245447.0,NOT_AVAILABLE,NOT_AVAILABLE,,False,False,False,49.25,WATCH,WATCH
1369,STEELCAS,2026-08-28,342.3,Neutral-Range,53.65,51.7,0,50,3/10,Low,54.94,13.39,3.91,5.0,339.87,323.65,333.24,-2.1823,-0.248,0.37,22.5,344.54,-0.65,3.24,0.531,0.72,-3.86,-2.71,10.44,-0.54,60.29,350.0,335.55,339.85,364.0,335.55,46.84,48.68,2.11,-1.93,0.17,17.89,7.37,2.11,-3.98,90.61,7,5,100,46.0,0.13,51.0,0.35,54.0,0.68,56.0,1.05,56.0,2.11,MIXED,60.42,POSITIVE,Trend + RSI + Delivery,"Momentum, VWAP, MACD",-3.91,3.91,328.91,355.69,339.85,HIGH,48790614.0,NOT_AVAILABLE,NOT_AVAILABLE,,False,False,False,49.21,WATCH,WATCH
1370,SHRIPISTON,2026-08-28,4572.2,Neutral-Range,54.88,58.0,2,60,4/10,Low,56.96,162.33,3.55,47.5,4492.61,4276.28,3566.74,-6.8473,-2.5412,0.64,38.33,4527.88,0.98,3.77,0.693,1.64,-0.61,1.78,4.03,0.04,44.83,4627.9,4434.2,4498.4,4785.8,4434.2,46.45,49.34,2.18,-1.6,0.4,19.08,7.76,2.21,-2.24,84.5,6,8,20,55.0,0.58,55.0,0.2,60.0,0.21,50.0,-0.81,50.0,0.19,POSITIVE,51.1,MIXED,Trend + VWAP + RSI + Liquidity,"Momentum, MACD",-3.55,3.55,4409.87,4734.53,4498.4,HIGH,346298455.0,NOT_AVAILABLE,NOT_AVAILABLE,,False,False,False,49.14,WATCH,WATCH
1371,DVL,2026-08-28,279.37,Neutral-Range,55.64,44.71,0,50,3/10,Low,57.85,13.61,4.87,80.0,271.49,258.67,262.61,1.0986,-0.8416,0.35,18.33,281.04,-0.59,5.15,0.582,-4.97,3.67,4.64,16.09,-0.82,66.99,300.0,279.68,293.97,304.0,264.0,45.13,50.66,2.18,-1.85,0.22,21.32,11.18,1.8,-2.15,89.08,9,6,9,66.67,0.36,44.44,0.87,44.44,2.85,44.44,11.42,33.33,8.88,MIXED,66.11,POSITIVE,Trend + Momentum + RSI,"Structure, VWAP, Delivery",-4.87,4.87,265.76,292.98,293.97,HIGH,14759221.0,NOT_AVAILABLE,NOT_AVAILABLE,,False,False,False,49.13,WATCH,WATCH
1372,GOKUL,2026-08-28,42.46,Neutral-Range,57.36,54.91,3,65,4/10,Low,57.41,1.87,4.41,27.5,41.41,40.81,40.66,0.4236,-0.1376,0.82,37.5,41.45,2.43,5.13,0.498,-1.46,-0.21,9.24,8.73,0.0,23.41,45.7,42.82,43.09,46.8,40.5,44.21,50.53,2.29,-1.87,0.47,33.55,14.61,2.18,-2.11,88.96,6,11,100,40.0,-0.23,41.0,-0.19,38.0,0.46,45.0,1.46,55.0,2.07,MIXED,51.73,MIXED,Trend + Momentum + VWAP + RSI,Structure,-4.41,4.41,40.59,44.33,43.09,HIGH,8192121.0,NOT_AVAILABLE,NOT_AVAILABLE,,False,False,False,49.11,WATCH,WATCH
1373,NV20IETF,2026-08-28,13.62,Neutral-Range,45.88,44.77,-3,35,4/10,Low,44.77,0.24,1.76,0.83,13.67,13.73,14.26,-0.0131,0.0047,0.64,30.83,13.72,-0.72,1.03,0.5,0.29,0.15,-0.95,-1.16,0.07,59.91,13.66,13.51,13.58,13.74,13.4,48.05,44.43,0.59,-0.9,1.31,61.07,8.39,2.56,-4.15,99.08,13,8,24,41.67,-0.03,45.83,0.13,50.0,0.19,66.67,0.23,62.5,-0.04,MIXED,57.51,POSITIVE,Delivery,"Trend, Momentum, VWAP",-1.76,1.76,13.38,13.86,13.58,LOW,5969122.0,NOT_AVAILABLE,NOT_AVAILABLE,,False,False,False,49.07,WATCH,WATCH
1374,HDFCBANK,2026-08-28,720.3,Neutral-Range,51.51,47.1,1,55,4/10,Low,38.31,10.44,1.45,7.5,731.53,750.97,886.74,1.11,0.0911,0.65,20.0,728.71,-1.15,1.87,0.267,1.31,-0.91,-0.92,-3.72,-0.02,52.96,728.15,710.0,711.0,734.4,710.0,47.24,48.16,0.92,-1.05,-0.11,5.92,7.63,1.69,-2.68,63.71,7,7,100,42.0,0.04,47.0,-0.09,51.0,-0.15,49.0,-0.38,55.0,-0.38,MIXED,47.88,MIXED,Momentum + MACD + Delivery + Liquidity,"Trend, VWAP, RSI",-1.45,1.45,709.86,730.74,711.0,LOW,18352404612.0,NOT_AVAILABLE,NOT_AVAILABLE,,False,False,False,49.05,WATCH,WATCH
1375,INDIANHUME,2026-08-28,386.55,Neutral-Range,52.43,55.24,0,50,3/10,Low,53.26,14.97,3.87,2.5,382.66,371.22,359.03,0.6473,-0.2209,0.37,35.83,392.23,-1.45,2.7,0.472,-1.1,-1.53,4.71,-1.07,0.29,52.81,394.4,389.3,390.85,412.5,366.1,43.95,51.71,2.56,-1.98,0.24,16.05,9.08,1.99,-2.21,85.67,7,9,100,47.0,0.27,52.0,0.85,54.0,0.68,51.0,0.62,54.0,1.56,MIXED,56.95,MIXED,Trend + Momentum + RSI,"Structure, VWAP, Delivery",-3.87,3.87,371.58,401.52,390.85,HIGH,21350231.0,NOT_AVAILABLE,NOT_AVAILABLE,,False,False,False,49.04,WATCH,WATCH
1376,SAATVIKGL,2026-08-28,422.3,Neutral-Range,56.24,47.57,1,55,3/10,Low,47.28,15.48,3.67,5.83,423.7,433.94,434.29,2.1343,0.0294,0.22,2.5,417.45,1.16,2.29,0.576,-1.42,0.8,-1.19,-2.59,0.0,53.1,430.0,420.0,428.4,433.55,409.0,43.51,51.05,2.22,-1.86,0.3,18.83,8.79,2.49,-2.69,83.11,6,11,12,50.0,1.03,66.67,2.06,58.33,1.03,50.0,1.09,50.0,1.61,POSITIVE,61.4,POSITIVE,Momentum + VWAP + MACD,"Trend, Delivery",-3.67,3.67,406.82,437.78,428.4,HIGH,65141596.0,NOT_AVAILABLE,NOT_AVAILABLE,,False,False,False,48.99,WATCH,WATCH
1377,EMCURE,2026-08-28,1869.4,Neutral-Range,47.66,50.22,-2,40,3/10,Low,45.46,50.13,2.68,0.83,1893.87,1865.16,1671.3,-11.8262,1.9,0.95,68.33,1925.98,-2.94,2.29,0.18,-0.48,0.34,-3.26,-4.63,0.03,60.99,1893.2,1855.4,1878.4,1906.3,1830.1,48.53,47.99,1.72,-1.57,0.21,18.5,9.71,1.88,-2.27,90.06,8,7,100,49.0,0.07,51.0,0.43,53.0,0.02,59.0,0.47,59.0,-0.1,MIXED,56.16,MIXED,Liquidity,"Structure, VWAP, Delivery",-2.68,2.68,1819.27,1919.53,1878.4,MODERATE,270051540.0,NOT_AVAILABLE,NOT_AVAILABLE,,False,False,False,48.9,WATCH,WATCH
1378,RNFI,2026-08-28,289.1,Neutral-Range,57.1,49.68,2,60,4/10,Low,58.11,11.95,4.13,51.67,279.04,272.4,274.83,1.8175,-0.3319,2.44,90.83,282.45,2.35,5.22,0.626,-5.14,4.94,4.9,2.68,0.08,96.2,308.9,295.0,304.75,308.9,267.5,43.33,51.67,2.97,-2.1,0.2,25.48,17.38,2.02,-2.02,77.85,9,6,100,40.0,0.05,50.0,0.18,48.0,0.46,44.0,2.1,51.0,3.44,MIXED,57.44,POSITIVE,Trend + Momentum + VWAP + RSI,"Structure, Delivery",-4.13,4.13,277.15,301.05,304.75,HIGH,16438854.0,NOT_AVAILABLE,NOT_AVAILABLE,,False,False,False,48.89,WATCH,WATCH
1379,TDPOWERSYS,2026-08-28,752.7,Neutral-Range,55.81,49.05,-2,40,4/10,Low,29.11,98.91,13.14,96.67,1122.67,1169.98,1008.62,-89.1715,0.4417,0.5,10.0,1286.99,-41.51,2.13,0.038,1.63,-50.96,-49.3,-33.45,1.12,45.76,765.5,730.2,740.6,1540.8,719.0,50.0,45.79,2.47,-2.23,0.18,14.87,8.29,2.13,-3.16,82.31,7,7,100,57.0,0.55,59.0,1.54,66.0,2.78,61.0,3.07,69.0,4.71,STRONG,79.45,STRONG,Gap + Liquidity,"Trend, Momentum, Structure",-13.14,13.14,653.79,851.61,740.6,VERY_HIGH,2453825217.0,NOT_AVAILABLE,NOT_AVAILABLE,,False,False,False,48.82,WATCH,WATCH
1380,HNDFDS,2026-08-28,634.45,Neutral-Range,53.64,56.52,3,65,4/10,Low,64.06,18.69,2.95,14.17,615.16,587.03,543.37,0.9615,-0.9091,0.22,1.67,614.08,3.32,1.38,0.664,-0.17,-1.61,7.28,10.41,-0.09,56.3,640.0,630.0,635.55,658.05,623.0,44.47,50.66,1.37,-1.13,0.11,11.84,6.18,1.95,-2.19,90.77,6,7,100,43.0,-0.08,43.0,-0.38,44.0,-0.75,46.0,-0.6,42.0,-0.39,NEGATIVE,41.1,NEGATIVE,Trend + Momentum + VWAP + RSI,Delivery,-2.95,2.95,615.76,653.14,635.55,MODERATE,72225690.0,NOT_AVAILABLE,NOT_AVAILABLE,,False,False,False,48.82,WATCH,WATCH
1381,DECCANCE,2026-08-28,568.75,Neutral-Range,56.08,52.78,2,60,3/10,Low,53.85,18.75,3.3,21.67,561.02,569.59,652.31,3.1595,-0.0989,0.74,50.0,564.99,0.67,1.73,0.591,-1.11,2.63,4.29,2.81,-0.03,90.34,580.05,568.1,575.15,592.5,543.5,44.74,50.79,1.87,-1.58,0.21,14.34,6.84,1.89,-2.03,89.29,8,6,11,54.55,0.74,45.45,-0.12,45.45,-0.65,54.55,1.78,54.55,1.81,MIXED,54.52,MIXED,Momentum + VWAP + RSI,Delivery,-3.3,3.3,550.0,587.5,575.15,HIGH,17540857.0,NOT_AVAILABLE,NOT_AVAILABLE,,False,False,False,48.79,WATCH,WATCH
1382,SAKAR,2026-08-28,875.7,Bearish,48.72,45.45,-4,30,4/10,Low,47.96,43.73,4.99,3.33,891.12,859.69,668.71,-5.0526,-0.9829,0.78,60.83,908.25,-3.58,4.48,0.297,-1.89,-4.04,-0.03,-1.08,-0.26,57.05,904.0,871.35,892.6,928.0,871.35,43.68,51.84,2.36,-1.67,0.23,18.03,11.45,2.03,-2.28,91.6,7,10,34,41.18,0.24,52.94,1.76,47.06,2.29,58.82,3.48,67.65,6.3,MIXED,72.06,STRONG,No strong driver,"Momentum, VWAP, MACD",-7.49,-1.75,810.11,860.4,908.25,HIGH,98822321.0,NOT_AVAILABLE,NOT_AVAILABLE,,False,False,False,48.77,WATCH,WATCH
1383,MANBA,2026-08-28,130.81,Neutral-Range,50.11,51.48,-2,40,2/10,Low,47.38,4.4,3.36,7.5,131.51,130.9,127.78,-0.0813,0.1207,0.76,48.33,131.49,-0.51,2.31,0.34,0.68,-0.07,0.61,-3.45,-0.05,19.81,131.82,128.81,129.93,133.99,126.37,43.65,52.66,1.74,-1.45,0.21,21.31,9.63,1.8,-2.43,91.9,6,7,16,31.25,-0.36,62.5,0.89,56.25,1.5,56.25,0.7,75.0,1.08,POSITIVE,63.17,POSITIVE,No strong driver,"Trend, VWAP",-3.36,3.36,126.41,135.21,129.93,HIGH,10397862.0,NOT_AVAILABLE,NOT_AVAILABLE,,False,False,False,48.77,WATCH,WATCH
1384,GRANULES,2026-08-28,836.65,Neutral-Range,52.42,49.3,1,55,2/10,Low,46.34,23.92,2.86,5.0,846.22,832.07,716.68,-3.2318,0.1614,0.58,38.33,848.02,-1.34,1.35,0.326,0.52,-2.51,-2.53,1.46,0.14,69.57,848.0,824.55,832.3,868.2,821.85,50.53,45.13,1.65,-1.53,0.12,6.71,5.53,1.58,-2.0,84.97,10,6,29,51.72,0.23,55.17,0.73,68.97,0.95,34.48,-1.13,27.59,-2.18,STRONG,50.49,MIXED,Delivery + Liquidity,VWAP,-2.86,2.86,812.73,860.57,832.3,MODERATE,479499299.0,NOT_AVAILABLE,NOT_AVAILABLE,,False,False,False,48.64,WATCH,WATCH
1385,ACE,2026-08-28,1140.6,Neutral-Range,53.59,54.91,1,55,3/10,Low,56.33,37.54,3.29,30.0,1124.35,1064.94,992.75,-3.5742,-1.67,0.36,15.0,1139.67,0.08,1.95,0.586,0.4,-3.52,5.07,6.57,0.46,46.08,1184.0,1128.2,1136.0,1192.0,1128.2,45.39,50.13,2.16,-1.76,0.31,13.42,5.79,1.99,-2.22,80.84,6,7,81,37.04,-0.33,43.21,-0.1,49.38,-0.16,51.85,1.01,45.68,1.75,MIXED,53.83,MIXED,Trend + RSI + Liquidity,"Momentum, MACD",-3.29,3.29,1103.06,1178.14,1136.0,HIGH,461883265.0,NOT_AVAILABLE,NOT_AVAILABLE,,False,False,False,48.51,WATCH,WATCH
1386,POLYCAB,2026-08-28,9088.0,Neutral-Range,48.35,50.63,0,50,2/10,Low,47.07,181.06,1.99,0.83,9134.7,9162.32,8458.82,-6.3133,2.274,0.99,68.33,9155.21,-0.73,0.99,0.372,0.1,1.36,-1.65,-0.2,0.0,61.02,9188.0,8906.0,9079.0,9188.0,8906.0,52.11,43.55,1.45,-1.51,0.16,7.63,4.87,1.91,-2.61,74.67,10,6,100,48.0,0.01,52.0,-0.35,53.0,-0.73,51.0,-0.8,56.0,-0.64,MIXED,45.28,MIXED,Delivery + Liquidity,"Trend, VWAP",-1.99,1.99,8906.94,9269.06,9079.0,LOW,2341803100.0,NOT_AVAILABLE,NOT_AVAILABLE,,False,False,False,48.51,WATCH,WATCH
1387,JKIPL,2026-08-28,104.92,Neutral-Range,52.25,59.42,1,55,4/10,Low,56.82,4.93,4.7,4.17,101.51,99.15,94.55,0.939,-0.1697,6.53,99.17,101.52,3.35,5.08,0.69,-3.85,2.54,4.14,7.09,-1.44,77.81,109.69,106.02,109.12,109.69,97.52,42.13,52.34,3.11,-2.48,0.26,27.66,19.15,3.02,-3.28,87.05,5,6,6,33.33,-0.19,33.33,0.09,66.67,2.9,50.0,6.38,83.33,7.68,INSUFFICIENT,50.0,INSUFFICIENT,Trend + Momentum + VWAP + RSI,"Structure, Gap, Delivery",-4.7,4.7,99.99,109.85,109.12,HIGH,5126207.0,NOT_AVAILABLE,NOT_AVAILABLE,,False,False,False,48.5,WATCH,WATCH
1388,ZAGGLE,2026-08-28,190.26,Neutral-Range,59.24,46.25,3,65,4/10,Low,45.58,9.45,4.97,49.17,194.06,201.8,248.67,0.248,0.1375,0.19,3.33,184.96,2.87,2.64,0.63,0.44,-4.93,-5.15,-7.01,0.0,27.58,196.39,187.57,189.43,203.95,187.57,43.63,52.12,2.89,-2.25,0.3,18.17,10.21,2.28,-2.65,78.45,7,9,100,41.0,0.04,56.0,0.49,52.0,0.98,45.0,1.06,45.0,1.4,MIXED,57.11,POSITIVE,Momentum + VWAP + MACD + Liquidity,Trend,-4.97,4.97,180.81,199.71,189.43,HIGH,1130497527.0,NOT_AVAILABLE,NOT_AVAILABLE,,False,False,False,48.42,WATCH,WATCH
1389,APTUS,2026-08-28,256.15,Neutral-Range,53.3,45.53,1,55,3/10,Low,42.82,7.05,2.75,0.83,259.6,265.19,269.43,0.921,0.0869,0.27,11.67,256.79,-0.25,1.42,0.45,-0.12,-0.62,2.26,-1.93,-0.64,49.52,259.75,255.1,256.45,261.8,250.75,44.21,51.05,1.68,-1.43,0.25,12.37,6.32,1.8,-1.83,79.37,8,7,8,37.5,-0.61,50.0,-0.05,50.0,-0.09,50.0,0.84,37.5,-0.5,MIXED,53.0,MIXED,Momentum + MACD + Liquidity,"Trend, RSI",-2.75,2.75,249.1,263.2,256.45,MODERATE,313540426.0,NOT_AVAILABLE,NOT_AVAILABLE,,False,False,False,48.4,WATCH,WATCH
1390,KAJARIACER,2026-08-28,1215.5,Bullish,54.99,55.88,4,70,4/10,Low,51.03,29.73,2.45,6.67,1214.33,1197.86,1125.11,-2.7282,0.6936,0.39,19.17,1220.66,-0.42,2.32,0.49,1.26,0.58,-3.02,1.44,0.3,64.34,1212.9,1187.0,1200.4,1231.9,1187.0,45.39,50.26,1.43,-1.3,0.16,8.82,5.53,1.81,-2.1,83.48,7,8,100,48.0,0.03,45.0,-0.13,41.0,-0.21,41.0,-1.08,35.0,-1.53,NEGATIVE,38.54,NEGATIVE,Trend + Structure + Delivery + Liquidity,None material,0.86,3.67,1225.91,1260.09,1187.0,MODERATE,285000383.0,NOT_AVAILABLE,NOT_AVAILABLE,,False,False,False,48.4,WATCH,WATCH
1391,J&KBANK,2026-08-28,150.01,Neutral-Range,51.95,49.25,-1,45,4/10,Low,41.83,5.12,3.41,17.5,154.04,156.56,137.01,0.1732,0.103,0.34,9.17,154.26,-2.75,2.23,0.219,-1.42,0.67,-3.52,-3.84,-0.16,46.0,153.87,151.45,152.17,153.87,146.0,46.05,49.47,1.97,-1.68,0.23,11.58,7.76,2.01,-2.25,78.3,6,7,100,50.0,0.18,58.0,0.67,57.0,0.54,56.0,1.32,46.0,0.53,POSITIVE,61.99,POSITIVE,Momentum + MACD + Liquidity,"Trend, Structure, VWAP",-3.41,3.41,144.89,155.13,152.17,HIGH,407190298.0,NOT_AVAILABLE,NOT_AVAILABLE,,False,False,False,48.36,WATCH,WATCH
1392,ZEEL,2026-08-28,101.51,Neutral-Range,59.94,49.38,1,55,3/10,Low,47.76,5.08,5.01,55.83,102.96,102.23,99.16,0.3257,-0.2899,0.57,30.0,100.6,0.91,5.18,0.558,-2.38,-5.64,-0.75,-11.38,1.17,34.09,107.33,103.45,103.98,110.63,103.45,46.71,48.95,2.14,-2.21,0.2,12.76,6.97,1.96,-2.99,75.35,10,5,8,37.5,-0.31,37.5,0.35,62.5,2.11,50.0,2.29,25.0,-2.62,POSITIVE,71.97,STRONG,VWAP + Gap + Liquidity,"Trend, Structure",-5.01,5.01,96.43,106.59,103.98,VERY_HIGH,3632320754.0,NOT_AVAILABLE,NOT_AVAILABLE,,False,False,False,48.29,WATCH,WATCH
1393,PRAKASH,2026-08-28,129.97,Neutral-Range,55.38,48.16,1,55,2/10,Low,51.67,5.39,4.15,42.5,128.8,130.73,137.68,0.1951,0.048,0.68,40.0,131.46,-1.14,2.99,0.422,2.09,1.07,-5.6,5.32,0.15,49.22,131.23,126.7,127.31,133.9,126.7,45.39,50.0,2.28,-1.99,0.32,16.32,8.42,2.02,-2.38,81.58,8,14,100,42.0,0.23,47.0,0.26,51.0,0.46,52.0,1.51,40.0,0.3,MIXED,58.93,POSITIVE,Momentum + MACD,VWAP,-4.15,4.15,124.58,135.36,127.31,HIGH,81199437.0,NOT_AVAILABLE,NOT_AVAILABLE,,False,False,False,48.29,WATCH,WATCH
1394,BAJAJINDEF,2026-08-28,228.49,Neutral-Range,56.95,48.15,2,60,3/10,Low,51.3,9.19,4.02,10.83,225.43,234.33,269.42,1.8223,0.244,0.37,21.67,224.13,1.94,1.82,0.436,-0.16,5.86,5.22,-2.65,0.28,59.53,233.7,227.5,228.85,249.0,214.01,43.64,52.99,2.82,-2.29,0.49,36.62,12.47,2.13,-2.82,85.12,8,9,100,47.0,0.25,48.0,0.42,41.0,0.03,47.0,2.77,44.0,5.46,MIXED,57.0,POSITIVE,Momentum + VWAP + MACD,Delivery,-4.02,4.02,219.3,237.68,228.85,HIGH,6684971.0,NOT_AVAILABLE,NOT_AVAILABLE,,False,False,False,48.28,WATCH,WATCH
1395,ABINFRA,2026-08-28,11.82,Neutral-Range,56.83,48.54,-1,45,4/10,Low,53.82,0.91,7.68,65.83,11.63,11.41,27.58,-0.006,-0.0449,0.06,3.33,12.68,-6.75,8.1,0.435,4.05,-6.41,9.34,17.61,-2.46,,11.95,11.36,11.36,13.73,11.36,45.32,47.95,2.98,-2.58,0.53,38.16,16.81,3.02,-3.98,73.27,9,8,100,40.0,-0.26,49.0,0.44,55.0,1.78,62.0,3.81,66.0,5.93,POSITIVE,75.95,STRONG,Trend + RSI + Liquidity,"Momentum, VWAP, MACD",-7.68,7.68,10.91,12.73,11.36,VERY_HIGH,134360386.0,NOT_AVAILABLE,NOT_AVAILABLE,,False,False,False,48.1,WATCH,WATCH
1396,MFSL,2026-08-28,1564.4,Neutral-Range,50.18,49.54,0,50,2/10,Low,51.46,36.6,2.34,1.67,1558.55,1566.4,1590.89,5.7097,-2.1954,0.39,5.0,1542.45,1.42,2.21,0.705,-0.23,-1.3,1.71,4.36,0.25,59.78,1590.9,1568.0,1568.0,1604.9,1561.3,48.68,47.11,1.38,-1.26,0.11,7.89,5.53,1.78,-1.9,82.97,8,5,100,47.0,-0.04,48.0,0.53,49.0,0.46,44.0,0.28,53.0,0.41,MIXED,50.51,MIXED,VWAP + Liquidity,"Structure, Delivery",-2.34,2.34,1527.8,1601.0,1568.0,MODERATE,1201427545.0,NOT_AVAILABLE,NOT_AVAILABLE,,False,False,False,48.04,WATCH,WATCH
1397,ETHOSLTD,2026-08-28,2875.1,Neutral-Range,51.7,54.26,0,50,3/10,Low,59.42,100.76,3.5,13.33,2818.98,2696.31,2584.18,-5.0995,-2.0464,0.1,2.5,2911.21,-1.24,2.07,0.597,-0.55,1.22,4.65,11.64,-0.27,46.41,2912.7,2873.2,2891.0,2936.6,2821.8,47.37,48.29,1.87,-1.65,0.23,13.16,7.76,2.09,-2.04,91.05,8,8,100,46.0,0.14,48.0,0.48,51.0,0.74,51.0,0.3,52.0,-0.43,MIXED,54.86,MIXED,Trend + RSI + Liquidity,"Momentum, VWAP, MACD",-3.5,3.5,2774.34,2975.86,2891.0,HIGH,518595429.0,NOT_AVAILABLE,NOT_AVAILABLE,,False,False,False,48.0,WATCH,WATCH
1398,BALRAMCHIN,2026-08-28,654.85,Neutral-Range,53.45,54.17,-2,40,3/10,Low,51.71,34.78,5.31,98.33,655.31,618.87,545.71,-3.1186,-1.862,0.45,24.17,716.65,-8.62,3.1,0.331,0.75,-10.21,4.8,11.71,-0.05,16.14,679.0,636.8,649.95,765.0,636.8,46.84,48.68,1.76,-1.53,0.15,8.29,6.05,1.96,-1.9,81.83,11,8,25,48.0,0.08,48.0,0.23,60.0,0.69,72.0,2.19,80.0,3.28,POSITIVE,72.72,STRONG,Liquidity,"Momentum, VWAP, MACD",-5.31,5.31,620.07,689.63,649.95,VERY_HIGH,3328735084.0,NOT_AVAILABLE,NOT_AVAILABLE,,False,False,False,47.97,WATCH,WATCH
1399,RTNINDIA,2026-08-28,30.24,Neutral-Range,50.39,43.18,-1,45,3/10,Low,41.96,0.88,2.91,0.83,30.7,31.79,36.14,0.0472,0.0214,0.52,23.33,30.97,-2.35,1.5,0.33,0.47,-0.69,0.63,-3.51,0.2,48.02,30.4,30.0,30.1,31.29,30.0,41.05,54.61,2.49,-1.96,0.25,13.95,7.63,2.21,-2.34,77.38,9,10,100,38.0,0.05,45.0,0.26,50.0,0.96,47.0,1.19,44.0,-0.33,MIXED,57.55,POSITIVE,Momentum + MACD,"Trend, VWAP, RSI",-2.91,2.91,29.36,31.12,30.1,MODERATE,43656122.0,NOT_AVAILABLE,NOT_AVAILABLE,,False,False,False,47.96,WATCH,WATCH
1400,KIMS,2026-08-28,771.0,Neutral-Range,47.04,48.49,-2,40,4/10,Low,41.22,20.83,2.7,22.5,787.34,788.24,745.71,-4.1925,0.7842,0.96,65.83,794.58,-2.97,2.9,0.24,0.33,-1.47,-4.71,-4.19,0.49,62.07,785.85,756.7,768.45,794.6,753.0,49.61,45.92,1.45,-1.6,0.07,9.34,6.32,1.84,-3.65,89.26,9,6,100,48.0,0.06,52.0,0.09,55.0,0.19,53.0,0.21,52.0,0.55,POSITIVE,54.4,MIXED,Delivery + Liquidity,"Trend, Momentum, VWAP",-2.7,2.7,750.17,791.83,768.45,MODERATE,517331588.0,NOT_AVAILABLE,NOT_AVAILABLE,,False,False,False,47.76,WATCH,WATCH
1401,ICICIPRULI,2026-08-28,506.0,Neutral-Range,45.59,48.02,-3,35,4/10,Low,49.28,11.31,2.23,4.17,507.53,507.31,547.73,0.1105,-0.3652,1.09,72.5,509.21,-0.63,1.56,0.431,-0.78,-1.75,-0.62,-1.82,0.05,69.14,518.95,509.0,510.0,525.75,501.05,47.63,47.76,1.2,-1.2,0.08,5.53,4.47,1.85,-2.14,75.18,7,8,100,44.0,-0.06,50.0,-0.18,58.0,0.2,54.0,0.42,55.0,0.14,POSITIVE,56.68,MIXED,Liquidity,"Trend, Structure, VWAP",-2.23,2.23,494.69,517.31,510.0,MODERATE,748881069.0,NOT_AVAILABLE,NOT_AVAILABLE,,False,False,False,47.75,WATCH,WATCH
1402,KIRLOSIND,2026-08-28,3715.1,Neutral-Range,48.53,48.78,-1,45,2/10,Low,46.04,106.15,2.86,0.83,3755.38,3731.3,3519.86,-4.3834,1.4775,0.18,12.5,3779.19,-1.7,1.55,0.319,0.29,0.82,-1.05,-5.73,0.16,65.42,3772.1,3691.0,3704.2,3800.0,3633.9,42.89,52.89,2.03,-1.56,0.15,13.95,8.42,1.74,-2.11,90.45,7,9,33,45.45,-0.02,51.52,0.72,48.48,0.33,42.42,1.02,60.61,5.74,MIXED,52.22,MIXED,Delivery,"Trend, VWAP",-2.86,2.86,3608.95,3821.25,3704.2,MODERATE,33721676.0,NOT_AVAILABLE,NOT_AVAILABLE,,False,False,False,47.75,WATCH,WATCH
1403,LOKESHMACH,2026-08-28,312.45,Neutral-Range,50.39,47.0,-2,40,4/10,Low,42.65,11.42,3.65,30.83,324.45,316.63,261.28,-4.8582,0.8231,1.62,85.83,328.28,-4.82,4.96,0.263,4.99,-2.78,-9.98,-7.56,0.03,,309.9,296.1,297.6,332.95,296.1,44.47,51.18,2.76,-2.18,0.41,29.74,15.53,2.46,-2.41,75.85,8,11,100,40.0,-0.25,44.0,0.28,51.0,0.75,51.0,2.57,51.0,2.36,MIXED,63.98,POSITIVE,Volume + Structure,"Trend, Momentum, VWAP",-3.65,3.65,301.03,323.87,297.6,HIGH,6746079.0,NOT_AVAILABLE,NOT_AVAILABLE,,False,False,False,47.71,WATCH,WATCH
1404,EMBDL,2026-08-28,62.78,Neutral-Range,55.67,50.53,2,60,3/10,Low,50.43,2.14,3.4,4.17,62.73,62.32,67.99,-0.0426,0.0041,1.17,73.33,63.2,-0.67,3.14,0.303,1.0,-3.22,1.88,2.68,0.37,45.33,63.28,61.8,62.16,65.34,61.8,40.19,56.64,2.7,-2.11,0.39,15.14,7.66,2.9,-2.35,79.7,5,9,100,51.0,0.67,48.0,1.26,47.0,1.01,47.0,0.35,45.0,-0.59,MIXED,53.34,MIXED,Trend + Volume + Liquidity,VWAP,-3.4,3.4,60.64,64.92,62.16,HIGH,159931772.0,NOT_AVAILABLE,NOT_AVAILABLE,,False,False,False,47.7,WATCH,WATCH
1405,HINDALCO,2026-08-28,1037.4,Neutral-Range,50.5,57.89,2,60,4/10,Low,53.43,24.02,2.32,15.83,1031.11,1015.8,954.46,-2.6271,-0.4846,0.36,0.83,1042.39,-0.48,1.12,0.526,1.31,0.33,0.77,6.46,0.59,60.95,1061.8,1020.05,1024.0,1061.8,1020.05,53.95,41.84,1.29,-1.4,0.16,14.87,9.61,1.66,-2.03,70.34,8,7,12,41.67,-0.9,50.0,-0.29,58.33,-1.73,50.0,-1.86,50.0,-1.0,MIXED,38.56,NEGATIVE,Trend + RSI + Delivery + Liquidity,"Momentum, MACD",-2.32,2.32,1013.38,1061.42,1024.0,MODERATE,4841998984.0,NOT_AVAILABLE,NOT_AVAILABLE,,False,False,False,47.66,WATCH,WATCH
1406,SHREEPUSHK,2026-08-28,451.4,Neutral-Range,55.83,55.11,3,65,4/10,Low,65.5,19.38,4.29,30.0,416.99,403.69,373.95,6.9098,-0.0514,0.49,39.17,424.21,6.41,1.4,0.735,-0.19,12.53,17.46,13.77,0.7,58.51,481.5,449.35,452.25,481.5,396.1,45.66,50.0,2.64,-2.11,0.13,16.97,11.97,1.76,-2.13,88.75,8,7,9,33.33,-0.24,44.44,-0.15,44.44,-0.02,55.56,-0.64,44.44,-3.02,NEGATIVE,47.36,MIXED,Trend + Momentum + VWAP + RSI,Delivery,-4.29,4.29,432.02,470.78,452.25,HIGH,36767059.0,NOT_AVAILABLE,NOT_AVAILABLE,,False,False,False,47.62,WATCH,WATCH
1407,REDTAPE,2026-08-28,126.01,Neutral-Range,55.08,46.76,1,55,3/10,Low,47.72,4.21,3.34,15.0,126.1,128.98,140.92,0.0513,0.3057,0.65,45.83,130.49,-3.43,3.32,0.238,1.41,2.55,3.13,-4.91,-0.21,47.43,125.7,121.84,124.26,125.7,119.0,44.61,51.18,2.0,-1.85,0.12,15.79,8.68,2.16,-3.33,90.25,7,7,100,38.0,-0.1,44.0,0.08,46.0,0.32,53.0,1.79,57.0,3.58,MIXED,58.09,POSITIVE,Momentum + Structure + MACD,"Trend, VWAP",-3.34,3.34,121.8,130.22,124.26,HIGH,72722452.0,NOT_AVAILABLE,NOT_AVAILABLE,,False,False,False,47.57,WATCH,WATCH
1408,APOLLO,2026-08-28,387.45,Neutral-Range,51.28,49.6,1,55,3/10,Low,47.15,11.24,2.9,0.83,389.52,388.08,323.29,0.2236,0.0902,0.71,45.0,390.68,-0.83,1.2,0.309,0.28,0.75,-1.55,-0.63,0.35,37.17,392.45,385.8,386.35,397.75,380.3,45.66,49.34,3.15,-2.26,0.51,26.58,9.61,2.4,-2.86,77.02,8,8,100,38.0,0.01,34.0,-0.02,38.0,0.16,50.0,0.2,49.0,0.55,MIXED,47.24,MIXED,Momentum + MACD + Liquidity,"Trend, VWAP",-2.9,2.9,376.21,398.69,386.35,MODERATE,1762730393.0,NOT_AVAILABLE,NOT_AVAILABLE,,False,False,False,47.57,WATCH,WATCH
1409,CENTUM,2026-08-28,3442.8,Neutral-Range,51.81,47.04,-1,45,2/10,Low,45.61,142.34,4.13,16.67,3497.78,3513.05,3068.33,-21.7285,10.6023,0.44,12.5,3515.22,-2.06,1.65,0.263,1.2,0.11,-2.7,-2.83,-0.03,47.78,3444.0,3349.5,3401.9,3550.0,3255.1,45.26,50.39,2.65,-2.06,0.2,19.08,10.66,2.0,-2.66,91.32,7,7,38,34.21,-0.58,57.89,0.33,65.79,0.82,47.37,0.93,44.74,-0.18,STRONG,61.61,POSITIVE,Liquidity,"Trend, VWAP",-4.13,4.13,3300.46,3585.14,3401.9,HIGH,207920840.0,NOT_AVAILABLE,NOT_AVAILABLE,,False,False,False,47.56,WATCH,WATCH
1410,AVADHSUGAR,2026-08-28,830.05,Bullish,60.82,59.96,4,70,4/10,Low,77.58,43.8,5.28,80.0,721.11,623.29,503.19,9.0415,-1.8775,0.25,10.0,707.26,17.36,3.92,0.854,3.17,-0.57,27.08,64.69,0.8,41.98,822.25,790.05,804.55,884.8,761.35,43.29,52.5,2.22,-1.72,0.22,13.16,7.24,1.87,-2.12,80.66,8,9,85,49.41,0.33,43.53,-0.22,48.24,-0.33,50.59,1.73,60.0,3.53,MIXED,55.19,MIXED,Trend + Structure + VWAP + Liquidity,None material,1.85,7.92,845.38,895.75,707.26,VERY_HIGH,484402137.0,NOT_AVAILABLE,NOT_AVAILABLE,,False,False,False,47.53,WATCH,WATCH
1411,SPECIALITY,2026-08-28,143.87,Neutral-Range,54.47,54.51,-1,45,3/10,Low,53.36,8.54,5.93,74.17,142.25,134.81,121.86,-0.5456,-0.0686,0.14,2.5,148.32,-3.0,3.45,0.379,-0.75,2.17,3.01,8.06,0.0,,149.0,143.0,144.96,150.0,136.0,43.55,52.24,1.97,-1.67,0.2,14.21,10.79,1.93,-1.97,91.9,6,6,56,48.21,0.26,48.21,1.02,53.57,1.27,55.36,2.75,58.93,3.26,MIXED,69.21,POSITIVE,Trend + RSI,"Momentum, VWAP, MACD",-5.93,5.93,135.33,152.41,144.96,VERY_HIGH,19928136.0,NOT_AVAILABLE,NOT_AVAILABLE,,False,False,False,47.5,WATCH,WATCH
1412,GROWWDEFNC,2026-08-28,97.44,Neutral-Range,47.3,52.04,-1,45,3/10,Low,55.06,1.97,2.02,0.83,96.94,95.16,87.9,-0.1148,-0.0448,0.69,36.67,97.11,0.34,1.72,0.539,-0.52,-0.93,-0.66,4.59,0.03,67.28,98.32,97.4,97.95,99.19,96.1,50.1,46.14,1.36,-1.28,0.51,29.65,8.14,1.72,-1.9,95.58,7,6,99,47.47,0.03,44.44,-0.14,44.44,-0.12,52.53,0.06,45.45,-0.42,NEGATIVE,48.7,MIXED,Trend + RSI,"Momentum, MACD, Delivery",-2.02,2.02,95.47,99.41,97.95,MODERATE,24085495.0,NOT_AVAILABLE,NOT_AVAILABLE,,False,False,False,47.48,WATCH,WATCH
1413,PCBL,2026-08-28,322.1,Neutral-Range,50.1,52.52,-1,45,3/10,Low,50.74,10.55,3.27,3.33,321.64,317.19,313.19,-0.0378,-0.0116,0.3,29.17,323.76,-0.51,1.75,0.503,-0.28,1.43,3.97,1.32,0.0,43.73,327.95,321.35,323.0,331.2,316.65,47.5,48.16,2.21,-1.92,0.22,11.32,7.37,2.15,-2.42,76.07,14,8,100,50.0,0.18,46.0,0.08,53.0,0.44,51.0,0.89,48.0,0.76,MIXED,56.72,MIXED,Trend + Liquidity,"Momentum, VWAP, MACD",-3.27,3.27,311.55,332.65,323.0,HIGH,383921422.0,NOT_AVAILABLE,NOT_AVAILABLE,,False,False,False,47.47,WATCH,WATCH
1414,BORANA,2026-08-28,317.75,Neutral-Range,56.09,48.36,2,60,3/10,Low,49.81,12.84,4.04,1.67,317.09,319.89,315.4,-0.8864,0.731,0.35,12.5,326.32,-2.63,3.92,0.309,2.45,3.18,-0.69,-2.13,0.55,62.91,316.0,309.1,310.15,319.0,301.55,43.69,52.0,2.16,-1.63,0.21,22.46,15.69,2.14,-2.33,90.94,5,8,11,54.55,1.45,27.27,-0.5,45.45,0.49,45.45,1.44,45.45,0.24,MIXED,54.54,MIXED,Trend + Structure + Delivery,VWAP,-4.04,4.04,304.91,330.59,310.15,HIGH,11267964.0,NOT_AVAILABLE,NOT_AVAILABLE,,False,False,False,47.47,WATCH,WATCH
1415,LOTUSDEV,2026-08-28,186.61,Bullish,59.0,49.11,4,70,5/10,Low,62.39,7.8,4.18,55.83,176.45,167.37,157.27,0.442,0.4388,0.47,34.17,185.7,0.49,5.32,0.563,0.21,13.23,8.21,-6.75,-1.7,,188.0,180.0,186.21,190.25,164.25,43.8,51.46,2.25,-1.87,0.22,21.17,13.87,2.12,-2.49,81.58,10,7,6,16.67,-1.44,33.33,-1.78,33.33,-1.24,16.67,-3.84,33.33,-4.62,INSUFFICIENT,50.0,INSUFFICIENT,Trend + Momentum + RSI + MACD,Gap,1.46,6.27,189.34,198.31,180.0,HIGH,401188557.0,NOT_AVAILABLE,NOT_AVAILABLE,,False,False,False,47.43,WATCH,WATCH
1416,CANBK,2026-08-28,128.35,Neutral-Range,47.14,41.68,-3,35,4/10,Low,48.34,2.62,2.04,3.33,128.94,129.16,132.72,-0.2506,-0.0163,0.94,55.0,129.75,-1.08,1.41,0.375,0.16,-1.24,-2.21,2.7,0.01,49.75,131.43,127.7,128.14,131.43,126.25,48.55,47.11,1.54,-1.62,0.09,9.61,6.32,1.83,-3.81,70.53,10,7,100,42.0,-0.15,51.0,-0.02,60.0,0.67,54.0,0.88,38.0,0.2,POSITIVE,61.1,POSITIVE,Liquidity,"Trend, Momentum, VWAP",-2.04,2.04,125.73,130.97,128.14,MODERATE,1934169268.0,NOT_AVAILABLE,NOT_AVAILABLE,,False,False,False,47.42,WATCH,WATCH
1417,JPOLYINVST,2026-08-28,1025.0,Neutral-Range,57.4,48.86,3,65,3/10,Low,51.7,45.95,4.48,58.33,1006.27,1036.57,1042.08,0.7297,4.7508,0.77,75.83,1013.12,1.17,6.42,0.594,6.1,6.33,1.37,0.41,0.2,38.73,1065.0,960.0,966.1,1065.0,938.0,43.16,52.5,2.43,-1.72,0.37,22.89,9.34,2.16,-2.08,89.98,9,8,100,42.0,0.24,43.0,0.54,42.0,0.7,43.0,1.08,45.0,0.88,MIXED,51.87,MIXED,Momentum + VWAP + MACD,None material,-4.48,4.48,979.05,1070.95,966.1,HIGH,27734560.0,NOT_AVAILABLE,NOT_AVAILABLE,,False,False,False,47.35,WATCH,WATCH
1418,MBAPL,2026-08-28,162.94,Neutral-Range,55.32,45.71,-2,40,4/10,Low,35.29,8.97,5.51,66.67,169.6,233.36,368.35,6.1955,-0.7115,0.86,49.17,164.65,-1.04,2.46,0.383,0.1,-3.88,-3.28,1.71,0.9,57.71,168.84,160.3,162.78,174.94,160.3,46.32,49.08,1.97,-1.89,0.09,18.42,9.34,1.83,-3.54,92.17,10,7,100,51.0,0.4,58.0,1.83,64.0,2.25,59.0,3.29,57.0,3.73,POSITIVE,78.05,STRONG,Delivery + Liquidity,"Trend, Momentum, VWAP",-5.51,5.51,153.97,171.91,162.78,VERY_HIGH,121914408.0,NOT_AVAILABLE,NOT_AVAILABLE,,False,False,False,47.32,WATCH,WATCH
1419,ULTRACEMCO,2026-08-28,11589.0,Neutral-Range,43.7,46.28,-3,35,4/10,Low,45.43,192.91,1.66,3.33,11692.38,11688.69,11723.42,-16.5894,1.7974,1.09,75.0,11746.13,-1.34,1.9,0.229,-1.09,0.16,-0.26,-2.64,-0.1,58.63,11815.0,11674.0,11717.0,11820.0,11445.0,49.08,46.58,1.09,-1.05,0.07,5.79,4.74,1.8,-1.7,72.8,8,8,10,40.0,-0.29,40.0,-0.34,60.0,-0.32,50.0,-0.23,50.0,-0.08,MIXED,51.3,MIXED,Liquidity,"Trend, Structure, VWAP",-1.66,1.66,11396.09,11781.91,11717.0,LOW,2542304307.0,NOT_AVAILABLE,NOT_AVAILABLE,,False,False,False,47.32,WATCH,WATCH
1420,GREAVESCOT,2026-08-28,194.41,Neutral-Range,51.06,48.74,-1,45,4/10,Low,40.8,7.43,3.82,16.67,200.85,206.44,192.85,0.4203,0.3762,0.45,20.0,198.52,-2.07,2.36,0.093,1.69,1.0,0.02,-18.33,0.44,40.9,195.59,190.9,191.17,197.9,189.52,44.74,50.92,2.35,-1.9,0.17,7.89,6.58,2.22,-2.41,80.08,6,8,100,44.0,0.05,52.0,0.92,56.0,1.49,49.0,0.44,53.0,0.65,POSITIVE,59.47,POSITIVE,Momentum + MACD + Liquidity,"Trend, Structure, VWAP",-3.82,3.82,186.98,201.84,191.17,HIGH,390151561.0,NOT_AVAILABLE,NOT_AVAILABLE,,False,False,False,47.31,WATCH,WATCH
1421,HEXT,2026-08-28,555.7,Neutral-Range,51.94,51.1,0,50,2/10,Low,49.72,20.29,3.65,18.33,557.25,548.64,571.34,-1.5207,0.3351,0.52,51.67,560.95,-0.94,2.45,0.47,-0.16,4.37,-2.48,-1.06,1.6,37.85,561.0,547.55,556.6,574.85,530.2,46.77,49.61,1.88,-1.88,0.08,11.89,10.34,2.0,-2.37,81.11,5,7,100,51.0,0.07,54.0,0.47,57.0,0.42,54.0,0.0,56.0,1.01,POSITIVE,55.53,MIXED,Gap + Liquidity,"Trend, VWAP",-3.65,3.65,535.41,575.99,556.6,HIGH,205178856.0,NOT_AVAILABLE,NOT_AVAILABLE,,False,False,False,47.29,WATCH,WATCH
1422,TFCILTD,2026-08-28,140.54,Bullish,54.7,62.82,4,70,4/10,Low,83.81,5.33,3.79,28.33,123.63,105.92,97.28,0.9745,-0.2387,0.51,19.17,122.7,14.54,3.57,0.873,-0.92,7.29,19.67,37.96,0.11,31.1,146.0,140.43,141.84,146.0,128.1,47.63,48.03,2.62,-2.17,0.09,15.13,8.95,2.19,-3.86,80.42,12,10,100,55.0,-0.33,55.0,-1.28,62.0,-1.78,60.0,-4.18,63.0,-4.23,MIXED,37.7,NEGATIVE,Trend + Structure + VWAP + Liquidity,None material,1.33,5.69,142.41,148.53,122.7,HIGH,2015012531.0,NOT_AVAILABLE,NOT_AVAILABLE,,False,False,False,47.18,WATCH,WATCH
1423,URBANCO,2026-08-28,168.41,Bullish,56.42,56.93,4,70,4/10,Low,76.82,6.3,3.74,31.67,152.49,142.54,136.77,2.3253,-0.2394,0.45,39.17,153.31,9.85,3.3,0.854,0.63,6.19,16.64,30.16,0.32,39.93,170.68,165.3,167.36,173.89,151.0,47.56,46.75,2.11,-2.06,0.13,13.41,10.98,2.08,-2.22,79.04,6,5,17,47.06,0.41,52.94,0.59,52.94,0.22,47.06,-2.06,35.29,-5.31,MIXED,42.64,NEGATIVE,Trend + Structure + VWAP + Liquidity,None material,1.31,5.62,170.62,177.87,153.31,HIGH,2965236381.0,NOT_AVAILABLE,NOT_AVAILABLE,,False,False,False,47.16,WATCH,WATCH
1424,ONESOURCE,2026-08-28,1532.2,Neutral-Range,49.49,42.69,-3,35,4/10,Low,43.83,50.59,3.3,0.83,1552.82,1596.79,1627.14,-0.5259,2.3628,0.2,3.33,1550.66,-1.19,1.29,0.321,0.97,-0.18,-1.73,-5.4,0.49,44.31,1551.0,1491.1,1517.5,1551.0,1478.0,46.67,50.12,2.04,-1.88,-0.16,10.86,14.32,1.96,-2.44,86.35,7,6,100,47.0,-0.01,54.0,0.4,57.0,1.23,56.0,2.09,54.0,3.32,POSITIVE,67.83,POSITIVE,Liquidity,"Trend, Momentum, VWAP",-3.3,3.3,1481.61,1582.79,1517.5,HIGH,253200889.0,NOT_AVAILABLE,NOT_AVAILABLE,,False,False,False,47.11,WATCH,WATCH
1425,NELCO,2026-08-28,961.2,Neutral-Range,55.62,53.9,3,65,4/10,Low,52.11,47.16,4.91,65.83,953.06,914.7,809.28,-7.192,2.5425,0.28,25.0,980.53,-1.97,2.73,0.351,0.08,6.01,-6.19,-5.36,0.99,36.57,983.8,933.2,960.4,983.8,895.6,43.03,52.76,2.36,-1.8,0.3,14.08,5.92,1.89,-2.45,82.97,6,6,100,38.0,-0.12,38.0,-0.57,39.0,-0.41,47.0,0.83,50.0,0.9,NEGATIVE,46.78,MIXED,Trend + Momentum + RSI + Liquidity,VWAP,-4.91,4.91,914.04,1008.36,960.4,HIGH,555097505.0,NOT_AVAILABLE,NOT_AVAILABLE,,False,False,False,47.05,WATCH,WATCH
1426,JISLJALEQS,2026-08-28,28.7,Bearish,48.94,38.94,-4,30,4/10,Low,46.78,1.19,4.13,28.33,28.91,30.05,35.38,0.2691,-0.0245,0.67,50.0,29.24,-1.85,4.98,0.412,-3.33,3.02,8.34,-4.14,-0.64,57.99,31.0,29.47,29.69,31.0,27.5,41.71,53.68,2.54,-2.08,0.24,12.24,7.37,2.14,-2.11,79.07,8,10,13,23.08,-0.49,30.77,-1.53,53.85,1.3,53.85,3.72,53.85,2.85,MIXED,72.69,STRONG,No strong driver,"Trend, Structure, VWAP",-6.2,-1.45,26.92,28.28,31.0,HIGH,96812735.0,NOT_AVAILABLE,NOT_AVAILABLE,,False,False,False,47.04,WATCH,WATCH
1427,MHLXMIRU,2026-08-28,178.3,Neutral-Range,52.67,42.36,-1,45,4/10,Low,58.28,8.09,4.54,13.33,174.82,164.72,176.26,-0.6054,-0.8448,0.02,0.83,174.19,2.36,2.63,0.592,-2.28,-5.66,-5.55,26.21,-1.87,,188.99,179.0,182.46,192.5,179.0,43.55,51.58,2.59,-2.04,0.7,42.76,15.53,2.62,-3.01,92.79,7,7,100,42.0,0.65,42.0,1.66,44.0,3.15,39.0,3.35,37.0,2.6,MIXED,64.05,POSITIVE,Trend + VWAP + RSI,"Momentum, Structure, MACD",-4.54,4.54,170.21,186.39,182.46,HIGH,5039697.0,NOT_AVAILABLE,NOT_AVAILABLE,,False,False,False,47.02,WATCH,WATCH
1428,ORIENTHOT,2026-08-28,137.48,Neutral-Range,53.8,54.6,2,60,4/10,Low,55.37,5.96,4.33,32.5,134.48,129.72,119.38,1.0584,-0.3169,0.22,19.17,139.18,-1.22,2.22,0.678,-1.2,-0.86,10.69,4.43,0.0,43.17,141.0,138.5,139.15,146.2,132.55,42.89,52.5,2.38,-1.76,0.18,12.37,6.71,1.85,-2.0,82.26,9,10,100,44.0,0.15,47.0,0.21,48.0,-0.05,49.0,-0.19,56.0,0.31,MIXED,47.99,MIXED,Trend + Momentum + RSI + Liquidity,"Structure, VWAP",-4.33,4.33,131.52,143.44,139.15,HIGH,518822675.0,NOT_AVAILABLE,NOT_AVAILABLE,,False,False,False,47.02,WATCH,WATCH
1429,TATACOMM,2026-08-28,1694.7,Neutral-Range,50.53,50.21,1,55,4/10,Low,43.79,48.47,2.86,1.67,1714.71,1762.36,1733.77,2.7761,2.0052,0.82,55.0,1713.32,-1.09,1.53,0.355,0.3,2.37,-1.36,-3.51,-0.25,62.08,1705.7,1641.5,1689.6,1710.9,1640.2,46.18,49.21,1.41,-1.32,0.14,5.13,5.26,2.01,-1.69,83.11,7,8,100,51.0,0.09,46.0,-0.04,55.0,-0.14,41.0,-0.74,48.0,-1.05,MIXED,45.08,MIXED,Momentum + MACD + Delivery + Liquidity,"Trend, VWAP, RSI",-2.86,2.86,1646.23,1743.17,1689.6,MODERATE,428681253.0,NOT_AVAILABLE,NOT_AVAILABLE,,False,False,False,46.99,WATCH,WATCH
1430,SRM,2026-08-28,459.35,Neutral-Range,48.97,43.87,-3,35,4/10,Low,38.6,18.55,4.04,25.0,480.78,490.7,482.73,-4.4823,0.7939,1.49,86.67,489.76,-6.21,5.51,0.214,2.94,-1.82,-5.03,-7.26,-0.68,43.62,465.0,443.2,446.25,486.15,443.2,45.13,50.81,2.54,-1.95,0.3,27.11,14.94,2.13,-2.33,89.69,8,6,100,45.0,0.05,60.0,0.8,51.0,1.28,51.0,2.63,53.0,3.57,MIXED,66.34,POSITIVE,Volume,"Trend, Momentum, VWAP",-4.04,4.04,440.8,477.9,446.25,HIGH,50576229.0,NOT_AVAILABLE,NOT_AVAILABLE,,False,False,False,46.94,WATCH,WATCH
1431,MUNJALAU,2026-08-28,112.4,Neutral-Range,50.88,53.34,0,50,3/10,Low,55.22,5.18,4.61,57.5,110.89,105.28,92.43,-0.3889,-0.1493,0.11,11.67,118.92,-5.48,2.1,0.423,0.88,-2.56,-6.75,10.91,0.8,30.11,115.65,110.7,111.42,118.67,110.7,44.74,50.92,2.39,-1.85,0.38,22.5,8.03,2.03,-2.34,82.74,6,9,17,35.29,0.23,35.29,-0.28,52.94,0.28,52.94,-0.17,58.82,7.53,MIXED,52.5,MIXED,Trend + RSI + Liquidity,"Momentum, VWAP, MACD",-4.61,4.61,107.22,117.58,111.42,HIGH,517342020.0,NOT_AVAILABLE,NOT_AVAILABLE,,False,False,False,46.89,WATCH,WATCH
1432,MODEFENCE,2026-08-28,106.85,Neutral-Range,46.89,51.41,-1,45,4/10,Low,54.83,2.24,2.09,16.67,106.45,104.43,96.48,-0.1364,-0.0688,0.54,14.17,106.72,0.12,1.73,0.607,-0.43,-1.16,-0.73,4.41,0.98,52.1,108.0,107.14,107.31,109.9,106.01,49.41,47.46,1.36,-1.25,0.73,34.96,4.69,1.82,-1.84,96.19,12,6,100,48.0,-0.02,45.0,-0.11,44.0,-0.02,50.0,-0.07,45.0,-0.65,NEGATIVE,47.54,MIXED,Trend + RSI + Liquidity,"Momentum, Structure, MACD",-2.09,2.09,104.61,109.09,107.31,MODERATE,145218787.0,NOT_AVAILABLE,NOT_AVAILABLE,,False,False,False,46.88,WATCH,WATCH
1433,SUNPHARMA,2026-08-28,1920.0,Neutral-Range,50.01,50.24,2,60,2/10,Low,49.69,30.63,1.6,6.67,1920.15,1908.89,1817.7,-1.8416,1.4516,0.68,34.17,1928.38,-0.43,1.42,0.432,0.35,0.93,-0.52,-3.54,0.61,60.39,1925.0,1898.0,1913.3,1926.9,1882.8,52.11,43.68,0.91,-0.91,0.09,4.87,4.34,1.6,-1.9,83.23,7,6,10,50.0,-0.01,70.0,0.0,50.0,0.15,20.0,-0.73,70.0,0.43,MIXED,37.18,NEGATIVE,Delivery + Liquidity,None material,-1.6,1.6,1889.37,1950.63,1913.3,LOW,3225761659.0,NOT_AVAILABLE,NOT_AVAILABLE,,False,False,False,46.87,WATCH,WATCH
1434,NAHARPOLY,2026-08-28,247.35,Neutral-Range,54.44,46.49,1,55,3/10,Low,48.18,9.67,3.91,18.33,247.54,251.36,254.18,0.5638,0.3768,0.21,8.33,250.14,-1.11,1.26,0.332,0.32,3.6,1.66,-7.93,-0.2,84.78,250.0,244.05,246.55,250.0,234.7,44.87,50.66,2.26,-1.92,0.42,28.68,11.97,2.27,-2.3,88.68,8,7,100,44.0,-0.01,41.0,-0.28,46.0,0.06,53.0,1.59,57.0,4.54,MIXED,56.25,MIXED,Momentum + MACD + Delivery,"Trend, VWAP",-3.91,3.91,237.68,257.02,246.55,HIGH,6712357.0,NOT_AVAILABLE,NOT_AVAILABLE,,False,False,False,46.84,WATCH,WATCH
1435,MAXESTATES,2026-08-28,539.05,Neutral-Range,55.33,54.18,3,65,4/10,Low,71.93,23.41,4.34,65.0,486.37,451.98,431.3,10.7411,-2.7381,0.51,30.83,512.04,5.27,5.55,0.786,-3.47,8.93,21.97,37.09,0.28,66.45,563.0,538.65,558.45,579.0,490.55,47.94,47.66,2.22,-1.96,0.27,21.98,9.07,1.85,-2.19,88.34,8,9,100,48.0,0.09,44.0,0.3,45.0,-0.24,44.0,0.19,50.0,1.66,MIXED,45.95,MIXED,Trend + Momentum + VWAP + Liquidity,Delivery,-4.34,4.34,515.64,562.46,558.45,HIGH,155977678.0,NOT_AVAILABLE,NOT_AVAILABLE,,False,False,False,46.84,WATCH,WATCH
1436,AARTIDRUGS,2026-08-28,418.55,Neutral-Range,52.29,54.34,3,65,4/10,Low,53.22,12.02,2.87,3.33,416.66,407.25,400.58,-0.96,0.0559,0.28,1.67,424.44,-1.39,1.2,0.286,0.16,0.28,0.53,-0.99,0.0,56.75,423.0,413.9,417.9,429.8,410.1,43.95,51.32,1.64,-1.45,0.23,11.71,5.0,1.82,-2.45,87.8,7,13,100,47.0,-0.15,45.0,-0.4,48.0,-0.7,39.0,-1.35,33.0,-2.26,MIXED,37.25,NEGATIVE,Trend + Momentum + RSI + Delivery,VWAP,-2.87,2.87,406.53,430.57,417.9,MODERATE,92369365.0,NOT_AVAILABLE,NOT_AVAILABLE,,False,False,False,46.8,WATCH,WATCH
1437,PPL,2026-08-28,263.75,Neutral-Range,50.35,44.04,-2,40,3/10,Low,47.31,10.9,4.13,1.67,266.33,261.24,255.27,-0.8554,-0.0135,0.39,16.67,266.41,-1.0,2.14,0.466,1.46,-2.89,-3.86,-0.81,1.54,,267.0,259.0,259.95,277.0,259.0,43.55,51.97,2.41,-1.94,0.32,21.84,10.39,2.0,-2.2,87.45,8,8,100,45.0,0.13,48.0,0.5,52.0,1.14,51.0,2.06,43.0,2.15,MIXED,63.85,POSITIVE,Gap,"Momentum, VWAP, MACD",-4.13,4.13,252.85,274.65,259.95,HIGH,7687169.0,NOT_AVAILABLE,NOT_AVAILABLE,,False,False,False,46.78,WATCH,WATCH
1438,SHAILY,2026-08-28,3270.4,Neutral-Range,50.77,53.33,0,50,3/10,Low,54.93,110.45,3.38,4.17,3251.43,3088.71,2603.48,-27.3427,-0.1118,0.46,30.83,3322.19,-1.56,2.01,0.406,-0.57,-1.52,-2.81,6.83,0.4,43.84,3333.0,3222.9,3289.0,3391.8,3182.5,47.63,48.03,2.65,-2.13,0.25,24.61,10.13,2.09,-3.45,87.91,8,8,100,39.0,0.12,45.0,0.49,44.0,0.36,47.0,0.98,59.0,1.41,MIXED,52.21,MIXED,Trend + RSI + Liquidity,"Momentum, VWAP, MACD",-3.38,3.38,3159.95,3380.85,3289.0,HIGH,636355193.0,NOT_AVAILABLE,NOT_AVAILABLE,,False,False,False,46.78,WATCH,WATCH
1439,HDFCPSUBK,2026-08-28,86.7,Bearish,42.24,43.53,-4,30,4/10,Low,50.74,1.65,1.9,0.83,86.75,86.2,84.55,-0.1352,-0.0107,0.12,8.33,87.84,-1.3,0.9,0.488,-0.08,0.15,-1.7,2.47,-0.3,53.33,88.07,86.28,86.77,88.5,86.0,47.41,48.17,1.19,-1.07,0.57,29.88,3.51,1.75,-1.96,93.57,8,6,14,42.86,0.06,50.0,0.39,64.29,0.66,42.86,-0.4,42.86,-0.52,POSITIVE,53.54,MIXED,No strong driver,"Momentum, VWAP, MACD",-2.85,-0.67,84.22,86.12,88.07,LOW,19952311.0,NOT_AVAILABLE,NOT_AVAILABLE,,False,False,False,46.62,WATCH,WATCH
1440,AADHARHFC,2026-08-28,471.1,Neutral-Range,46.38,46.88,-2,40,4/10,Low,39.28,12.77,2.71,0.83,483.92,492.91,486.78,-1.8438,0.6421,0.33,7.5,486.47,-3.16,1.99,0.202,1.14,1.85,-5.44,-5.15,-0.56,50.45,472.8,464.05,465.8,481.15,459.3,47.27,49.32,1.67,-1.43,0.15,11.6,8.36,2.06,-2.15,85.25,6,6,100,44.0,-0.02,51.0,-0.13,48.0,0.07,53.0,0.47,49.0,0.54,MIXED,52.51,MIXED,Delivery + Liquidity,"Trend, Momentum, VWAP",-2.71,2.71,458.33,483.87,465.8,MODERATE,181109207.0,NOT_AVAILABLE,NOT_AVAILABLE,,False,False,False,46.61,WATCH,WATCH
1441,NILASPACES,2026-08-28,12.55,Neutral-Range,58.46,48.28,1,55,2/10,Low,50.99,0.78,6.2,94.17,12.53,12.52,13.32,0.0201,-0.0195,0.39,4.17,12.63,-0.6,4.51,0.43,0.97,-4.05,1.95,5.55,0.08,55.19,13.24,12.24,12.43,13.74,12.24,41.45,50.92,3.01,-2.03,0.44,37.76,26.05,2.61,-2.17,62.81,10,24,100,40.0,0.1,48.0,1.08,52.0,2.29,54.0,1.62,58.0,3.79,MIXED,67.74,POSITIVE,Trend + Delivery,VWAP,-6.2,6.2,11.77,13.33,12.43,VERY_HIGH,15249056.0,NOT_AVAILABLE,NOT_AVAILABLE,,False,False,False,46.46,WATCH,WATCH
1442,SAFARI,2026-08-28,1509.7,Neutral-Range,49.79,45.58,0,50,2/10,Low,46.67,37.8,2.5,2.5,1512.44,1541.42,1710.22,5.9554,0.3727,0.31,14.17,1509.23,0.03,2.38,0.338,-0.82,0.86,0.75,-3.2,-0.03,60.44,1541.0,1496.1,1522.2,1541.0,1469.3,42.11,53.68,1.78,-1.52,0.04,10.39,6.18,1.87,-2.92,91.91,7,8,100,44.0,-0.08,47.0,-0.01,51.0,-0.06,52.0,-0.35,52.0,0.2,MIXED,49.41,MIXED,Momentum + MACD,"Trend, Delivery",-2.5,2.5,1471.9,1547.5,1522.2,MODERATE,61753651.0,NOT_AVAILABLE,NOT_AVAILABLE,,False,False,False,46.46,WATCH,WATCH
1443,VMART,2026-08-28,819.65,Neutral-Range,52.3,52.44,1,55,4/10,Low,54.12,28.3,3.45,26.67,815.01,780.69,835.8,0.7585,-2.3786,1.48,89.17,823.49,-0.47,4.28,0.522,-1.96,-2.29,1.5,5.2,-0.01,53.7,854.75,834.55,836.05,868.9,801.7,45.13,50.53,1.83,-1.67,0.01,12.11,8.82,1.94,-3.11,90.64,9,8,100,50.0,-0.59,49.0,-0.51,48.0,-0.47,59.0,-0.11,63.0,1.18,MIXED,50.13,MIXED,Trend + Momentum + RSI + Liquidity,"Volume, Structure, Delivery",-3.45,3.45,791.35,847.95,836.05,HIGH,104879475.0,NOT_AVAILABLE,NOT_AVAILABLE,,False,False,False,46.45,WATCH,WATCH
1444,GUJALKALI,2026-08-28,706.85,Neutral-Range,54.64,55.08,3,65,3/10,Low,58.39,24.44,3.46,4.17,689.81,668.92,622.33,1.3513,-0.8448,0.26,22.5,704.26,0.37,1.63,0.566,-0.55,3.3,1.24,5.37,0.6,47.26,728.0,703.25,710.75,746.15,673.3,44.47,51.05,1.7,-1.44,0.09,7.5,7.24,1.95,-2.35,83.08,6,9,100,50.0,-0.04,46.0,0.24,46.0,0.06,44.0,-0.69,43.0,-1.47,MIXED,43.98,MIXED,Trend + Momentum + RSI,None material,-3.46,3.46,682.41,731.29,710.75,HIGH,94964192.0,NOT_AVAILABLE,NOT_AVAILABLE,,False,False,False,46.41,WATCH,WATCH
1445,ASAHISONG,2026-08-28,366.7,Neutral-Range,50.72,51.58,0,50,3/10,Low,58.68,18.24,4.97,34.17,356.4,326.6,284.0,-2.3307,-0.018,0.49,47.5,357.76,2.5,6.29,0.48,0.22,-0.35,1.33,-7.14,-2.87,,370.0,360.05,365.9,379.0,359.0,43.03,52.5,2.64,-1.98,0.41,29.47,15.39,2.28,-2.23,88.9,8,10,100,38.0,0.01,39.0,0.24,43.0,0.31,51.0,0.73,58.0,2.32,MIXED,52.06,MIXED,Trend + VWAP + RSI,"Momentum, MACD, Gap",-4.97,4.97,348.46,384.94,365.9,HIGH,7081727.0,NOT_AVAILABLE,NOT_AVAILABLE,,False,False,False,46.2,WATCH,WATCH
1446,RELIABLE,2026-08-28,139.75,Neutral-Range,51.11,44.76,-1,45,2/10,Low,45.89,6.65,4.76,23.33,141.25,142.09,135.33,-0.061,0.0286,0.79,59.17,140.73,-0.7,3.7,0.419,0.58,0.87,-0.08,0.01,2.56,40.27,142.13,137.0,138.94,143.0,131.0,47.32,46.85,2.76,-2.39,0.87,44.01,19.09,3.26,-3.1,75.81,12,8,100,47.0,-0.27,51.0,0.6,46.0,1.11,50.0,1.64,47.0,3.89,MIXED,59.6,POSITIVE,Gap,"Trend, VWAP",-4.76,4.76,133.1,146.4,138.94,HIGH,9133246.0,NOT_AVAILABLE,NOT_AVAILABLE,,False,False,False,46.16,WATCH,WATCH
1447,VALIANTLAB,2026-08-28,99.65,Neutral-Range,53.79,51.74,2,60,3/10,Low,73.08,4.86,4.87,44.17,87.61,77.22,73.38,2.127,-0.8204,0.51,38.33,97.85,1.84,8.68,0.784,-5.0,4.08,20.92,64.06,3.68,,109.2,103.0,104.89,110.7,90.94,42.61,53.36,2.34,-1.93,0.55,35.75,12.9,2.18,-2.2,90.94,10,9,19,42.11,0.51,57.89,1.23,47.37,1.44,42.11,-1.03,42.11,0.33,MIXED,47.96,MIXED,Trend + VWAP + Gap,Structure,-4.87,4.87,94.79,104.51,104.89,HIGH,18131333.0,NOT_AVAILABLE,NOT_AVAILABLE,,False,False,False,46.15,WATCH,WATCH
1448,GMMPFAUDLR,2026-08-28,1026.7,Neutral-Range,54.3,49.82,2,60,4/10,Low,67.83,33.56,3.27,40.0,980.53,913.27,934.98,-4.9016,-0.3816,0.12,0.83,988.15,3.9,2.73,0.779,0.15,0.43,-2.06,18.78,0.47,49.33,1040.7,1013.3,1025.15,1040.7,981.0,41.32,54.21,1.46,-1.22,0.12,9.34,6.05,1.55,-2.07,84.32,7,10,100,40.0,-0.01,43.0,0.03,49.0,0.18,51.0,-0.32,38.0,-1.05,MIXED,49.44,MIXED,Trend + VWAP + RSI + Liquidity,"Momentum, MACD",-3.27,3.27,993.14,1060.26,1025.15,HIGH,476131800.0,NOT_AVAILABLE,NOT_AVAILABLE,,False,False,False,46.1,WATCH,WATCH
1449,ASHIANA,2026-08-28,368.8,Neutral-Range,47.62,46.06,-1,45,2/10,Low,46.3,10.64,2.88,0.83,371.03,372.6,346.29,-0.2201,0.3822,0.52,52.5,371.93,-0.84,2.13,0.298,0.89,1.93,1.75,-5.59,0.21,57.44,369.45,364.5,365.55,370.0,359.0,46.71,49.08,1.87,-1.55,0.25,16.18,9.34,1.99,-2.01,86.8,8,7,100,39.0,-0.27,45.0,0.0,44.0,0.2,46.0,0.58,44.0,1.59,MIXED,49.62,MIXED,Delivery,"Trend, VWAP",-2.88,2.88,358.16,379.44,365.55,MODERATE,17232546.0,NOT_AVAILABLE,NOT_AVAILABLE,,False,False,False,46.01,WATCH,WATCH
1450,ELDEHSG,2026-08-28,799.2,Bullish,61.34,53.07,4,70,4/10,Low,51.85,40.12,5.02,41.67,793.64,793.07,817.05,1.6873,-0.8039,0.15,13.33,744.94,7.28,4.62,0.658,2.23,-4.33,5.25,3.55,3.58,66.35,818.45,777.7,781.8,848.0,777.7,45.26,50.39,2.02,-1.71,0.43,26.32,13.16,2.3,-2.1,91.57,8,7,100,43.0,0.2,48.0,0.72,47.0,0.94,48.0,1.17,48.0,1.67,MIXED,56.69,MIXED,Trend + VWAP + Gap + Delivery,None material,1.76,7.53,813.24,859.38,744.94,VERY_HIGH,7192525.0,NOT_AVAILABLE,NOT_AVAILABLE,,False,False,False,46.0,WATCH,WATCH
1451,RITES,2026-08-28,217.0,Neutral-Range,45.53,47.62,-2,40,3/10,Low,45.52,5.19,2.39,0.83,219.79,218.57,224.36,-0.8392,0.0463,0.33,25.83,225.37,-3.72,0.87,0.143,-0.09,-0.5,-1.84,1.36,0.0,43.68,218.92,216.51,217.19,222.99,216.32,44.61,50.92,1.98,-1.85,0.13,12.76,7.63,2.01,-3.06,72.81,7,7,12,33.33,0.01,50.0,-0.25,58.33,0.29,50.0,-1.0,50.0,-1.0,POSITIVE,50.08,MIXED,Liquidity,"Trend, Structure, VWAP",-2.39,2.39,211.81,222.19,217.19,MODERATE,155064580.0,NOT_AVAILABLE,NOT_AVAILABLE,,False,False,False,45.96,WATCH,WATCH
1452,PNBHOUSING,2026-08-28,1169.9,Neutral-Range,47.36,52.0,0,50,4/10,Low,60.44,30.21,2.58,3.33,1150.57,1107.99,1000.24,-0.3388,-1.3001,0.39,14.17,1143.89,2.27,2.66,0.743,-0.69,-0.03,1.69,11.09,-0.29,56.4,1195.0,1176.6,1178.0,1211.5,1154.2,48.95,46.84,1.83,-1.72,0.22,10.79,5.39,2.01,-2.32,72.38,8,7,100,45.0,0.03,45.0,0.27,46.0,0.06,44.0,-1.07,46.0,-1.3,MIXED,42.46,NEGATIVE,Trend + VWAP + RSI + Liquidity,"Momentum, Structure, MACD",-2.58,2.58,1139.69,1200.11,1178.0,MODERATE,1280103345.0,NOT_AVAILABLE,NOT_AVAILABLE,,False,False,False,45.92,WATCH,WATCH
1453,UFBL,2026-08-28,763.8,Neutral-Range,53.02,48.58,-2,40,3/10,Low,51.43,43.62,5.71,44.17,767.44,707.97,474.2,-7.8225,-0.6992,0.42,29.17,770.34,-0.85,6.03,0.502,3.18,-7.15,1.18,8.86,-0.7,,769.9,720.0,740.25,850.0,720.0,48.03,45.85,3.6,-2.41,-0.03,16.16,17.47,3.28,-3.23,83.92,6,7,70,48.57,0.74,47.14,2.2,48.57,3.89,55.71,10.88,67.14,17.1,MIXED,71.5,STRONG,Liquidity,"Momentum, VWAP, MACD",-5.71,5.71,720.18,807.42,740.25,VERY_HIGH,112801268.0,NOT_AVAILABLE,NOT_AVAILABLE,,False,False,False,45.86,WATCH,WATCH
1454,GRINFRA,2026-08-28,890.75,Neutral-Range,51.33,48.67,2,60,2/10,Low,51.26,22.9,2.57,0.83,886.86,892.05,955.92,2.6041,-0.29,0.21,8.33,878.13,1.44,1.37,0.388,0.04,2.34,2.07,0.75,0.33,61.61,909.0,882.0,890.4,915.0,867.4,45.13,50.66,1.51,-1.38,0.22,15.92,6.84,2.02,-2.22,88.15,7,9,100,47.0,0.15,46.0,-0.0,39.0,-0.29,40.0,-0.14,45.0,-0.06,NEGATIVE,40.93,NEGATIVE,VWAP + Delivery,None material,-2.57,2.57,867.85,913.65,890.4,MODERATE,45331808.0,NOT_AVAILABLE,NOT_AVAILABLE,,False,False,False,45.73,WATCH,WATCH
1455,LTFOODS,2026-08-28,439.35,Neutral-Range,54.46,53.27,3,65,4/10,Low,59.85,14.54,3.31,64.17,427.08,410.78,401.66,0.6128,-0.7161,0.15,12.5,453.35,-3.09,2.04,0.374,0.34,2.75,4.66,7.07,-0.01,30.18,451.0,436.15,437.85,490.7,426.15,48.69,47.03,2.08,-1.83,0.23,11.2,6.92,2.45,-2.34,83.49,11,9,100,42.0,0.11,47.0,0.24,43.0,0.03,40.0,-0.18,37.0,-0.27,MIXED,43.45,MIXED,Trend + Momentum + RSI + Liquidity,VWAP,-3.31,3.31,424.81,453.89,437.85,HIGH,1204379246.0,NOT_AVAILABLE,NOT_AVAILABLE,,False,False,False,45.68,WATCH,WATCH
1456,GULFPETRO,2026-08-28,67.76,Neutral-Range,56.09,53.68,1,55,3/10,Low,70.92,3.51,5.17,67.5,61.82,52.75,42.02,-0.1427,-0.1725,0.39,20.0,62.85,7.82,7.99,0.828,2.39,0.88,9.91,35.63,0.0,,68.0,65.1,66.18,71.4,65.1,42.37,52.24,2.5,-1.84,0.55,31.45,8.68,2.07,-2.29,89.47,8,12,65,32.31,-0.04,44.62,0.89,43.08,1.15,53.85,1.86,47.69,1.65,MIXED,60.97,POSITIVE,Trend + Structure + VWAP,"Momentum, MACD",-5.17,5.17,64.25,71.27,66.18,VERY_HIGH,23595514.0,NOT_AVAILABLE,NOT_AVAILABLE,,False,False,False,45.67,WATCH,WATCH
1457,ORCHPHARMA,2026-08-28,975.6,Neutral-Range,54.75,47.25,-1,45,1/10,Low,46.67,52.19,5.35,73.33,999.0,971.93,838.36,-8.1291,0.6517,0.68,46.67,1012.81,-3.67,5.93,0.248,5.04,-2.64,-6.7,-1.11,0.33,46.57,984.0,923.7,928.8,1062.0,923.7,46.32,49.21,2.45,-2.05,0.43,22.89,10.26,2.3,-2.24,88.2,9,8,8,37.5,2.44,37.5,1.38,50.0,1.37,50.0,6.35,50.0,9.18,MIXED,70.0,STRONG,No strong driver,VWAP,-5.35,5.35,923.41,1027.79,928.8,VERY_HIGH,95494813.0,NOT_AVAILABLE,NOT_AVAILABLE,,False,False,False,45.6,WATCH,WATCH
1458,EIDPARRY,2026-08-28,805.3,Bullish,55.62,54.06,4,70,4/10,Low,55.37,25.51,3.17,49.17,792.98,781.16,834.76,-0.2496,0.0489,0.63,30.0,805.44,-0.02,2.29,0.435,1.26,1.0,3.88,5.95,0.84,30.86,805.9,786.55,795.3,865.4,786.55,46.58,49.21,1.63,-1.4,0.15,9.21,6.45,1.83,-2.12,86.01,7,7,13,30.77,-0.13,46.15,0.58,30.77,0.0,53.85,-1.07,69.23,0.02,MIXED,40.34,NEGATIVE,Trend + Momentum + RSI + Liquidity,None material,1.11,4.75,814.23,843.56,786.55,HIGH,723135256.0,NOT_AVAILABLE,NOT_AVAILABLE,,False,False,False,45.49,WATCH,WATCH
1459,MASTERTR,2026-08-28,82.68,Neutral-Range,53.72,49.57,2,60,3/10,Low,52.09,3.23,3.91,2.5,81.83,81.94,92.49,0.5606,-0.0953,0.35,41.67,83.0,-0.38,1.36,0.511,-0.79,-2.72,5.49,0.66,-0.59,36.95,85.96,83.0,83.34,88.51,78.64,43.11,53.39,2.64,-2.32,0.33,25.38,11.6,2.08,-2.11,92.93,7,8,100,37.0,0.11,40.0,-0.15,43.0,-0.28,47.0,0.6,48.0,1.94,NEGATIVE,47.78,MIXED,Trend + Momentum + RSI,Structure,-3.91,3.91,79.45,85.91,83.34,HIGH,31532077.0,NOT_AVAILABLE,NOT_AVAILABLE,,False,False,False,45.43,WATCH,WATCH
1460,LIQUIDETF,2026-08-28,999.99,Neutral-Range,45.26,40.06,-2,40,4/10,Low,46.0,0.16,0.02,50.83,1000.0,1000.0,1000.0,-0.0002,-0.0004,0.27,8.33,1000.0,-0.0,0.0,0.996,-0.0,-0.0,0.0,-0.0,0.0,60.88,1000.01,999.99,1000.0,1000.01,999.99,18.42,18.42,0.0,-0.0,0.02,0.66,0.0,2.6,,100.0,1,1,100,34.0,0.0,40.0,0.0,50.0,0.0,48.0,0.0,42.0,0.0,MIXED,49.3,MIXED,Structure + Liquidity,"Trend, Momentum, MACD",-0.02,0.02,999.83,1000.15,1000.0,LOW,476461798.0,NOT_AVAILABLE,NOT_AVAILABLE,,False,False,False,45.42,WATCH,WATCH
1461,THOMASCOOK,2026-08-28,108.43,Neutral-Range,54.15,48.02,2,60,4/10,Low,53.66,4.79,4.42,40.83,107.02,105.25,114.37,0.4412,-0.2034,0.29,10.0,110.57,-1.93,3.04,0.472,-1.48,-4.19,2.41,3.99,-0.05,39.8,111.59,109.55,110.06,120.87,101.99,45.26,49.87,2.39,-2.12,0.29,20.92,8.68,1.87,-2.49,86.09,7,8,100,38.0,-0.14,38.0,-0.36,38.0,-0.17,49.0,1.06,53.0,1.37,NEGATIVE,49.01,MIXED,Trend + Momentum + RSI + Liquidity,"Structure, VWAP",-4.42,4.42,103.64,113.22,110.06,HIGH,317528251.0,NOT_AVAILABLE,NOT_AVAILABLE,,False,False,False,45.4,WATCH,WATCH
1462,ARIES,2026-08-28,484.3,Neutral-Range,56.4,56.78,2,60,2/10,Low,73.51,24.23,5.0,85.83,425.27,386.22,356.35,8.0688,-1.3303,0.39,7.5,454.09,6.65,6.58,0.818,-1.29,6.98,17.12,43.52,0.44,40.93,510.0,488.1,490.65,517.9,432.95,45.92,49.21,2.54,-2.0,0.23,16.84,12.11,2.14,-1.95,86.39,7,8,100,42.0,0.24,53.0,0.6,55.0,0.61,50.0,0.31,56.0,-0.1,POSITIVE,55.43,MIXED,Trend + VWAP,None material,-5.0,5.0,460.07,508.53,490.65,VERY_HIGH,63842054.0,NOT_AVAILABLE,NOT_AVAILABLE,,False,False,False,45.31,WATCH,WATCH
1463,MOL,2026-08-28,60.94,Neutral-Range,54.21,47.11,2,60,4/10,Low,57.91,2.76,4.53,35.83,59.32,55.66,57.16,-0.1906,-0.1181,0.38,21.67,60.59,0.58,2.67,0.673,1.08,1.13,-3.62,13.1,0.45,41.88,63.16,60.1,60.29,65.35,59.67,43.95,51.45,2.18,-1.88,0.25,12.63,6.18,2.03,-2.73,80.68,9,7,100,41.0,0.01,44.0,-0.18,42.0,0.11,45.0,0.82,46.0,0.81,MIXED,49.17,MIXED,Trend + VWAP + RSI + Liquidity,"Momentum, MACD",-4.53,4.53,58.18,63.7,60.29,HIGH,142508782.0,NOT_AVAILABLE,NOT_AVAILABLE,,False,False,False,45.19,WATCH,WATCH
1464,LATENTVIEW,2026-08-28,279.6,Neutral-Range,49.0,43.27,-2,40,4/10,Low,41.77,9.08,3.25,0.83,285.31,292.94,332.78,-0.8128,0.5284,0.9,65.0,288.63,-3.13,3.42,0.238,1.58,0.54,-1.96,-11.57,0.27,47.13,276.9,273.8,275.25,292.0,270.5,43.68,51.84,1.88,-1.63,0.17,13.16,6.18,1.66,-2.52,85.0,6,9,100,47.0,-0.04,54.0,0.48,55.0,0.72,54.0,0.99,58.0,0.99,POSITIVE,59.99,POSITIVE,Structure + Liquidity,"Trend, Momentum, VWAP",-3.25,3.25,270.52,288.68,275.25,HIGH,173356932.0,NOT_AVAILABLE,NOT_AVAILABLE,,False,False,False,45.18,WATCH,WATCH
1465,CSBBANK,2026-08-28,336.3,Neutral-Range,48.2,46.56,0,50,2/10,Low,51.93,10.08,3.0,8.33,332.41,339.72,367.1,3.6857,-0.5794,1.36,83.33,328.55,2.36,4.4,0.548,-3.58,4.15,5.16,1.94,0.06,41.38,355.55,345.8,348.8,355.55,320.1,47.24,48.42,1.68,-1.58,0.18,11.32,7.24,2.04,-2.06,86.63,9,8,100,42.0,-0.36,47.0,-0.35,43.0,-0.41,42.0,0.44,45.0,2.29,NEGATIVE,44.87,MIXED,VWAP + Liquidity,"Volume, Structure",-3.0,3.0,326.22,346.38,348.8,MODERATE,140966505.0,NOT_AVAILABLE,NOT_AVAILABLE,,False,False,False,45.15,WATCH,WATCH
1466,INDIAMART,2026-08-28,1756.9,Neutral-Range,50.82,42.8,1,55,4/10,Low,41.29,36.6,2.08,4.17,1771.21,1834.55,2041.71,5.085,0.5548,0.7,44.17,1772.25,-0.87,1.22,0.337,0.09,0.84,-1.84,-2.38,0.48,69.36,1770.9,1744.1,1755.4,1771.0,1722.3,47.11,48.55,1.22,-1.3,0.13,8.03,4.87,1.7,-2.16,83.86,10,10,12,58.33,0.35,50.0,-0.37,41.67,-0.31,50.0,0.02,33.33,-1.69,NEGATIVE,45.92,MIXED,Momentum + MACD + Delivery + Liquidity,"Trend, VWAP, RSI",-2.08,2.08,1720.3,1793.5,1755.4,MODERATE,187502362.0,NOT_AVAILABLE,NOT_AVAILABLE,,False,False,False,45.07,WATCH,WATCH
1467,JKIL,2026-08-28,500.25,Neutral-Range,47.89,47.19,0,50,1/10,Low,51.81,11.45,2.29,0.83,499.26,496.6,527.44,0.0021,-0.2794,0.37,8.33,498.91,0.27,1.96,0.598,-0.79,-1.19,0.52,3.79,0.35,54.78,506.95,495.0,504.25,509.95,495.0,45.39,50.39,1.89,-1.58,0.28,13.03,5.39,2.15,-2.03,83.22,7,6,14,28.57,-0.64,50.0,-0.65,50.0,0.04,42.86,-0.92,42.86,-1.15,MIXED,43.98,MIXED,Trend,Delivery,-2.29,2.29,488.8,511.7,504.25,MODERATE,49892011.0,NOT_AVAILABLE,NOT_AVAILABLE,,False,False,False,45.02,WATCH,WATCH
1468,GRINDWELL,2026-08-28,2057.7,Neutral-Range,50.83,47.02,0,50,1/10,Low,47.97,62.48,3.04,5.0,2073.49,2050.48,1846.74,-9.1476,2.522,0.57,44.17,2088.69,-1.48,1.94,0.325,1.66,-0.1,-5.07,-2.95,0.5,65.06,2068.5,2018.0,2024.1,2089.3,1992.0,46.45,49.34,1.57,-1.44,0.07,4.08,5.79,1.93,-1.96,87.9,8,12,10,50.0,0.32,60.0,0.82,50.0,1.04,40.0,0.43,50.0,0.01,MIXED,52.38,MIXED,Delivery,VWAP,-3.04,3.04,1995.22,2120.18,2024.1,HIGH,57647256.0,NOT_AVAILABLE,NOT_AVAILABLE,,False,False,False,44.95,WATCH,WATCH
1469,AVTNPL,2026-08-28,85.19,Neutral-Range,52.37,52.39,2,60,3/10,Low,68.54,3.35,3.94,49.17,81.27,75.98,70.22,0.3885,-0.3159,0.32,6.67,85.07,0.14,3.54,0.689,-0.53,-2.67,4.85,19.2,-0.46,61.81,89.5,83.9,85.64,89.5,83.9,43.42,51.71,1.74,-1.4,0.18,13.42,11.45,1.99,-1.6,91.07,6,7,100,43.0,-0.14,42.0,-0.12,43.0,-0.07,41.0,-0.05,42.0,1.02,NEGATIVE,43.92,MIXED,Trend + Momentum + RSI,Delivery,-3.94,3.94,81.84,88.54,85.64,HIGH,38145076.0,NOT_AVAILABLE,NOT_AVAILABLE,,False,False,False,44.91,WATCH,WATCH
1470,BAJAJCON,2026-08-28,477.45,Neutral-Range,49.71,45.22,-1,45,4/10,Low,40.92,22.17,4.64,39.17,496.91,523.88,449.26,-2.4136,2.1277,2.0,91.67,494.81,-3.51,6.75,0.282,5.96,-0.19,-4.62,-8.9,0.31,42.64,466.5,447.85,450.6,490.75,447.85,47.24,48.29,1.94,-1.64,0.22,10.39,5.53,1.8,-2.31,84.89,8,10,100,51.0,0.21,56.0,0.6,50.0,0.64,51.0,0.67,50.0,0.56,MIXED,55.59,MIXED,Volume + Structure + Liquidity,"Trend, Momentum, VWAP",-4.64,4.64,455.28,499.62,450.6,HIGH,347426590.0,NOT_AVAILABLE,NOT_AVAILABLE,,False,False,False,44.88,WATCH,WATCH
1471,GODREJIND,2026-08-28,1167.5,Neutral-Range,47.31,47.94,-2,40,4/10,Low,36.91,44.75,3.83,39.17,1223.11,1223.37,1117.93,-12.7807,2.4814,0.55,52.5,1231.4,-5.19,2.57,0.186,1.48,-5.08,-6.79,-11.39,1.14,44.55,1166.6,1125.1,1150.5,1250.0,1125.1,47.76,47.76,1.79,-1.53,0.12,9.87,7.11,1.73,-1.95,87.36,7,8,30,50.0,0.17,46.67,-0.4,66.67,-0.16,53.33,-0.3,50.0,0.9,MIXED,55.16,MIXED,Gap + Liquidity,"Trend, Momentum, VWAP",-3.83,3.83,1122.75,1212.25,1150.5,HIGH,159362845.0,NOT_AVAILABLE,NOT_AVAILABLE,,False,False,False,44.86,WATCH,WATCH
1472,AEGISVOPAK,2026-08-28,269.9,Neutral-Range,53.9,46.98,2,60,3/10,Low,47.65,11.57,4.29,9.17,273.1,265.86,240.22,-1.8232,0.5795,0.65,50.0,281.61,-4.16,3.97,0.24,2.43,-2.32,0.3,-6.98,1.33,42.32,267.2,258.3,263.5,282.8,258.3,45.79,50.16,2.37,-2.01,0.23,16.82,10.9,2.09,-1.65,86.47,8,7,100,43.0,-0.12,48.0,-0.24,50.0,-0.04,44.0,0.14,39.0,-1.59,MIXED,48.3,MIXED,Structure + Gap + Liquidity,VWAP,-4.29,4.29,258.33,281.47,263.5,HIGH,253472886.0,NOT_AVAILABLE,NOT_AVAILABLE,,False,False,False,44.84,WATCH,WATCH
1473,GOPAL,2026-08-28,276.25,Neutral-Range,47.37,41.85,-3,35,3/10,Low,49.87,8.43,3.05,33.33,277.29,276.26,292.24,0.1408,-0.5264,0.7,30.0,279.69,-1.23,3.19,0.303,-1.04,-2.14,1.51,2.13,0.0,35.31,286.15,278.0,279.15,288.0,278.0,42.38,53.49,1.86,-1.51,0.22,15.87,7.3,1.77,-2.13,85.27,9,8,10,40.0,0.19,60.0,0.59,70.0,0.83,40.0,1.24,20.0,-0.25,STRONG,61.78,POSITIVE,No strong driver,"Trend, Structure, VWAP",-3.05,3.05,267.82,284.68,279.15,HIGH,67338872.0,NOT_AVAILABLE,NOT_AVAILABLE,,False,False,False,44.71,WATCH,WATCH
1474,ALEMBICLTD,2026-08-28,100.04,Neutral-Range,54.71,49.18,3,65,4/10,Low,66.26,3.28,3.28,74.17,92.41,90.5,92.54,1.5648,-0.0153,0.99,60.0,94.37,6.01,3.66,0.794,-2.66,7.88,15.19,9.78,0.0,50.55,104.45,97.85,102.77,104.45,90.42,45.39,50.0,1.95,-1.66,0.23,12.37,6.58,1.93,-2.15,77.11,8,6,100,41.0,0.12,45.0,0.08,45.0,-0.06,42.0,-0.26,39.0,-0.41,MIXED,44.17,MIXED,Trend + Momentum + VWAP + RSI,Delivery,-3.28,3.28,96.76,103.32,102.77,HIGH,61742823.0,NOT_AVAILABLE,NOT_AVAILABLE,,False,False,False,44.71,WATCH,WATCH
1475,RBA,2026-08-28,100.97,Neutral-Range,51.56,54.45,2,60,4/10,Low,63.32,4.86,4.81,96.67,95.93,85.41,74.09,-0.4349,-0.3951,0.12,1.67,91.24,10.66,2.34,0.769,0.35,-3.14,1.91,51.52,0.66,33.24,104.48,99.9,100.62,111.15,99.9,42.63,52.24,1.77,-1.44,0.29,9.34,4.34,2.24,-1.79,86.1,6,7,22,50.0,0.03,45.45,-0.51,50.0,-0.1,50.0,-2.0,59.09,-1.29,MIXED,41.6,NEGATIVE,Trend + VWAP + RSI + Liquidity,"Momentum, MACD",-4.81,4.81,96.11,105.83,100.62,HIGH,2156844573.0,NOT_AVAILABLE,NOT_AVAILABLE,,False,False,False,44.7,WATCH,WATCH
1476,ESCORTS,2026-08-28,3015.5,Neutral-Range,43.12,46.03,-3,35,4/10,Low,45.96,62.74,2.08,10.83,3054.49,3024.34,3165.69,-15.9933,-0.8001,0.66,42.5,3097.14,-2.64,2.76,0.233,1.39,-2.3,-3.15,-2.28,0.0,38.63,3096.9,2967.7,2974.1,3112.9,2967.7,47.37,48.29,1.42,-1.36,0.15,6.32,3.95,1.9,-2.37,73.97,6,7,15,53.33,-0.04,66.67,0.32,40.0,0.11,53.33,0.38,66.67,-0.0,MIXED,49.63,MIXED,Liquidity,"Trend, Momentum, VWAP",-2.08,2.08,2952.76,3078.24,2974.1,MODERATE,309715150.0,NOT_AVAILABLE,NOT_AVAILABLE,,False,False,False,44.65,WATCH,WATCH
1477,LGEINDIA,2026-08-28,1691.4,Neutral-Range,50.5,53.22,3,65,4/10,Low,61.69,44.21,2.61,25.83,1633.88,1593.99,1570.38,6.6218,-0.8827,0.71,45.0,1683.13,0.49,2.15,0.752,-0.53,4.2,-2.21,13.48,-0.02,60.73,1716.9,1671.0,1700.4,1716.9,1620.0,45.61,48.68,1.4,-1.28,-0.03,8.33,8.77,1.95,-2.8,72.34,5,7,23,52.17,-0.03,39.13,-0.45,39.13,-0.83,34.78,-1.35,43.48,-2.23,NEGATIVE,32.15,NEGATIVE,Trend + Momentum + RSI + Liquidity,Delivery,-2.61,2.61,1647.19,1735.61,1700.4,MODERATE,1794428500.0,NOT_AVAILABLE,NOT_AVAILABLE,,False,False,False,44.65,WATCH,WATCH
1478,MANYAVAR,2026-08-28,547.8,Neutral-Range,53.33,48.2,2,60,4/10,Low,74.85,17.17,3.13,15.0,517.0,474.65,495.97,-1.7226,-0.4488,0.08,1.67,500.32,9.49,2.48,0.956,0.6,0.67,3.6,32.11,-0.1,44.27,550.65,540.15,544.55,554.0,521.65,42.89,52.63,1.6,-1.48,0.19,10.13,5.66,1.72,-1.91,89.76,11,8,100,45.0,0.07,48.0,0.1,51.0,0.15,40.0,-0.2,38.0,-1.34,MIXED,46.65,MIXED,Trend + Structure + VWAP + Liquidity,"Momentum, MACD",-3.13,3.13,530.63,564.97,544.55,HIGH,1532249501.0,NOT_AVAILABLE,NOT_AVAILABLE,,False,False,False,44.62,WATCH,WATCH
1479,HDFCMID150,2026-08-28,23.79,Neutral-Range,42.22,53.01,-1,45,3/10,Low,58.12,0.43,1.8,2.5,23.68,23.4,22.61,-0.012,-0.002,0.72,40.0,23.74,0.2,0.59,0.338,-0.08,0.46,-0.04,1.75,0.04,64.96,24.01,23.51,23.81,24.36,23.51,54.47,38.82,0.71,-1.14,0.52,36.84,9.87,2.02,-3.47,96.79,10,8,100,53.0,-0.86,57.0,-2.41,58.0,-3.12,54.0,-6.73,54.0,-8.01,MIXED,34.2,NEGATIVE,Trend + RSI,"Momentum, MACD, Delivery",-1.8,1.8,23.36,24.22,23.81,LOW,11264143.0,NOT_AVAILABLE,NOT_AVAILABLE,,False,False,False,44.62,WATCH,WATCH
1480,SPANDANA,2026-08-28,244.3,Neutral-Range,51.41,38.57,-1,45,3/10,Low,41.73,8.98,3.67,0.83,249.9,257.79,259.88,0.7272,0.2613,0.43,24.17,249.97,-2.27,2.14,0.272,0.6,1.24,-0.61,-6.43,0.0,46.07,248.0,241.15,242.85,254.3,238.3,41.84,53.55,2.23,-1.95,0.27,18.68,8.03,2.02,-2.94,86.01,6,9,11,45.45,0.22,27.27,0.41,27.27,3.44,45.45,5.36,45.45,0.55,MIXED,60.45,POSITIVE,Momentum + MACD,"Trend, VWAP, RSI",-3.67,3.67,235.32,253.28,242.85,HIGH,42523952.0,NOT_AVAILABLE,NOT_AVAILABLE,,False,False,False,44.61,WATCH,WATCH
1481,DPABHUSHAN,2026-08-28,1483.0,Neutral-Range,49.13,46.24,-1,45,4/10,Low,56.92,71.09,4.79,36.67,1445.5,1323.7,1236.91,-6.6515,-1.761,0.77,60.83,1464.31,1.28,4.83,0.642,-2.51,0.04,3.76,12.52,0.57,56.93,1533.0,1485.4,1521.2,1568.3,1444.9,45.92,49.74,2.31,-1.79,0.47,26.58,8.68,2.19,-2.18,87.36,6,9,100,46.0,-0.14,43.0,0.87,44.0,1.37,41.0,0.93,38.0,0.56,MIXED,53.95,MIXED,Trend + VWAP + RSI,"Momentum, Structure, MACD",-4.79,4.79,1411.91,1554.09,1521.2,HIGH,53552194.0,NOT_AVAILABLE,NOT_AVAILABLE,,False,False,False,44.6,WATCH,WATCH
1482,GMBREW,2026-08-28,890.4,Neutral-Range,47.58,40.1,0,50,2/10,Low,45.61,15.68,1.76,0.83,893.48,907.36,931.96,1.3579,0.2468,0.39,24.17,890.92,-0.06,1.05,0.435,-0.15,0.36,-0.49,-0.88,-0.18,66.47,899.0,890.0,891.7,899.85,873.0,44.74,51.05,1.97,-1.58,0.22,16.05,7.37,1.7,-2.23,87.83,7,10,100,47.0,-0.06,41.0,-0.25,40.0,-0.24,39.0,0.35,42.0,0.6,NEGATIVE,43.09,MIXED,Momentum + MACD,"Trend, Delivery",-1.76,1.76,874.72,906.08,891.7,LOW,18810243.0,NOT_AVAILABLE,NOT_AVAILABLE,,False,False,False,44.58,WATCH,WATCH
1483,COHANCE,2026-08-28,449.9,Neutral-Range,50.68,46.03,0,50,2/10,Low,51.3,17.45,3.88,6.67,448.89,441.41,491.44,0.1426,-0.6036,0.19,15.83,454.06,-0.92,1.65,0.492,-0.9,-2.83,2.1,5.85,-0.07,49.38,464.9,452.5,454.0,481.05,441.0,40.79,54.98,2.05,-1.91,0.07,12.08,8.16,1.89,-2.81,79.16,6,11,100,44.0,0.11,39.0,0.47,45.0,1.22,44.0,0.23,44.0,-0.84,MIXED,51.95,MIXED,Trend + Liquidity,"Structure, VWAP",-3.88,3.88,432.45,467.35,454.0,HIGH,656595035.0,NOT_AVAILABLE,NOT_AVAILABLE,,False,False,False,44.5,WATCH,WATCH
1484,KIRLPNU,2026-08-28,723.3,Neutral-Range,53.07,38.52,-3,35,4/10,Low,15.21,69.21,9.57,93.33,1057.76,1328.06,1364.12,-40.0317,10.7175,0.67,53.33,1099.9,-34.24,2.82,0.011,-1.12,-3.41,-52.56,-51.21,0.21,49.12,736.5,720.2,731.5,752.0,714.2,45.79,50.0,2.26,-1.89,0.21,19.21,8.82,1.74,-2.83,89.37,7,6,13,53.85,1.16,76.92,2.11,76.92,2.06,46.15,3.09,46.15,5.64,STRONG,78.07,STRONG,Liquidity,"Trend, Momentum, Structure",-9.57,9.57,654.09,792.51,731.5,VERY_HIGH,148966982.0,NOT_AVAILABLE,NOT_AVAILABLE,,False,False,False,44.49,WATCH,WATCH
1485,CARBORUNIV,2026-08-28,1116.8,Neutral-Range,50.83,50.81,1,55,2/10,Low,50.79,42.69,3.82,48.33,1115.67,1098.11,1006.94,-3.3564,0.227,0.34,20.83,1131.61,-1.31,3.44,0.39,1.23,-4.53,-3.02,4.98,-0.28,41.98,1119.2,1100.0,1103.2,1207.0,1100.0,45.26,50.53,1.66,-1.47,0.07,10.39,7.37,1.53,-2.05,89.08,8,7,100,44.0,-0.04,47.0,0.39,52.0,0.34,38.0,-0.48,35.0,-1.09,MIXED,45.94,MIXED,Trend + Liquidity,VWAP,-3.82,3.82,1074.11,1159.49,1103.2,HIGH,284878400.0,NOT_AVAILABLE,NOT_AVAILABLE,,False,False,False,44.48,WATCH,WATCH
1486,LINCOLN,2026-08-28,614.95,Bullish,53.26,48.67,4,70,4/10,Low,53.62,18.33,2.98,2.5,609.58,610.39,597.24,0.9529,-0.2894,0.25,13.33,615.34,-0.06,2.41,0.573,0.15,0.15,0.25,6.55,0.33,56.06,619.45,609.6,614.0,631.3,608.25,42.11,53.29,1.94,-1.43,0.21,13.82,7.37,1.76,-2.03,87.83,6,9,100,32.0,-0.26,33.0,-0.79,32.0,-0.6,35.0,-0.61,39.0,-0.29,NEGATIVE,33.61,NEGATIVE,Trend + Momentum + RSI + Delivery,None material,1.04,4.47,621.37,642.45,609.6,MODERATE,53117351.0,NOT_AVAILABLE,NOT_AVAILABLE,,False,False,False,44.48,WATCH,WATCH
1487,GANDHITUBE,2026-08-28,898.25,Neutral-Range,43.75,48.22,-2,40,4/10,Low,53.75,21.43,2.39,31.67,893.05,881.2,844.34,-0.5704,-0.1252,0.17,2.5,908.48,-1.13,0.73,0.285,-0.54,0.66,1.74,2.5,-0.9,63.2,905.0,892.6,903.1,908.0,875.6,45.92,49.61,1.79,-1.53,0.19,18.03,8.95,1.69,-2.18,85.5,8,7,100,46.0,0.26,47.0,0.26,44.0,-0.08,47.0,-0.38,40.0,-0.9,NEGATIVE,45.01,MIXED,Trend + RSI,"Momentum, VWAP, MACD",-2.39,2.39,876.82,919.68,903.1,MODERATE,12699229.0,NOT_AVAILABLE,NOT_AVAILABLE,,False,False,False,44.34,WATCH,WATCH
1488,WENDT,2026-08-28,8243.5,Neutral-Range,53.04,53.49,3,65,4/10,Low,56.48,250.41,3.04,10.83,8117.06,7913.05,7826.25,10.2236,-2.3333,0.96,73.33,8186.22,0.7,3.05,0.447,-1.58,0.75,3.93,0.44,0.84,58.52,8516.5,8126.0,8376.0,8682.5,8051.0,43.29,52.5,1.81,-1.57,0.3,21.18,7.63,1.75,-2.39,91.98,8,8,99,40.4,-0.01,44.44,-0.53,37.37,-0.76,45.45,-0.39,43.43,-1.33,NEGATIVE,39.39,NEGATIVE,Trend + Momentum + VWAP + RSI,Delivery,-3.04,3.04,7993.09,8493.91,8376.0,HIGH,60142539.0,NOT_AVAILABLE,NOT_AVAILABLE,,False,False,False,44.31,WATCH,WATCH
1489,SHALBY,2026-08-28,154.65,Neutral-Range,49.83,42.81,-1,45,4/10,Low,40.87,4.72,3.05,2.5,157.08,161.07,172.14,0.2546,0.057,0.65,39.17,157.74,-1.96,3.05,0.192,0.21,1.1,1.14,-4.12,0.71,52.05,157.79,153.5,154.33,158.4,151.5,43.03,52.63,1.92,-1.63,0.22,12.24,6.05,1.95,-1.91,82.78,7,10,100,39.0,-0.55,45.0,-0.44,57.0,0.17,48.0,0.88,50.0,0.76,POSITIVE,55.95,MIXED,Momentum + MACD + Delivery,"Trend, Structure, VWAP",-3.05,3.05,149.93,159.37,154.33,HIGH,11058807.0,NOT_AVAILABLE,NOT_AVAILABLE,,False,False,False,44.28,WATCH,WATCH
1490,RELIGARE,2026-08-28,233.05,Neutral-Range,48.8,46.3,-1,45,4/10,Low,42.83,7.78,3.34,36.67,236.5,242.85,240.74,0.4855,0.3599,2.7,98.33,234.27,-0.52,3.82,0.253,-0.49,0.63,-0.72,-7.94,-0.09,86.0,236.0,226.65,234.2,236.0,223.25,43.55,52.11,1.83,-1.51,0.09,9.61,7.76,1.98,-2.03,86.61,10,7,100,44.0,-0.0,44.0,-0.06,45.0,0.01,50.0,1.18,52.0,1.88,MIXED,53.01,MIXED,Momentum + MACD + Liquidity,"Trend, VWAP, RSI",-3.34,3.34,225.27,240.83,234.2,HIGH,304037803.0,NOT_AVAILABLE,NOT_AVAILABLE,,False,False,False,44.28,WATCH,WATCH
1491,FDC,2026-08-28,342.5,Neutral-Range,49.51,43.6,-1,45,4/10,Low,28.25,10.76,3.14,28.33,360.38,378.49,392.51,0.06,0.32,0.43,26.67,373.65,-8.34,2.52,0.04,-0.39,-1.75,-3.3,-16.42,0.35,59.7,348.5,340.25,343.85,353.05,340.25,43.42,52.11,1.55,-1.28,0.06,5.0,7.11,1.75,-1.73,86.66,6,9,100,44.0,-0.05,49.0,0.16,53.0,0.22,57.0,0.16,52.0,0.25,MIXED,55.02,MIXED,Momentum + MACD + Liquidity,"Trend, Structure, VWAP",-3.14,3.14,331.74,353.26,343.85,HIGH,113481144.0,NOT_AVAILABLE,NOT_AVAILABLE,,False,False,False,44.19,WATCH,WATCH
1492,JYOTHYLAB,2026-08-28,207.4,Neutral-Range,48.67,47.02,1,55,2/10,Low,51.85,6.22,3.0,32.5,206.96,206.0,236.73,0.1719,-0.3131,0.3,2.5,207.98,-0.28,1.89,0.645,-1.01,1.2,4.03,4.3,0.0,46.89,214.96,208.36,209.52,215.5,202.56,43.68,52.11,1.62,-1.46,0.23,10.39,5.92,1.86,-2.13,91.04,9,11,100,49.0,-0.01,48.0,0.23,42.0,-0.16,40.0,-0.82,44.0,-1.01,NEGATIVE,39.78,NEGATIVE,Trend + Liquidity,Structure,-3.0,3.0,201.18,213.62,209.52,MODERATE,221326565.0,NOT_AVAILABLE,NOT_AVAILABLE,,False,False,False,44.15,WATCH,WATCH
1493,NEOGEN,2026-08-28,2209.8,Neutral-Range,50.74,49.84,1,55,3/10,Low,54.85,102.23,4.63,18.33,2170.17,2079.86,1748.99,-3.5147,-0.3485,0.4,20.83,2219.39,-0.43,3.86,0.451,-0.91,-0.91,0.22,9.23,-0.15,46.84,2246.3,2173.0,2230.2,2283.9,2086.4,46.84,48.82,2.14,-1.91,0.21,18.68,8.55,1.8,-2.17,86.8,8,7,100,47.0,0.03,50.0,-0.06,48.0,-0.01,43.0,-0.28,42.0,-0.16,MIXED,45.69,MIXED,Trend + RSI + Liquidity,"Momentum, MACD",-4.63,4.63,2107.57,2312.03,2230.2,HIGH,500536928.0,NOT_AVAILABLE,NOT_AVAILABLE,,False,False,False,44.1,WATCH,WATCH
1494,ELECTHERM,2026-08-28,1016.1,Neutral-Range,46.78,41.73,-3,35,3/10,Low,46.68,45.45,4.47,0.83,1028.1,1019.07,926.16,3.2388,-2.0051,0.4,44.17,1017.68,-0.16,2.12,0.488,-1.63,-3.43,1.26,0.84,-0.11,78.52,1042.0,1030.0,1032.9,1075.0,1016.2,48.68,46.71,2.85,-2.3,0.38,39.87,25.0,2.49,-2.53,47.43,27,11,100,41.0,0.22,42.0,0.44,45.0,0.64,50.0,2.32,51.0,5.27,MIXED,60.09,POSITIVE,No strong driver,"Trend, Structure, Delivery",-4.47,4.47,970.65,1061.55,1032.9,HIGH,25242685.0,NOT_AVAILABLE,NOT_AVAILABLE,,False,False,False,44.08,WATCH,WATCH
1495,JSFB,2026-08-28,541.0,Neutral-Range,47.38,44.89,-2,40,3/10,Low,47.14,24.62,4.55,60.0,555.11,530.29,471.71,-5.3749,-0.9595,0.3,8.33,569.65,-5.03,2.21,0.25,-0.65,-7.1,-6.36,-5.91,0.45,48.47,558.0,538.6,544.55,606.95,536.3,42.7,53.46,2.38,-1.71,0.25,17.2,7.99,1.96,-2.42,86.4,6,6,21,42.86,0.33,57.14,1.06,61.9,1.9,38.1,-0.56,61.9,0.4,POSITIVE,55.36,MIXED,Liquidity,"Momentum, VWAP, MACD",-4.55,4.55,516.38,565.62,544.55,HIGH,580070715.0,NOT_AVAILABLE,NOT_AVAILABLE,,False,False,False,44.02,WATCH,WATCH
1496,EIHAHOTELS,2026-08-28,301.8,Neutral-Range,48.42,47.44,1,55,2/10,Low,47.82,7.96,2.64,5.83,301.61,307.58,327.46,1.301,0.1306,0.33,10.0,301.71,0.03,1.17,0.405,-0.25,2.41,0.85,-2.63,0.0,71.73,306.7,300.1,302.55,306.7,293.0,45.53,49.87,1.78,-1.63,0.27,19.74,6.05,1.77,-3.11,88.88,8,11,10,60.0,0.14,70.0,1.63,40.0,0.09,30.0,-0.2,60.0,-0.14,MIXED,39.06,NEGATIVE,Momentum + MACD,Delivery,-2.64,2.64,293.84,309.76,302.55,MODERATE,5711046.0,NOT_AVAILABLE,NOT_AVAILABLE,,False,False,False,44.02,WATCH,WATCH
1497,SHANTIGEAR,2026-08-28,517.75,Neutral-Range,56.51,52.09,2,60,4/10,Low,67.3,26.43,5.1,100.0,462.58,443.97,455.29,16.7902,-3.194,0.21,2.5,538.92,-3.93,5.86,0.665,-4.97,11.52,30.27,25.58,-0.5,31.75,558.95,533.4,544.8,585.0,395.0,44.21,51.45,1.69,-1.38,0.21,11.71,5.13,1.69,-2.0,87.35,7,9,100,41.0,0.06,43.0,-0.17,49.0,0.09,58.0,0.73,56.0,1.48,MIXED,55.73,MIXED,Trend + Momentum + RSI + Liquidity,"Structure, VWAP",-5.1,5.1,491.32,544.18,544.8,VERY_HIGH,472207575.0,NOT_AVAILABLE,NOT_AVAILABLE,,False,False,False,44.01,WATCH,WATCH
1498,SWIGGY,2026-08-28,280.5,Neutral-Range,48.35,46.77,-1,45,4/10,Low,52.03,8.89,3.17,0.83,280.2,274.23,299.76,-0.3658,-0.3,0.34,5.0,283.37,-1.01,1.62,0.305,-1.48,-0.71,1.52,-1.53,0.0,43.28,289.9,282.2,284.7,293.0,276.3,44.74,51.97,2.23,-2.05,0.15,15.57,9.87,1.98,-2.47,79.14,5,8,100,49.0,-0.02,48.0,0.35,49.0,0.54,51.0,-0.11,52.0,-1.36,MIXED,51.72,MIXED,Trend + RSI + Liquidity,"Momentum, Structure, VWAP",-3.17,3.17,271.61,289.39,284.7,HIGH,3986826410.0,NOT_AVAILABLE,NOT_AVAILABLE,,False,False,False,43.97,WATCH,WATCH
1499,SYRMA,2026-08-28,1474.3,Neutral-Range,50.91,54.01,2,60,4/10,Low,56.43,48.07,3.26,0.83,1452.04,1385.84,1092.34,-2.5109,-0.4555,0.35,6.67,1466.44,0.54,2.34,0.641,-1.29,2.43,0.62,7.87,0.37,43.82,1499.0,1467.1,1493.5,1499.0,1421.1,49.61,46.18,2.18,-1.96,0.34,15.79,7.89,2.2,-2.42,79.54,11,6,21,61.9,0.61,52.38,-0.39,42.86,-0.18,47.62,-1.55,52.38,-0.58,NEGATIVE,39.75,NEGATIVE,Trend + VWAP + RSI + Liquidity,"Momentum, MACD",-3.26,3.26,1426.23,1522.37,1493.5,HIGH,1701134416.0,NOT_AVAILABLE,NOT_AVAILABLE,,False,False,False,43.91,WATCH,WATCH
1500,VENUSREM,2026-08-28,1626.7,Bearish,48.99,44.8,-4,30,4/10,Low,46.01,88.22,5.42,40.0,1668.11,1628.23,1208.76,-9.9214,-1.4589,0.6,32.5,1648.12,-1.3,5.81,0.424,1.79,-6.41,-8.72,2.85,0.74,,1655.0,1581.6,1598.1,1764.5,1581.3,45.0,50.26,2.82,-1.93,0.37,27.89,14.61,2.35,-2.16,85.79,7,8,28,46.43,0.44,60.71,2.36,53.57,1.67,57.14,3.1,57.14,4.71,MIXED,72.83,STRONG,No strong driver,"Trend, Momentum, VWAP",-8.13,-1.9,1494.37,1595.82,1655.0,VERY_HIGH,68846349.0,NOT_AVAILABLE,NOT_AVAILABLE,,False,False,False,43.84,WATCH,WATCH
1501,SANDUMA,2026-08-28,205.45,Neutral-Range,45.88,44.65,-1,45,2/10,Low,51.9,6.02,2.93,4.17,203.99,205.62,233.08,0.6881,-0.0396,0.54,23.33,205.57,-0.06,2.02,0.473,-0.72,3.28,3.76,-3.47,0.53,51.89,213.45,206.0,206.95,213.45,196.6,46.05,49.61,2.61,-2.51,0.17,21.05,8.42,2.19,-4.93,80.17,6,10,100,43.0,-0.21,41.0,-0.57,37.0,-0.62,45.0,0.86,47.0,2.61,NEGATIVE,44.66,MIXED,Liquidity,"Structure, Delivery",-2.93,2.93,199.43,211.47,206.95,MODERATE,128504503.0,NOT_AVAILABLE,NOT_AVAILABLE,,False,False,False,43.82,WATCH,WATCH
1502,ADVENZYMES,2026-08-28,299.8,Neutral-Range,51.05,42.38,0,50,4/10,Low,40.86,9.89,3.3,0.83,305.63,317.3,321.74,0.231,0.2079,0.52,33.33,308.97,-2.97,1.92,0.168,0.74,-0.07,-1.48,-4.86,0.12,56.76,300.65,295.7,297.6,308.05,295.3,45.13,50.26,1.82,-1.59,0.19,10.79,8.03,2.18,-1.93,85.82,6,8,100,49.0,0.07,46.0,0.48,47.0,0.6,49.0,0.5,46.0,-0.27,MIXED,53.0,MIXED,Momentum + MACD + Delivery + Liquidity,"Trend, Structure, VWAP",-3.3,3.3,289.91,309.69,297.6,HIGH,115219186.0,NOT_AVAILABLE,NOT_AVAILABLE,,False,False,False,43.78,WATCH,WATCH
1503,GENESYS,2026-08-28,227.8,Neutral-Range,58.22,45.36,2,60,3/10,Low,47.81,20.1,8.82,86.67,225.47,255.8,328.6,7.4359,0.8149,0.51,41.67,236.08,-3.51,5.33,0.356,-2.86,27.01,25.75,-16.13,0.0,32.96,242.65,226.4,234.5,257.1,177.55,42.63,52.63,3.17,-2.53,0.21,14.47,8.42,2.57,-3.16,82.61,5,9,100,36.0,0.02,43.0,0.23,45.0,0.4,47.0,2.96,45.0,3.97,MIXED,60.64,POSITIVE,Momentum + MACD + Liquidity,VWAP,-8.82,8.82,207.7,247.9,234.5,VERY_HIGH,456311962.0,NOT_AVAILABLE,NOT_AVAILABLE,,False,False,False,43.73,WATCH,WATCH
1504,RGL,2026-08-28,139.39,Neutral-Range,57.15,54.29,3,65,4/10,Low,60.51,8.23,5.91,80.83,128.41,121.53,116.36,1.8268,-0.1775,1.1,80.83,141.03,-1.16,6.28,0.617,4.17,6.19,13.3,18.86,0.51,19.86,149.79,130.77,133.81,159.0,128.5,44.34,51.18,2.51,-2.01,0.14,15.53,10.39,1.86,-2.12,85.22,8,9,94,38.3,-0.23,44.68,-0.46,44.68,0.13,42.55,1.27,46.81,0.93,MIXED,51.13,MIXED,Trend + Momentum + RSI + Liquidity,VWAP,-5.91,5.91,131.16,147.62,133.81,VERY_HIGH,512726682.0,NOT_AVAILABLE,NOT_AVAILABLE,,False,False,False,43.71,WATCH,WATCH
1505,OSELDEVICE,2026-08-28,393.7,Neutral-Range,56.5,45.64,1,55,2/10,Low,45.63,21.43,5.44,47.5,400.3,424.83,428.41,3.2825,-0.3712,0.47,12.5,393.38,0.08,4.04,0.497,0.45,-1.71,-0.1,-4.68,-0.5,68.24,393.5,385.15,391.95,430.75,375.05,47.89,48.28,3.65,-2.73,0.54,29.5,19.16,3.74,-3.16,78.26,7,6,31,41.94,-0.23,41.94,-0.52,51.61,0.36,51.61,2.39,54.84,4.51,MIXED,62.13,POSITIVE,Structure + Delivery,Trend,-5.44,5.44,372.27,415.13,391.95,VERY_HIGH,14279852.0,NOT_AVAILABLE,NOT_AVAILABLE,,False,False,False,43.67,WATCH,WATCH
1506,ZFCVINDIA,2026-08-28,2568.0,Neutral-Range,46.94,39.86,-3,35,4/10,Low,28.48,105.41,4.1,50.83,2680.52,4324.52,9792.29,123.4146,-12.5798,0.61,36.67,2598.2,-1.16,1.98,0.577,-0.1,-3.53,-2.61,6.21,0.84,61.6,2601.8,2545.1,2570.5,2674.0,2545.1,42.63,53.16,1.68,-1.53,0.04,9.47,6.84,1.84,-3.34,88.29,7,8,100,51.0,0.02,57.0,0.13,56.0,0.42,55.0,1.25,58.0,2.63,POSITIVE,60.53,POSITIVE,Liquidity,"Trend, Momentum, VWAP",-4.1,4.1,2462.59,2673.41,2570.5,HIGH,299109621.0,NOT_AVAILABLE,NOT_AVAILABLE,,False,False,False,43.67,WATCH,WATCH
1507,INDIGOPNTS,2026-08-28,1151.8,Neutral-Range,47.05,50.0,-1,45,4/10,Low,56.48,38.0,3.3,12.5,1135.2,1090.06,1038.6,-0.6084,-1.2715,0.22,1.67,1147.49,0.38,2.73,0.541,-1.57,0.0,0.27,3.6,0.45,56.87,1196.0,1165.3,1170.2,1201.0,1120.8,44.87,50.53,1.43,-1.31,0.17,13.29,7.5,1.77,-1.99,86.73,8,8,84,52.38,0.08,48.81,-0.11,50.0,0.08,46.43,-0.27,46.43,-0.17,MIXED,47.99,MIXED,Trend + RSI + Liquidity,"Momentum, Structure, MACD",-3.3,3.3,1113.8,1189.8,1170.2,HIGH,221738235.0,NOT_AVAILABLE,NOT_AVAILABLE,,False,False,False,43.61,WATCH,WATCH
1508,SUZLON,2026-08-28,46.79,Neutral-Range,46.7,41.07,-1,45,4/10,Low,36.91,1.07,2.29,0.83,47.83,49.94,51.68,0.1769,0.0061,0.58,22.5,47.61,-1.73,1.17,0.176,-0.04,0.17,-0.66,-2.54,-0.26,45.38,47.39,46.37,46.81,47.4,46.25,45.26,49.47,2.22,-1.78,0.33,20.92,9.87,2.2,-2.8,79.75,8,6,100,40.0,-0.08,43.0,-0.11,45.0,-0.23,46.0,0.27,46.0,0.75,MIXED,47.01,MIXED,Momentum + MACD + Liquidity,"Trend, Structure, VWAP",-2.29,2.29,45.72,47.86,46.81,MODERATE,1982173143.0,NOT_AVAILABLE,NOT_AVAILABLE,,False,False,False,43.58,WATCH,WATCH
1509,AFFLE,2026-08-28,1620.2,Neutral-Range,45.2,45.36,-3,35,4/10,Low,46.88,53.38,3.29,25.83,1661.01,1598.44,1572.74,-12.3368,-4.8829,0.69,56.67,1671.44,-3.07,2.61,0.248,-1.82,-5.73,-2.91,2.16,0.0,46.98,1699.5,1641.1,1650.3,1748.2,1641.1,45.26,50.39,1.74,-1.42,0.17,11.45,6.97,1.74,-2.19,88.76,8,10,30,43.33,0.03,43.33,-0.27,53.33,-0.08,56.67,0.6,53.33,0.16,MIXED,55.58,MIXED,Liquidity,"Momentum, Structure, VWAP",-3.29,3.29,1566.82,1673.58,1650.3,HIGH,325518818.0,NOT_AVAILABLE,NOT_AVAILABLE,,False,False,False,43.56,WATCH,WATCH
1510,VIJAYA,2026-08-28,1452.5,Neutral-Range,46.58,51.26,-1,45,4/10,Low,53.49,46.1,3.17,5.83,1451.18,1392.36,1204.29,-4.6224,-2.7626,0.54,40.83,1451.03,0.1,2.71,0.495,-1.35,-3.45,-1.47,8.04,0.0,50.54,1489.0,1464.1,1472.4,1510.0,1448.2,45.92,49.74,2.04,-1.53,0.08,9.74,6.84,1.85,-2.5,88.15,7,12,13,30.77,0.7,38.46,0.73,53.85,0.63,38.46,-0.79,61.54,-0.01,MIXED,46.67,MIXED,Trend + RSI + Liquidity,"Momentum, Structure, MACD",-3.17,3.17,1406.4,1498.6,1472.4,HIGH,335258303.0,NOT_AVAILABLE,NOT_AVAILABLE,,False,False,False,43.52,WATCH,WATCH
1511,WANBURY,2026-08-28,257.5,Neutral-Range,54.04,47.87,0,50,3/10,Low,41.28,14.53,5.64,60.0,268.08,276.69,264.43,0.5739,0.0167,0.19,3.33,261.77,-1.63,2.75,0.388,1.12,-2.78,-1.47,-12.28,0.33,45.55,264.15,253.5,254.65,271.0,253.5,50.59,44.27,2.67,-2.46,0.51,38.21,15.55,2.31,-2.75,72.43,15,11,100,46.0,0.02,45.0,0.5,42.0,1.0,51.0,2.5,58.0,3.52,MIXED,61.55,POSITIVE,Momentum + MACD + Liquidity,"Trend, VWAP, RSI",-5.64,5.64,242.97,272.03,254.65,VERY_HIGH,120605197.0,NOT_AVAILABLE,NOT_AVAILABLE,,False,False,False,43.46,WATCH,WATCH
1512,NEXT50IETF,2026-08-28,78.25,Neutral-Range,43.27,45.61,-1,45,3/10,Low,54.43,1.14,1.46,0.83,78.15,77.07,74.03,-0.1179,-0.0183,0.43,13.33,78.44,-0.24,0.97,0.308,-0.39,0.18,-0.42,0.85,0.01,66.42,79.0,78.15,78.56,80.2,77.8,54.12,40.96,0.76,-0.85,1.13,48.91,8.39,2.47,-2.47,99.01,11,6,14,50.0,-0.1,42.86,-0.49,35.71,-0.35,35.71,-0.35,35.71,-0.68,NEGATIVE,37.2,NEGATIVE,Trend + RSI,"Momentum, MACD, Delivery",-1.46,1.46,77.11,79.39,78.56,LOW,62064984.0,NOT_AVAILABLE,NOT_AVAILABLE,,False,False,False,43.46,WATCH,WATCH
1513,BEPL,2026-08-28,123.52,Neutral-Range,48.64,49.44,0,50,3/10,Low,53.93,4.87,3.94,57.5,122.35,115.59,103.13,-0.5068,-0.1452,0.59,35.0,124.19,-0.54,3.53,0.452,1.72,-1.83,-0.15,6.46,0.47,39.93,128.8,120.9,121.43,131.5,120.9,43.95,51.45,2.03,-1.6,0.18,9.87,6.32,1.9,-2.25,79.95,9,8,94,46.81,0.2,45.74,0.36,42.55,0.58,39.36,0.03,45.74,0.34,MIXED,46.11,MIXED,Trend + RSI + Liquidity,"Momentum, VWAP, MACD",-3.94,3.94,118.65,128.39,121.43,HIGH,205219829.0,NOT_AVAILABLE,NOT_AVAILABLE,,False,False,False,43.45,WATCH,WATCH
1514,SCHAEFFLER,2026-08-28,4033.4,Neutral-Range,44.24,43.29,-2,40,3/10,Low,45.87,87.0,2.16,0.83,4058.71,4083.48,4027.99,-2.2319,1.1977,0.79,53.33,4060.58,-0.67,1.63,0.248,-0.44,0.39,-0.24,-1.12,0.0,64.91,4084.0,4001.0,4051.1,4084.0,3975.1,47.89,47.89,1.5,-1.41,0.15,10.66,6.84,1.58,-2.05,88.38,9,8,100,45.0,-0.08,49.0,-0.15,53.0,-0.05,42.0,-0.41,35.0,-0.95,MIXED,46.41,MIXED,Liquidity,"Trend, VWAP, Delivery",-2.16,2.16,3946.4,4120.4,4051.1,MODERATE,250392868.0,NOT_AVAILABLE,NOT_AVAILABLE,,False,False,False,43.36,WATCH,WATCH
1515,UTKARSHBNK,2026-08-28,14.68,Neutral-Range,50.76,47.69,3,65,4/10,Low,56.14,0.42,2.88,5.83,14.45,14.33,15.38,0.0875,-0.0125,0.73,53.33,14.51,1.17,2.88,0.597,-1.61,1.73,4.56,0.41,-0.47,45.6,15.1,14.87,14.92,15.24,13.9,42.76,51.05,1.87,-1.81,0.28,18.03,6.58,1.89,-3.07,84.01,6,8,16,37.5,0.19,31.25,0.29,37.5,-0.88,31.25,-0.66,43.75,-0.68,NEGATIVE,32.9,NEGATIVE,Trend + Momentum + VWAP + RSI,Structure,-2.88,2.88,14.26,15.1,14.92,MODERATE,74466133.0,NOT_AVAILABLE,NOT_AVAILABLE,,False,False,False,43.26,WATCH,WATCH
1516,MAGADSUGAR,2026-08-28,584.15,Neutral-Range,55.15,54.11,2,60,4/10,Low,58.99,30.28,5.18,99.17,558.21,527.46,508.54,-0.4857,-0.1784,0.73,44.17,567.48,2.94,6.79,0.63,6.02,-2.85,7.52,16.74,0.35,38.69,582.45,547.35,551.0,634.95,547.35,43.68,52.11,2.14,-1.77,0.34,17.37,6.84,2.02,-1.89,88.18,6,9,100,48.0,0.03,48.0,0.46,49.0,0.58,46.0,0.32,50.0,-0.78,MIXED,51.85,MIXED,Trend + Structure + VWAP + RSI,"Momentum, MACD",-5.18,5.18,553.87,614.43,551.0,VERY_HIGH,55515568.0,NOT_AVAILABLE,NOT_AVAILABLE,,False,False,False,43.24,WATCH,WATCH
1517,MULTICAP,2026-08-28,16.89,Neutral-Range,44.03,47.44,0,50,2/10,Low,53.71,0.27,1.58,1.67,16.87,16.69,16.27,-0.0176,-0.0011,0.24,5.83,16.92,-0.19,0.53,0.422,0.0,-0.06,-0.18,0.9,0.0,72.24,17.32,16.88,16.89,17.32,16.8,51.29,42.77,0.69,-0.81,0.7,29.7,2.38,1.81,-2.02,92.97,10,6,8,100.0,0.42,62.5,-0.01,50.0,-0.07,12.5,-0.91,50.0,-0.64,MIXED,32.95,NEGATIVE,Trend + RSI,"Momentum, MACD",-1.58,1.58,16.62,17.16,16.89,LOW,5124997.0,NOT_AVAILABLE,NOT_AVAILABLE,,False,False,False,43.18,WATCH,WATCH
1518,SANOFICONR,2026-08-28,4213.7,Neutral-Range,43.97,38.12,-3,35,4/10,Low,31.39,97.95,2.32,11.67,4337.44,4468.95,4571.79,-17.5686,7.9933,1.15,85.83,4333.04,-2.75,4.33,0.171,1.53,-0.2,-5.2,-8.62,0.74,51.61,4184.9,4132.0,4150.0,4281.0,4132.0,45.49,51.3,1.22,-1.11,0.08,10.42,9.42,1.78,-1.75,88.16,7,7,79,43.04,0.19,44.3,0.55,45.57,0.58,45.57,0.71,44.3,0.12,MIXED,52.06,MIXED,Delivery,"Trend, Momentum, VWAP",-2.32,2.32,4115.75,4311.65,4150.0,MODERATE,14485781.0,NOT_AVAILABLE,NOT_AVAILABLE,,False,False,False,43.14,WATCH,WATCH
1519,EXPLEOSOL,2026-08-28,875.75,Neutral-Range,53.13,49.3,3,65,4/10,Low,54.74,33.55,3.83,16.67,861.79,844.65,874.55,0.7262,-0.9045,0.06,2.5,915.88,-4.38,2.86,0.516,0.23,-2.56,7.33,9.08,0.0,48.68,888.95,866.6,873.7,916.9,866.0,41.84,53.95,1.75,-1.43,0.22,10.92,8.29,2.23,-1.68,83.78,7,8,100,33.0,-0.3,40.0,-0.26,38.0,-0.52,44.0,-0.49,50.0,-0.14,NEGATIVE,39.66,NEGATIVE,Trend + Momentum + RSI + Liquidity,VWAP,-3.83,3.83,842.2,909.3,873.7,HIGH,325281672.0,NOT_AVAILABLE,NOT_AVAILABLE,,False,False,False,43.14,WATCH,WATCH
1520,NORTHARC,2026-08-28,285.75,Neutral-Range,48.19,44.44,-1,45,2/10,Low,47.28,10.6,3.71,16.67,288.11,289.37,272.76,0.8854,-0.2826,4.86,98.33,286.43,-0.24,2.97,0.504,-0.19,-0.9,1.56,-0.44,0.58,53.22,292.9,280.45,286.3,298.15,280.45,43.29,53.25,2.24,-1.8,0.23,14.84,6.5,1.91,-2.61,79.41,5,9,100,42.0,0.03,41.0,0.17,45.0,0.42,45.0,0.77,45.0,1.15,MIXED,51.26,MIXED,Liquidity,"Trend, Delivery",-3.71,3.71,275.15,296.35,286.3,HIGH,293589114.0,NOT_AVAILABLE,NOT_AVAILABLE,,False,False,False,43.1,WATCH,WATCH
1521,KCPSUGIND,2026-08-28,32.12,Neutral-Range,52.67,51.26,0,50,2/10,Low,57.36,1.88,5.86,93.33,31.49,28.74,27.06,-0.2117,-0.0949,0.29,15.83,32.11,0.03,6.07,0.418,0.44,-7.73,5.35,0.53,0.0,,33.5,31.7,31.98,36.47,31.7,42.11,52.37,2.4,-1.87,0.45,30.0,14.61,2.26,-2.05,83.17,7,9,53,47.17,0.29,50.94,0.61,50.94,0.57,50.94,1.17,41.51,0.08,MIXED,57.62,POSITIVE,Trend + RSI,"Momentum, MACD",-5.86,5.86,30.24,34.0,31.98,VERY_HIGH,9901578.0,NOT_AVAILABLE,NOT_AVAILABLE,,False,False,False,43.08,WATCH,WATCH
1522,WEWORK,2026-08-28,691.6,Neutral-Range,50.88,46.0,1,55,2/10,Low,46.95,24.93,3.6,0.83,697.47,687.44,622.62,-4.3036,1.8012,0.77,60.0,716.67,-3.5,3.92,0.208,2.41,1.27,-2.39,-6.98,0.24,57.2,694.85,672.65,675.35,697.0,664.55,42.17,52.17,1.95,-1.45,-0.14,7.39,11.3,2.15,-1.86,87.67,4,7,99,40.4,0.17,49.49,0.56,43.43,0.51,37.37,0.19,45.45,0.93,MIXED,46.08,MIXED,Delivery + Liquidity,VWAP,-3.6,3.6,666.67,716.53,675.35,HIGH,189052797.0,NOT_AVAILABLE,NOT_AVAILABLE,,False,False,False,43.08,WATCH,WATCH
1523,EXIDEIND,2026-08-28,444.6,Neutral-Range,49.4,45.48,0,50,2/10,Low,45.16,13.69,3.08,25.83,455.3,438.02,391.04,-5.9325,0.362,1.73,85.0,468.32,-5.07,4.6,0.154,1.56,-3.26,-6.62,-1.16,0.07,40.17,447.3,435.15,437.75,466.5,435.15,45.13,50.26,1.63,-1.29,0.13,8.68,5.39,1.68,-2.32,83.48,7,7,100,47.0,0.05,47.0,0.13,49.0,0.11,42.0,0.25,42.0,2.21,MIXED,48.29,MIXED,Volume + Liquidity,"Structure, VWAP",-3.08,3.08,430.91,458.29,437.75,HIGH,1629101741.0,NOT_AVAILABLE,NOT_AVAILABLE,,False,False,False,43.04,WATCH,WATCH
1524,RUSTOMJEE,2026-08-28,380.3,Neutral-Range,47.67,40.67,0,50,3/10,Low,46.29,11.11,2.92,0.83,381.32,391.08,436.73,1.7957,0.2454,0.03,2.5,404.32,-5.94,1.49,0.217,-0.39,2.38,2.38,-4.89,0.52,69.39,384.0,372.8,381.8,385.45,365.65,44.08,51.45,1.58,-1.43,0.24,19.61,8.55,1.69,-2.0,93.5,9,7,100,50.0,0.15,47.0,-0.03,47.0,0.2,42.0,-0.9,36.0,-1.5,MIXED,43.35,MIXED,Momentum + MACD + Liquidity,"Trend, VWAP, Delivery",-2.92,2.92,369.19,391.41,381.8,MODERATE,194865667.0,NOT_AVAILABLE,NOT_AVAILABLE,,False,False,False,42.84,WATCH,WATCH
1525,SICALLOG,2026-08-28,104.68,Neutral-Range,57.19,45.72,2,60,3/10,Low,50.4,6.84,6.53,97.5,105.55,98.78,90.03,-1.6529,0.1866,1.32,71.67,106.73,-1.92,9.54,0.36,4.96,-5.87,-9.55,-6.98,1.75,,103.9,99.58,99.73,113.8,95.36,44.12,50.65,3.05,-2.54,0.34,36.27,30.56,3.49,-3.04,73.78,14,12,100,44.0,-0.14,45.0,0.07,43.0,0.78,52.0,1.58,48.0,0.1,MIXED,57.69,POSITIVE,Volume + Structure + Gap,VWAP,-6.53,6.53,97.84,111.52,99.73,VERY_HIGH,5332679.0,NOT_AVAILABLE,NOT_AVAILABLE,,False,False,False,42.8,WATCH,WATCH
1526,WIPRO,2026-08-28,180.95,Neutral-Range,48.71,46.34,3,65,4/10,Low,49.95,3.44,1.9,5.83,180.82,182.24,206.62,-0.585,0.2591,1.82,92.5,183.18,-1.22,2.04,0.339,2.58,0.09,-1.66,-1.47,1.05,37.63,178.7,176.4,176.4,183.92,176.4,46.58,48.82,1.23,-1.33,0.04,9.61,7.5,1.81,-3.11,63.54,10,6,100,40.0,-0.25,40.0,-0.72,35.0,-1.14,34.0,-1.89,40.0,-1.39,NEGATIVE,27.03,NEGATIVE,Volume + Structure + Gap + Liquidity,VWAP,-1.9,1.9,177.51,184.39,176.4,LOW,1474395619.0,NOT_AVAILABLE,NOT_AVAILABLE,,False,False,False,42.77,WATCH,WATCH
1527,RSYSTEMS,2026-08-28,246.75,Neutral-Range,50.22,47.01,1,55,2/10,Low,51.17,9.04,3.66,0.83,244.54,249.09,294.28,-0.0211,0.596,0.97,79.17,251.36,-1.83,4.39,0.235,3.2,3.13,2.05,-5.99,-0.36,56.97,244.05,235.5,239.1,247.3,235.5,42.76,53.03,1.96,-1.7,0.27,13.82,6.84,2.22,-2.05,86.02,6,8,100,48.0,-0.06,46.0,0.04,42.0,-0.12,45.0,-0.19,49.0,0.4,NEGATIVE,44.21,MIXED,Structure + Delivery,VWAP,-3.66,3.66,237.71,255.79,239.1,HIGH,65647794.0,NOT_AVAILABLE,NOT_AVAILABLE,,False,False,False,42.72,WATCH,WATCH
1528,CHEMPLASTS,2026-08-28,182.68,Neutral-Range,53.97,45.06,3,65,4/10,Low,46.4,7.27,3.98,1.67,183.26,193.67,247.34,0.759,0.427,2.76,94.17,183.59,-0.5,5.6,0.384,2.26,3.27,-0.77,-5.92,-0.08,43.08,181.59,175.0,178.65,182.39,174.0,43.29,51.97,1.81,-1.71,0.13,13.68,7.76,1.73,-1.98,89.72,6,9,100,47.0,-0.1,44.0,-0.39,44.0,-0.64,51.0,-0.91,40.0,-2.57,NEGATIVE,42.05,NEGATIVE,Momentum + Volume + Structure + MACD,Trend,-3.98,3.98,175.41,189.95,178.65,HIGH,66041274.0,NOT_AVAILABLE,NOT_AVAILABLE,,False,False,False,42.72,WATCH,WATCH
1529,KRYSTAL,2026-08-28,646.05,Neutral-Range,49.55,49.19,1,55,3/10,Low,58.45,20.58,3.19,52.5,630.03,614.32,596.99,1.6072,-0.5175,0.09,6.67,655.03,-1.37,2.01,0.49,-0.35,-1.81,4.2,7.67,0.56,52.22,665.85,645.0,648.35,694.0,620.0,42.08,53.44,2.18,-1.67,0.41,26.4,9.44,1.99,-2.24,88.72,7,9,100,40.0,-0.23,40.0,-0.19,42.0,-0.2,37.0,0.11,38.0,0.03,NEGATIVE,42.29,NEGATIVE,Trend + Momentum + RSI,"VWAP, Delivery",-3.19,3.19,625.47,666.63,648.35,HIGH,46015405.0,NOT_AVAILABLE,NOT_AVAILABLE,,False,False,False,42.69,WATCH,WATCH
1530,AUTOIND,2026-08-28,89.04,Neutral-Range,53.23,47.9,0,50,1/10,Low,47.28,4.67,5.24,25.0,90.86,88.64,80.56,-0.7726,0.0565,0.46,37.5,92.62,-3.87,3.07,0.242,0.02,-4.2,-9.39,1.38,-0.49,70.77,91.6,88.0,89.02,95.7,87.41,42.63,52.63,2.67,-2.06,0.43,26.71,10.26,2.13,-2.15,84.54,8,7,13,30.77,-0.83,53.85,0.45,46.15,1.29,46.15,1.69,61.54,1.61,MIXED,59.23,POSITIVE,Delivery,VWAP,-5.24,5.24,84.37,93.71,89.02,VERY_HIGH,14271409.0,NOT_AVAILABLE,NOT_AVAILABLE,,False,False,False,42.65,WATCH,WATCH
1531,MVGJL,2026-08-28,154.84,Neutral-Range,48.58,36.15,-2,40,2/10,Low,47.6,6.39,4.13,18.33,155.81,157.28,167.64,-0.3672,0.3318,0.64,31.67,157.43,-1.65,2.73,0.305,0.7,3.5,-1.46,-7.91,-0.5,48.95,159.33,153.01,153.77,159.33,146.84,42.7,52.88,2.42,-1.95,0.35,26.24,10.04,1.8,-2.3,85.61,8,10,10,50.0,0.29,20.0,-0.54,30.0,0.66,50.0,3.29,50.0,1.36,MIXED,58.8,POSITIVE,No strong driver,"Trend, VWAP",-4.13,4.13,148.45,161.23,153.77,HIGH,10018081.0,NOT_AVAILABLE,NOT_AVAILABLE,,False,False,False,42.62,WATCH,WATCH
1532,BBOX,2026-08-28,745.9,Neutral-Range,45.64,40.71,-3,35,4/10,Low,41.96,33.63,4.51,21.67,768.51,804.42,714.28,2.5353,-0.35,0.33,4.17,782.63,-4.69,2.02,0.202,0.93,-3.84,-6.28,-1.27,0.28,40.59,759.95,735.0,739.0,805.9,735.0,45.79,49.47,2.65,-2.02,0.5,30.66,10.92,2.16,-2.29,86.34,9,8,100,52.0,0.1,48.0,0.61,53.0,1.3,49.0,0.23,40.0,-2.28,MIXED,56.82,MIXED,Liquidity,"Trend, Momentum, VWAP",-4.51,4.51,712.27,779.53,739.0,HIGH,332641129.0,NOT_AVAILABLE,NOT_AVAILABLE,,False,False,False,42.61,WATCH,WATCH
1533,ADANIGREEN,2026-08-28,1311.0,Neutral-Range,46.12,45.14,0,50,3/10,Low,40.5,35.49,2.71,0.83,1342.54,1379.87,1246.1,3.821,0.2251,0.53,20.0,1343.06,-2.39,1.34,0.205,-1.32,-0.68,-2.74,-5.21,-0.65,34.99,1328.5,1302.1,1328.5,1346.8,1294.8,45.26,50.53,2.17,-1.78,0.35,15.0,6.32,2.44,-2.59,77.64,8,8,100,37.0,-0.25,39.0,-0.6,41.0,-0.43,39.0,-0.59,46.0,-1.06,NEGATIVE,38.92,NEGATIVE,Momentum + MACD + Liquidity,"Trend, VWAP, RSI",-2.71,2.71,1275.51,1346.49,1328.5,MODERATE,1973276217.0,NOT_AVAILABLE,NOT_AVAILABLE,,False,False,False,42.61,WATCH,WATCH
1534,DCMSHRIRAM,2026-08-28,1022.3,Neutral-Range,47.45,39.67,-2,40,3/10,Low,45.15,32.05,3.14,24.17,1037.89,1041.61,1097.2,0.0875,-2.2194,0.62,45.0,1040.3,-1.73,2.23,0.354,-0.59,-5.53,-0.23,-1.12,-0.27,50.38,1079.0,1021.0,1028.4,1119.5,1021.0,44.87,50.79,1.66,-1.43,0.07,7.5,9.47,1.99,-2.11,89.18,13,8,100,38.0,-0.23,47.0,0.12,48.0,0.51,55.0,0.62,42.0,0.03,MIXED,55.57,MIXED,Liquidity,"Trend, VWAP, Delivery",-3.14,3.14,990.25,1054.35,1028.4,HIGH,118614342.0,NOT_AVAILABLE,NOT_AVAILABLE,,False,False,False,42.53,WATCH,WATCH
1535,PRICOLLTD,2026-08-28,770.65,Neutral-Range,47.75,49.37,0,50,3/10,Low,59.48,24.62,3.19,27.5,761.69,702.63,612.43,-6.9539,-1.4662,0.44,20.0,768.84,0.24,1.76,0.539,-0.78,-3.33,-2.7,10.62,-0.99,55.05,796.75,764.15,776.7,809.75,764.15,48.16,47.24,1.76,-1.5,0.28,13.29,6.45,2.19,-2.23,80.82,11,7,10,20.0,-1.16,30.0,-0.74,30.0,-0.99,50.0,1.13,50.0,-0.75,NEGATIVE,43.56,MIXED,Trend + RSI + Liquidity,"Momentum, MACD, Delivery",-3.19,3.19,746.03,795.27,776.7,HIGH,428421056.0,NOT_AVAILABLE,NOT_AVAILABLE,,False,False,False,42.53,WATCH,WATCH
1536,BAJAJHFL,2026-08-28,85.0,Neutral-Range,48.06,36.95,1,55,3/10,Low,48.18,1.2,1.42,0.83,85.06,85.62,90.86,0.0554,0.0395,0.66,38.33,85.35,-0.41,1.21,0.281,-0.34,0.18,0.79,-1.19,0.49,64.44,85.4,83.9,85.29,85.99,83.78,39.96,56.43,1.33,-1.15,0.11,9.04,6.43,1.94,-2.22,69.13,6,8,10,30.0,-0.23,20.0,0.06,10.0,0.02,40.0,1.36,40.0,0.83,MIXED,38.02,NEGATIVE,Momentum + MACD + Liquidity,"Trend, Delivery",-1.42,1.42,83.8,86.2,85.29,LOW,218923854.0,NOT_AVAILABLE,NOT_AVAILABLE,,False,False,False,42.51,WATCH,WATCH
1537,THEJO,2026-08-28,2060.6,Neutral-Range,47.28,39.67,-2,40,2/10,Low,51.67,85.6,4.15,60.0,2062.99,1976.41,1834.51,-15.689,0.508,2.64,91.67,2114.69,-2.56,2.99,0.225,-1.58,0.14,-2.1,-2.28,0.49,95.27,2100.1,2039.0,2093.6,2118.0,1995.0,45.0,50.79,2.16,-1.79,0.31,22.5,10.26,2.13,-2.23,94.57,8,8,100,44.0,0.16,43.0,0.95,45.0,1.08,41.0,1.42,37.0,1.54,MIXED,55.1,MIXED,No strong driver,"VWAP, Delivery",-4.15,4.15,1975.0,2146.2,2093.6,HIGH,24419695.0,NOT_AVAILABLE,NOT_AVAILABLE,,False,False,False,42.36,WATCH,WATCH
1538,PRABHA,2026-08-28,207.77,Bullish,58.45,50.5,4,70,4/10,Low,74.67,10.72,5.16,60.0,186.06,169.9,172.22,3.1258,-0.9305,0.08,1.67,197.58,5.16,3.78,0.778,0.44,-4.54,33.25,40.47,0.8,76.91,213.8,205.0,206.86,225.0,201.63,43.63,52.85,2.44,-1.94,0.47,36.59,15.99,2.42,-2.63,92.0,7,8,100,46.0,-0.03,45.0,-0.21,41.0,-0.19,47.0,0.85,45.0,0.96,NEGATIVE,48.44,MIXED,Trend + VWAP + Delivery + Liquidity,None material,1.81,7.74,211.52,223.86,197.58,VERY_HIGH,137760342.0,NOT_AVAILABLE,NOT_AVAILABLE,,False,False,False,42.3,WATCH,WATCH
1539,MINDTECK,2026-08-28,176.4,Neutral-Range,50.87,43.42,1,55,4/10,Low,40.06,5.98,3.39,1.67,179.45,189.37,203.18,0.1741,0.6035,1.02,72.5,182.43,-3.3,4.29,0.316,2.32,3.0,-0.82,-9.01,0.0,70.05,173.74,171.01,172.4,175.1,166.21,41.71,54.08,3.31,-2.35,0.44,27.5,12.89,2.41,-2.48,81.88,6,11,99,43.43,-0.41,45.45,-0.85,46.46,-0.76,51.52,-0.05,46.46,-0.1,MIXED,46.05,MIXED,Momentum + Structure + MACD + Delivery,"Trend, VWAP, RSI",-3.39,3.39,170.42,182.38,172.4,HIGH,7418572.0,NOT_AVAILABLE,NOT_AVAILABLE,,False,False,False,42.3,WATCH,WATCH
1540,ACCELYA,2026-08-28,1134.1,Neutral-Range,41.24,42.94,-2,40,2/10,Low,48.09,19.6,1.73,2.5,1136.75,1135.79,1197.48,-1.1478,0.1148,1.52,92.5,1138.16,-0.36,2.13,0.356,-0.07,-0.4,-0.49,-0.74,0.01,57.25,1145.1,1128.1,1134.9,1150.0,1128.1,45.0,50.53,1.37,-1.26,0.22,14.47,6.58,1.71,-2.17,83.75,7,6,100,44.0,-0.21,52.0,-0.43,46.0,-0.83,44.0,-1.34,47.0,-0.66,MIXED,37.82,NEGATIVE,No strong driver,"Trend, Delivery",-1.73,1.73,1114.5,1153.7,1134.9,LOW,5404774.0,NOT_AVAILABLE,NOT_AVAILABLE,,False,False,False,42.21,WATCH,WATCH
1541,BALKRISIND,2026-08-28,2340.1,Neutral-Range,45.23,45.99,-2,40,3/10,Low,50.19,70.72,3.02,8.33,2354.25,2296.61,2297.96,-17.9069,0.2788,3.08,95.0,2414.47,-3.08,1.46,0.118,-0.51,-0.46,-0.99,-5.39,0.25,77.21,2393.0,2330.1,2352.1,2394.6,2311.0,44.61,51.18,1.45,-1.25,0.12,5.79,5.79,2.16,-2.06,77.63,7,8,100,42.0,-0.03,55.0,-0.27,47.0,-0.64,57.0,0.1,58.0,0.45,MIXED,49.24,MIXED,Liquidity,"Structure, VWAP, Delivery",-3.02,3.02,2269.38,2410.82,2352.1,HIGH,591108535.0,NOT_AVAILABLE,NOT_AVAILABLE,,False,False,False,42.18,WATCH,WATCH
1542,DCMSRIND,2026-08-28,46.98,Neutral-Range,53.58,45.13,0,50,3/10,Low,54.1,2.95,6.28,75.83,46.4,43.68,63.41,-0.0536,-0.2245,0.36,10.83,48.01,-2.15,5.9,0.467,0.45,-8.31,11.22,19.66,0.73,68.62,49.39,46.11,46.77,55.75,46.11,45.66,49.87,2.11,-2.02,0.29,21.45,9.08,2.11,-3.25,86.77,8,8,100,47.0,-0.13,50.0,-0.12,48.0,0.47,57.0,1.65,57.0,1.8,MIXED,60.23,POSITIVE,Trend + RSI + Delivery,"Momentum, VWAP, MACD",-6.28,6.28,44.03,49.93,46.77,VERY_HIGH,17071466.0,NOT_AVAILABLE,NOT_AVAILABLE,,False,False,False,42.17,WATCH,WATCH
1543,GANESHBE,2026-08-28,119.93,Neutral-Range,54.63,51.97,2,60,4/10,Low,53.98,6.06,5.05,53.33,118.22,112.58,100.3,0.0413,-0.238,1.41,83.33,118.96,0.82,6.4,0.628,-4.13,-3.25,1.94,6.77,0.49,,125.99,120.2,125.09,125.99,118.6,43.55,51.84,2.25,-1.9,0.2,17.24,10.53,1.77,-1.98,85.68,6,9,62,48.39,0.23,45.16,-0.08,41.94,0.18,41.94,1.32,46.77,0.67,MIXED,50.36,MIXED,Trend + Momentum + VWAP + RSI,"Volume, Structure",-5.05,5.05,113.87,125.99,125.09,VERY_HIGH,16678217.0,NOT_AVAILABLE,NOT_AVAILABLE,,False,False,False,42.07,WATCH,WATCH
1544,VEEDOL,2026-08-28,1496.1,Neutral-Range,46.56,41.86,0,50,2/10,Low,54.53,34.72,2.32,18.33,1485.64,1464.27,1486.84,-2.9489,-0.1594,0.24,0.83,1502.78,-0.44,1.23,0.575,0.31,-0.43,-1.11,6.9,0.56,49.14,1519.9,1488.0,1491.5,1525.0,1464.1,42.41,54.05,1.43,-1.23,0.18,11.23,6.24,1.93,-1.88,86.47,8,8,8,50.0,0.01,50.0,1.06,50.0,0.37,25.0,-0.64,25.0,-1.46,MIXED,40.17,NEGATIVE,Trend + RSI,"Momentum, MACD",-2.32,2.32,1461.38,1530.82,1491.5,MODERATE,27938870.0,NOT_AVAILABLE,NOT_AVAILABLE,,False,False,False,42.07,WATCH,WATCH
1545,RIIL,2026-08-28,761.45,Neutral-Range,43.96,45.29,-1,45,1/10,Low,51.48,19.34,2.54,11.67,756.71,763.72,785.5,3.376,-0.4042,0.24,3.33,774.43,-1.68,1.36,0.382,0.34,-3.14,2.4,2.54,0.0,27.64,769.9,755.1,758.9,814.0,738.5,45.13,50.66,1.8,-1.6,0.18,7.76,6.58,2.15,-1.95,71.34,7,11,20,60.0,0.6,85.0,0.94,50.0,-1.11,45.0,-1.16,45.0,-1.2,MIXED,39.17,NEGATIVE,No strong driver,VWAP,-2.54,2.54,742.11,780.79,758.9,MODERATE,75060312.0,NOT_AVAILABLE,NOT_AVAILABLE,,False,False,False,42.07,WATCH,WATCH
1546,MOTHERSON,2026-08-28,165.6,Neutral-Range,45.25,51.53,1,55,4/10,Low,59.67,3.78,2.28,0.83,163.84,155.43,137.03,-0.9843,-0.1543,0.42,10.0,164.6,0.61,1.49,0.692,-0.24,-2.23,-1.6,9.85,0.47,50.89,167.94,164.77,166.0,170.41,164.77,48.95,46.32,1.72,-1.6,0.18,13.03,7.5,2.04,-2.83,77.92,8,9,9,66.67,-2.42,66.67,-2.07,66.67,-1.54,33.33,-3.59,33.33,-3.46,MIXED,30.0,NEGATIVE,Trend + VWAP + RSI + Liquidity,"Momentum, MACD, Delivery",-2.28,2.28,161.82,169.38,166.0,MODERATE,3335471336.0,NOT_AVAILABLE,NOT_AVAILABLE,,False,False,False,42.03,WATCH,WATCH
1547,JLHL,2026-08-28,301.4,Neutral-Range,50.29,39.7,-3,35,3/10,Low,14.75,30.18,10.01,79.17,398.64,702.96,1126.45,37.9534,-0.2803,0.56,43.33,313.96,-4.0,5.84,0.201,-1.97,-2.7,-4.54,-9.08,0.5,43.64,310.0,295.55,307.45,318.3,295.15,50.53,45.25,1.28,-1.54,0.13,17.55,8.58,1.68,-3.37,92.3,8,7,100,53.0,0.25,56.0,0.45,63.0,0.75,66.0,1.74,58.0,2.76,POSITIVE,70.11,STRONG,No strong driver,"Trend, Momentum, VWAP",-10.01,10.01,271.22,331.58,307.45,VERY_HIGH,62629425.0,NOT_AVAILABLE,NOT_AVAILABLE,,False,False,False,42.02,WATCH,WATCH
1548,GREENLAM,2026-08-28,246.35,Bearish,43.12,41.91,-4,30,4/10,Low,44.78,8.69,3.53,10.0,251.22,250.49,251.06,-1.0992,0.034,0.33,35.0,252.71,-2.52,2.59,0.217,1.27,-2.63,-1.97,-2.2,0.55,42.37,248.9,242.0,243.25,256.65,242.0,44.21,51.05,2.1,-1.86,0.15,17.5,9.61,1.76,-2.69,92.99,6,8,18,55.56,0.49,61.11,1.11,55.56,0.5,55.56,0.04,38.89,-0.64,POSITIVE,56.05,MIXED,No strong driver,"Trend, Momentum, VWAP",-5.29,-1.23,233.31,243.31,252.71,HIGH,63531962.0,NOT_AVAILABLE,NOT_AVAILABLE,,False,False,False,42.02,WATCH,WATCH
1549,AYMSYNTEX,2026-08-28,254.4,Neutral-Range,53.84,49.04,1,55,2/10,Low,51.68,13.04,5.13,7.5,254.48,245.5,217.6,-1.8803,0.0832,1.37,80.0,258.05,-1.41,5.99,0.399,1.66,-1.47,-4.63,1.03,-0.1,52.93,257.45,249.1,250.25,268.0,245.85,45.92,49.61,2.65,-2.01,0.52,35.79,15.66,2.39,-2.41,85.96,17,8,11,36.36,-0.39,72.73,2.16,63.64,1.14,45.45,-0.8,45.45,2.33,POSITIVE,54.54,MIXED,Volume + Delivery,VWAP,-5.13,5.13,241.36,267.44,250.25,VERY_HIGH,12446156.0,NOT_AVAILABLE,NOT_AVAILABLE,,False,False,False,42.0,WATCH,WATCH
1550,BLACKBUCK,2026-08-28,588.15,Neutral-Range,47.15,49.48,0,50,3/10,Low,52.26,20.27,3.45,7.5,587.46,572.86,567.88,-0.3101,-1.4733,0.31,7.5,602.33,-2.35,1.36,0.467,-0.01,-7.28,2.98,8.41,0.3,45.32,602.75,585.8,588.2,641.9,585.8,49.11,47.56,2.39,-1.99,0.09,15.33,13.78,2.31,-2.33,80.97,9,7,61,42.62,-0.55,36.07,-1.14,39.34,-1.38,45.9,0.64,47.54,0.32,NEGATIVE,41.87,NEGATIVE,Trend + RSI + Liquidity,"Momentum, VWAP, MACD",-3.45,3.45,567.88,608.42,588.2,HIGH,317818440.0,NOT_AVAILABLE,NOT_AVAILABLE,,False,False,False,41.96,WATCH,WATCH
1551,UNIHEALTH,2026-08-28,717.95,Neutral-Range,55.84,52.79,3,65,4/10,Low,55.8,36.34,5.06,75.83,713.73,598.68,333.95,-16.3524,1.3783,0.37,35.83,733.5,-2.12,3.1,0.389,1.53,-4.41,6.18,-4.27,0.12,76.92,718.0,695.0,707.15,769.5,691.15,43.34,49.56,3.21,-1.92,0.44,29.48,22.02,3.62,-2.84,72.24,7,9,100,36.0,-0.28,44.0,-0.02,44.0,-0.01,43.0,0.5,40.0,0.12,NEGATIVE,47.41,MIXED,Trend + Momentum + RSI + Delivery,VWAP,-5.06,5.06,681.61,754.29,707.15,VERY_HIGH,12854671.0,NOT_AVAILABLE,NOT_AVAILABLE,,False,False,False,41.94,WATCH,WATCH
1552,TITAGARH,2026-08-28,835.35,Neutral-Range,44.81,41.99,-1,45,2/10,Low,48.48,23.81,2.85,5.83,837.96,838.43,820.82,-0.2938,0.2679,0.57,39.17,843.55,-0.97,2.0,0.396,0.51,-0.97,0.48,1.23,-0.02,45.42,845.0,827.0,831.15,865.0,823.0,45.26,50.13,2.27,-1.94,0.31,15.26,6.05,2.11,-2.92,74.94,7,10,8,37.5,-0.83,62.5,1.04,50.0,0.18,50.0,-2.28,12.5,-3.82,MIXED,41.6,NEGATIVE,Liquidity,"Trend, VWAP",-2.85,2.85,811.54,859.16,831.15,MODERATE,335566567.0,NOT_AVAILABLE,NOT_AVAILABLE,,False,False,False,41.94,WATCH,WATCH
1553,RATNAVEER,2026-08-28,294.95,Bullish,56.86,54.49,4,70,4/10,Low,82.4,15.15,5.14,25.83,246.58,215.29,177.55,5.15,-0.099,0.66,51.67,235.04,25.49,4.83,0.915,0.02,10.45,28.15,62.61,0.85,20.64,296.9,280.66,294.89,296.9,250.61,45.26,50.39,2.63,-2.03,0.46,24.74,9.21,2.08,-2.23,73.53,11,9,95,42.11,0.38,43.16,0.01,46.32,-0.2,40.0,-0.13,44.21,0.28,MIXED,43.89,MIXED,Trend + Structure + VWAP + Liquidity,None material,1.8,7.7,300.25,317.68,235.04,VERY_HIGH,2534542974.0,NOT_AVAILABLE,NOT_AVAILABLE,,False,False,False,41.88,WATCH,WATCH
1554,ANLON,2026-08-28,639.9,Neutral-Range,47.85,46.82,0,50,3/10,Low,62.01,21.58,3.37,9.17,616.44,531.64,427.23,-9.8658,-1.5262,0.14,12.5,592.24,8.05,0.31,0.688,-0.03,-4.49,-0.02,18.69,-0.33,100.0,647.0,637.1,640.1,677.95,637.1,44.91,47.19,3.19,-2.53,0.28,32.81,24.74,3.23,-3.13,65.49,5,6,66,30.3,-0.52,34.85,-0.54,33.33,-0.57,39.39,1.42,37.88,2.21,NEGATIVE,43.85,MIXED,Trend + VWAP + RSI,"Momentum, MACD, Delivery",-3.37,3.37,618.32,661.48,640.1,HIGH,10399817.0,NOT_AVAILABLE,NOT_AVAILABLE,,False,False,False,41.86,WATCH,WATCH
1555,TATAELXSI,2026-08-28,3685.0,Neutral-Range,48.06,41.35,1,55,3/10,Low,48.74,86.14,2.34,1.67,3688.14,3764.45,4380.7,-4.0896,2.5469,1.58,87.5,3723.73,-1.04,1.73,0.297,1.43,-0.62,-2.32,0.33,0.32,38.98,3664.6,3622.6,3633.2,3769.9,3612.2,42.89,52.89,1.37,-1.25,0.15,6.84,4.61,1.7,-2.48,78.67,8,9,100,41.0,-0.03,39.0,-0.44,37.0,-0.71,41.0,-0.36,45.0,-0.12,NEGATIVE,38.02,NEGATIVE,Volume + Structure + Liquidity,"Trend, VWAP",-2.34,2.34,3598.86,3771.14,3633.2,MODERATE,715752416.0,NOT_AVAILABLE,NOT_AVAILABLE,,False,False,False,41.83,WATCH,WATCH
1556,SYNGENE,2026-08-28,403.4,Neutral-Range,44.29,37.95,-2,40,3/10,Low,47.23,11.64,2.88,12.5,405.87,414.42,476.49,1.6796,-0.4526,0.36,28.33,403.41,-0.0,3.67,0.546,-2.51,-0.95,0.49,4.53,0.29,57.75,418.5,407.6,413.8,419.5,395.7,45.39,50.13,1.3,-1.34,0.05,5.26,5.92,1.85,-2.43,86.1,7,9,11,36.36,-0.58,54.55,-0.92,45.45,0.2,45.45,-0.27,36.36,-1.43,MIXED,46.54,MIXED,Liquidity,"Trend, Structure, Delivery",-2.88,2.88,391.76,415.04,413.8,MODERATE,327794825.0,NOT_AVAILABLE,NOT_AVAILABLE,,False,False,False,41.81,WATCH,WATCH
1557,EIEL,2026-08-28,199.23,Neutral-Range,46.97,44.18,-1,45,4/10,Low,41.65,6.7,3.36,0.83,203.97,208.32,204.85,0.0468,0.2743,0.36,35.0,206.14,-3.35,1.99,0.173,-0.9,2.31,1.27,-9.47,0.38,44.39,204.3,198.81,201.04,204.3,193.02,41.35,54.83,2.96,-2.15,0.27,16.85,9.44,2.34,-2.61,72.25,4,10,100,42.0,0.09,48.0,0.44,48.0,0.16,46.0,-0.19,43.0,-0.64,MIXED,47.78,MIXED,Momentum + MACD + Liquidity,"Trend, Structure, VWAP",-3.36,3.36,192.53,205.93,201.04,HIGH,169507673.0,NOT_AVAILABLE,NOT_AVAILABLE,,False,False,False,41.79,WATCH,WATCH
1558,GREENPLY,2026-08-28,286.25,Neutral-Range,44.6,41.33,-3,35,3/10,Low,45.91,9.39,3.28,5.83,289.5,289.61,273.61,1.0499,-0.3504,0.53,45.83,288.59,-0.81,3.54,0.457,-1.72,-2.47,1.89,0.53,0.6,47.62,294.0,287.0,291.25,297.5,284.8,45.26,50.13,2.16,-1.74,0.21,15.92,6.71,1.73,-2.19,81.85,8,7,100,43.0,0.19,41.0,0.15,41.0,0.31,44.0,1.97,50.0,3.1,MIXED,53.87,MIXED,No strong driver,"Trend, Structure, VWAP",-3.28,3.28,276.86,295.64,291.25,HIGH,37489740.0,NOT_AVAILABLE,NOT_AVAILABLE,,False,False,False,41.75,WATCH,WATCH
1559,FABTECH,2026-08-28,147.56,Neutral-Range,52.03,42.83,2,60,3/10,Low,45.34,4.66,3.16,1.67,147.92,150.52,162.4,0.3399,0.0514,0.65,67.5,147.52,0.03,2.03,0.392,0.4,0.5,-0.14,-1.27,-0.5,50.66,152.5,146.21,146.97,152.5,144.35,41.2,53.22,2.28,-1.85,0.32,21.03,10.73,2.18,-2.26,83.83,4,9,23,56.52,0.12,47.83,-0.24,43.48,0.1,39.13,-0.34,47.83,0.06,MIXED,42.95,NEGATIVE,Momentum + MACD + Delivery,Trend,-3.16,3.16,142.9,152.22,146.97,HIGH,11703279.0,NOT_AVAILABLE,NOT_AVAILABLE,,False,False,False,41.7,WATCH,WATCH
1560,TBOTEK,2026-08-28,1682.7,Neutral-Range,48.19,50.48,1,55,4/10,Low,58.98,55.83,3.32,5.83,1650.16,1554.71,1431.95,-3.1209,-2.8208,0.2,3.33,1651.22,1.91,3.44,0.721,-0.82,-0.81,3.02,9.89,-0.98,38.41,1725.9,1690.0,1696.6,1737.9,1671.4,46.76,50.0,2.05,-1.79,0.22,19.11,10.07,1.92,-1.93,89.91,6,11,100,41.0,-0.31,40.0,-0.82,36.0,-0.87,43.0,-0.19,52.0,-0.03,NEGATIVE,38.41,NEGATIVE,Trend + VWAP + RSI + Liquidity,"Momentum, Structure, MACD",-3.32,3.32,1626.87,1738.53,1696.6,HIGH,439062417.0,NOT_AVAILABLE,NOT_AVAILABLE,,False,False,False,41.7,WATCH,WATCH
1561,AJMERA,2026-08-28,117.41,Neutral-Range,48.4,38.41,-1,45,4/10,Low,41.08,4.21,3.59,1.67,119.89,124.28,286.24,0.1004,0.0628,1.39,83.33,120.75,-2.77,3.69,0.168,0.37,-0.47,-0.69,-7.07,0.32,47.73,119.74,115.73,116.98,121.34,115.73,46.05,49.61,2.43,-2.26,0.11,14.21,8.55,2.0,-3.3,87.92,8,7,79,44.3,0.28,48.1,0.52,46.84,0.78,39.24,0.9,40.51,1.42,MIXED,51.85,MIXED,Momentum + Volume + MACD,"Trend, Structure, VWAP",-3.59,3.59,113.2,121.62,116.98,HIGH,43253332.0,NOT_AVAILABLE,NOT_AVAILABLE,,False,False,False,41.51,WATCH,WATCH
1562,SANSERA,2026-08-28,3859.0,Neutral-Range,49.58,50.39,2,60,4/10,Low,60.98,130.79,3.39,4.17,3760.42,3481.69,2662.56,-26.484,-0.8986,0.26,0.83,3806.42,1.38,2.16,0.734,0.42,-0.46,-1.67,15.3,0.4,48.24,3897.9,3805.0,3842.8,3929.5,3761.0,50.53,45.13,1.74,-1.49,0.32,14.34,6.05,2.14,-1.86,80.18,12,7,10,30.0,-0.66,50.0,-0.37,20.0,-2.41,50.0,1.52,50.0,4.91,NEGATIVE,35.94,NEGATIVE,Trend + VWAP + RSI + Liquidity,"Momentum, MACD",-3.39,3.39,3728.21,3989.79,3842.8,HIGH,975288235.0,NOT_AVAILABLE,NOT_AVAILABLE,,False,False,False,41.48,WATCH,WATCH
1563,CENTEXT,2026-08-28,22.27,Neutral-Range,50.6,42.15,-2,40,4/10,Low,57.22,1.15,5.17,56.67,21.6,20.82,20.97,-0.0029,-0.0089,0.15,0.83,22.59,-1.42,3.85,0.626,-1.42,7.9,4.6,12.08,0.27,58.64,22.71,22.17,22.59,23.13,20.5,41.32,53.03,3.01,-2.21,0.52,33.55,14.34,2.48,-2.56,86.1,6,9,100,39.0,-0.1,47.0,1.57,46.0,1.54,44.0,2.98,41.0,0.92,MIXED,64.58,POSITIVE,Trend + RSI,"Momentum, VWAP, MACD",-5.17,5.17,21.12,23.42,22.59,VERY_HIGH,14922790.0,NOT_AVAILABLE,NOT_AVAILABLE,,False,False,False,41.47,WATCH,WATCH
1564,PVRINOX,2026-08-28,1220.9,Neutral-Range,47.2,47.7,0,50,4/10,Low,64.46,37.2,3.05,55.83,1187.53,1117.8,1054.23,-1.3835,-2.1298,0.49,23.33,1203.71,1.43,2.24,0.588,-1.25,0.34,3.99,7.99,-0.11,54.92,1260.1,1229.1,1236.3,1284.5,1207.3,44.74,50.79,1.46,-1.35,0.2,9.74,4.47,1.73,-1.6,86.33,6,7,26,50.0,0.06,50.0,-0.02,53.85,0.11,34.62,-1.1,30.77,-1.98,MIXED,42.0,NEGATIVE,Trend + VWAP + RSI + Liquidity,"Momentum, Structure, MACD",-3.05,3.05,1183.7,1258.1,1236.3,HIGH,515710492.0,NOT_AVAILABLE,NOT_AVAILABLE,,False,False,False,41.47,WATCH,WATCH
1565,E2E,2026-08-28,616.4,Neutral-Range,57.81,44.5,3,65,3/10,Low,50.04,38.48,6.24,47.5,606.8,781.39,1713.65,3.7498,-1.0825,0.24,6.67,610.13,1.03,5.81,0.523,-0.28,-0.84,-7.55,19.19,2.25,,635.0,612.8,618.1,635.0,587.25,49.61,46.05,3.27,-2.85,0.41,40.0,22.89,2.87,-3.42,62.88,13,11,100,42.0,0.12,41.0,0.38,40.0,0.64,37.0,2.13,49.0,4.56,MIXED,53.03,MIXED,VWAP + Gap + Liquidity,None material,-6.24,6.24,577.92,654.88,618.1,VERY_HIGH,767746592.0,NOT_AVAILABLE,NOT_AVAILABLE,,False,False,False,41.45,WATCH,WATCH
1566,FINPIPE,2026-08-28,160.56,Bearish,41.1,36.71,-4,30,4/10,Low,44.85,3.49,2.18,0.83,162.12,165.32,175.26,0.3029,-0.0446,0.57,40.83,163.58,-1.84,1.18,0.237,0.01,0.07,0.83,-1.11,0.0,49.48,163.0,160.1,160.54,166.5,157.78,44.08,51.58,1.71,-1.51,0.14,7.76,6.71,2.11,-2.41,83.1,7,10,100,48.0,0.2,48.0,0.07,54.0,0.07,46.0,0.0,40.0,-0.16,MIXED,50.28,MIXED,No strong driver,"Trend, Momentum, VWAP",-3.26,-0.76,155.32,159.34,163.58,MODERATE,86247558.0,NOT_AVAILABLE,NOT_AVAILABLE,,False,False,False,41.41,WATCH,WATCH
1567,ONWARDTEC,2026-08-28,287.2,Neutral-Range,48.28,49.18,1,55,1/10,Low,51.76,9.2,3.2,0.83,286.04,282.19,279.55,-0.3645,0.196,0.76,67.5,286.2,0.35,2.17,0.546,0.56,0.6,1.11,-1.68,0.19,48.65,294.35,283.05,285.6,294.35,281.85,43.03,52.37,2.18,-1.89,0.14,16.18,13.29,1.9,-1.93,84.68,7,10,100,42.0,-0.21,39.0,-0.48,41.0,-0.51,40.0,-0.66,40.0,-0.25,NEGATIVE,38.67,NEGATIVE,Trend,None material,-3.2,3.2,278.0,296.4,285.6,HIGH,9370152.0,NOT_AVAILABLE,NOT_AVAILABLE,,False,False,False,41.41,WATCH,WATCH
1568,ARVIND,2026-08-28,543.35,Neutral-Range,51.01,50.59,3,65,3/10,Low,51.89,20.19,3.72,30.83,540.35,528.47,445.36,-1.1634,0.4198,0.87,60.0,545.08,-0.32,2.41,0.477,0.44,1.19,-4.98,5.87,0.75,62.48,546.7,532.9,540.95,547.0,524.9,45.66,50.0,2.24,-1.66,0.17,12.89,9.61,2.08,-2.17,87.91,6,8,100,43.0,-0.01,41.0,-0.12,36.0,-0.22,32.0,-1.08,43.0,-0.37,NEGATIVE,33.6,NEGATIVE,Trend + Delivery + Liquidity,None material,-3.72,3.72,523.16,563.54,540.95,HIGH,477021804.0,NOT_AVAILABLE,NOT_AVAILABLE,,False,False,False,41.38,WATCH,WATCH
1569,JINDRILL,2026-08-28,628.2,Neutral-Range,50.68,51.25,3,65,4/10,Low,54.27,24.59,3.91,20.83,618.46,604.86,580.81,0.7819,-0.4414,0.08,12.5,644.14,-2.47,1.58,0.517,-0.37,-2.26,6.84,1.95,0.06,41.8,657.95,624.45,630.55,657.95,613.1,44.74,50.92,2.35,-1.94,0.33,18.29,6.58,2.09,-2.78,90.29,9,12,100,41.0,-0.37,40.0,-0.47,40.0,-0.7,35.0,-1.45,42.0,-1.38,NEGATIVE,32.65,NEGATIVE,Trend + Momentum + RSI + Liquidity,VWAP,-3.91,3.91,603.61,652.79,630.55,HIGH,817352284.0,NOT_AVAILABLE,NOT_AVAILABLE,,False,False,False,41.24,WATCH,WATCH
1570,RENUKA,2026-08-28,24.14,Neutral-Range,52.4,45.25,3,65,4/10,Low,55.71,1.12,4.63,79.17,23.55,23.24,25.19,0.0797,-0.0391,1.14,75.83,24.68,-2.2,5.29,0.412,3.03,-3.98,9.98,10.38,0.85,21.59,24.29,23.32,23.43,27.68,23.32,40.13,55.0,1.95,-1.57,0.22,12.11,6.32,2.1,-2.16,74.7,6,9,100,41.0,0.21,50.0,0.1,47.0,-0.19,35.0,-1.34,37.0,-1.08,MIXED,37.58,NEGATIVE,Trend + Momentum + RSI + Liquidity,VWAP,-4.63,4.63,23.02,25.26,23.43,HIGH,661542489.0,NOT_AVAILABLE,NOT_AVAILABLE,,False,False,False,41.19,WATCH,WATCH
1571,EPL,2026-08-28,251.94,Neutral-Range,51.03,49.84,3,65,4/10,Low,56.12,9.71,3.85,70.0,248.16,239.49,225.41,0.465,-0.6514,0.6,35.83,251.55,0.15,4.65,0.565,-0.34,-5.15,3.0,13.27,0.0,43.31,260.26,252.01,252.8,274.03,252.01,45.53,50.13,1.69,-1.44,0.18,10.79,6.84,1.81,-2.13,84.58,8,12,19,42.11,-0.26,47.37,-0.08,47.37,-0.17,31.58,-2.07,26.32,-1.03,MIXED,33.67,NEGATIVE,Trend + Momentum + RSI + Liquidity,Structure,-3.85,3.85,242.23,261.65,252.8,HIGH,603029713.0,NOT_AVAILABLE,NOT_AVAILABLE,,False,False,False,41.18,WATCH,WATCH
1572,SHIVASHRIT,2026-08-28,123.95,Neutral-Range,50.87,45.01,2,60,3/10,Low,51.33,5.65,4.56,21.67,123.25,123.11,125.02,0.045,0.0771,0.19,16.67,124.03,-0.06,3.04,0.755,-0.8,4.69,-0.84,-4.87,0.0,80.0,126.0,123.0,124.95,128.05,99.8,43.1,48.54,2.22,-1.97,-0.07,27.62,33.89,3.2,-2.82,80.54,6,5,100,44.0,0.0,47.0,-0.12,44.0,-0.15,41.0,-1.13,43.0,-1.55,NEGATIVE,39.63,NEGATIVE,Trend + Momentum + MACD,Delivery,-4.56,4.56,118.3,129.6,124.95,HIGH,6399830.0,NOT_AVAILABLE,NOT_AVAILABLE,,False,False,False,41.17,WATCH,WATCH
1573,MIRZAINT,2026-08-28,31.83,Neutral-Range,47.52,40.09,-1,45,3/10,Low,41.48,1.15,3.6,0.83,32.41,33.19,33.74,0.0701,0.0351,0.45,19.17,32.47,-1.98,2.79,0.237,0.86,1.69,0.32,-4.33,0.48,47.39,32.14,31.26,31.56,32.97,31.0,41.58,52.89,2.09,-1.66,0.35,22.89,10.26,2.13,-2.08,89.07,6,9,100,42.0,-0.02,41.0,-0.37,44.0,-0.37,53.0,0.47,45.0,-0.11,NEGATIVE,49.35,MIXED,Momentum + MACD,"Trend, VWAP, RSI",-3.6,3.6,30.68,32.98,31.56,HIGH,5196864.0,NOT_AVAILABLE,NOT_AVAILABLE,,False,False,False,41.12,WATCH,WATCH
1574,GODIGIT,2026-08-28,262.35,Neutral-Range,49.19,40.49,2,60,4/10,Low,46.57,7.59,2.89,28.33,262.73,275.68,306.64,1.4986,0.2598,0.54,48.33,273.26,-3.99,3.45,0.284,1.78,-0.21,1.04,3.17,0.12,47.16,261.0,257.0,257.75,265.55,255.8,43.28,52.59,1.65,-1.37,0.11,13.28,11.03,1.97,-1.94,90.03,6,6,100,42.0,-0.02,47.0,-0.34,39.0,-0.62,34.0,-0.81,34.0,-0.89,NEGATIVE,34.83,NEGATIVE,Momentum + Structure + MACD + Liquidity,"Trend, VWAP",-2.89,2.89,254.76,269.94,257.75,MODERATE,186499266.0,NOT_AVAILABLE,NOT_AVAILABLE,,False,False,False,41.11,WATCH,WATCH
1575,ATMASTCO,2026-08-28,144.9,Neutral-Range,49.83,43.38,-2,40,3/10,Low,46.59,11.27,7.78,82.5,151.16,148.86,162.32,-3.2159,0.5032,0.19,5.0,179.89,-19.45,3.94,0.094,3.72,-0.99,-29.4,-0.92,0.79,74.07,146.25,137.65,139.7,152.45,137.65,43.67,52.11,3.54,-2.82,0.31,35.24,19.85,2.85,-3.66,81.11,10,8,11,18.18,-0.71,36.36,-0.66,45.45,-0.11,54.55,3.2,72.73,4.0,MIXED,62.36,POSITIVE,Delivery,"Trend, Structure, VWAP",-7.78,7.78,133.63,156.17,139.7,VERY_HIGH,9980397.0,NOT_AVAILABLE,NOT_AVAILABLE,,False,False,False,41.05,WATCH,WATCH
1576,SIRCA,2026-08-28,436.3,Neutral-Range,44.92,43.82,0,50,3/10,Low,54.28,11.24,2.58,30.83,434.53,425.35,429.15,-1.9069,-0.1652,1.12,70.83,441.81,-1.25,1.51,0.398,0.28,-3.3,2.2,3.77,0.41,34.14,441.0,432.1,435.1,455.0,432.1,44.74,50.53,1.65,-1.4,0.36,13.68,4.08,1.98,-2.41,86.22,19,9,100,35.0,-0.42,38.0,-0.72,42.0,-0.98,41.0,-1.16,37.0,-1.23,NEGATIVE,35.49,NEGATIVE,Trend + RSI + Liquidity,"Momentum, VWAP, MACD",-2.58,2.58,425.06,447.54,435.1,MODERATE,230879800.0,NOT_AVAILABLE,NOT_AVAILABLE,,False,False,False,40.99,WATCH,WATCH
1577,VMARCIND,2026-08-28,376.0,Neutral-Range,51.46,37.59,-2,40,4/10,Low,41.1,27.93,7.43,68.33,383.71,547.88,712.91,23.262,-3.0208,0.41,11.67,350.48,7.28,3.92,0.797,-1.65,-4.36,2.79,35.37,-0.98,62.83,387.8,372.15,382.3,406.0,372.15,48.91,45.88,3.8,-3.12,0.6,40.5,19.33,3.25,-3.85,70.75,15,10,91,42.86,0.03,41.76,0.41,42.86,1.63,56.04,2.72,62.64,4.42,MIXED,67.02,POSITIVE,VWAP + Liquidity,"Trend, Momentum, RSI",-7.43,7.43,348.07,403.93,382.3,VERY_HIGH,144125651.0,NOT_AVAILABLE,NOT_AVAILABLE,,False,False,False,40.97,WATCH,WATCH
1578,SSWL,2026-08-28,295.5,Neutral-Range,48.96,45.41,1,55,2/10,Low,49.73,10.06,3.4,2.5,298.99,281.44,238.82,-4.5442,0.5067,0.75,45.0,309.07,-4.39,2.63,0.189,1.04,0.17,-5.56,-4.79,-0.07,67.02,294.4,287.85,292.45,304.8,287.85,44.21,51.45,1.83,-1.49,0.24,13.55,6.05,1.93,-2.34,86.81,11,8,100,38.0,-0.05,41.0,-0.14,47.0,-0.57,44.0,-0.99,37.0,-1.19,MIXED,40.61,NEGATIVE,Delivery + Liquidity,VWAP,-3.4,3.4,285.44,305.56,292.45,HIGH,180625025.0,NOT_AVAILABLE,NOT_AVAILABLE,,False,False,False,40.96,WATCH,WATCH
1579,MANAPPURAM,2026-08-28,348.9,Neutral-Range,44.27,44.77,-2,40,3/10,Low,47.26,10.85,3.11,31.67,354.44,344.76,309.46,-1.2604,-0.4913,0.25,0.83,356.8,-2.21,1.44,0.341,0.26,-2.41,-0.03,-6.17,0.04,36.21,369.9,346.0,348.0,372.55,346.0,48.03,47.5,1.85,-1.57,0.16,11.71,7.5,1.84,-2.26,71.23,8,9,25,36.0,-0.02,36.0,-0.93,40.0,-1.17,56.0,0.64,60.0,-0.22,NEGATIVE,46.48,MIXED,Liquidity,"Momentum, VWAP, MACD",-3.11,3.11,338.05,359.75,348.0,HIGH,2753842389.0,NOT_AVAILABLE,NOT_AVAILABLE,,False,False,False,40.83,WATCH,WATCH
1580,RML,2026-08-28,1126.7,Neutral-Range,51.3,47.65,3,65,3/10,Low,51.04,46.33,4.11,32.5,1120.35,1100.99,951.58,4.5397,-0.3601,0.13,4.17,1111.12,1.4,1.26,0.443,0.3,2.33,1.19,-2.42,0.7,52.59,1156.0,1120.0,1123.3,1175.0,1080.5,45.66,50.0,2.09,-1.76,0.19,15.79,9.87,2.04,-1.99,87.49,6,8,100,34.0,-0.11,34.0,0.02,32.0,-0.26,36.0,-0.83,35.0,-0.98,NEGATIVE,34.44,NEGATIVE,Trend + VWAP + Delivery,None material,-4.11,4.11,1080.37,1173.03,1123.3,HIGH,73080540.0,NOT_AVAILABLE,NOT_AVAILABLE,,False,False,False,40.8,WATCH,WATCH
1581,GRAPHITE,2026-08-28,696.0,Neutral-Range,47.57,43.93,0,50,1/10,Low,50.06,23.39,3.36,4.17,700.89,685.0,651.19,-6.468,0.1453,0.68,61.67,711.75,-2.21,3.31,0.442,1.9,-2.08,-3.55,6.03,0.13,40.66,698.95,678.5,683.0,728.85,678.5,45.39,50.0,2.02,-1.69,0.17,7.24,6.05,1.85,-2.15,77.28,9,8,33,48.48,-0.16,39.39,-0.87,36.36,-0.54,42.42,0.66,48.48,2.3,NEGATIVE,43.05,MIXED,Liquidity,VWAP,-3.36,3.36,672.61,719.39,683.0,HIGH,975374929.0,NOT_AVAILABLE,NOT_AVAILABLE,,False,False,False,40.71,WATCH,WATCH
1582,GPIL,2026-08-28,239.85,Neutral-Range,44.04,39.76,-3,35,4/10,Low,44.8,8.17,3.4,40.83,244.1,250.64,262.41,0.3317,-0.3265,0.44,17.5,243.48,-1.49,3.33,0.417,-0.2,-2.14,1.88,-1.05,0.11,42.57,247.49,238.65,240.33,251.89,238.65,45.79,49.47,2.08,-1.9,0.05,13.03,9.34,2.07,-3.64,82.1,9,8,8,25.0,-0.41,25.0,-1.58,50.0,-1.97,62.5,1.44,50.0,-3.27,MIXED,52.26,MIXED,Liquidity,"Trend, Momentum, VWAP",-3.4,3.4,231.68,248.02,240.33,HIGH,458927873.0,NOT_AVAILABLE,NOT_AVAILABLE,,False,False,False,40.7,WATCH,WATCH
1583,ICRA,2026-08-28,4912.8,Neutral-Range,45.56,39.93,-2,40,4/10,Low,44.76,152.85,3.11,80.0,5000.14,5083.55,5452.54,-12.664,1.2765,0.8,45.0,5069.54,-3.09,3.24,0.226,1.66,-1.05,-6.7,0.19,-0.4,54.96,4937.5,4821.1,4832.5,5173.7,4821.1,45.53,50.13,1.23,-1.13,0.18,11.84,6.84,1.78,-1.66,88.04,7,9,100,41.0,-0.06,51.0,-0.16,48.0,-0.36,55.0,0.14,50.0,-0.13,MIXED,50.17,MIXED,Delivery + Liquidity,"Trend, Momentum, VWAP",-3.11,3.11,4759.95,5065.65,4832.5,HIGH,211350185.0,NOT_AVAILABLE,NOT_AVAILABLE,,False,False,False,40.69,WATCH,WATCH
1584,JBMA,2026-08-28,641.55,Neutral-Range,42.51,40.22,-2,40,3/10,Low,46.69,16.85,2.63,4.17,646.92,654.24,656.07,2.592,-0.5784,0.15,5.0,666.89,-3.8,1.64,0.387,-0.57,-4.81,2.99,-2.55,0.1,36.63,653.95,643.15,645.25,685.0,643.15,42.76,53.03,2.21,-1.88,0.2,15.92,6.97,1.98,-3.24,73.45,9,11,18,50.0,0.98,55.56,1.67,38.89,-0.07,55.56,-1.58,55.56,-4.33,NEGATIVE,41.46,NEGATIVE,Liquidity,"Trend, Structure, VWAP",-2.63,2.63,624.7,658.4,645.25,MODERATE,578169374.0,NOT_AVAILABLE,NOT_AVAILABLE,,False,False,False,40.68,WATCH,WATCH
1585,ALPEXSOLAR,2026-08-28,849.05,Neutral-Range,50.6,38.89,1,55,3/10,Low,52.26,36.29,4.27,19.17,836.33,853.13,902.87,8.0223,-1.5074,0.38,5.83,827.02,2.66,2.89,0.68,-1.41,4.08,9.26,2.41,0.56,73.25,879.85,852.0,861.2,888.8,811.0,45.69,50.52,3.36,-2.63,0.51,32.59,14.66,2.57,-2.73,77.62,8,9,9,44.44,-0.03,44.44,-0.15,44.44,1.52,22.22,0.22,22.22,-2.28,MIXED,45.29,MIXED,Momentum + VWAP + RSI,"Structure, Delivery",-4.27,4.27,812.76,885.34,861.2,HIGH,49902641.0,NOT_AVAILABLE,NOT_AVAILABLE,,False,False,False,40.67,WATCH,WATCH
1586,POCL,2026-08-28,509.2,Neutral-Range,53.63,39.89,0,50,2/10,Low,25.26,27.99,5.5,62.5,553.7,772.82,1070.76,30.3874,-0.9033,0.74,43.33,502.63,1.31,2.89,0.376,-0.41,1.34,3.51,-3.03,0.64,39.16,515.9,501.5,511.3,518.0,497.05,45.66,49.87,3.12,-2.57,0.44,28.55,9.61,2.46,-4.06,85.05,9,7,100,52.0,0.46,55.0,1.83,47.0,2.04,41.0,1.6,42.0,0.94,MIXED,60.36,POSITIVE,VWAP + Liquidity,"Trend, Momentum",-5.5,5.5,481.21,537.19,511.3,VERY_HIGH,256701842.0,NOT_AVAILABLE,NOT_AVAILABLE,,False,False,False,40.65,WATCH,WATCH
1587,FACT,2026-08-28,832.5,Neutral-Range,46.16,42.9,-1,45,2/10,Low,51.54,29.47,3.54,45.0,824.38,837.1,853.18,6.3332,-0.6921,0.09,5.0,871.88,-4.52,2.42,0.413,-1.19,6.28,3.07,0.71,-0.42,27.1,871.6,835.2,842.55,920.0,771.2,45.66,50.13,2.3,-1.88,0.17,9.34,6.84,2.07,-2.44,80.88,6,9,50,44.0,0.08,36.0,-0.13,50.0,0.67,44.0,-1.28,36.0,0.23,MIXED,45.46,MIXED,Liquidity,"Structure, VWAP",-3.54,3.54,803.03,861.97,842.55,HIGH,1676166046.0,NOT_AVAILABLE,NOT_AVAILABLE,,False,False,False,40.58,WATCH,WATCH
1588,IREDA,2026-08-28,117.02,Neutral-Range,41.71,37.09,-3,35,4/10,Low,44.98,2.44,2.08,13.33,117.99,120.51,129.49,0.3301,-0.0257,0.83,54.17,119.0,-1.66,1.81,0.322,-0.32,1.76,0.66,-2.15,-0.34,35.35,118.4,116.3,117.4,121.14,114.4,44.9,51.13,2.47,-1.89,0.31,17.14,10.2,2.7,-2.71,71.13,7,8,100,53.0,0.23,45.0,0.18,44.0,-0.07,47.0,-0.24,44.0,-0.3,NEGATIVE,45.61,MIXED,Liquidity,"Trend, Momentum, VWAP",-2.08,2.08,114.58,119.46,117.4,MODERATE,649437949.0,NOT_AVAILABLE,NOT_AVAILABLE,,False,False,False,40.54,WATCH,WATCH
1589,JSWHL,2026-08-28,11578.0,Neutral-Range,44.49,37.62,-3,35,3/10,Low,49.63,388.75,3.36,39.17,11581.28,11754.56,13925.11,5.0488,-0.0841,0.32,4.17,11836.02,-2.18,2.35,0.373,-1.34,2.56,-2.49,2.85,0.55,54.87,11831.0,11498.0,11735.0,12000.0,11057.0,45.13,50.53,2.33,-1.78,0.29,22.63,9.87,1.87,-2.37,88.52,7,8,100,49.0,0.33,53.0,0.79,52.0,0.62,45.0,0.53,48.0,1.12,MIXED,53.55,MIXED,No strong driver,"Trend, VWAP, Delivery",-3.36,3.36,11189.25,11966.75,11735.0,HIGH,43389669.0,NOT_AVAILABLE,NOT_AVAILABLE,,False,False,False,40.52,WATCH,WATCH
1590,ALPHAGEO,2026-08-28,306.47,Neutral-Range,51.59,45.85,0,50,3/10,Low,58.85,20.47,6.68,80.83,294.9,258.64,234.45,-2.655,-1.6965,0.05,0.83,298.97,2.51,3.38,0.584,-1.46,-7.53,1.7,39.22,1.0,,325.0,310.0,311.02,337.99,309.0,45.39,50.26,2.3,-1.98,0.59,33.16,10.0,2.18,-2.25,91.59,8,9,91,48.35,0.25,50.55,1.15,53.85,1.01,42.86,0.41,39.56,-0.14,MIXED,54.53,MIXED,Trend + VWAP + RSI,"Momentum, Structure, MACD",-6.68,6.68,286.0,326.94,311.02,VERY_HIGH,29907729.0,NOT_AVAILABLE,NOT_AVAILABLE,,False,False,False,40.36,WATCH,WATCH
1591,PURVA,2026-08-28,215.78,Neutral-Range,42.56,43.57,-3,35,4/10,Low,48.8,8.05,3.73,20.83,216.75,216.59,225.32,-0.0483,-0.1027,0.06,5.83,224.99,-4.09,1.83,0.236,0.73,-1.63,-1.11,2.37,-0.01,31.03,219.5,212.0,214.22,227.34,211.14,44.34,51.05,2.81,-2.16,0.27,18.95,12.11,2.58,-2.53,83.63,8,8,24,37.5,-0.57,50.0,0.36,54.17,0.8,41.67,-0.93,62.5,-0.76,MIXED,48.02,MIXED,Liquidity,"Trend, Momentum, VWAP",-3.73,3.73,207.73,223.83,214.22,HIGH,315470130.0,NOT_AVAILABLE,NOT_AVAILABLE,,False,False,False,40.34,WATCH,WATCH
1592,AJAXENGG,2026-08-28,571.1,Neutral-Range,40.84,39.32,-3,35,3/10,Low,49.36,17.09,2.99,1.67,572.79,568.18,560.61,0.3089,-0.2968,0.42,18.33,575.53,-0.77,2.2,0.342,-1.38,0.96,-1.91,-1.56,-0.36,54.97,582.5,575.05,579.1,585.8,560.85,47.3,49.36,1.74,-1.64,0.21,21.34,11.05,1.76,-2.16,89.22,7,8,100,45.0,0.01,38.0,-0.14,38.0,0.01,38.0,0.37,41.0,-0.22,MIXED,43.12,MIXED,No strong driver,"Structure, VWAP, Delivery",-2.99,2.99,554.01,588.19,579.1,MODERATE,49159431.0,NOT_AVAILABLE,NOT_AVAILABLE,,False,False,False,40.33,WATCH,WATCH
1593,SUNDROP,2026-08-28,652.7,Bearish,39.89,36.06,-4,30,4/10,Low,46.93,17.88,2.74,3.33,657.46,657.82,675.83,-0.8897,0.0733,0.33,14.17,668.65,-2.39,2.27,0.16,-0.42,0.96,-1.12,-1.92,0.46,65.52,663.25,648.0,655.45,668.0,640.1,43.09,53.31,1.57,-1.31,0.28,19.06,8.56,1.84,-2.03,94.96,5,8,100,41.0,-0.03,43.0,0.05,43.0,0.09,47.0,-0.01,49.0,0.08,MIXED,46.82,MIXED,No strong driver,"Trend, Structure, VWAP",-4.11,-0.96,625.88,646.44,668.65,MODERATE,20703841.0,NOT_AVAILABLE,NOT_AVAILABLE,,False,False,False,39.99,WATCH,WATCH
1594,UYFINCORP,2026-08-28,19.86,Neutral-Range,48.62,49.21,-1,45,3/10,Low,54.22,1.11,5.57,73.33,19.81,18.37,16.22,-0.2092,-0.0111,0.09,1.67,20.18,-1.58,2.69,0.315,-1.19,-1.39,-5.79,-0.45,0.5,,20.74,19.6,20.1,21.1,19.6,46.6,49.48,2.08,-2.1,0.75,45.36,15.46,2.34,-2.14,94.16,7,6,32,56.25,0.04,56.25,0.01,50.0,0.22,53.12,0.13,43.75,-1.44,MIXED,52.49,MIXED,Trend + RSI,"Momentum, VWAP, MACD",-5.57,5.57,18.75,20.97,20.1,VERY_HIGH,9675071.0,NOT_AVAILABLE,NOT_AVAILABLE,,False,False,False,39.97,WATCH,WATCH
1595,MVKAGRO,2026-08-28,185.25,Neutral-Range,56.77,37.68,2,60,4/10,Low,28.02,13.43,7.25,85.83,225.6,302.6,351.1,0.5183,2.4029,0.08,5.0,214.36,-13.58,0.0,0.186,4.99,4.48,-19.09,-43.89,4.99,100.0,176.45,170.2,176.45,184.7,152.05,35.13,58.31,12.45,-2.37,2.98,23.65,31.38,16.56,-3.01,72.46,5,10,79,46.84,-0.15,49.37,0.44,43.04,0.93,43.04,1.91,35.44,-0.42,MIXED,56.49,MIXED,Momentum + MACD + Gap + Delivery,"Trend, VWAP",-7.25,7.25,171.82,198.68,176.45,VERY_HIGH,45231057.0,NOT_AVAILABLE,NOT_AVAILABLE,,False,False,False,39.96,WATCH,WATCH
1596,UNIECOM,2026-08-28,87.18,Neutral-Range,50.13,42.96,2,60,3/10,Low,51.96,3.1,3.56,20.83,86.34,87.03,99.0,-0.1006,0.1316,0.63,50.83,89.03,-2.08,6.06,0.334,3.79,-0.33,1.31,2.92,0.12,50.78,85.8,83.8,84.0,90.0,83.8,38.89,57.66,2.45,-1.87,0.29,17.24,8.05,2.19,-2.64,82.87,6,9,16,25.0,-0.07,50.0,0.59,43.75,-0.18,37.5,-1.3,18.75,-3.3,NEGATIVE,37.52,NEGATIVE,Trend + Structure + Delivery,VWAP,-3.56,3.56,84.08,90.28,84.0,HIGH,43449712.0,NOT_AVAILABLE,NOT_AVAILABLE,,False,False,False,39.81,WATCH,WATCH
1597,SCILAL,2026-08-28,40.38,Neutral-Range,45.37,38.22,0,50,3/10,Low,42.44,0.91,2.25,0.83,40.59,41.77,44.79,0.0783,0.032,0.8,63.33,40.81,-1.04,1.72,0.243,0.9,1.43,0.15,-1.97,0.0,62.14,40.44,39.87,40.02,40.78,39.26,43.7,51.52,2.04,-1.69,0.33,17.86,7.66,2.43,-2.42,80.23,7,7,100,43.0,-0.03,42.0,-0.21,38.0,-0.34,40.0,-1.04,36.0,-2.52,NEGATIVE,36.78,NEGATIVE,Momentum + MACD + Delivery,"Trend, VWAP, RSI",-2.25,2.25,39.47,41.29,40.02,MODERATE,8078742.0,NOT_AVAILABLE,NOT_AVAILABLE,,False,False,False,39.77,WATCH,WATCH
1598,SUNTV,2026-08-28,474.5,Neutral-Range,43.86,37.72,-1,45,4/10,Low,41.75,10.83,2.28,4.17,480.07,494.88,540.07,-0.8758,0.8104,2.25,90.0,483.8,-1.92,3.86,0.241,2.27,0.52,-2.08,-6.71,0.23,47.72,467.5,461.0,463.95,478.6,461.0,44.21,51.18,1.45,-1.28,0.02,5.39,7.63,1.6,-2.14,87.89,7,9,100,46.0,0.08,46.0,-0.04,43.0,-0.28,36.0,-0.66,42.0,-0.51,NEGATIVE,38.89,NEGATIVE,Volume + Structure + Liquidity,"Trend, Momentum, VWAP",-2.28,2.28,463.67,485.33,463.95,MODERATE,227015915.0,NOT_AVAILABLE,NOT_AVAILABLE,,False,False,False,39.7,WATCH,WATCH
1599,TEMBO,2026-08-28,58.2,Neutral-Range,52.87,39.16,0,50,3/10,Low,11.17,18.31,31.46,85.83,141.16,303.98,487.71,12.475,2.38,0.32,11.67,67.49,-13.76,3.03,0.006,0.87,-0.17,-4.28,-89.48,0.0,34.92,59.3,57.0,57.7,59.75,55.0,42.76,52.37,2.65,-2.11,0.19,30.39,19.21,2.33,-2.87,71.0,11,11,100,41.0,-0.05,47.0,0.55,51.0,1.37,56.0,0.07,50.0,-2.55,MIXED,58.21,POSITIVE,Momentum + MACD + Liquidity,"Trend, Structure, VWAP",-31.46,31.46,39.89,76.51,57.7,VERY_HIGH,182150532.0,NOT_AVAILABLE,NOT_AVAILABLE,,False,False,False,39.66,WATCH,WATCH
1600,KECL,2026-08-28,134.83,Neutral-Range,51.05,50.63,1,55,2/10,Low,51.72,7.14,5.29,49.17,134.34,129.31,117.67,-1.7348,0.5133,0.72,48.33,142.93,-5.67,7.01,0.253,3.82,1.97,-6.08,-2.15,-0.02,42.01,132.79,129.0,129.87,137.89,128.0,43.55,51.97,2.66,-2.08,0.29,21.32,10.26,1.92,-2.42,81.1,7,10,100,43.0,0.18,50.0,0.21,50.0,0.27,42.0,-0.43,46.0,-0.82,MIXED,46.56,MIXED,Trend + Structure,VWAP,-5.29,5.29,127.69,141.97,129.87,VERY_HIGH,52590300.0,NOT_AVAILABLE,NOT_AVAILABLE,,False,False,False,39.64,WATCH,WATCH
1601,MIDHANI,2026-08-28,417.75,Neutral-Range,44.13,41.12,-2,40,3/10,Low,49.27,15.31,3.66,15.83,420.16,416.06,389.45,-1.1064,-0.1757,0.12,0.83,432.52,-3.41,1.08,0.359,-0.13,-1.46,0.25,5.49,0.38,46.85,434.05,417.25,418.3,434.05,411.5,46.97,48.68,2.22,-2.06,0.17,11.18,6.97,2.03,-2.61,74.59,10,7,31,48.39,-0.68,35.48,-1.29,51.61,-0.56,38.71,0.43,38.71,-0.58,MIXED,46.09,MIXED,Liquidity,"Momentum, VWAP, MACD",-3.66,3.66,402.44,433.06,418.3,HIGH,809209477.0,NOT_AVAILABLE,NOT_AVAILABLE,,False,False,False,39.6,WATCH,WATCH
1602,INSECTICID,2026-08-28,598.5,Neutral-Range,45.04,37.97,-2,40,4/10,Low,41.99,21.39,3.57,62.5,610.8,635.65,672.1,-3.3405,2.0663,3.17,98.33,609.71,-1.84,7.37,0.323,5.54,-1.85,-5.17,-6.66,0.18,42.82,585.0,564.4,567.1,612.95,564.4,46.05,49.61,1.85,-1.6,0.17,13.03,6.05,1.85,-2.71,88.35,8,7,100,48.0,-0.07,45.0,-0.56,45.0,-0.58,54.0,0.34,41.0,-0.31,MIXED,48.69,MIXED,Volume + Structure,"Trend, Momentum, VWAP",-3.57,3.57,577.11,619.89,567.1,HIGH,24088211.0,NOT_AVAILABLE,NOT_AVAILABLE,,False,False,False,39.58,WATCH,WATCH
1603,CHAVDA,2026-08-28,138.65,Bullish,48.51,48.26,4,70,4/10,Low,71.57,3.71,2.67,0.83,133.54,121.81,110.65,-0.9565,0.0079,1.36,78.33,137.78,0.63,0.91,0.561,0.43,1.09,2.25,10.13,0.11,41.98,139.65,138.0,138.05,143.2,137.0,43.78,51.08,2.72,-2.09,0.36,31.08,16.35,2.45,-2.5,79.92,8,10,31,48.39,-0.25,41.94,-0.88,22.58,-2.2,32.26,-1.34,25.81,-4.22,NEGATIVE,20.03,NEGATIVE,Trend + Momentum + Volume + VWAP,None material,0.94,4.01,139.95,144.21,137.78,MODERATE,13274750.0,NOT_AVAILABLE,NOT_AVAILABLE,,False,False,False,39.54,WATCH,WATCH
1604,GICHSGFIN,2026-08-28,141.03,Neutral-Range,42.17,37.54,-2,40,4/10,Low,41.65,3.18,2.25,11.67,142.86,146.8,156.05,0.1918,0.1347,0.22,1.67,144.15,-2.16,1.1,0.223,-0.75,2.43,-0.04,-4.5,-0.07,56.57,143.88,140.22,142.1,143.88,136.31,46.84,48.95,1.54,-1.53,0.25,13.82,5.79,1.61,-2.1,78.66,8,7,100,42.0,-0.18,47.0,-0.56,42.0,-0.57,42.0,-0.41,47.0,-0.78,NEGATIVE,40.48,NEGATIVE,Momentum + MACD,"Trend, VWAP, RSI",-2.25,2.25,137.85,144.21,142.1,MODERATE,15871131.0,NOT_AVAILABLE,NOT_AVAILABLE,,False,False,False,39.53,WATCH,WATCH
1605,SAPPHIRE,2026-08-28,231.5,Neutral-Range,48.33,42.74,1,55,4/10,Low,57.19,10.41,4.5,40.0,228.66,209.83,219.15,-0.7212,-1.3483,0.25,17.5,225.58,2.62,5.17,0.644,-3.44,-4.47,-1.37,25.06,-0.52,33.86,257.19,238.15,239.74,258.78,238.15,44.08,51.45,1.83,-1.77,0.01,11.05,11.05,1.76,-2.55,86.99,7,8,100,45.0,-0.11,43.0,-0.42,40.0,-0.26,41.0,-0.88,44.0,-1.42,NEGATIVE,38.79,NEGATIVE,Trend + VWAP + RSI + Liquidity,"Momentum, Structure, MACD",-4.5,4.5,221.09,241.91,239.74,HIGH,788287875.0,NOT_AVAILABLE,NOT_AVAILABLE,,False,False,False,39.52,WATCH,WATCH
1606,LIQUIDSBI,2026-08-28,1000.0,Neutral-Range,42.65,39.85,0,50,1/10,Low,50.14,0.07,0.01,35.0,1000.0,1000.0,1000.0,0.0002,-0.0001,0.28,21.67,1000.0,0.0,0.0,0.5,-0.0,0.0,0.0,-0.0,0.0,66.63,1000.01,999.99,1000.01,1000.01,999.99,29.14,29.56,0.0,-0.0,-0.0,0.28,0.41,2.75,-2.5,100.0,2,2,15,20.0,-0.0,6.67,-0.0,26.67,-0.0,13.33,-0.0,20.0,-0.0,MIXED,29.0,NEGATIVE,Trend,Delivery,-0.01,0.01,999.93,1000.07,1000.01,LOW,6338731.0,NOT_AVAILABLE,NOT_AVAILABLE,,False,False,False,39.5,WATCH,WATCH
1607,CENTURYPLY,2026-08-28,753.8,Neutral-Range,39.58,40.51,-3,35,4/10,Low,45.54,21.32,2.83,17.5,761.28,766.35,763.3,-1.1654,0.5639,1.06,83.33,763.25,-1.24,2.43,0.185,0.27,-1.13,-0.36,-5.72,-1.56,78.29,761.0,742.1,751.75,778.85,737.0,45.66,50.13,1.47,-1.27,0.09,11.58,7.37,1.59,-1.99,89.66,6,9,100,50.0,0.09,46.0,-0.13,43.0,-0.72,43.0,-0.68,44.0,-0.66,NEGATIVE,39.5,NEGATIVE,Delivery,"Trend, Structure, VWAP",-2.83,2.83,732.48,775.12,751.75,MODERATE,58479602.0,NOT_AVAILABLE,NOT_AVAILABLE,,False,False,False,39.4,WATCH,WATCH
1608,JUBLPHARMA,2026-08-28,882.65,Neutral-Range,47.75,38.7,0,50,3/10,Low,39.46,30.61,3.47,68.33,902.93,931.17,963.62,1.4805,0.4596,0.34,6.67,903.67,-2.33,2.72,0.236,0.45,0.26,1.95,-5.61,0.15,43.08,894.75,875.0,878.7,928.15,867.2,46.97,48.82,1.92,-1.6,0.02,8.55,10.92,1.9,-2.0,91.32,9,7,100,47.0,0.05,50.0,0.1,48.0,-0.26,38.0,-0.12,39.0,0.28,MIXED,43.58,MIXED,Momentum + MACD + Liquidity,"Trend, VWAP, RSI",-3.47,3.47,852.04,913.26,878.7,HIGH,330075694.0,NOT_AVAILABLE,NOT_AVAILABLE,,False,False,False,39.33,WATCH,WATCH
1609,DEVYANI,2026-08-28,139.94,Neutral-Range,47.19,45.44,1,55,4/10,Low,55.94,5.8,4.14,58.33,138.68,128.39,127.39,-0.4521,-0.7714,0.36,20.83,138.73,0.87,5.22,0.631,-4.22,-3.09,-2.66,22.56,0.27,28.29,155.95,145.0,146.11,155.95,143.5,42.63,53.03,1.82,-1.52,0.23,11.18,6.32,1.98,-1.89,83.3,8,9,61,37.7,-0.31,37.7,-1.03,40.98,-1.16,36.07,-0.45,34.43,-1.46,NEGATIVE,35.53,NEGATIVE,Trend + VWAP + RSI + Liquidity,"Momentum, Structure, MACD",-4.14,4.14,134.14,145.74,146.11,HIGH,985188256.0,NOT_AVAILABLE,NOT_AVAILABLE,,False,False,False,39.17,WATCH,WATCH
1610,FAIRCHEMOR,2026-08-28,680.0,Neutral-Range,38.26,43.72,-3,35,4/10,Low,42.67,18.79,2.76,0.83,697.84,696.67,679.76,-5.1375,2.2952,0.21,19.17,731.95,-7.1,2.48,0.231,0.59,3.04,-3.05,-14.69,-0.59,,676.0,674.0,676.0,676.0,635.05,43.29,52.37,2.08,-1.79,0.15,17.76,11.32,1.84,-2.23,84.97,7,8,12,16.67,-0.91,50.0,-0.81,41.67,-1.22,41.67,-0.89,75.0,0.97,NEGATIVE,35.73,NEGATIVE,Structure,"Trend, Momentum, VWAP",-2.76,2.76,661.21,698.79,676.0,MODERATE,6657983.0,NOT_AVAILABLE,NOT_AVAILABLE,,False,False,False,39.03,WATCH,WATCH
1611,MWL,2026-08-28,39.53,Bearish,47.48,33.31,-4,30,4/10,Low,12.72,3.9,9.88,70.83,49.32,115.47,217.82,7.5832,-0.4937,0.09,3.33,41.79,-5.41,2.0,0.418,-1.2,-4.61,-4.24,9.81,0.0,55.23,40.5,39.11,40.01,41.74,39.0,45.23,48.14,2.11,-1.84,0.12,24.67,18.57,2.75,-3.15,76.69,9,7,50,44.0,-0.0,44.0,0.51,44.0,1.26,56.0,3.37,54.0,3.53,MIXED,68.52,POSITIVE,No strong driver,"Trend, Momentum, VWAP",-14.81,-3.46,33.67,38.16,41.79,VERY_HIGH,62437932.0,NOT_AVAILABLE,NOT_AVAILABLE,,False,False,False,38.87,WATCH,WATCH
1612,FLAIR,2026-08-28,249.3,Bearish,39.02,35.15,-4,30,4/10,Low,44.05,6.11,2.45,0.83,251.72,259.89,284.87,0.2823,-0.0187,0.21,1.67,251.93,-1.05,2.0,0.229,0.54,0.2,-1.81,-3.78,-0.18,46.71,252.0,247.05,247.95,254.25,247.05,45.17,50.99,1.74,-1.66,0.23,20.6,9.52,1.69,-2.15,92.51,7,7,100,55.0,0.15,49.0,-0.02,49.0,-0.38,44.0,-0.42,42.0,-0.25,MIXED,44.35,MIXED,No strong driver,"Trend, Momentum, VWAP",-3.67,-0.86,240.14,247.16,252.0,MODERATE,38449522.0,NOT_AVAILABLE,NOT_AVAILABLE,,False,False,False,38.84,WATCH,WATCH
1613,GALAXYSURF,2026-08-28,2285.0,Neutral-Range,45.36,45.14,0,50,3/10,Low,58.11,95.01,4.16,80.0,2225.87,2092.63,2003.92,-3.1615,-5.7649,0.21,3.33,2399.74,-4.78,2.59,0.487,-0.87,-2.06,-8.91,17.51,0.0,43.79,2346.7,2276.2,2305.0,2383.9,2275.3,44.08,51.58,1.5,-1.28,0.09,6.45,5.13,2.22,-1.93,84.53,7,14,81,37.04,-0.17,38.27,-0.61,40.74,-0.91,41.98,-0.89,38.27,-0.83,NEGATIVE,36.75,NEGATIVE,Trend + RSI + Liquidity,"Momentum, VWAP, MACD",-4.16,4.16,2189.99,2380.01,2305.0,HIGH,231510783.0,NOT_AVAILABLE,NOT_AVAILABLE,,False,False,False,38.84,WATCH,WATCH
1614,KRISHANA,2026-08-28,192.91,Neutral-Range,49.35,36.88,-2,40,3/10,Low,39.38,11.12,5.77,66.67,197.14,273.05,433.48,8.4888,-1.2038,0.72,35.83,192.41,0.26,2.42,0.533,0.52,-2.77,1.17,5.44,-0.45,44.0,206.39,189.67,191.92,206.39,189.67,48.95,46.45,2.03,-2.01,0.18,24.74,9.87,1.77,-3.62,92.13,11,7,100,45.0,0.05,43.0,0.44,46.0,0.99,49.0,2.2,38.0,2.22,MIXED,61.01,POSITIVE,Liquidity,"Trend, Momentum, RSI",-5.77,5.77,181.79,204.03,191.92,VERY_HIGH,150998310.0,NOT_AVAILABLE,NOT_AVAILABLE,,False,False,False,38.62,WATCH,WATCH
1615,GNA,2026-08-28,542.65,Neutral-Range,45.1,39.92,-1,45,3/10,Low,52.18,23.32,4.3,15.0,544.81,512.29,430.88,-4.2702,-0.5989,0.61,44.17,544.55,-0.35,3.98,0.433,-0.76,-3.59,-0.01,1.29,0.04,47.61,565.0,544.6,546.8,575.0,542.0,45.92,49.74,1.78,-1.57,0.21,13.29,6.97,1.8,-2.12,88.41,9,10,100,46.0,-0.13,42.0,-0.71,42.0,-0.77,42.0,0.28,42.0,0.48,NEGATIVE,42.44,NEGATIVE,RSI + Liquidity,"Momentum, Structure, MACD",-4.3,4.3,519.33,565.97,546.8,HIGH,268723934.0,NOT_AVAILABLE,NOT_AVAILABLE,,False,False,False,38.62,WATCH,WATCH
1616,BSOFT,2026-08-28,300.9,Neutral-Range,48.68,38.55,1,55,3/10,Low,48.18,10.4,3.46,10.83,302.75,306.61,347.63,-2.4044,0.7767,2.6,95.0,311.31,-3.34,4.88,0.312,4.5,-0.94,-3.57,-0.5,0.69,35.25,295.6,287.25,287.95,311.25,287.25,46.05,49.61,1.69,-1.66,0.18,12.63,7.89,1.72,-2.17,79.59,13,9,100,46.0,0.18,45.0,0.03,43.0,-0.15,38.0,-0.74,34.0,-2.14,NEGATIVE,39.79,NEGATIVE,Volume + Structure + Liquidity,"Trend, VWAP",-3.46,3.46,290.5,311.3,287.95,HIGH,387824219.0,NOT_AVAILABLE,NOT_AVAILABLE,,False,False,False,38.62,WATCH,WATCH
1617,NCLIND,2026-08-28,176.26,Neutral-Range,41.62,36.31,-2,40,3/10,Low,47.35,5.21,2.95,21.67,176.76,179.4,185.47,0.8779,-0.0847,0.38,14.17,175.15,0.63,3.36,0.475,-1.32,1.3,2.14,-3.23,0.78,62.95,183.47,177.05,178.61,184.0,172.0,46.05,49.61,1.48,-1.4,0.19,9.47,7.76,2.03,-1.69,91.61,9,8,17,29.41,-0.64,23.53,-1.55,41.18,-0.88,41.18,-0.35,41.18,0.77,NEGATIVE,38.91,NEGATIVE,VWAP,"Trend, Structure, Delivery",-2.95,2.95,171.05,181.47,178.61,MODERATE,13024586.0,NOT_AVAILABLE,NOT_AVAILABLE,,False,False,False,38.61,WATCH,WATCH
1618,AARTIPHARM,2026-08-28,840.7,Neutral-Range,44.69,46.32,0,50,3/10,Low,60.2,36.01,4.28,70.83,806.66,757.59,730.34,-3.8715,-0.1151,0.2,1.67,864.48,-2.75,4.07,0.649,3.34,2.93,-1.23,26.01,0.55,41.62,843.0,810.1,813.5,862.0,806.4,45.66,50.0,2.28,-1.84,0.23,13.16,7.63,2.27,-2.47,87.38,7,6,100,44.0,-0.03,44.0,-0.23,43.0,-0.79,39.0,-1.43,50.0,-0.3,NEGATIVE,34.82,NEGATIVE,Trend + RSI + Liquidity,"Momentum, VWAP, MACD",-4.28,4.28,804.69,876.71,813.5,HIGH,1188814617.0,NOT_AVAILABLE,NOT_AVAILABLE,,False,False,False,38.51,WATCH,WATCH
1619,KRONOX,2026-08-28,179.59,Neutral-Range,51.04,46.33,1,55,4/10,Low,53.99,12.24,6.82,100.0,174.78,162.27,147.04,1.6539,-1.3053,0.1,2.5,203.96,-11.95,6.45,0.445,-4.61,-16.54,19.31,18.7,-1.15,,197.9,185.8,188.26,223.42,184.83,43.84,52.64,2.47,-1.93,0.35,25.53,10.56,1.86,-1.95,87.22,8,7,95,44.21,-0.01,42.11,0.21,46.32,0.04,44.21,-0.08,45.26,-0.29,MIXED,46.53,MIXED,Trend + Momentum + RSI + Liquidity,"Structure, VWAP, Gap",-6.82,6.82,167.35,191.83,188.26,VERY_HIGH,388165780.0,NOT_AVAILABLE,NOT_AVAILABLE,,False,False,False,38.34,WATCH,WATCH
1620,TOP10ADD,2026-08-28,88.08,Neutral-Range,38.8,38.07,-2,40,2/10,Low,49.79,0.97,1.1,0.83,88.12,88.02,90.46,-0.0825,0.0233,0.23,25.0,88.7,-0.7,0.5,0.517,0.22,0.18,-0.87,-0.27,0.49,37.78,88.3,87.66,87.89,88.51,87.55,47.11,49.1,0.67,-0.67,0.31,10.98,1.8,1.62,-2.2,84.17,7,8,24,41.67,-0.26,37.5,-0.38,25.0,-0.59,33.33,-0.55,50.0,-1.17,NEGATIVE,30.86,NEGATIVE,No strong driver,"Trend, VWAP",-1.1,1.1,87.11,89.05,87.89,LOW,11507934.0,NOT_AVAILABLE,NOT_AVAILABLE,,False,False,False,38.28,WATCH,WATCH
1621,AGIIL,2026-08-28,289.1,Neutral-Range,48.77,36.99,1,55,4/10,Low,33.86,11.57,4.0,10.0,297.77,316.44,398.35,0.778,0.2398,0.4,20.0,297.86,-2.94,3.38,0.222,0.1,-0.74,-4.24,-7.37,2.84,22.63,295.1,286.1,288.8,310.2,279.0,46.78,49.54,2.36,-2.22,0.37,28.18,7.18,2.03,-5.17,91.56,13,6,100,36.0,0.13,41.0,0.11,40.0,0.11,35.0,-0.41,43.0,-0.81,MIXED,40.05,NEGATIVE,Momentum + MACD + Gap + Liquidity,"Trend, VWAP, RSI",-4.0,4.0,277.53,300.67,288.8,HIGH,335667071.0,NOT_AVAILABLE,NOT_AVAILABLE,,False,False,False,38.24,WATCH,WATCH
1622,SESHAPAPER,2026-08-28,229.61,Neutral-Range,45.28,43.44,0,50,0/10,Low,50.35,7.86,3.42,0.83,229.37,230.35,243.34,-0.2772,0.1318,0.41,25.83,230.43,-0.36,2.91,0.227,-0.22,0.34,-1.05,-5.55,0.7,40.97,234.6,225.1,230.11,235.12,225.1,42.89,52.63,1.65,-1.45,0.17,13.68,9.87,1.68,-1.8,93.39,7,8,100,33.0,-0.49,36.0,-0.78,37.0,-0.9,45.0,-0.9,49.0,-1.52,NEGATIVE,36.5,NEGATIVE,No strong driver,None material,-3.42,3.42,221.75,237.47,230.11,HIGH,10314389.0,NOT_AVAILABLE,NOT_AVAILABLE,,False,False,False,38.24,WATCH,WATCH
1623,DBREALTY,2026-08-28,107.37,Neutral-Range,45.36,32.37,-2,40,3/10,Low,43.81,4.5,4.19,11.67,109.05,111.5,120.45,-0.1432,0.1682,1.14,70.0,107.51,-0.13,3.74,0.396,0.49,1.22,-4.06,-4.81,0.15,57.21,109.65,106.07,106.85,111.38,104.14,44.87,50.79,2.65,-2.33,0.3,16.18,9.21,2.31,-2.43,83.97,10,8,100,33.0,-0.08,38.0,-0.33,42.0,0.02,41.0,1.37,29.0,-0.69,MIXED,49.61,MIXED,Delivery,"Trend, Momentum, RSI",-4.19,4.19,102.87,111.87,106.85,HIGH,98595563.0,NOT_AVAILABLE,NOT_AVAILABLE,,False,False,False,38.22,WATCH,WATCH
1624,UNIVASTU,2026-08-28,160.48,Neutral-Range,48.49,49.15,0,50,3/10,Low,61.4,9.25,5.76,83.33,153.46,131.59,111.06,-2.0191,-0.253,0.18,2.5,151.7,5.79,5.04,0.637,2.29,-6.45,-0.13,17.41,-1.52,,162.5,153.62,156.88,178.98,153.62,48.16,47.24,2.46,-2.15,0.49,37.63,15.53,2.53,-3.21,92.61,20,6,100,46.0,0.04,46.0,0.03,45.0,-0.42,46.0,0.13,50.0,1.24,MIXED,45.69,MIXED,Trend + VWAP + RSI,"Momentum, MACD, Gap",-5.76,5.76,151.23,169.73,156.88,VERY_HIGH,29140762.0,NOT_AVAILABLE,NOT_AVAILABLE,,False,False,False,38.21,WATCH,WATCH
1625,NOCIL,2026-08-28,164.96,Neutral-Range,45.66,36.62,-1,45,4/10,Low,48.6,5.0,3.03,0.83,165.2,166.78,168.01,0.296,0.016,0.46,55.83,171.11,-3.6,2.26,0.19,-0.1,-1.23,2.19,0.48,0.68,63.86,166.5,162.92,165.13,171.0,161.55,43.82,51.84,1.99,-1.72,0.15,8.68,5.13,1.74,-2.35,76.99,6,9,100,41.0,-0.12,44.0,0.25,46.0,0.26,42.0,-0.7,34.0,-2.69,MIXED,44.04,MIXED,Momentum + MACD + Liquidity,"Trend, Structure, VWAP",-3.03,3.03,159.96,169.96,165.13,HIGH,195733583.0,NOT_AVAILABLE,NOT_AVAILABLE,,False,False,False,38.19,WATCH,WATCH
1626,BESTAGRO,2026-08-28,17.61,Neutral-Range,43.8,31.99,-3,35,3/10,Low,46.55,0.87,4.92,12.5,18.08,18.12,91.71,-0.2816,0.0162,0.08,3.33,20.97,-16.02,2.06,0.056,0.8,-3.45,-6.68,-7.9,0.06,49.64,18.0,17.31,17.47,18.49,17.31,41.57,54.34,2.63,-2.48,0.13,27.0,13.91,2.28,-3.8,77.17,9,12,10,70.0,0.95,60.0,1.34,50.0,0.91,40.0,0.36,30.0,-2.01,MIXED,51.58,MIXED,No strong driver,"Trend, Structure, VWAP",-4.92,4.92,16.74,18.48,17.47,HIGH,71430328.0,NOT_AVAILABLE,NOT_AVAILABLE,,False,False,False,38.13,WATCH,WATCH
1627,JUBLFOOD,2026-08-28,490.45,Neutral-Range,45.49,42.33,0,50,3/10,Low,53.88,15.03,3.06,33.33,489.5,467.95,491.16,-2.1857,-1.4019,0.31,14.17,491.4,-0.19,2.51,0.575,-2.69,-3.22,-2.71,11.91,-0.35,43.39,509.0,495.05,504.0,527.85,495.05,45.0,50.66,1.51,-1.32,0.1,6.32,5.39,2.11,-2.08,80.85,9,8,100,42.0,-0.23,43.0,-0.32,40.0,-0.76,40.0,-0.71,42.0,-0.63,NEGATIVE,37.12,NEGATIVE,Trend + RSI + Liquidity,"Momentum, Structure, MACD",-3.06,3.06,475.42,505.48,504.0,HIGH,1845770702.0,NOT_AVAILABLE,NOT_AVAILABLE,,False,False,False,38.13,WATCH,WATCH
1628,ALLDIGI,2026-08-28,813.65,Neutral-Range,45.01,33.53,0,50,1/10,Low,49.2,20.15,2.48,5.0,813.92,817.11,834.1,-0.1353,0.5156,0.51,25.83,809.42,0.52,2.89,0.663,2.06,-0.14,0.03,0.12,-0.28,42.95,819.3,795.5,797.2,823.9,795.5,46.42,49.9,1.54,-1.49,0.01,10.22,12.07,1.84,-2.43,88.43,6,5,10,20.0,-0.36,30.0,-0.14,40.0,-0.71,30.0,-0.23,10.0,-2.83,NEGATIVE,35.74,NEGATIVE,VWAP,Trend,-2.48,2.48,793.5,833.8,797.2,MODERATE,6401720.0,NOT_AVAILABLE,NOT_AVAILABLE,,False,False,False,38.0,WATCH,WATCH
1629,BAJAJHIND,2026-08-28,21.67,Neutral-Range,53.54,46.92,3,65,4/10,Low,60.92,1.3,6.01,99.17,20.19,19.03,19.0,0.2607,-0.099,0.85,55.0,22.2,-2.39,4.5,0.524,2.65,-6.31,25.26,29.37,0.09,14.13,22.48,20.87,21.11,26.0,20.87,42.63,51.97,2.48,-2.02,0.3,14.61,6.58,2.13,-2.35,79.71,9,8,59,38.98,-0.0,38.98,-0.3,38.98,-0.8,40.68,0.29,40.68,0.02,NEGATIVE,40.84,NEGATIVE,Trend + Momentum + RSI + Liquidity,VWAP,-6.01,6.01,20.37,22.97,21.11,VERY_HIGH,1348374722.0,NOT_AVAILABLE,NOT_AVAILABLE,,False,False,False,37.85,WATCH,WATCH
1630,JAINREC,2026-08-28,287.95,Neutral-Range,45.12,36.61,-1,45,4/10,Low,35.52,11.96,4.15,20.0,302.21,326.92,368.35,0.0879,0.2876,0.45,19.17,314.69,-8.5,2.89,0.061,1.02,-2.67,-1.86,-17.3,0.02,38.37,291.8,283.1,285.05,303.75,283.1,46.61,47.88,2.38,-2.29,0.12,13.98,12.29,2.04,-2.18,84.49,5,7,44,43.18,-0.22,54.55,-0.08,45.45,-0.82,47.73,-0.46,45.45,-1.64,MIXED,42.49,NEGATIVE,Momentum + MACD + Liquidity,"Trend, Structure, VWAP",-4.15,4.15,275.99,299.91,285.05,HIGH,568205565.0,NOT_AVAILABLE,NOT_AVAILABLE,,False,False,False,37.64,WATCH,WATCH
1631,ARROWGREEN,2026-08-28,692.0,Neutral-Range,41.93,36.53,-3,35,4/10,Low,44.12,33.59,4.85,30.0,718.34,688.29,593.98,-11.5026,0.8566,0.39,34.17,758.02,-8.71,2.87,0.104,0.42,-2.97,-14.47,-4.21,1.12,,709.0,680.1,689.1,719.3,677.0,43.03,52.63,3.01,-2.18,0.35,26.05,12.76,2.37,-2.78,80.9,8,11,31,29.03,-0.27,25.81,-1.21,48.39,-0.88,48.39,0.22,25.81,-1.49,MIXED,46.23,MIXED,Gap,"Momentum, Structure, VWAP",-4.85,4.85,658.41,725.59,689.1,HIGH,22744988.0,NOT_AVAILABLE,NOT_AVAILABLE,,False,False,False,37.6,WATCH,WATCH
1632,SHALPAINTS,2026-08-28,78.63,Neutral-Range,44.85,43.19,-3,35,4/10,Low,50.88,4.52,5.75,63.33,80.3,71.58,65.2,-1.8079,-0.1646,0.07,0.83,83.24,-5.54,4.98,0.387,-2.2,-2.79,-13.96,17.92,1.97,,83.88,79.0,80.4,84.93,79.0,40.66,55.0,2.46,-1.9,0.37,22.63,7.89,1.85,-2.06,88.8,7,10,19,31.58,-0.23,47.37,-0.34,47.37,0.1,57.89,0.58,57.89,3.15,MIXED,54.56,MIXED,Gap,"Momentum, Structure, VWAP",-5.75,5.75,74.11,83.15,80.4,VERY_HIGH,88283266.0,NOT_AVAILABLE,NOT_AVAILABLE,,False,False,False,37.55,WATCH,WATCH
1633,ISFT,2026-08-28,94.11,Neutral-Range,52.37,44.45,2,60,4/10,Low,70.0,4.96,5.27,56.67,85.81,82.16,83.86,1.4951,-0.1296,1.4,69.17,86.77,8.45,6.24,0.784,-1.11,9.2,14.31,15.74,-1.9,9.09,97.0,92.72,95.17,98.0,83.81,45.26,50.39,2.2,-2.01,0.56,37.24,12.37,2.04,-2.02,95.62,8,6,100,38.0,-0.53,28.0,-0.78,35.0,-0.51,42.0,1.0,42.0,0.47,NEGATIVE,43.91,MIXED,Trend + Momentum + VWAP + RSI,"Volume, Gap",-5.27,5.27,89.15,99.07,95.17,VERY_HIGH,7626209.0,NOT_AVAILABLE,NOT_AVAILABLE,,False,False,False,37.52,WATCH,WATCH
1634,ARIHANTSUP,2026-08-28,255.35,Bearish,41.15,33.53,-4,30,4/10,Low,48.54,9.58,3.75,20.83,256.2,257.87,280.8,0.5358,-0.0521,0.38,47.5,259.9,-1.75,3.82,0.473,-2.35,0.47,3.15,-2.48,0.23,67.65,269.7,259.45,261.5,269.7,246.9,46.58,49.21,2.2,-1.91,0.19,19.74,12.37,1.76,-2.11,90.89,8,10,100,47.0,0.21,42.0,0.25,44.0,0.36,41.0,1.06,46.0,1.93,MIXED,50.43,MIXED,No strong driver,"Trend, Structure, VWAP",-5.63,-1.31,240.97,252.0,269.7,HIGH,5763621.0,NOT_AVAILABLE,NOT_AVAILABLE,,False,False,False,37.51,WATCH,WATCH
1635,KHAICHEM,2026-08-28,55.58,Neutral-Range,52.2,44.91,2,60,3/10,Low,55.22,2.81,5.05,53.33,54.31,53.42,61.68,0.1512,-0.1102,0.24,12.5,56.14,-0.99,2.54,0.505,0.11,-0.43,6.13,17.88,-0.04,43.7,57.51,55.31,55.52,58.79,53.07,42.5,53.03,2.61,-2.05,0.29,18.29,11.58,2.28,-2.19,81.89,6,7,100,35.0,-0.23,39.0,-0.93,38.0,-0.67,44.0,0.6,41.0,1.09,NEGATIVE,43.42,MIXED,Trend + Momentum + RSI,VWAP,-5.05,5.05,52.77,58.39,55.52,VERY_HIGH,19495160.0,NOT_AVAILABLE,NOT_AVAILABLE,,False,False,False,37.49,WATCH,WATCH
1636,ORIENTTECH,2026-08-28,244.8,Neutral-Range,42.18,35.29,-3,35,4/10,Low,39.55,8.88,3.63,5.83,251.02,257.26,288.97,-0.765,0.2801,1.83,95.0,253.32,-3.36,4.78,0.203,0.47,0.47,-5.32,-6.32,0.14,25.43,248.25,242.85,243.65,252.0,240.05,42.86,54.01,2.99,-2.32,0.34,25.64,11.55,2.31,-3.1,82.64,8,9,100,49.0,0.26,48.0,0.3,51.0,0.43,43.0,-0.67,41.0,-0.6,MIXED,46.94,MIXED,Volume,"Trend, Momentum, VWAP",-3.63,3.63,235.92,253.68,243.65,HIGH,42335669.0,NOT_AVAILABLE,NOT_AVAILABLE,,False,False,False,37.48,WATCH,WATCH
1637,GOODLUCK,2026-08-28,449.9,Neutral-Range,48.47,35.47,-2,40,3/10,Low,16.74,95.55,21.24,95.83,983.43,1221.11,1230.93,-97.0059,10.5646,1.14,68.33,1070.08,-57.96,5.29,0.017,3.95,-8.35,-66.04,-70.35,0.37,40.69,448.9,430.5,432.8,494.4,430.5,48.29,47.5,2.31,-2.22,0.24,19.08,8.03,2.0,-3.51,86.3,11,6,96,52.08,0.43,53.12,0.82,52.08,0.79,48.96,1.24,54.17,1.84,MIXED,58.48,POSITIVE,Liquidity,"Trend, Momentum, VWAP",-21.24,21.24,354.35,545.45,432.8,VERY_HIGH,508807617.0,NOT_AVAILABLE,NOT_AVAILABLE,,False,False,False,37.3,WATCH,WATCH
1638,BLUESTONE,2026-08-28,794.7,Neutral-Range,41.45,37.18,-3,35,4/10,Low,51.29,39.52,4.97,48.33,804.96,730.99,596.32,-14.3409,-0.2193,0.08,1.67,845.71,-6.03,2.46,0.055,-0.72,-6.11,-5.98,-2.63,0.44,27.9,819.85,792.95,800.5,850.0,791.5,45.49,49.62,2.63,-2.02,0.36,18.05,7.14,2.04,-2.09,90.43,6,5,100,43.0,-0.17,46.0,-0.73,41.0,-0.99,42.0,1.19,46.0,3.25,NEGATIVE,44.85,MIXED,Liquidity,"Momentum, Structure, VWAP",-4.97,4.97,755.18,834.22,800.5,HIGH,3093856973.0,NOT_AVAILABLE,NOT_AVAILABLE,,False,False,False,37.3,WATCH,WATCH
1639,KOLTEPATIL,2026-08-28,448.2,Neutral-Range,44.08,38.68,-1,45,3/10,Low,53.12,20.86,4.65,78.33,448.27,420.48,389.52,-5.1367,-0.5906,0.05,1.67,497.92,-9.99,2.09,0.39,0.06,-4.34,-6.18,16.39,0.46,37.12,458.5,446.1,447.95,482.65,443.65,44.87,50.79,1.92,-1.64,0.21,10.26,6.97,2.47,-2.03,85.11,8,8,100,54.0,0.18,44.0,-0.27,42.0,-0.38,43.0,-0.93,35.0,-1.45,NEGATIVE,39.51,NEGATIVE,RSI + Liquidity,"Momentum, VWAP, MACD",-4.65,4.65,427.34,469.06,447.95,HIGH,434416836.0,NOT_AVAILABLE,NOT_AVAILABLE,,False,False,False,37.21,WATCH,WATCH
1640,COFFEEDAY,2026-08-28,29.49,Neutral-Range,43.96,33.64,-2,40,4/10,Low,42.69,1.32,4.49,31.67,30.16,30.75,31.59,0.0212,0.0053,0.88,63.33,31.0,-4.87,5.85,0.206,-1.47,1.41,2.32,-3.34,0.0,,31.26,29.75,29.93,31.26,28.06,40.34,54.62,3.11,-2.27,0.23,19.89,13.17,2.77,-3.09,68.16,8,9,100,40.0,0.18,41.0,1.21,41.0,0.73,44.0,-0.52,41.0,0.41,MIXED,45.59,MIXED,Momentum + MACD,"Trend, Structure, VWAP",-4.49,4.49,28.17,30.81,29.93,HIGH,14464641.0,NOT_AVAILABLE,NOT_AVAILABLE,,False,False,False,37.18,WATCH,WATCH
1641,NIITMTS,2026-08-28,233.07,Neutral-Range,44.41,37.15,-1,45,3/10,Low,46.27,8.75,3.75,0.83,235.43,239.35,285.61,-1.0313,0.391,1.28,77.5,240.25,-2.99,3.34,0.353,1.42,1.87,-3.27,-2.81,-1.18,57.65,233.68,226.5,229.81,234.65,221.67,45.66,49.87,1.78,-1.75,0.26,17.89,10.66,1.92,-1.73,93.86,8,9,100,51.0,-0.03,42.0,-0.57,47.0,-0.59,46.0,-1.18,37.0,-2.03,MIXED,40.47,NEGATIVE,Volume + Delivery,"Trend, VWAP, Gap",-3.75,3.75,224.32,241.82,229.81,HIGH,34084080.0,NOT_AVAILABLE,NOT_AVAILABLE,,False,False,False,37.09,WATCH,WATCH
1642,GANESHHOU,2026-08-28,803.6,Neutral-Range,40.94,38.03,-3,35,3/10,Low,49.89,30.11,3.75,11.67,806.98,790.84,759.28,-0.6471,-1.0243,0.52,41.67,810.04,-0.79,2.64,0.517,0.66,-0.75,-3.83,8.51,-0.04,44.59,825.9,791.1,798.3,845.0,791.1,40.73,53.63,1.88,-1.44,0.07,13.31,9.68,2.25,-1.7,84.67,5,7,100,39.0,0.11,42.0,-0.04,40.0,-0.22,40.0,0.32,42.0,-0.38,NEGATIVE,43.4,MIXED,No strong driver,"Momentum, VWAP, MACD",-3.75,3.75,773.49,833.71,798.3,HIGH,30911803.0,NOT_AVAILABLE,NOT_AVAILABLE,,False,False,False,37.04,WATCH,WATCH
1643,SIGMA,2026-08-28,47.25,Neutral-Range,48.8,38.7,-1,45,3/10,Low,56.4,2.91,6.17,40.0,46.5,44.19,76.07,-0.1796,-0.0733,0.83,59.17,48.08,-1.72,5.45,0.274,-0.61,-2.88,2.36,-14.06,0.76,42.98,49.7,46.77,47.54,51.2,45.69,41.84,53.68,2.41,-2.04,0.66,40.0,12.76,2.51,-3.3,90.6,6,9,100,46.0,0.08,50.0,0.25,52.0,0.82,43.0,0.37,40.0,0.47,MIXED,53.01,MIXED,Trend + RSI,"Momentum, VWAP, MACD",-6.17,6.17,44.34,50.16,47.54,VERY_HIGH,13033136.0,NOT_AVAILABLE,NOT_AVAILABLE,,False,False,False,37.0,WATCH,WATCH
1644,PARACABLES,2026-08-28,62.37,Neutral-Range,51.6,45.32,2,60,4/10,Low,45.56,3.18,5.1,16.67,63.41,63.51,54.32,-0.453,0.19,1.37,75.0,65.13,-4.23,7.12,0.303,5.05,-0.21,-4.44,-3.87,0.3,51.39,61.52,58.28,59.37,63.75,58.28,44.08,51.45,2.84,-2.35,0.46,23.95,8.29,2.46,-3.01,81.26,7,12,100,33.0,-0.29,34.0,-0.89,39.0,-0.31,42.0,-0.1,47.0,-0.54,NEGATIVE,41.71,NEGATIVE,Volume + Structure + Delivery + Liquidity,"Trend, VWAP",-5.1,5.1,59.19,65.55,59.37,VERY_HIGH,117569563.0,NOT_AVAILABLE,NOT_AVAILABLE,,False,False,False,37.0,WATCH,WATCH
1645,BBL,2026-08-28,2358.8,Bearish,37.72,33.26,-4,30,4/10,Low,43.45,66.58,2.82,3.33,2383.77,2497.02,2678.59,17.7059,-0.1694,0.33,3.33,2357.71,0.05,1.65,0.31,-0.49,-1.29,3.24,-6.56,0.57,64.83,2392.2,2339.3,2370.4,2460.6,2329.0,46.05,49.74,2.26,-2.09,0.13,14.34,7.37,1.76,-3.44,84.44,7,7,100,41.0,-0.29,46.0,-0.24,39.0,-0.68,41.0,0.09,45.0,0.15,NEGATIVE,40.64,NEGATIVE,No strong driver,"Trend, Momentum, RSI",-4.23,-0.99,2258.93,2335.5,2392.2,MODERATE,86268104.0,NOT_AVAILABLE,NOT_AVAILABLE,,False,False,False,36.95,WATCH,WATCH
1646,BANSALWIRE,2026-08-28,318.0,Neutral-Range,40.07,40.65,-3,35,4/10,Low,47.23,10.22,3.21,0.83,320.72,319.38,313.02,-0.4887,-0.0532,0.18,6.67,324.0,-1.85,1.23,0.207,0.33,-1.33,-0.08,1.06,0.74,53.89,326.0,315.35,316.95,331.0,315.35,44.14,52.56,1.93,-1.6,0.32,21.79,11.17,2.08,-2.29,89.07,7,9,9,44.44,-0.33,44.44,-0.14,44.44,-0.79,44.44,-0.51,55.56,1.45,NEGATIVE,40.91,NEGATIVE,Delivery,"Trend, Momentum, VWAP",-3.21,3.21,307.78,328.22,316.95,HIGH,42680510.0,NOT_AVAILABLE,NOT_AVAILABLE,,False,False,False,36.94,WATCH,WATCH
1647,PATANJALI,2026-08-28,348.45,Neutral-Range,40.77,33.47,-2,40,4/10,Low,37.8,7.99,2.29,10.83,353.18,372.22,546.6,1.213,-0.0649,0.34,9.17,354.3,-1.65,1.28,0.269,0.06,0.13,-1.01,-1.73,0.22,50.03,348.85,345.25,348.25,352.6,345.25,47.37,47.89,1.29,-1.48,0.01,8.29,6.05,1.84,-3.32,84.78,9,7,100,45.0,-0.17,40.0,-0.3,41.0,-0.65,39.0,-0.98,25.0,-1.44,NEGATIVE,36.48,NEGATIVE,Delivery + Liquidity,"Trend, Momentum, VWAP",-2.29,2.29,340.46,356.44,348.25,MODERATE,1134212099.0,NOT_AVAILABLE,NOT_AVAILABLE,,False,False,False,36.89,WATCH,WATCH
1648,ALBERTDAVD,2026-08-28,898.6,Neutral-Range,47.97,45.83,3,65,3/10,Low,75.92,29.17,3.25,37.5,823.13,770.02,752.93,6.5337,-0.5553,0.76,65.0,824.92,8.93,3.59,0.941,0.94,3.99,10.6,30.36,0.48,41.55,899.0,861.0,890.25,899.0,850.05,45.0,50.79,1.89,-1.57,0.33,24.08,9.34,1.9,-2.28,89.47,8,9,47,27.66,-0.66,38.3,-1.17,29.79,-1.53,31.91,-1.39,23.4,-2.42,NEGATIVE,24.91,NEGATIVE,Trend + Structure + VWAP,None material,-3.25,3.25,869.43,927.77,890.25,HIGH,21813496.0,NOT_AVAILABLE,NOT_AVAILABLE,,False,False,False,36.87,WATCH,WATCH
1649,SAHYADRI,2026-08-28,343.6,Neutral-Range,46.06,42.07,-2,40,4/10,Low,52.37,18.48,5.38,63.33,345.08,321.33,285.41,-4.6103,-0.6065,0.18,4.17,359.35,-4.38,4.84,0.343,-1.31,-8.14,-4.58,13.18,1.16,62.61,352.25,342.0,348.15,382.0,332.3,45.92,49.74,1.9,-1.77,0.42,26.05,11.84,2.32,-2.14,93.21,6,7,100,43.0,-0.02,44.0,-0.08,53.0,0.24,50.0,-0.1,42.0,-0.57,MIXED,51.61,MIXED,RSI + Gap,"Momentum, VWAP, MACD",-5.38,5.38,325.12,362.08,348.15,VERY_HIGH,14353881.0,NOT_AVAILABLE,NOT_AVAILABLE,,False,False,False,36.84,WATCH,WATCH
1650,GODREJPROP,2026-08-28,2029.1,Neutral-Range,38.78,40.03,-2,40,3/10,Low,48.75,55.69,2.74,6.67,2042.61,2003.05,1930.85,-2.4863,-0.6062,0.56,20.0,2050.79,-1.06,2.84,0.34,-1.95,-0.29,1.96,-3.64,0.29,42.08,2095.0,2023.9,2069.4,2095.0,2011.5,49.87,45.66,1.78,-1.83,0.18,9.87,6.45,1.87,-1.92,72.78,8,7,13,46.15,-0.29,38.46,-0.81,38.46,-0.14,30.77,-1.97,53.85,-0.57,NEGATIVE,30.79,NEGATIVE,Liquidity,"Momentum, VWAP, MACD",-2.74,2.74,1973.41,2084.79,2069.4,MODERATE,1196059731.0,NOT_AVAILABLE,NOT_AVAILABLE,,False,False,False,36.84,WATCH,WATCH
1651,IPL,2026-08-28,139.0,Neutral-Range,41.66,35.57,-1,45,4/10,Low,35.77,3.33,2.4,1.67,142.21,148.1,159.99,0.3054,0.0708,0.32,25.83,144.01,-3.48,1.42,0.164,0.88,-0.91,-1.08,-9.83,0.22,51.05,141.26,137.02,137.79,143.64,137.02,42.24,53.55,2.1,-1.78,0.23,12.37,6.58,2.1,-2.19,82.92,7,9,100,42.0,-0.21,39.0,-0.58,39.0,-0.59,34.0,-1.4,39.0,-2.01,NEGATIVE,32.59,NEGATIVE,Momentum + MACD + Delivery,"Trend, Structure, VWAP",-2.4,2.4,135.67,142.33,137.79,MODERATE,21739279.0,NOT_AVAILABLE,NOT_AVAILABLE,,False,False,False,36.82,WATCH,WATCH
1652,HUHTAMAKI,2026-08-28,262.9,Neutral-Range,43.26,39.9,-1,45,2/10,Low,45.79,11.23,4.27,69.17,271.97,254.07,217.59,-4.4671,0.1672,0.52,35.83,282.23,-6.85,2.11,0.075,0.92,-4.0,-5.11,-11.82,0.0,54.45,270.4,259.0,260.5,279.0,259.0,46.58,49.21,1.9,-1.74,0.23,13.95,7.76,1.73,-1.79,83.29,8,9,22,54.55,0.05,36.36,-1.1,45.45,-0.65,31.82,-0.57,54.55,0.78,MIXED,37.16,NEGATIVE,Delivery,"Structure, VWAP",-4.27,4.27,251.67,274.13,260.5,HIGH,53295993.0,NOT_AVAILABLE,NOT_AVAILABLE,,False,False,False,36.74,WATCH,WATCH
1653,TARSONS,2026-08-28,332.25,Neutral-Range,47.58,47.19,0,50,3/10,Low,53.32,17.9,5.39,60.83,330.63,305.97,266.91,-2.0759,-0.6495,0.09,10.0,348.84,-4.76,2.88,0.509,0.87,-3.68,-7.79,5.61,0.68,48.02,347.35,325.6,329.4,353.9,325.6,41.84,53.82,2.07,-1.65,0.2,15.92,9.08,1.95,-2.09,90.57,12,13,65,46.15,-0.05,47.69,-0.49,35.38,-0.85,49.23,0.47,44.62,0.35,NEGATIVE,43.09,MIXED,Trend + RSI + Liquidity,"Momentum, VWAP, MACD",-5.39,5.39,314.35,350.15,329.4,VERY_HIGH,305154373.0,NOT_AVAILABLE,NOT_AVAILABLE,,False,False,False,36.7,WATCH,WATCH
1654,MONARCH,2026-08-28,376.6,Neutral-Range,41.68,39.53,-2,40,3/10,Low,47.72,14.75,3.92,52.5,381.33,368.97,335.33,-2.6164,-0.0911,0.38,33.33,385.78,-2.38,1.73,0.534,0.51,-2.3,-3.58,-3.47,0.08,54.74,383.1,369.2,374.7,396.85,341.85,46.71,48.68,2.02,-1.78,0.27,18.95,7.37,1.94,-2.98,86.0,10,7,100,43.0,-0.01,44.0,-0.18,44.0,-0.72,39.0,-0.52,42.0,0.16,NEGATIVE,39.09,NEGATIVE,Delivery,"Momentum, VWAP, MACD",-3.92,3.92,361.85,391.35,374.7,HIGH,63786884.0,NOT_AVAILABLE,NOT_AVAILABLE,,False,False,False,36.64,WATCH,WATCH
1655,MTNL,2026-08-28,27.25,Bullish,49.86,43.62,4,70,4/10,Low,49.76,0.86,3.16,10.83,27.07,27.88,31.45,0.0824,0.0454,3.87,98.33,27.13,0.46,6.78,0.446,2.6,1.6,3.42,0.81,-0.04,23.08,26.88,26.35,26.56,27.73,26.34,41.97,53.03,2.99,-2.23,0.25,15.39,10.66,2.5,-2.64,75.45,7,13,100,41.0,-0.26,37.0,-0.61,31.0,-1.3,27.0,-1.55,36.0,-1.25,NEGATIVE,23.9,NEGATIVE,Momentum + Volume + Structure + MACD,None material,1.11,4.74,27.55,28.54,26.35,HIGH,27446897.0,NOT_AVAILABLE,NOT_AVAILABLE,,False,False,False,36.52,WATCH,WATCH
1656,3IINFOLTD,2026-08-28,23.85,Neutral-Range,49.88,43.93,1,55,2/10,Low,52.2,1.23,5.16,95.83,23.91,22.04,19.33,-0.4464,0.0393,0.16,5.83,25.62,-6.92,5.0,0.345,1.92,2.1,-11.5,2.76,0.43,,24.49,23.22,23.4,25.0,21.77,40.13,54.21,2.3,-1.74,0.24,14.87,7.76,1.9,-2.26,83.06,7,12,100,39.0,-0.08,40.0,-0.18,38.0,-0.58,44.0,0.46,47.0,1.46,NEGATIVE,43.22,MIXED,Momentum + RSI,VWAP,-5.16,5.16,22.62,25.08,23.4,VERY_HIGH,30007688.0,NOT_AVAILABLE,NOT_AVAILABLE,,False,False,False,36.45,WATCH,WATCH
1657,BHARATWIRE,2026-08-28,186.99,Neutral-Range,42.06,37.43,-2,40,4/10,Low,41.68,6.34,3.39,0.83,191.39,197.85,196.49,0.1265,0.082,0.6,55.0,193.67,-3.45,1.76,0.113,-0.35,-0.95,-0.54,-5.08,-0.53,43.7,188.94,184.24,187.64,191.8,184.24,40.26,55.0,2.77,-2.01,0.16,19.87,12.11,1.76,-2.16,83.41,5,9,100,40.0,0.06,42.0,0.09,46.0,0.28,32.0,-0.81,30.0,-3.07,MIXED,40.18,NEGATIVE,Momentum + MACD,"Trend, Structure, VWAP",-3.39,3.39,180.65,193.33,187.64,HIGH,27101948.0,NOT_AVAILABLE,NOT_AVAILABLE,,False,False,False,36.39,WATCH,WATCH
1658,NIBE,2026-08-28,1408.1,Neutral-Range,44.37,34.65,-1,45,4/10,Low,44.74,60.6,4.3,4.17,1437.6,1451.31,1326.87,-1.2916,0.1363,0.4,17.5,1450.33,-2.91,1.75,0.229,1.4,-5.55,-5.5,2.11,2.3,47.11,1407.8,1378.1,1388.6,1544.8,1378.1,43.04,53.67,3.01,-2.36,0.56,33.42,9.62,2.4,-3.27,76.37,6,8,18,33.33,-0.23,44.44,-0.19,27.78,0.18,38.89,0.32,22.22,1.6,MIXED,40.33,NEGATIVE,Structure + Gap + Liquidity,"Trend, Momentum, VWAP",-4.3,4.3,1347.5,1468.7,1388.6,HIGH,116438289.0,NOT_AVAILABLE,NOT_AVAILABLE,,False,False,False,36.29,WATCH,WATCH
1659,NARMADA,2026-08-28,13.96,Neutral-Range,49.9,37.75,0,50,2/10,Low,27.12,1.51,10.8,83.33,16.94,23.78,28.52,0.6854,0.0427,0.24,14.17,14.97,-6.72,2.31,0.212,0.65,0.36,-8.1,-17.98,0.79,41.38,14.51,13.8,13.87,15.15,13.25,45.13,47.89,2.48,-2.26,0.62,37.76,12.89,2.5,-2.85,83.95,12,11,100,44.0,-0.16,42.0,-0.27,47.0,-0.23,51.0,0.33,58.0,1.61,MIXED,49.7,MIXED,Momentum + MACD,"Trend, VWAP",-10.8,10.8,12.45,15.47,13.87,VERY_HIGH,24596683.0,NOT_AVAILABLE,NOT_AVAILABLE,,False,False,False,36.22,WATCH,WATCH
1660,DHUNINV,2026-08-28,1026.45,Neutral-Range,48.42,42.66,0,50,3/10,Low,57.26,63.35,6.17,82.5,982.58,939.72,1003.04,5.4573,-1.5666,0.38,36.67,1066.96,-3.8,5.84,0.563,-1.92,5.21,-3.48,21.25,0.35,81.89,1130.0,1037.0,1046.5,1151.75,956.4,44.74,51.05,2.43,-1.94,0.69,38.03,10.92,2.2,-2.13,88.2,6,8,10,60.0,1.28,40.0,-0.56,50.0,0.23,50.0,-1.36,60.0,8.47,MIXED,45.48,MIXED,Trend + Momentum + RSI,"Structure, VWAP, Delivery",-6.17,6.17,963.1,1089.8,1046.5,VERY_HIGH,7064430.0,NOT_AVAILABLE,NOT_AVAILABLE,,False,False,False,36.19,WATCH,WATCH
1661,HONAUT,2026-08-28,36635.0,Neutral-Range,37.93,35.27,-3,35,4/10,Low,42.8,807.25,2.2,0.83,37112.01,37057.86,35202.68,-45.7897,20.8407,0.56,37.5,37333.64,-1.87,1.24,0.254,-0.45,-0.18,-1.53,-3.98,-0.14,46.7,36895.0,36145.0,36800.0,37190.0,36145.0,43.03,52.37,1.31,-1.06,0.2,9.61,4.74,1.56,-2.39,89.21,8,8,100,40.0,-0.09,41.0,-0.28,33.0,-0.36,31.0,-0.29,32.0,0.1,NEGATIVE,34.8,NEGATIVE,Liquidity,"Trend, Momentum, VWAP",-2.2,2.2,35827.75,37442.25,36800.0,MODERATE,101838701.0,NOT_AVAILABLE,NOT_AVAILABLE,,False,False,False,36.16,WATCH,WATCH
1662,DLINKINDIA,2026-08-28,443.25,Neutral-Range,41.15,40.43,0,50,0/10,Low,48.58,12.78,2.88,16.67,441.9,454.65,455.15,3.3987,-0.0792,0.25,4.17,442.05,0.27,2.49,0.654,1.2,1.72,5.42,-1.89,0.3,49.68,446.45,436.9,438.0,454.6,434.35,44.74,51.05,2.1,-1.7,0.26,15.26,7.11,1.78,-1.97,83.07,8,7,15,33.33,-0.87,40.0,-0.78,46.67,-1.13,33.33,-3.44,26.67,-2.43,MIXED,24.72,NEGATIVE,No strong driver,None material,-2.88,2.88,430.47,456.03,438.0,MODERATE,95891967.0,NOT_AVAILABLE,NOT_AVAILABLE,,False,False,False,36.15,WATCH,WATCH
1663,GODFRYPHLP,2026-08-28,2123.7,Neutral-Range,39.93,33.51,-2,40,3/10,Low,46.25,56.04,2.64,10.0,2146.21,2166.08,2728.44,-5.54,1.5567,0.32,15.83,2241.39,-5.25,1.61,0.165,0.41,0.32,-1.18,-0.45,0.12,30.23,2161.0,2110.0,2115.0,2163.9,2067.1,44.08,51.71,2.87,-2.22,0.16,13.03,7.5,2.06,-3.28,79.25,6,8,100,43.0,0.14,45.0,0.66,36.0,0.2,32.0,-1.38,40.0,-0.88,MIXED,34.08,NEGATIVE,Liquidity,"Trend, Structure, VWAP",-2.64,2.64,2067.66,2179.74,2115.0,MODERATE,890427153.0,NOT_AVAILABLE,NOT_AVAILABLE,,False,False,False,36.05,WATCH,WATCH
1664,KAVDEFENCE,2026-08-28,57.22,Bearish,40.31,31.48,-4,30,4/10,Low,45.63,2.75,4.8,31.67,57.87,59.15,64.36,0.1845,-0.0675,0.62,25.0,58.12,-1.55,2.39,0.367,-1.05,0.56,0.46,0.19,-0.22,57.48,60.3,57.5,57.83,62.09,56.5,43.79,51.63,3.47,-2.67,0.16,34.31,31.7,3.05,-2.72,52.18,12,16,81,45.68,-0.09,48.15,0.98,45.68,1.18,44.44,-0.81,43.21,-0.98,MIXED,48.02,MIXED,No strong driver,"Trend, Structure, VWAP",-7.2,-1.68,53.1,56.26,60.3,HIGH,7032578.0,NOT_AVAILABLE,NOT_AVAILABLE,,False,False,False,36.04,WATCH,WATCH
1665,HERANBA,2026-08-28,171.64,Neutral-Range,50.01,36.03,3,65,4/10,Low,48.04,7.12,4.15,33.33,172.01,177.25,209.0,0.7711,0.0513,0.28,10.0,172.03,-0.23,2.36,0.463,1.15,4.1,1.11,-4.42,2.54,52.62,177.49,168.97,169.69,186.8,161.0,41.97,53.29,2.13,-1.81,0.22,16.71,9.61,1.99,-1.98,78.93,10,12,100,37.0,-0.24,39.0,-0.65,37.0,-0.54,29.0,-1.3,29.0,-1.92,NEGATIVE,30.74,NEGATIVE,Momentum + MACD + Gap + Delivery,Trend,-4.15,4.15,164.52,178.76,169.69,HIGH,11443012.0,NOT_AVAILABLE,NOT_AVAILABLE,,False,False,False,36.0,WATCH,WATCH
1666,LIQUIDIETF,2026-08-28,999.99,Neutral-Range,46.07,32.38,3,65,3/10,Low,51.85,1.65,0.16,83.33,999.95,999.96,999.98,0.0151,-0.001,0.97,60.83,999.94,0.0,0.0,1.0,0.0,0.0,0.11,0.0,0.0,72.22,1000.01,999.99,999.99,1000.01,999.95,5.35,5.21,0.01,-0.01,-0.0,0.14,0.14,3.0,-3.0,100.0,1,2,39,7.69,0.0,0.0,0.0,5.13,0.0,7.69,0.0,0.0,0.0,MIXED,19.49,NEGATIVE,Trend + Structure + Liquidity,None material,-0.16,0.16,998.34,1001.64,999.99,LOW,498364948.0,NOT_AVAILABLE,NOT_AVAILABLE,,False,False,False,35.91,WATCH,WATCH
1667,VIPIND,2026-08-28,305.8,Neutral-Range,46.47,41.92,2,60,2/10,Low,50.22,10.72,3.5,32.5,305.65,306.22,332.06,-0.315,0.0595,0.98,62.5,306.8,-0.33,3.11,0.324,0.49,-0.83,2.0,2.29,-0.62,60.25,311.0,301.15,304.3,316.85,298.0,42.63,52.89,1.83,-1.62,0.03,7.63,7.76,1.92,-2.41,86.51,8,9,100,43.0,-0.05,38.0,-0.48,37.0,-1.18,34.0,-2.02,33.0,-3.16,NEGATIVE,27.05,NEGATIVE,Delivery + Liquidity,None material,-3.5,3.5,295.08,316.52,304.3,HIGH,114093824.0,NOT_AVAILABLE,NOT_AVAILABLE,,False,False,False,35.78,WATCH,WATCH
1668,MOREALTY,2026-08-28,90.82,Neutral-Range,37.19,40.19,-1,45,4/10,Low,53.16,1.79,1.98,0.83,90.54,88.36,84.76,-0.0488,-0.0456,0.59,35.0,90.33,0.55,1.63,0.571,-0.49,-0.43,1.28,0.56,1.0,58.34,92.32,91.0,91.27,92.88,90.84,48.96,47.2,1.29,-1.29,0.51,20.96,3.68,1.78,-1.68,91.84,9,7,57,42.11,-0.35,36.84,-0.7,29.82,-1.62,29.82,-2.39,26.32,-3.6,NEGATIVE,19.83,NEGATIVE,Trend + VWAP + RSI,"Momentum, Structure, MACD",-1.98,1.98,89.03,92.61,91.27,LOW,50437300.0,NOT_AVAILABLE,NOT_AVAILABLE,,False,False,False,35.67,WATCH,WATCH
1669,ROUTE,2026-08-28,509.35,Neutral-Range,45.02,35.53,0,50,3/10,Low,44.23,16.62,3.26,23.33,517.28,527.42,592.21,0.7888,0.3462,0.57,54.17,518.6,-1.78,1.55,0.361,0.07,1.4,0.81,-5.68,0.54,47.45,531.0,508.05,509.0,534.4,486.65,39.74,55.66,1.53,-1.32,0.18,9.74,5.0,1.8,-2.09,84.14,7,12,10,50.0,-0.59,40.0,-1.26,30.0,-0.3,40.0,-0.63,40.0,-0.09,NEGATIVE,35.78,NEGATIVE,Momentum + MACD + Liquidity,"Trend, VWAP, RSI",-3.26,3.26,492.73,525.97,509.0,HIGH,116646992.0,NOT_AVAILABLE,NOT_AVAILABLE,,False,False,False,35.61,WATCH,WATCH
1670,RAJSREESUG,2026-08-28,36.49,Neutral-Range,53.26,40.29,3,65,4/10,Low,57.63,2.19,6.01,75.83,34.97,33.4,34.1,0.1898,-0.1315,0.42,21.67,37.41,-2.45,3.29,0.558,3.52,-6.68,11.69,24.58,2.7,46.65,37.3,35.1,35.25,42.0,35.1,42.5,52.76,2.62,-2.12,0.64,36.97,10.53,2.23,-2.32,86.79,8,8,100,35.0,-0.21,37.0,-0.56,34.0,-0.56,35.0,0.78,40.0,-0.0,NEGATIVE,40.03,NEGATIVE,Trend + Momentum + RSI + Gap,VWAP,-6.01,6.01,34.3,38.68,35.25,VERY_HIGH,5576074.0,NOT_AVAILABLE,NOT_AVAILABLE,,False,False,False,35.57,WATCH,WATCH
1671,VIKRAMSOLR,2026-08-28,172.71,Neutral-Range,46.79,34.75,1,55,3/10,Low,47.91,6.94,4.02,26.67,172.96,180.57,215.96,1.1819,0.0117,0.18,0.83,176.41,-2.1,1.97,0.552,0.41,-0.3,7.84,-2.78,0.51,38.36,176.3,171.03,172.01,178.15,169.31,40.61,54.41,2.24,-2.11,0.34,21.07,8.81,2.19,-2.69,80.09,4,9,53,43.4,0.02,45.28,-0.36,41.51,-0.29,33.96,-1.46,32.08,-3.5,NEGATIVE,34.41,NEGATIVE,Momentum + MACD + Liquidity,"Trend, VWAP",-4.02,4.02,165.77,179.65,172.01,HIGH,1253603737.0,NOT_AVAILABLE,NOT_AVAILABLE,,False,False,False,35.56,WATCH,WATCH
1672,UGARSUGAR,2026-08-28,54.13,Bullish,53.07,45.77,4,70,4/10,Low,60.96,3.93,7.27,99.17,50.24,45.97,43.02,0.184,-0.1345,0.75,47.5,52.28,3.54,10.77,0.63,6.77,-4.19,12.33,33.03,0.39,40.54,55.9,50.15,50.7,62.1,50.15,42.11,53.03,1.94,-1.67,0.36,18.42,7.63,1.9,-1.86,87.36,6,9,82,37.8,-0.25,45.12,-0.12,36.59,-0.88,39.02,-1.22,31.71,-2.08,NEGATIVE,33.06,NEGATIVE,Trend + Momentum + VWAP + RSI,None material,2.54,10.9,55.51,60.03,50.15,VERY_HIGH,55897310.0,NOT_AVAILABLE,NOT_AVAILABLE,,False,False,False,35.42,WATCH,WATCH
1673,AWHCL,2026-08-28,387.3,Neutral-Range,42.39,32.97,-2,40,4/10,Low,34.77,11.67,3.01,10.0,397.23,421.76,470.8,1.5484,0.5639,0.3,12.5,396.51,-2.32,1.53,0.197,-0.49,0.9,-0.77,-9.25,0.46,46.36,392.0,383.05,389.2,393.85,376.55,44.21,51.45,2.35,-1.89,0.28,18.82,8.68,1.89,-2.97,88.13,7,9,100,45.0,0.2,39.0,0.34,37.0,0.06,35.0,0.17,39.0,0.61,MIXED,41.12,NEGATIVE,Momentum + MACD,"Trend, Structure, VWAP",-3.01,3.01,375.63,398.97,389.2,HIGH,59303260.0,NOT_AVAILABLE,NOT_AVAILABLE,,False,False,False,35.39,WATCH,WATCH
1674,PSUBANK,2026-08-28,86.15,Neutral-Range,48.15,35.16,-1,45,2/10,Low,10.53,7.04,8.17,70.83,106.77,265.65,605.12,17.8669,-1.0389,0.17,8.33,85.86,0.34,1.56,0.552,0.08,0.05,-1.25,2.99,1.07,40.61,87.63,85.8,86.08,87.9,83.96,49.36,46.81,1.14,-1.41,0.16,20.93,9.74,1.97,-3.6,90.38,7,8,100,51.0,-0.15,45.0,-0.18,53.0,0.02,48.0,0.18,47.0,0.36,MIXED,51.15,MIXED,Gap,"Trend, Momentum",-8.17,8.17,79.11,93.19,86.08,VERY_HIGH,54024943.0,NOT_AVAILABLE,NOT_AVAILABLE,,False,False,False,35.28,WATCH,WATCH
1675,ANDHRSUGAR,2026-08-28,98.02,Neutral-Range,43.11,40.9,0,50,3/10,Low,56.83,4.39,4.48,42.5,95.99,91.32,84.45,-0.5659,-0.0669,0.37,22.5,99.25,-1.24,4.75,0.666,2.69,-0.83,-3.79,19.35,0.95,32.2,99.49,95.0,95.45,102.99,95.0,43.29,51.97,1.73,-1.45,0.29,11.84,5.39,2.07,-1.83,85.91,6,8,56,39.29,-0.58,37.5,-0.85,35.71,-1.21,35.71,-1.21,25.0,-2.25,NEGATIVE,30.32,NEGATIVE,Trend + RSI + Liquidity,"Momentum, VWAP, MACD",-4.48,4.48,93.63,102.41,95.45,HIGH,163886108.0,NOT_AVAILABLE,NOT_AVAILABLE,,False,False,False,35.28,WATCH,WATCH
1676,ORIENTELEC,2026-08-28,180.17,Neutral-Range,39.72,36.24,-3,35,4/10,Low,47.39,5.71,3.17,12.5,182.61,180.69,183.55,-0.8777,-0.1643,0.18,11.67,183.39,-1.76,1.53,0.319,0.4,-2.65,-3.81,3.09,0.5,48.08,187.0,177.14,179.46,187.81,177.14,43.68,51.84,1.72,-1.46,0.17,11.71,6.32,1.76,-2.29,86.16,8,8,16,50.0,0.12,68.75,0.78,50.0,0.46,31.25,-1.34,31.25,-0.55,MIXED,39.92,NEGATIVE,Liquidity,"Trend, Momentum, VWAP",-3.17,3.17,174.46,185.88,179.46,HIGH,112087363.0,NOT_AVAILABLE,NOT_AVAILABLE,,False,False,False,35.27,WATCH,WATCH
1677,SURAJEST,2026-08-28,198.68,Neutral-Range,45.72,37.28,1,55,3/10,Low,46.01,6.42,3.23,14.17,200.94,202.11,228.37,-1.3075,0.2831,1.32,80.83,205.56,-3.35,4.7,0.235,1.49,1.65,-7.3,1.39,-0.39,75.94,197.25,193.1,195.77,201.0,193.1,44.1,51.97,2.31,-2.02,0.43,23.87,9.32,2.15,-2.06,82.53,8,8,100,37.0,-0.49,36.0,-0.26,39.0,-0.54,35.0,-1.85,41.0,-3.09,NEGATIVE,31.34,NEGATIVE,Volume + Structure + Delivery,"Trend, VWAP",-3.23,3.23,192.26,205.1,195.77,HIGH,27321696.0,NOT_AVAILABLE,NOT_AVAILABLE,,False,False,False,35.24,WATCH,WATCH
1678,ADANIENSOL,2026-08-28,1581.4,Neutral-Range,40.63,38.41,-2,40,3/10,Low,46.8,49.02,3.1,10.83,1597.02,1581.77,1321.8,-0.7611,0.6664,0.71,33.33,1593.56,-0.76,2.78,0.365,-2.2,2.56,-2.14,-3.89,-0.43,48.39,1617.7,1581.9,1617.0,1637.0,1527.0,47.63,48.03,2.07,-1.79,0.3,14.87,6.84,2.27,-2.86,82.56,12,8,25,36.0,-0.21,44.0,-0.88,24.0,-1.81,36.0,1.83,60.0,6.65,NEGATIVE,36.08,NEGATIVE,Liquidity,"Trend, Structure, VWAP",-3.1,3.1,1532.38,1630.42,1617.0,HIGH,3685321291.0,NOT_AVAILABLE,NOT_AVAILABLE,,False,False,False,35.23,WATCH,WATCH
1679,LIBERTSHOE,2026-08-28,244.35,Neutral-Range,42.31,32.67,-2,40,4/10,Low,43.23,8.37,3.43,0.83,248.94,253.08,268.51,0.2403,0.036,0.33,33.33,249.67,-2.13,2.0,0.238,-0.31,-0.97,2.37,-6.16,0.0,60.87,248.8,244.0,245.1,250.95,241.35,42.63,52.76,2.46,-1.92,0.43,26.05,9.34,2.12,-2.37,89.97,6,8,100,38.0,-0.05,41.0,-0.14,33.0,0.04,38.0,0.22,38.0,-0.19,MIXED,40.89,NEGATIVE,Momentum + MACD,"Trend, VWAP, RSI",-3.43,3.43,235.98,252.72,245.1,HIGH,7713842.0,NOT_AVAILABLE,NOT_AVAILABLE,,False,False,False,35.22,WATCH,WATCH
1680,SONATSOFTW,2026-08-28,304.6,Neutral-Range,44.55,40.58,1,55,3/10,Low,48.02,13.38,4.39,22.5,308.62,302.6,307.6,-3.669,0.9279,1.5,91.67,325.6,-6.45,5.44,0.232,5.22,0.2,-6.54,-5.54,0.35,26.48,301.55,288.05,289.5,310.45,288.05,44.08,51.45,2.12,-2.02,0.17,14.74,6.45,1.76,-3.71,82.0,8,9,100,39.0,-0.1,40.0,-0.31,37.0,-1.05,38.0,-2.26,46.0,-0.99,NEGATIVE,28.01,NEGATIVE,Volume + Structure + Liquidity,"Trend, VWAP",-4.39,4.39,291.22,317.98,289.5,HIGH,459086993.0,NOT_AVAILABLE,NOT_AVAILABLE,,False,False,False,35.04,WATCH,WATCH
1681,BHARATSE,2026-08-28,226.43,Neutral-Range,44.55,40.45,1,55,2/10,Low,49.48,10.77,4.76,10.83,228.14,221.06,190.79,-2.0021,0.3045,0.31,24.17,234.73,-3.54,3.45,0.209,2.42,-0.77,-8.72,2.16,0.38,50.69,225.8,220.0,221.07,238.14,220.0,46.45,50.0,3.13,-2.24,0.4,29.51,14.75,2.29,-2.21,84.84,7,9,10,30.0,-1.65,20.0,-1.35,40.0,-1.04,20.0,-0.96,60.0,0.72,NEGATIVE,28.0,NEGATIVE,Structure + Delivery,VWAP,-4.76,4.76,215.66,237.2,221.07,HIGH,99479505.0,NOT_AVAILABLE,NOT_AVAILABLE,,False,False,False,35.0,WATCH,WATCH
1682,SKFINDIA,2026-08-28,1571.3,Neutral-Range,42.1,37.96,-1,45,3/10,Low,51.02,49.13,3.13,55.83,1569.34,1572.03,1950.64,-0.2359,-1.4864,0.92,58.33,1597.65,-1.65,1.56,0.38,0.34,-1.58,-0.13,6.2,0.0,89.96,1596.4,1562.2,1566.0,1624.5,1561.1,42.89,52.76,1.29,-1.26,0.21,11.45,4.34,1.86,-3.99,83.95,7,9,100,48.0,-0.11,44.0,-0.2,41.0,-0.56,38.0,-1.64,27.0,-4.87,NEGATIVE,33.85,NEGATIVE,Delivery + Liquidity,"Momentum, VWAP, MACD",-3.13,3.13,1522.17,1620.43,1566.0,HIGH,225417495.0,NOT_AVAILABLE,NOT_AVAILABLE,,False,False,False,34.98,WATCH,WATCH
1683,IONEXCHANG,2026-08-28,371.45,Neutral-Range,43.26,33.99,-1,45,4/10,Low,39.45,11.29,3.04,0.83,382.08,391.74,396.8,0.1958,0.3469,0.31,14.17,384.36,-3.36,2.17,0.103,-1.21,0.76,-0.4,-11.71,0.27,49.87,377.95,369.3,376.0,377.95,364.8,44.47,51.05,1.98,-1.75,0.24,16.84,7.63,1.81,-2.46,84.06,9,9,100,41.0,-0.29,43.0,-0.39,42.0,-0.49,36.0,-0.79,32.0,-1.17,NEGATIVE,37.18,NEGATIVE,Momentum + MACD + Liquidity,"Trend, Structure, VWAP",-3.04,3.04,360.16,382.74,376.0,HIGH,142451041.0,NOT_AVAILABLE,NOT_AVAILABLE,,False,False,False,34.97,WATCH,WATCH
1684,VSSL,2026-08-28,348.55,Neutral-Range,41.57,39.67,-1,45,4/10,Low,57.26,14.52,4.17,72.5,341.61,318.41,283.74,-0.9837,-0.9533,0.26,14.17,343.06,1.6,2.81,0.636,-2.65,-0.04,-1.36,14.37,-0.29,59.06,370.45,354.1,358.05,370.8,341.3,46.45,48.95,1.89,-1.6,0.29,15.66,8.03,2.0,-1.86,86.27,8,8,100,39.0,-0.45,34.0,-0.64,32.0,-0.77,30.0,-0.32,36.0,0.07,NEGATIVE,32.34,NEGATIVE,Trend + VWAP + RSI,"Momentum, Structure, MACD",-4.17,4.17,334.03,363.07,358.05,HIGH,90846124.0,NOT_AVAILABLE,NOT_AVAILABLE,,False,False,False,34.96,WATCH,WATCH
1685,DTIL,2026-08-28,167.09,Neutral-Range,45.88,41.58,-1,45,4/10,Low,67.39,9.4,5.62,70.0,146.69,140.54,146.33,4.4288,-0.2632,0.7,51.67,172.32,-3.04,3.44,0.593,-3.94,20.48,23.3,27.68,-1.7,51.42,193.79,170.27,173.94,193.79,134.23,43.95,51.84,1.98,-1.69,0.69,35.79,8.16,2.08,-2.03,92.43,7,8,100,40.0,-0.19,44.0,-0.15,50.0,-0.35,48.0,-0.81,38.0,-1.42,MIXED,44.66,MIXED,Trend + Momentum + RSI,"Structure, VWAP, Gap",-5.62,5.62,157.69,176.49,173.94,VERY_HIGH,8015528.0,NOT_AVAILABLE,NOT_AVAILABLE,,False,False,False,34.9,WATCH,WATCH
1686,STYRENIX,2026-08-28,2020.8,Neutral-Range,42.11,32.27,-2,40,4/10,Low,24.39,70.86,3.51,40.83,2166.89,2234.31,2238.06,-18.526,1.791,0.51,23.33,2327.89,-13.19,2.77,0.018,0.13,-2.92,-7.46,-18.4,0.45,61.12,2077.2,2014.0,2018.2,2124.9,2014.0,43.95,51.84,1.93,-1.43,0.15,14.08,8.16,1.9,-2.28,87.06,9,10,15,73.33,0.79,46.67,0.31,40.0,-0.39,40.0,-0.28,26.67,-2.75,NEGATIVE,40.32,NEGATIVE,Delivery + Liquidity,"Trend, Momentum, Structure",-3.51,3.51,1949.94,2091.66,2018.2,HIGH,203352602.0,NOT_AVAILABLE,NOT_AVAILABLE,,False,False,False,34.89,WATCH,WATCH
1687,JINDALPOLY,2026-08-28,635.85,Bearish,37.48,36.77,-4,30,4/10,Low,47.08,20.37,3.2,0.83,641.08,650.49,647.68,0.4377,-0.3608,0.21,10.83,653.67,-2.73,1.44,0.244,-0.27,-0.27,-0.07,0.4,0.0,53.33,646.0,636.05,637.55,655.5,632.1,43.03,52.63,2.2,-1.74,0.17,12.89,8.16,1.88,-2.1,86.14,8,7,27,51.85,0.55,44.44,0.66,40.74,-0.61,44.44,-0.61,44.44,-0.13,NEGATIVE,39.93,NEGATIVE,No strong driver,"Trend, Structure, VWAP",-4.8,-1.12,605.3,628.72,653.67,HIGH,16710533.0,NOT_AVAILABLE,NOT_AVAILABLE,,False,False,False,34.76,WATCH,WATCH
1688,MOLDTKPAC,2026-08-28,691.2,Neutral-Range,39.12,36.58,-3,35,3/10,Low,49.82,23.27,3.37,6.67,693.17,684.96,649.69,1.6545,-1.2556,0.88,62.5,697.46,-0.9,2.22,0.373,-1.57,-2.5,-0.46,2.83,-0.31,55.78,721.0,698.0,702.2,736.0,676.0,41.84,53.68,1.7,-1.36,0.13,10.13,6.05,1.79,-2.31,88.67,8,9,100,45.0,0.11,53.0,0.04,39.0,-0.49,41.0,-0.71,37.0,-1.9,NEGATIVE,38.2,NEGATIVE,No strong driver,"Structure, VWAP, Delivery",-3.37,3.37,667.93,714.47,702.2,HIGH,59805563.0,NOT_AVAILABLE,NOT_AVAILABLE,,False,False,False,34.76,WATCH,WATCH
1689,DIAMINESQ,2026-08-28,243.27,Neutral-Range,41.75,32.56,-2,40,4/10,Low,47.95,10.54,4.33,2.5,244.26,247.83,266.11,0.6895,0.0079,0.76,66.67,256.67,-5.22,2.41,0.237,-0.45,0.9,0.5,0.09,-1.46,50.07,246.0,240.16,244.38,249.9,234.0,43.16,52.59,2.13,-1.88,0.23,25.23,14.21,1.7,-1.81,90.26,7,6,8,37.5,-0.02,75.0,0.69,50.0,0.16,50.0,-2.84,25.0,-6.53,MIXED,39.28,NEGATIVE,Momentum + MACD,"Trend, VWAP, Gap",-4.33,4.33,232.73,253.81,244.38,HIGH,5058640.0,NOT_AVAILABLE,NOT_AVAILABLE,,False,False,False,34.61,WATCH,WATCH
1690,CELLECOR,2026-08-28,32.45,Bearish,42.69,35.19,-4,30,4/10,Low,46.01,2.17,6.67,94.17,34.0,32.32,40.51,-0.6649,0.0254,0.34,11.67,38.15,-14.94,5.25,0.13,-2.7,3.34,-23.2,-11.94,0.15,77.5,34.35,33.35,33.35,34.85,31.25,45.8,47.45,3.42,-3.2,0.38,38.5,17.7,2.75,-4.04,80.95,8,9,100,44.0,-0.09,47.0,0.73,46.0,0.63,51.0,0.84,49.0,-3.38,MIXED,54.83,MIXED,No strong driver,"Trend, Structure, VWAP",-10.01,-2.34,29.2,31.69,38.15,VERY_HIGH,27210008.0,NOT_AVAILABLE,NOT_AVAILABLE,,False,False,False,34.57,WATCH,WATCH
1691,CEWATER,2026-08-28,267.5,Neutral-Range,44.81,32.71,0,50,3/10,Low,42.93,12.65,4.73,16.67,273.34,286.94,344.42,1.2691,0.2301,0.64,50.83,269.32,-0.68,3.32,0.423,0.47,2.88,1.08,-7.05,-0.96,54.69,274.65,265.05,266.25,275.7,251.0,40.71,56.0,2.62,-2.28,0.2,22.12,8.94,1.86,-2.92,82.68,9,10,66,33.33,-0.03,34.85,0.05,33.33,-0.19,33.33,-0.6,37.88,-0.21,NEGATIVE,35.17,NEGATIVE,Momentum + MACD + Delivery,"Trend, VWAP, RSI",-4.73,4.73,254.85,280.15,266.25,HIGH,39858675.0,NOT_AVAILABLE,NOT_AVAILABLE,,False,False,False,34.55,WATCH,WATCH
1692,PATELENG,2026-08-28,28.34,Neutral-Range,39.84,32.62,-3,35,4/10,Low,46.04,0.9,3.19,5.0,28.63,29.0,30.31,0.095,-0.0198,0.52,21.67,28.88,-1.86,3.23,0.283,-2.54,0.6,-0.39,3.7,0.28,60.79,29.55,28.56,29.08,29.55,27.93,42.89,52.76,2.25,-1.91,0.32,15.92,8.55,2.43,-2.7,77.41,7,9,40,42.5,-0.08,45.0,-0.3,50.0,-0.59,40.0,-0.97,32.5,-2.68,MIXED,40.26,NEGATIVE,Liquidity,"Trend, Structure, VWAP",-3.19,3.19,27.44,29.24,29.08,HIGH,100992494.0,NOT_AVAILABLE,NOT_AVAILABLE,,False,False,False,34.3,WATCH,WATCH
1693,CANTABIL,2026-08-28,243.59,Neutral-Range,45.09,41.47,2,60,4/10,Low,52.9,8.85,3.63,33.33,240.98,240.29,246.38,1.462,-0.2593,0.12,2.5,239.13,1.86,1.83,0.618,-1.19,-0.5,2.44,-0.8,0.03,67.38,254.4,243.62,246.52,254.4,241.0,47.5,48.03,1.95,-2.06,0.16,14.74,6.58,1.78,-3.4,87.85,8,8,20,25.0,-0.6,30.0,-1.32,30.0,-2.17,30.0,-1.05,45.0,-1.02,NEGATIVE,23.12,NEGATIVE,Trend + Momentum + VWAP + RSI,"Structure, Delivery",-3.63,3.63,234.74,252.44,246.52,HIGH,72481997.0,NOT_AVAILABLE,NOT_AVAILABLE,,False,False,False,34.25,WATCH,WATCH
1694,PNBGILTS,2026-08-28,78.71,Neutral-Range,42.53,33.95,-1,45,3/10,Low,39.37,2.38,3.02,2.5,80.46,82.38,83.02,0.0882,0.033,1.03,76.67,80.51,-2.24,2.63,0.212,0.96,-1.18,-0.88,-6.85,0.04,43.88,79.87,77.4,77.96,80.8,76.8,44.87,50.79,2.12,-1.75,0.25,11.71,5.0,2.01,-2.35,69.52,7,7,100,50.0,-0.05,45.0,-0.02,40.0,-0.48,36.0,-1.15,36.0,-1.43,NEGATIVE,35.08,NEGATIVE,Momentum + MACD,"Trend, VWAP, RSI",-3.02,3.02,76.33,81.09,77.96,HIGH,20175680.0,NOT_AVAILABLE,NOT_AVAILABLE,,False,False,False,34.21,WATCH,WATCH
1695,FSL,2026-08-28,269.3,Neutral-Range,39.27,39.61,-2,40,3/10,Low,46.65,10.14,3.77,7.5,274.48,269.21,273.83,-2.0306,0.1966,0.2,10.83,295.47,-8.86,1.81,0.079,0.3,-2.45,0.82,-10.86,0.0,28.34,272.5,267.55,268.5,278.7,267.55,46.84,48.68,2.14,-1.85,0.14,11.18,8.68,1.7,-2.2,76.96,8,8,15,33.33,-0.53,26.67,-1.48,33.33,-1.66,46.67,-1.04,53.33,2.31,NEGATIVE,32.2,NEGATIVE,Liquidity,"Trend, Structure, VWAP",-3.77,3.77,259.16,279.44,268.5,HIGH,1010561451.0,NOT_AVAILABLE,NOT_AVAILABLE,,False,False,False,34.21,WATCH,WATCH
1696,AWL,2026-08-28,196.27,Neutral-Range,42.37,40.42,2,60,4/10,Low,55.22,5.3,2.7,15.83,193.9,191.98,205.76,0.64,-0.2081,0.32,9.17,195.43,0.43,2.22,0.521,-1.74,4.33,2.14,3.61,0.0,50.14,203.88,198.12,199.74,204.82,187.33,38.55,56.71,1.78,-1.3,0.21,11.45,6.84,1.82,-2.31,79.66,6,9,11,45.45,-0.67,36.36,-1.43,27.27,-1.8,27.27,-2.89,36.36,-3.67,NEGATIVE,15.33,NEGATIVE,Trend + Momentum + RSI + Liquidity,"Structure, Delivery",-2.7,2.7,190.97,201.57,199.74,MODERATE,683255320.0,NOT_AVAILABLE,NOT_AVAILABLE,,False,False,False,34.17,WATCH,WATCH
1697,REGAAL,2026-08-28,92.51,Neutral-Range,39.5,38.26,-2,40,4/10,Low,57.01,4.36,4.72,34.17,90.79,86.49,84.84,-0.0735,-0.2607,0.25,20.0,95.19,-2.82,2.04,0.506,-0.57,-3.6,7.57,12.98,0.17,71.85,95.69,92.25,93.04,99.5,92.25,42.64,52.45,2.59,-2.25,0.21,19.62,12.83,2.12,-2.15,86.66,6,7,20,55.0,0.73,55.0,3.15,35.0,2.92,20.0,-3.27,45.0,-0.82,MIXED,32.85,NEGATIVE,Trend + RSI,"Momentum, VWAP, MACD",-4.72,4.72,88.15,96.87,93.04,HIGH,39174842.0,NOT_AVAILABLE,NOT_AVAILABLE,,False,False,False,34.04,WATCH,WATCH
1698,DIAMONDYD,2026-08-28,1162.8,Bearish,36.74,36.55,-4,30,4/10,Low,47.21,35.72,3.07,0.83,1173.5,1155.53,1093.84,-3.8018,-0.4857,0.15,15.83,1190.89,-2.36,2.2,0.425,-1.04,-1.4,-2.4,0.28,-0.42,53.94,1187.2,1158.4,1175.0,1192.6,1155.4,40.92,54.47,2.06,-1.43,0.2,13.55,9.34,2.31,-2.04,91.33,7,10,33,45.45,-0.04,36.36,-0.43,36.36,-0.79,45.45,-0.66,48.48,0.24,NEGATIVE,37.83,NEGATIVE,No strong driver,"Momentum, VWAP, MACD",-4.61,-1.08,1109.23,1150.3,1190.89,HIGH,89798052.0,NOT_AVAILABLE,NOT_AVAILABLE,,False,False,False,33.94,WATCH,WATCH
1699,VIMTALABS,2026-08-28,617.7,Neutral-Range,37.44,39.18,-3,35,4/10,Low,50.96,22.52,3.65,0.83,620.27,594.71,565.21,-4.1782,-0.1066,0.37,23.33,637.01,-3.03,1.41,0.181,0.44,-1.9,0.11,1.45,0.46,30.41,636.0,611.25,615.0,647.95,610.95,45.79,49.74,2.65,-2.25,0.26,18.42,8.03,2.07,-2.77,85.56,8,9,31,48.39,0.17,48.39,0.01,45.16,-1.21,38.71,-1.53,58.06,1.79,MIXED,33.39,NEGATIVE,Liquidity,"Momentum, Structure, VWAP",-3.65,3.65,595.18,640.22,615.0,HIGH,115909762.0,NOT_AVAILABLE,NOT_AVAILABLE,,False,False,False,33.83,WATCH,WATCH
1700,NELCAST,2026-08-28,119.85,Bullish,48.13,40.34,4,70,4/10,Low,47.24,4.29,3.58,0.83,119.69,125.16,126.53,0.4719,0.3022,1.82,93.33,119.51,0.28,3.16,0.414,2.37,1.73,1.76,-1.25,0.2,69.84,120.69,114.82,117.08,120.69,114.1,42.11,53.29,2.43,-1.86,0.36,20.13,8.03,2.03,-2.01,86.95,8,9,100,35.0,-0.15,35.0,-0.38,31.0,-1.3,23.0,-2.44,21.0,-4.12,NEGATIVE,18.94,NEGATIVE,Momentum + Volume + MACD + Delivery,None material,1.25,5.37,121.35,126.29,114.82,HIGH,13416320.0,NOT_AVAILABLE,NOT_AVAILABLE,,False,False,False,33.78,WATCH,WATCH
1701,KIOCL,2026-08-28,386.55,Neutral-Range,45.16,44.95,3,65,4/10,Low,52.08,12.24,3.17,5.0,384.19,383.18,376.08,-0.2772,0.0785,0.17,2.5,392.39,-1.49,1.78,0.413,0.98,-0.4,-0.77,5.74,0.31,39.08,390.85,380.65,382.8,393.0,379.0,42.63,52.89,3.07,-2.24,0.22,15.39,9.34,2.0,-2.4,77.92,8,7,8,25.0,0.61,12.5,-1.37,12.5,-5.01,50.0,-0.67,25.0,-3.78,NEGATIVE,16.88,NEGATIVE,Trend + Momentum + RSI + Liquidity,VWAP,-3.17,3.17,374.31,398.79,382.8,HIGH,103615860.0,NOT_AVAILABLE,NOT_AVAILABLE,,False,False,False,33.75,WATCH,WATCH
1702,PROSTARM,2026-08-28,135.31,Neutral-Range,41.25,31.28,-2,40,2/10,Low,49.97,5.49,4.05,33.33,135.56,135.82,145.5,-0.5024,0.0351,0.49,25.0,139.54,-3.03,3.59,0.389,2.11,-2.46,0.68,6.51,-0.66,36.04,137.5,132.0,132.52,140.89,132.0,43.44,52.5,2.92,-2.26,0.26,17.5,10.31,2.39,-2.98,88.75,5,9,88,36.36,-0.27,42.05,-0.26,36.36,-0.07,36.36,-0.58,44.32,-0.95,NEGATIVE,37.85,NEGATIVE,No strong driver,"Trend, VWAP",-4.05,4.05,129.82,140.8,132.52,HIGH,47272774.0,NOT_AVAILABLE,NOT_AVAILABLE,,False,False,False,33.72,WATCH,WATCH
1703,PREMIERPOL,2026-08-28,93.86,Bullish,49.7,51.35,4,70,4/10,Low,70.35,5.13,5.47,45.0,83.62,75.29,63.32,1.216,-0.1333,0.66,54.17,86.45,8.58,5.77,0.864,-1.42,7.92,27.61,34.51,0.83,47.3,95.9,88.0,95.21,95.9,86.17,42.63,52.63,3.22,-2.3,0.49,37.24,14.87,2.41,-3.05,82.72,8,18,80,33.75,-0.01,31.25,-2.77,38.75,-2.54,42.5,-6.39,48.75,-8.05,NEGATIVE,23.44,NEGATIVE,Trend + Momentum + Structure + VWAP,None material,1.91,8.2,95.66,101.56,86.45,VERY_HIGH,68173627.0,NOT_AVAILABLE,NOT_AVAILABLE,,False,False,False,33.67,WATCH,WATCH
1704,HPAL,2026-08-28,34.86,Neutral-Range,43.21,35.73,-3,35,3/10,Low,49.71,1.85,5.31,44.17,34.93,35.03,38.83,-0.0973,0.0121,0.46,21.67,38.03,-8.33,4.68,0.229,0.66,-0.49,-0.83,7.06,-1.82,36.32,35.99,34.31,34.63,36.5,33.82,40.92,54.21,1.85,-1.78,0.36,22.63,8.16,2.23,-3.57,90.03,6,10,16,37.5,0.41,25.0,-0.16,37.5,0.77,56.25,-0.25,56.25,-2.08,MIXED,49.89,MIXED,No strong driver,"Trend, VWAP, Gap",-5.31,5.31,33.01,36.71,34.63,VERY_HIGH,5498997.0,NOT_AVAILABLE,NOT_AVAILABLE,,False,False,False,33.65,WATCH,WATCH
1705,TIL,2026-08-28,239.25,Neutral-Range,45.33,39.21,-1,45,3/10,Low,53.31,12.06,5.04,6.67,236.52,227.31,230.26,-0.3307,-0.133,0.18,15.0,246.09,-2.78,1.7,0.362,-0.54,-1.6,0.13,-5.2,0.0,,246.5,238.5,240.55,255.3,230.1,43.89,52.59,2.92,-2.43,0.64,34.16,13.46,2.62,-2.5,84.17,9,8,100,46.0,0.23,49.0,0.61,46.0,0.64,37.0,-0.88,37.0,-0.62,MIXED,43.09,MIXED,Trend + RSI,"Momentum, VWAP, MACD",-5.04,5.04,227.19,251.31,240.55,VERY_HIGH,94090573.0,NOT_AVAILABLE,NOT_AVAILABLE,,False,False,False,33.63,WATCH,WATCH
1706,TCL,2026-08-28,132.8,Neutral-Range,43.42,39.91,-2,40,4/10,Low,54.91,8.43,6.35,99.17,131.32,120.97,108.13,-0.1759,-0.6786,0.76,50.83,133.92,-0.84,5.09,0.609,-3.52,-6.64,-1.01,20.73,-0.47,57.58,138.35,130.0,137.65,147.45,130.0,44.04,49.6,2.95,-2.59,0.22,31.32,23.21,2.76,-2.79,76.28,5,7,47,44.68,-0.05,42.55,0.38,44.68,0.14,36.17,0.05,48.94,0.26,MIXED,44.06,MIXED,Trend + RSI,"Momentum, VWAP, MACD",-6.35,6.35,124.37,141.23,137.65,VERY_HIGH,9245984.0,NOT_AVAILABLE,NOT_AVAILABLE,,False,False,False,33.51,WATCH,WATCH
1707,RPTECH,2026-08-28,828.55,Neutral-Range,46.99,43.77,1,55,2/10,Low,50.85,48.41,5.84,97.5,829.91,782.13,571.8,-12.5,2.82,0.72,58.33,837.31,-1.05,6.61,0.473,5.88,-5.51,-0.66,-0.6,0.45,47.62,804.75,776.15,782.5,891.9,703.7,47.47,48.39,2.18,-1.76,0.38,22.89,8.29,1.82,-2.05,87.29,8,8,27,48.15,-0.09,37.04,-0.5,29.63,-0.76,48.15,-1.05,59.26,0.35,NEGATIVE,34.98,NEGATIVE,Structure + Liquidity,VWAP,-5.84,5.84,780.14,876.96,782.5,VERY_HIGH,634639219.0,NOT_AVAILABLE,NOT_AVAILABLE,,False,False,False,33.47,WATCH,WATCH
1708,JAYBARMARU,2026-08-28,128.35,Neutral-Range,47.38,41.8,1,55,4/10,Low,40.1,6.46,5.04,23.33,134.22,142.31,120.95,0.3432,0.5996,0.66,56.67,134.76,-4.76,4.48,0.147,4.71,2.24,0.38,-20.08,1.97,68.17,126.53,122.0,122.58,129.85,122.0,43.16,52.37,2.46,-2.06,0.42,28.16,8.03,2.11,-3.58,85.26,8,9,100,39.0,-0.33,39.0,-0.79,41.0,-0.93,41.0,-0.97,39.0,-1.24,NEGATIVE,36.1,NEGATIVE,Momentum + MACD + Gap + Delivery,"Trend, VWAP, RSI",-5.04,5.04,121.89,134.81,122.58,VERY_HIGH,57607417.0,NOT_AVAILABLE,NOT_AVAILABLE,,False,False,False,33.28,WATCH,WATCH
1709,AEGISLOG,2026-08-28,1289.4,Neutral-Range,41.18,41.07,-3,35,4/10,Low,47.86,64.9,5.03,68.33,1319.94,1240.22,954.32,-9.5762,-2.0386,0.24,10.83,1357.62,-5.03,1.63,0.187,-0.66,-9.06,1.9,0.67,0.46,47.95,1333.2,1291.1,1298.0,1449.0,1291.1,44.82,51.67,2.47,-1.88,0.12,9.14,7.21,1.85,-2.14,77.56,7,8,22,36.36,-0.51,45.45,-0.79,54.55,-1.09,45.45,-0.39,59.09,2.05,MIXED,44.08,MIXED,Liquidity,"Momentum, Structure, VWAP",-5.03,5.03,1224.5,1354.3,1298.0,VERY_HIGH,1496543780.0,NOT_AVAILABLE,NOT_AVAILABLE,,False,False,False,33.19,WATCH,WATCH
1710,ORIANA,2026-08-28,1299.1,Neutral-Range,46.11,34.95,-1,45,4/10,Low,43.15,66.83,5.14,56.67,1324.88,1433.79,1744.82,9.1747,1.4398,0.34,1.67,1321.19,-1.67,2.0,0.362,-0.22,8.98,0.1,-5.8,1.69,79.59,1353.0,1285.0,1301.9,1379.9,1174.95,42.52,53.01,3.9,-2.66,0.85,37.06,11.61,2.98,-2.73,72.49,8,11,100,39.0,-0.04,32.0,-0.76,34.0,-0.71,42.0,1.64,47.0,3.07,NEGATIVE,45.32,MIXED,Momentum + MACD + Gap,"Trend, VWAP, RSI",-5.14,5.14,1232.27,1365.93,1301.9,VERY_HIGH,98935849.0,NOT_AVAILABLE,NOT_AVAILABLE,,False,False,False,33.15,WATCH,WATCH
1711,PATILAUTOM,2026-08-28,225.65,Neutral-Range,47.75,29.25,-1,45,4/10,Low,65.41,12.47,5.53,58.33,212.22,186.96,178.58,-0.4883,-1.0163,0.54,37.5,212.58,6.15,3.53,0.708,-2.19,-3.65,17.31,30.66,-0.52,54.65,235.0,229.0,230.7,248.0,222.0,38.43,55.02,3.36,-2.18,0.42,27.95,16.16,2.75,-2.28,79.45,5,6,1,0.0,-1.97,0.0,-3.54,0.0,-9.48,0.0,-0.22,0.0,-5.81,INSUFFICIENT,50.0,INSUFFICIENT,Trend + VWAP + RSI,"Momentum, Structure, MACD",-5.53,5.53,213.18,238.12,230.7,VERY_HIGH,20465398.0,NOT_AVAILABLE,NOT_AVAILABLE,,False,False,False,33.1,WATCH,WATCH
1712,DATAPATTNS,2026-08-28,4624.8,Neutral-Range,45.76,40.03,3,65,4/10,Low,52.21,190.88,4.13,6.67,4595.51,4464.49,3778.37,3.2039,-8.3458,0.35,4.17,4622.19,0.06,1.72,0.509,-0.9,-4.25,3.79,8.03,0.2,28.13,4766.2,4637.2,4666.7,5000.0,4500.1,46.84,48.95,2.57,-2.15,0.26,16.32,6.18,2.06,-3.22,84.8,9,9,11,54.55,0.04,36.36,-1.46,36.36,-1.31,18.18,-2.56,9.09,-4.33,NEGATIVE,18.61,NEGATIVE,Trend + Momentum + RSI + Liquidity,Structure,-4.13,4.13,4433.92,4815.68,4666.7,HIGH,3996400948.0,NOT_AVAILABLE,NOT_AVAILABLE,,False,False,False,32.89,WATCH,WATCH
1713,VMM,2026-08-28,107.0,Neutral-Range,40.41,31.18,-2,40,3/10,Low,45.79,3.21,3.0,49.17,108.31,111.08,118.52,0.5384,-0.1512,0.31,7.5,110.56,-3.22,1.39,0.357,-0.93,3.45,1.71,-0.09,0.46,41.03,110.35,107.5,108.0,115.4,102.34,44.91,51.62,1.74,-1.49,0.11,10.42,9.03,2.18,-2.29,83.76,7,6,100,40.0,-0.15,41.0,-0.29,33.0,-0.34,38.0,-0.76,33.0,-0.55,NEGATIVE,35.45,NEGATIVE,Liquidity,"Trend, Structure, VWAP",-3.0,3.0,103.79,110.21,108.0,HIGH,1829925236.0,NOT_AVAILABLE,NOT_AVAILABLE,,False,False,False,32.84,WATCH,WATCH
1714,AMBIKCO,2026-08-28,1638.3,Neutral-Range,37.22,36.46,-3,35,3/10,Low,45.03,53.59,3.27,10.83,1662.24,1668.77,1541.65,-1.2631,0.803,0.31,11.67,1709.34,-4.16,1.74,0.187,0.1,-2.31,2.48,-4.29,-0.21,48.94,1651.9,1628.0,1636.7,1699.0,1604.5,43.55,52.11,1.62,-1.32,0.2,11.45,7.11,1.89,-1.93,87.95,8,10,18,38.89,-0.47,61.11,0.42,50.0,-0.26,22.22,-1.62,50.0,-0.59,MIXED,32.76,NEGATIVE,No strong driver,"Trend, Structure, VWAP",-3.27,3.27,1584.71,1691.89,1636.7,HIGH,50329476.0,NOT_AVAILABLE,NOT_AVAILABLE,,False,False,False,32.79,WATCH,WATCH
1715,LAOPALA,2026-08-28,175.95,Neutral-Range,40.0,32.34,-2,40,4/10,Low,41.89,6.05,3.44,65.0,180.8,182.68,194.09,-2.0472,0.6253,0.82,55.83,191.93,-8.33,6.83,0.217,3.55,1.63,-8.6,-4.56,-0.01,26.69,170.4,167.2,169.92,179.4,166.5,42.89,52.63,1.53,-1.44,0.05,7.63,8.68,1.83,-2.15,82.13,7,8,100,45.0,-0.18,39.0,-0.52,45.0,-0.6,34.0,-1.49,35.0,-2.22,MIXED,34.29,NEGATIVE,Structure + Liquidity,"Trend, Momentum, VWAP",-3.44,3.44,169.9,182.0,169.92,HIGH,129025384.0,NOT_AVAILABLE,NOT_AVAILABLE,,False,False,False,32.77,WATCH,WATCH
1716,SPECTRUM,2026-08-28,2116.9,Neutral-Range,43.41,31.82,-3,35,4/10,Low,44.79,128.67,6.08,61.67,2218.24,2104.98,1698.21,-38.5641,2.8066,0.38,35.83,2426.51,-12.76,4.75,0.114,0.49,-0.23,-5.36,-10.41,1.1,,2154.5,2090.0,2106.6,2227.8,2050.0,46.77,48.52,2.86,-2.44,-0.08,28.3,28.71,2.95,-3.26,81.85,10,9,8,37.5,-1.89,0.0,-5.09,25.0,-2.92,62.5,4.13,25.0,4.11,NEGATIVE,50.47,MIXED,Gap,"Momentum, Structure, VWAP",-6.08,6.08,1988.23,2245.57,2106.6,VERY_HIGH,33933642.0,NOT_AVAILABLE,NOT_AVAILABLE,,False,False,False,32.69,WATCH,WATCH
1717,LXCHEM,2026-08-28,171.34,Neutral-Range,40.7,34.66,-1,45,2/10,Low,46.86,6.05,3.53,0.83,174.0,170.45,164.15,-1.2629,0.217,0.72,59.17,177.15,-3.28,2.9,0.196,2.31,-1.08,-2.68,-4.0,0.88,42.68,173.39,167.01,167.47,179.39,167.01,43.42,52.11,1.95,-1.71,0.2,8.95,7.11,2.01,-2.16,77.52,9,10,14,42.86,1.17,42.86,-0.58,42.86,-0.54,21.43,-1.37,21.43,-4.37,NEGATIVE,29.86,NEGATIVE,Liquidity,"Structure, VWAP",-3.53,3.53,165.29,177.39,167.47,HIGH,139248253.0,NOT_AVAILABLE,NOT_AVAILABLE,,False,False,False,32.57,WATCH,WATCH
1718,ARSSBL,2026-08-28,509.7,Bearish,36.52,32.26,-4,30,4/10,Low,46.19,16.14,3.17,20.0,515.46,523.81,532.19,2.6258,-1.0604,0.74,45.0,513.74,-0.79,2.51,0.456,-1.42,-0.39,0.3,-0.22,0.0,68.29,529.7,515.0,517.05,546.05,497.0,41.77,52.32,2.47,-1.79,0.27,17.72,9.28,2.01,-2.3,76.98,9,8,33,18.18,-0.53,39.39,-0.51,33.33,-0.09,42.42,-0.99,60.61,-0.95,NEGATIVE,37.19,NEGATIVE,No strong driver,"Trend, Structure, VWAP",-4.75,-1.11,485.49,504.05,529.7,HIGH,89486159.0,NOT_AVAILABLE,NOT_AVAILABLE,,False,False,False,32.43,WATCH,WATCH
1719,CHEVIOT,2026-08-28,1141.6,Neutral-Range,35.36,31.49,-3,35,4/10,Low,47.22,31.69,2.78,30.83,1153.35,1143.69,1117.3,-3.6962,-0.4467,0.1,4.17,1204.71,-5.24,0.97,0.231,0.51,-2.11,-1.5,3.16,0.59,78.76,1156.0,1134.0,1135.8,1182.5,1134.0,45.79,49.61,1.35,-1.22,0.25,16.84,6.58,1.77,-2.07,86.44,6,7,29,31.03,-0.58,34.48,-0.76,34.48,-0.94,20.69,-0.77,20.69,-2.07,NEGATIVE,27.47,NEGATIVE,Delivery,"Trend, Momentum, VWAP",-2.78,2.78,1109.91,1173.29,1135.8,MODERATE,8858204.0,NOT_AVAILABLE,NOT_AVAILABLE,,False,False,False,32.42,WATCH,WATCH
1720,KKCL,2026-08-28,507.05,Neutral-Range,37.25,34.62,-3,35,4/10,Low,47.42,15.83,3.12,36.67,513.61,504.44,492.86,-2.8058,-0.0399,0.63,48.33,528.58,-4.07,3.17,0.193,1.78,-1.82,-1.1,2.02,0.57,59.61,515.85,497.0,498.2,527.2,497.0,42.63,52.76,1.66,-1.38,0.11,11.58,6.45,1.59,-1.98,86.66,9,8,12,25.0,-0.19,50.0,-0.45,41.67,-1.0,33.33,-1.1,33.33,-1.86,NEGATIVE,32.85,NEGATIVE,Delivery,"Momentum, Structure, VWAP",-3.12,3.12,491.22,522.88,498.2,HIGH,39276886.0,NOT_AVAILABLE,NOT_AVAILABLE,,False,False,False,32.27,WATCH,WATCH
1721,GUFICBIO,2026-08-28,406.3,Neutral-Range,37.26,34.35,-3,35,3/10,Low,48.88,15.87,3.91,18.33,411.76,394.54,353.94,-2.9968,-0.4861,0.62,41.67,420.02,-3.27,3.29,0.356,-1.43,-5.84,-3.77,4.22,0.0,49.87,416.0,405.0,412.2,437.7,405.0,44.47,51.32,2.02,-1.61,0.03,6.97,8.16,1.87,-2.12,86.68,7,6,16,31.25,-0.42,43.75,-0.17,37.5,-0.98,37.5,-1.11,31.25,-2.7,NEGATIVE,32.89,NEGATIVE,No strong driver,"Momentum, VWAP, MACD",-3.91,3.91,390.43,422.17,412.2,HIGH,46705159.0,NOT_AVAILABLE,NOT_AVAILABLE,,False,False,False,32.21,WATCH,WATCH
1722,FUSION,2026-08-28,199.24,Neutral-Range,40.39,34.43,-1,45,2/10,Low,46.43,9.51,4.77,25.83,202.71,202.8,190.29,-0.0876,0.0918,0.39,10.0,205.31,-2.96,3.16,0.315,1.63,-0.44,0.35,-4.13,0.38,47.63,205.89,195.4,196.05,208.2,195.4,44.08,51.45,2.15,-2.05,0.22,20.79,8.42,1.73,-2.75,85.82,7,9,14,42.86,0.19,42.86,0.13,50.0,0.52,28.57,-3.9,21.43,-4.37,MIXED,28.98,NEGATIVE,Liquidity,"Trend, VWAP",-4.77,4.77,189.73,208.75,196.05,HIGH,177268864.0,NOT_AVAILABLE,NOT_AVAILABLE,,False,False,False,32.19,WATCH,WATCH
1723,IGCL,2026-08-28,71.84,Neutral-Range,36.82,35.59,-3,35,3/10,Low,48.52,2.55,3.56,0.83,72.38,70.65,73.35,-0.2673,0.0068,0.31,10.83,72.6,-1.04,0.84,0.242,-0.55,-1.33,1.31,-7.78,-0.33,50.47,72.58,71.2,72.24,73.5,70.0,41.61,54.03,2.19,-1.89,0.34,24.83,12.08,2.0,-2.01,91.49,7,8,100,44.0,-0.15,42.0,-0.6,43.0,-0.89,39.0,-2.13,35.0,-3.6,NEGATIVE,31.62,NEGATIVE,No strong driver,"Trend, VWAP, Delivery",-3.56,3.56,69.29,74.39,72.24,HIGH,7693573.0,NOT_AVAILABLE,NOT_AVAILABLE,,False,False,False,32.13,WATCH,WATCH
1724,VINATIORGA,2026-08-28,1325.2,Neutral-Range,37.69,33.32,-1,45,2/10,Low,49.56,28.54,2.15,0.83,1326.73,1326.64,1413.85,-1.2189,0.0326,0.35,10.0,1332.79,-0.57,0.82,0.295,0.52,-0.32,-0.98,1.58,0.5,67.72,1334.1,1315.0,1318.4,1349.8,1308.0,42.89,52.63,1.31,-1.13,0.12,5.39,5.39,2.16,-1.87,82.4,7,8,27,29.63,-0.22,33.33,-0.53,29.63,-0.8,18.52,-1.85,22.22,-1.19,NEGATIVE,21.25,NEGATIVE,Delivery,"Trend, VWAP",-2.15,2.15,1296.66,1353.74,1318.4,MODERATE,73064117.0,NOT_AVAILABLE,NOT_AVAILABLE,,False,False,False,32.12,WATCH,WATCH
1725,KAMATHOTEL,2026-08-28,228.3,Neutral-Range,44.21,37.22,2,60,3/10,Low,73.66,10.1,4.42,65.0,201.89,188.32,195.92,4.9659,-0.6848,0.74,46.67,207.33,10.11,5.88,0.831,-3.47,9.94,16.56,36.71,0.21,51.65,239.63,226.0,236.51,239.63,190.35,44.08,51.45,2.4,-1.95,0.49,28.68,9.61,2.23,-2.24,88.81,9,10,100,39.0,-0.26,35.0,-0.66,30.0,-1.21,25.0,-2.2,36.0,-1.95,NEGATIVE,20.61,NEGATIVE,Trend + Structure + VWAP,Delivery,-4.42,4.42,218.2,238.4,236.51,HIGH,21876149.0,NOT_AVAILABLE,NOT_AVAILABLE,,False,False,False,32.08,WATCH,WATCH
1726,BAJAJHCARE,2026-08-28,322.0,Neutral-Range,35.89,28.46,-3,35,3/10,Low,45.32,9.6,2.98,0.83,326.12,327.59,352.59,-0.3017,0.1213,0.49,40.83,328.09,-1.86,1.75,0.188,0.34,0.0,-2.2,-4.29,0.56,45.88,327.4,318.1,320.9,328.0,318.1,40.66,55.13,2.55,-1.86,0.34,20.92,8.95,1.98,-2.44,86.61,5,9,100,40.0,0.47,42.0,0.28,36.0,-0.3,28.0,-1.81,25.0,-2.55,NEGATIVE,28.96,NEGATIVE,No strong driver,"Trend, Structure, VWAP",-2.98,2.98,312.4,331.6,320.9,MODERATE,24214904.0,NOT_AVAILABLE,NOT_AVAILABLE,,False,False,False,32.04,WATCH,WATCH
1727,XPROINDIA,2026-08-28,1139.4,Neutral-Range,38.78,32.95,-2,40,4/10,Low,42.82,56.84,4.99,32.5,1171.41,1218.9,1152.68,11.0229,-0.7804,0.51,37.5,1147.51,-0.71,1.54,0.355,0.2,-0.23,3.87,-24.06,0.42,74.92,1180.0,1134.0,1137.1,1199.0,1101.0,45.66,49.87,2.13,-1.83,0.05,13.42,11.45,1.6,-2.25,93.67,6,7,9,66.67,0.44,22.22,-2.93,22.22,-3.08,44.44,1.2,33.33,2.17,NEGATIVE,30.81,NEGATIVE,Delivery + Liquidity,"Trend, Momentum, VWAP",-4.99,4.99,1082.56,1196.24,1137.1,HIGH,137430920.0,NOT_AVAILABLE,NOT_AVAILABLE,,False,False,False,31.72,WATCH,WATCH
1728,KITEX,2026-08-28,128.4,Neutral-Range,39.49,35.04,-1,45,3/10,Low,35.6,4.61,3.59,39.17,133.07,142.19,169.6,0.244,0.2396,0.45,18.33,132.42,-3.03,2.73,0.202,-1.12,2.76,-4.35,-11.94,-0.85,42.56,134.95,125.75,129.86,134.95,124.0,46.84,48.82,2.81,-2.58,0.27,27.89,13.03,2.48,-3.87,74.0,7,13,100,42.0,-0.51,43.0,-0.96,40.0,-1.28,40.0,-2.87,50.0,-0.25,NEGATIVE,26.4,NEGATIVE,Momentum + MACD,"Trend, VWAP, RSI",-3.59,3.59,123.79,133.01,129.86,HIGH,86230394.0,NOT_AVAILABLE,NOT_AVAILABLE,,False,False,False,31.46,WATCH,WATCH
1729,SOLEX,2026-08-28,759.6,Bearish,40.22,32.49,-4,30,4/10,Low,24.73,39.08,5.14,23.33,834.29,927.99,1111.69,-2.5573,0.6471,0.4,12.5,828.25,-8.29,1.99,0.033,-0.31,-1.64,-13.67,-16.6,0.7,45.56,788.0,753.05,762.0,848.6,753.05,43.79,50.8,3.39,-2.74,0.62,33.92,15.29,3.06,-3.12,83.17,11,9,17,23.53,-0.59,41.18,-0.61,52.94,-0.52,52.94,-0.55,35.29,-4.31,MIXED,47.78,MIXED,No strong driver,"Trend, Momentum, Structure",-7.72,-1.8,700.99,745.92,828.25,VERY_HIGH,35234886.0,NOT_AVAILABLE,NOT_AVAILABLE,,False,False,False,31.26,WATCH,WATCH
1730,VERANDA,2026-08-28,240.65,Neutral-Range,40.94,35.32,-3,35,4/10,Low,47.3,12.06,5.01,36.67,245.25,239.86,218.57,-1.0257,-0.3267,0.18,3.33,252.22,-4.59,2.22,0.352,-1.19,-7.17,-2.14,-7.12,-0.43,51.37,248.0,240.5,243.55,264.95,240.05,43.42,52.24,2.9,-2.24,0.27,20.0,11.18,2.03,-2.08,87.64,8,9,12,41.67,-0.23,50.0,-0.47,33.33,-1.03,50.0,0.84,33.33,-2.59,NEGATIVE,43.41,MIXED,Liquidity,"Momentum, VWAP, MACD",-5.01,5.01,228.59,252.71,243.55,VERY_HIGH,252563436.0,NOT_AVAILABLE,NOT_AVAILABLE,,False,False,False,31.23,WATCH,WATCH
1731,GOCOLORS,2026-08-28,335.65,Neutral-Range,40.2,31.75,-1,45,1/10,Low,49.39,14.63,4.36,3.33,336.66,337.29,398.69,1.1475,-0.5461,0.19,10.0,334.84,0.24,2.26,0.39,0.34,-2.65,2.49,2.63,0.0,40.41,343.75,330.1,334.5,363.0,328.85,40.66,55.0,1.77,-1.6,0.15,12.63,9.47,1.94,-1.89,89.28,6,10,100,45.0,-0.14,41.0,-0.78,41.0,-1.12,36.0,-2.26,41.0,-1.93,NEGATIVE,28.43,NEGATIVE,No strong driver,Trend,-4.36,4.36,321.02,350.28,334.5,HIGH,80844436.0,NOT_AVAILABLE,NOT_AVAILABLE,,False,False,False,31.19,WATCH,WATCH
1732,RUSHIL,2026-08-28,16.79,Neutral-Range,37.28,30.31,-3,35,3/10,Low,47.7,0.83,4.95,0.83,16.99,16.88,20.15,-0.0956,0.0156,0.52,36.67,17.57,-4.47,3.94,0.16,1.82,-1.64,-2.44,-2.55,0.06,43.4,16.94,16.41,16.49,17.35,16.41,40.66,55.13,2.43,-2.09,0.17,20.53,8.03,1.89,-3.68,91.99,6,9,11,36.36,-0.28,36.36,-1.11,54.55,-1.05,36.36,-2.42,0.0,-6.69,MIXED,32.94,NEGATIVE,No strong driver,"Trend, Structure, VWAP",-4.95,4.95,15.96,17.62,16.49,HIGH,12074229.0,NOT_AVAILABLE,NOT_AVAILABLE,,False,False,False,31.01,WATCH,WATCH
1733,JAICORPLTD,2026-08-28,100.32,Bearish,32.96,29.49,-4,30,4/10,Low,41.41,2.73,2.72,5.83,102.07,105.32,116.41,0.2009,-0.0337,0.52,22.5,102.46,-2.09,1.34,0.207,0.22,-1.86,-0.31,-1.3,0.81,46.11,102.4,99.47,100.1,105.6,99.47,42.63,53.16,2.65,-2.21,0.29,17.11,9.74,2.03,-2.13,76.69,7,8,100,42.0,-0.53,33.0,-2.03,36.0,-1.51,42.0,-2.31,34.0,-0.93,NEGATIVE,27.02,NEGATIVE,No strong driver,"Trend, Momentum, VWAP",-4.09,-0.95,96.22,99.36,102.46,MODERATE,39264930.0,NOT_AVAILABLE,NOT_AVAILABLE,,False,False,False,30.99,WATCH,WATCH
1734,SOMICONVEY,2026-08-28,91.58,Neutral-Range,45.27,30.19,-1,45,2/10,Low,46.51,5.85,6.39,90.83,93.02,95.89,109.61,0.4778,-0.1498,0.18,10.0,97.01,-5.6,4.81,0.442,0.33,-9.48,5.85,-1.6,-0.71,52.4,93.7,90.05,91.28,106.0,90.05,43.55,51.58,2.88,-2.2,0.68,40.92,18.29,2.82,-2.75,76.4,7,14,15,40.0,0.91,33.33,-1.76,33.33,-0.11,46.67,0.09,40.0,0.59,NEGATIVE,42.92,NEGATIVE,Delivery,"Trend, VWAP",-6.39,6.39,85.73,97.43,91.28,VERY_HIGH,6262069.0,NOT_AVAILABLE,NOT_AVAILABLE,,False,False,False,30.87,WATCH,WATCH
1735,MCLEODRUSS,2026-08-28,49.81,Neutral-Range,46.86,39.56,2,60,2/10,Low,48.29,2.5,5.01,52.5,49.6,52.51,51.21,0.6001,-0.0007,0.7,45.83,48.71,2.27,4.07,0.664,1.3,1.01,7.65,-4.14,-0.04,66.19,50.35,49.0,49.17,51.94,48.48,42.37,52.24,3.45,-2.48,0.52,34.47,20.53,2.8,-2.35,71.44,12,11,8,25.0,-0.6,37.5,0.09,37.5,-1.04,37.5,-2.23,25.0,-4.02,NEGATIVE,28.17,NEGATIVE,VWAP + Delivery,None material,-5.01,5.01,47.31,52.31,49.17,VERY_HIGH,13766916.0,NOT_AVAILABLE,NOT_AVAILABLE,,False,False,False,30.47,WATCH,WATCH
1736,AKIKO,2026-08-28,410.0,Neutral-Range,43.62,39.2,3,65,4/10,Low,95.61,19.28,4.7,44.17,285.4,187.58,111.03,16.5097,-4.5469,0.08,2.5,132.83,208.66,2.92,0.992,0.05,4.53,242.52,439.47,-2.38,60.0,411.6,399.95,409.8,412.95,370.05,47.69,45.77,4.57,-2.45,0.69,31.54,29.62,4.87,-2.96,63.66,10,7,14,35.71,-1.36,28.57,-2.2,35.71,-1.52,14.29,-4.23,14.29,-4.15,NEGATIVE,12.5,NEGATIVE,Trend + Structure + VWAP + Delivery,Gap,-4.7,4.7,390.72,429.28,409.8,HIGH,13298972.0,NOT_AVAILABLE,NOT_AVAILABLE,,False,False,False,30.47,WATCH,WATCH
1737,REPCOHOME,2026-08-28,365.5,Neutral-Range,36.67,30.35,-1,45,3/10,Low,44.86,10.52,2.88,5.83,367.91,380.06,390.82,1.329,0.5755,0.64,46.67,366.55,-0.29,1.65,0.358,-0.05,1.8,2.22,-5.09,0.7,66.43,372.0,359.05,365.7,372.0,349.5,43.16,52.24,1.93,-1.56,0.23,13.68,7.11,1.95,-2.06,88.17,7,8,9,44.44,0.26,33.33,-0.76,33.33,-2.38,33.33,-5.3,22.22,-6.06,NEGATIVE,18.33,NEGATIVE,Momentum + MACD,"Trend, RSI, Delivery",-2.88,2.88,354.98,376.02,365.7,MODERATE,46399321.0,NOT_AVAILABLE,NOT_AVAILABLE,,False,False,False,30.19,WATCH,WATCH
1738,ARCHIDPLY,2026-08-28,105.23,Bullish,49.13,41.24,4,70,4/10,Low,63.6,6.56,6.23,70.83,97.64,90.02,86.65,1.0919,-0.4447,0.58,50.0,102.83,2.33,9.11,0.563,2.13,7.4,12.79,29.69,0.02,47.75,114.99,102.26,103.04,124.78,94.71,43.03,52.24,2.69,-2.02,0.62,37.63,14.08,2.35,-2.06,91.02,6,7,86,34.88,-0.61,29.07,-1.07,32.56,-1.78,31.4,-2.12,22.09,-4.02,NEGATIVE,21.79,NEGATIVE,Trend + Momentum + VWAP + RSI,None material,2.18,9.35,107.53,115.07,102.26,VERY_HIGH,8689389.0,NOT_AVAILABLE,NOT_AVAILABLE,,False,False,False,30.06,WATCH,WATCH
1739,MAANALU,2026-08-28,120.43,Neutral-Range,41.25,34.89,1,55,2/10,Low,49.91,4.91,4.08,13.33,120.07,122.43,130.1,-0.2227,0.2124,0.62,43.33,123.33,-2.35,4.58,0.292,3.21,0.86,0.23,-1.79,4.39,64.52,120.9,115.6,116.68,122.33,115.6,43.95,51.45,2.61,-2.08,0.44,30.79,14.34,2.27,-2.36,84.38,12,9,18,44.44,0.16,27.78,-1.17,16.67,-2.26,27.78,-0.74,44.44,1.04,NEGATIVE,18.56,NEGATIVE,Gap + Delivery,VWAP,-4.08,4.08,115.52,125.34,116.68,HIGH,6900072.0,NOT_AVAILABLE,NOT_AVAILABLE,,False,False,False,29.98,WATCH,WATCH
1740,SUDARSCHEM,2026-08-28,1256.9,Bullish,44.22,40.33,4,70,4/10,Low,72.41,45.5,3.62,0.83,1155.98,1070.97,997.17,10.2059,-0.7742,0.37,20.0,1142.21,10.04,2.6,0.969,0.33,3.44,12.41,23.97,-0.22,41.99,1259.4,1223.2,1252.8,1259.4,1185.0,46.05,48.95,2.08,-1.65,0.2,12.63,8.16,2.11,-2.16,84.04,8,6,8,37.5,-0.46,25.0,-1.56,12.5,-1.53,0.0,-1.37,37.5,-0.49,NEGATIVE,7.78,NEGATIVE,Trend + Structure + VWAP + Liquidity,None material,1.27,5.43,1272.82,1325.15,1142.21,HIGH,728739670.0,NOT_AVAILABLE,NOT_AVAILABLE,,False,False,False,29.81,WATCH,WATCH
1741,HATHWAY,2026-08-28,10.57,Neutral-Range,37.09,27.48,-1,45,3/10,Low,42.91,0.23,2.17,2.5,10.67,10.81,11.48,0.0051,0.0033,0.83,53.33,10.69,-1.08,1.33,0.222,0.19,-1.03,-0.28,-1.86,0.0,37.39,10.64,10.49,10.55,11.1,10.49,44.47,49.21,1.7,-1.62,0.23,12.37,7.5,2.03,-1.97,80.38,7,6,100,46.0,-0.08,35.0,-0.62,28.0,-0.98,21.0,-2.17,17.0,-3.89,NEGATIVE,19.55,NEGATIVE,Momentum + MACD,"Trend, VWAP, RSI",-2.17,2.17,10.34,10.8,10.55,MODERATE,15452510.0,NOT_AVAILABLE,NOT_AVAILABLE,,False,False,False,29.76,WATCH,WATCH
1742,OCCLLTD,2026-08-28,158.25,Neutral-Range,37.59,40.68,0,50,3/10,Low,53.64,7.39,4.67,10.0,157.5,146.66,120.91,-1.155,-0.1264,0.21,17.5,166.4,-4.9,3.03,0.368,-1.21,-0.24,3.97,-4.68,1.07,,161.98,158.05,160.19,168.99,157.0,46.9,49.89,2.62,-2.12,0.53,34.69,16.06,2.43,-2.19,90.39,7,8,8,37.5,-0.35,25.0,-1.83,12.5,-2.28,25.0,-1.12,75.0,5.01,NEGATIVE,14.53,NEGATIVE,Trend + RSI + Gap,"Momentum, VWAP, MACD",-4.67,4.67,150.86,165.64,160.19,HIGH,16490201.0,NOT_AVAILABLE,NOT_AVAILABLE,,False,False,False,29.61,WATCH,WATCH
1743,IRMENERGY,2026-08-28,283.35,Neutral-Range,36.54,37.9,-1,45,3/10,Low,52.45,10.28,3.63,13.33,282.89,276.23,271.7,-1.5684,-0.0176,0.37,45.0,291.16,-2.68,2.79,0.449,0.09,-0.98,-3.67,10.02,-0.21,32.07,291.45,281.7,283.1,292.25,276.0,41.64,54.25,2.22,-1.76,0.32,20.96,8.63,1.8,-1.96,88.89,10,8,64,46.88,-0.43,40.62,-0.98,34.38,-2.49,31.25,-4.2,20.31,-6.51,NEGATIVE,17.97,NEGATIVE,Trend + RSI,"Momentum, VWAP, MACD",-3.63,3.63,273.07,293.63,283.1,HIGH,56157564.0,NOT_AVAILABLE,NOT_AVAILABLE,,False,False,False,29.32,WATCH,WATCH
1744,IKS,2026-08-28,1762.0,Neutral-Range,38.92,33.25,0,50,2/10,Low,45.17,53.2,3.02,11.67,1790.34,1777.5,1672.82,-6.3056,0.4167,0.65,50.0,1779.03,-0.96,2.14,0.342,0.65,-1.35,-4.24,-4.7,-0.43,55.24,1771.0,1724.0,1750.6,1820.4,1724.0,46.87,49.88,1.81,-1.69,0.18,12.3,6.5,1.95,-2.35,88.8,7,8,16,43.75,-0.26,25.0,-1.03,18.75,-0.95,31.25,-2.59,25.0,-3.26,NEGATIVE,18.34,NEGATIVE,Delivery + Liquidity,"Trend, VWAP",-3.02,3.02,1708.8,1815.2,1750.6,HIGH,299734432.0,NOT_AVAILABLE,NOT_AVAILABLE,,False,False,False,28.74,WATCH,WATCH
1745,KPIL,2026-08-28,1386.3,Neutral-Range,39.25,37.75,3,65,4/10,Low,56.91,35.88,2.59,0.83,1366.88,1340.43,1258.8,1.9952,-1.3425,0.28,5.0,1380.94,0.39,1.65,0.593,-0.34,-1.3,2.52,7.5,0.35,56.16,1405.0,1384.5,1391.0,1421.9,1380.5,46.84,48.29,1.84,-1.53,0.21,13.16,6.84,2.02,-2.42,85.67,7,7,8,25.0,-0.34,25.0,-1.67,12.5,-1.72,0.0,-3.16,25.0,-2.92,NEGATIVE,0.0,NEGATIVE,Trend + Momentum + RSI + Liquidity,Delivery,-2.59,2.59,1350.42,1422.18,1391.0,MODERATE,474084135.0,NOT_AVAILABLE,NOT_AVAILABLE,,False,False,False,28.6,WATCH,WATCH
1746,LIQUID,2026-08-28,999.99,Neutral-Range,37.75,19.92,0,50,1/10,Low,48.15,0.26,0.03,63.33,999.99,999.99,999.99,0.0,-0.0,0.57,35.0,999.99,0.0,0.0,0.75,0.0,0.0,0.0,0.0,0.0,80.95,1000.0,999.99,999.99,1000.0,999.99,1.58,1.58,0.0,-0.0,-0.0,0.13,0.13,2.5,-2.5,100.0,1,1,77,0.0,0.0,0.0,0.0,0.0,0.0,0.0,0.0,1.3,0.0,MIXED,15.0,NEGATIVE,Liquidity,Trend,-0.03,0.03,999.73,1000.25,999.99,LOW,390637694.0,NOT_AVAILABLE,NOT_AVAILABLE,,False,False,False,28.55,WATCH,WATCH
1747,ZYDUSWELL,2026-08-28,526.55,Neutral-Range,41.33,35.19,2,60,3/10,Low,49.56,16.9,3.21,1.67,523.86,531.07,626.11,3.8796,0.3275,0.48,57.5,528.64,-0.4,3.07,0.413,-1.62,7.28,3.18,-8.83,0.0,37.71,537.7,528.95,535.2,537.7,490.0,45.66,50.13,1.58,-1.49,0.04,8.16,7.89,1.88,-3.15,88.65,7,7,10,30.0,0.12,30.0,-1.22,20.0,-2.31,20.0,-1.85,30.0,-4.18,NEGATIVE,12.36,NEGATIVE,Momentum + MACD + Liquidity,Structure,-3.21,3.21,509.65,543.45,535.2,HIGH,186779805.0,NOT_AVAILABLE,NOT_AVAILABLE,,False,False,False,28.55,WATCH,WATCH
1748,KOHINOOR,2026-08-28,34.45,Neutral-Range,44.08,41.34,2,60,2/10,Low,75.28,2.05,5.95,83.33,30.19,27.23,26.86,0.7579,-0.2118,0.43,20.0,32.57,5.78,3.03,0.746,0.29,-5.85,24.28,48.04,-0.73,28.88,35.8,33.21,34.35,38.47,32.75,39.74,54.87,2.32,-1.6,0.53,34.74,12.76,2.27,-2.25,93.31,8,9,46,28.26,-0.72,23.91,-1.76,26.09,-1.77,39.13,-2.63,19.57,-4.59,NEGATIVE,20.23,NEGATIVE,Trend + VWAP,None material,-5.95,5.95,32.4,36.5,34.35,VERY_HIGH,13192429.0,NOT_AVAILABLE,NOT_AVAILABLE,,False,False,False,28.18,WATCH,WATCH
1749,TIGERLOGS,2026-08-28,29.45,Neutral-Range,41.13,34.35,-1,45,2/10,Low,50.79,1.6,5.43,35.0,29.03,30.43,34.38,0.5292,-0.0802,0.26,22.5,28.03,5.05,4.62,0.596,-2.13,-2.84,15.67,3.81,0.0,67.84,30.48,29.48,30.09,32.45,28.38,40.41,53.47,2.83,-2.45,0.51,35.51,16.33,2.29,-2.09,90.72,5,7,100,39.0,-0.26,41.0,-0.86,38.0,-0.58,30.0,-1.35,29.0,-2.94,NEGATIVE,31.08,NEGATIVE,VWAP,"Structure, Delivery",-5.43,5.43,27.85,31.05,30.09,VERY_HIGH,10089000.0,NOT_AVAILABLE,NOT_AVAILABLE,,False,False,False,27.91,WATCH,WATCH
1750,COASTCORP,2026-08-28,40.62,Neutral-Range,40.75,35.45,-1,45,3/10,Low,29.45,2.19,5.38,14.17,42.9,46.32,51.97,0.0801,0.0609,0.16,0.83,44.77,-9.26,1.55,0.183,0.0,0.17,-2.87,-16.83,0.76,65.06,41.09,40.2,40.62,42.0,40.0,42.76,52.76,2.52,-2.25,0.47,33.29,12.76,2.33,-2.89,89.81,5,9,100,49.0,-0.73,52.0,-1.72,54.0,-1.76,46.0,-4.93,44.0,-7.86,MIXED,30.0,NEGATIVE,Momentum + MACD,"Trend, Structure, VWAP",-5.38,5.38,38.43,42.81,40.62,VERY_HIGH,10523780.0,NOT_AVAILABLE,NOT_AVAILABLE,,False,False,False,27.86,WATCH,WATCH
1751,WINDMACHIN,2026-08-28,301.9,Bearish,32.15,31.59,-4,30,4/10,Low,48.44,12.74,4.22,4.17,305.14,301.31,289.11,-0.0499,-0.8077,0.16,7.5,306.57,-1.52,2.93,0.601,-0.67,-4.04,-0.21,6.64,0.2,56.7,310.0,301.1,303.95,326.0,301.1,43.55,51.71,3.1,-2.11,0.37,25.39,14.87,2.41,-2.22,85.91,7,9,35,31.43,-0.51,37.14,-1.53,45.71,-1.3,37.14,-3.52,40.0,-1.4,MIXED,24.72,NEGATIVE,No strong driver,"Momentum, VWAP, MACD",-6.33,-1.48,282.79,297.44,310.0,HIGH,81584252.0,NOT_AVAILABLE,NOT_AVAILABLE,,False,False,False,27.8,WATCH,WATCH
1752,AHLUCONT,2026-08-28,641.1,Neutral-Range,34.69,25.97,-3,35,4/10,Low,23.1,28.62,4.46,76.67,728.12,778.59,832.02,-14.1944,2.2676,0.76,53.33,689.85,-7.07,2.78,0.093,0.71,-7.91,-23.44,-21.95,0.22,69.87,643.8,630.0,636.6,704.95,620.0,46.97,48.82,1.87,-1.76,0.27,17.11,9.08,1.98,-2.2,85.99,9,9,24,45.83,-0.59,41.67,-0.22,33.33,-1.27,29.17,-1.56,41.67,-2.0,NEGATIVE,25.55,NEGATIVE,Delivery,"Trend, Momentum, Structure",-4.46,4.46,612.48,669.72,636.6,HIGH,73441499.0,NOT_AVAILABLE,NOT_AVAILABLE,,False,False,False,27.09,WATCH,WATCH
1753,SNOWMAN,2026-08-28,37.66,Neutral-Range,35.17,29.52,-2,40,2/10,Low,48.74,1.26,3.35,6.67,37.8,37.85,40.57,-0.1681,0.0508,0.61,37.5,39.61,-4.91,4.48,0.162,2.2,-0.48,-0.69,-1.67,-0.81,34.31,37.46,36.75,36.85,38.5,36.75,41.45,53.82,2.26,-1.76,0.27,16.45,8.29,2.05,-2.3,85.52,7,8,12,16.67,-0.47,8.33,-1.8,25.0,-0.96,25.0,-2.04,58.33,-0.27,NEGATIVE,20.5,NEGATIVE,No strong driver,"Trend, VWAP",-3.35,3.35,36.4,38.92,36.85,HIGH,12411730.0,NOT_AVAILABLE,NOT_AVAILABLE,,False,False,False,27.03,WATCH,WATCH
1754,PRESTIGE,2026-08-28,1588.0,Neutral-Range,29.57,32.22,-3,35,4/10,Low,46.03,43.54,2.74,1.67,1609.81,1588.42,1518.36,0.3397,-2.1395,0.57,27.5,1601.19,-0.82,2.71,0.285,-2.16,-2.64,-0.28,-1.74,0.06,53.02,1635.9,1609.6,1623.0,1651.3,1590.0,49.47,46.32,2.05,-1.86,0.12,12.24,11.18,2.04,-2.02,77.44,8,8,11,9.09,-1.51,18.18,-2.67,9.09,-3.75,36.36,-1.88,54.55,0.67,NEGATIVE,10.91,NEGATIVE,Liquidity,"Trend, Structure, VWAP",-2.74,2.74,1544.46,1631.54,1623.0,MODERATE,769748552.0,NOT_AVAILABLE,NOT_AVAILABLE,,False,False,False,26.76,WATCH,WATCH
1755,ASIANTILES,2026-08-28,47.88,Neutral-Range,40.55,32.16,-1,45,4/10,Low,44.24,2.78,5.81,60.83,49.06,51.88,59.08,-0.2342,0.1869,0.44,40.0,49.56,-3.38,2.74,0.323,1.83,0.99,-5.28,-12.44,1.62,48.18,47.55,46.77,47.02,49.3,45.0,44.74,50.66,2.24,-1.97,0.2,13.16,7.89,2.03,-2.14,86.17,7,11,10,50.0,-0.26,50.0,-0.66,50.0,-0.98,40.0,-3.29,30.0,-5.07,MIXED,29.42,NEGATIVE,Structure + Gap + Liquidity,"Trend, Momentum, VWAP",-5.81,5.81,45.1,50.66,47.02,VERY_HIGH,282182610.0,NOT_AVAILABLE,NOT_AVAILABLE,,False,False,False,26.67,WATCH,WATCH
1756,GULPOLY,2026-08-28,192.73,Neutral-Range,37.75,30.27,0,50,1/10,Low,49.54,8.17,4.24,8.33,193.11,192.28,178.28,-0.0264,0.0023,0.17,2.5,200.5,-3.88,2.32,0.253,-0.19,1.06,2.47,-2.33,0.0,40.67,198.0,192.5,193.09,202.2,187.5,42.63,53.03,2.32,-1.83,0.35,16.05,7.37,2.43,-2.02,83.05,7,7,28,25.0,-1.29,25.0,-1.39,35.71,-2.19,21.43,-3.33,14.29,-6.66,NEGATIVE,15.0,NEGATIVE,Liquidity,VWAP,-4.24,4.24,184.56,200.9,193.09,HIGH,122585562.0,NOT_AVAILABLE,NOT_AVAILABLE,,False,False,False,26.66,WATCH,WATCH
1757,IDEAFORGE,2026-08-28,807.65,Neutral-Range,34.42,30.45,-2,40,4/10,Low,44.64,37.27,4.61,10.83,824.79,828.75,683.9,-2.4505,1.2228,0.77,60.83,820.22,-1.53,3.94,0.214,0.33,-0.6,-1.61,-7.71,0.86,50.88,821.3,803.1,805.0,846.0,776.8,41.71,53.68,2.54,-1.93,0.3,16.71,7.11,2.25,-3.12,81.13,6,9,21,19.05,-0.51,28.57,-2.15,23.81,-2.96,42.86,-4.08,28.57,-4.48,NEGATIVE,18.33,NEGATIVE,Delivery + Liquidity,"Trend, Momentum, VWAP",-4.61,4.61,770.38,844.92,805.0,HIGH,394738304.0,NOT_AVAILABLE,NOT_AVAILABLE,,False,False,False,26.54,WATCH,WATCH
1758,HARIOMPIPE,2026-08-28,352.2,Neutral-Range,33.33,28.37,-3,35,4/10,Low,39.06,11.78,3.34,5.0,362.98,374.69,381.08,-1.4641,1.1048,0.76,54.17,372.27,-5.39,3.59,0.18,3.24,1.06,0.09,-9.81,0.73,58.17,348.3,339.75,341.15,356.0,339.75,43.03,52.63,2.34,-1.96,0.34,21.45,8.95,1.99,-2.31,84.58,7,9,26,34.62,-0.06,46.15,-0.44,30.77,-1.71,42.31,-3.02,38.46,-4.05,NEGATIVE,21.66,NEGATIVE,Delivery,"Trend, Momentum, VWAP",-3.34,3.34,340.42,363.98,341.15,HIGH,47738036.0,NOT_AVAILABLE,NOT_AVAILABLE,,False,False,False,26.42,WATCH,WATCH
1759,GRSE,2026-08-28,2612.9,Neutral-Range,32.88,30.45,-1,45,2/10,Low,49.49,62.58,2.4,0.83,2614.4,2626.78,2570.72,4.3303,-1.4998,0.39,10.0,2610.41,0.1,1.62,0.603,-1.14,0.44,-0.22,0.45,-0.04,49.36,2665.9,2632.5,2643.0,2677.1,2577.0,44.61,51.18,2.9,-2.1,0.36,14.08,7.11,2.55,-2.31,73.33,7,7,14,14.29,-0.69,14.29,-4.44,14.29,-5.03,21.43,-4.13,28.57,-4.76,NEGATIVE,7.5,NEGATIVE,Liquidity,"Trend, Structure",-2.4,2.4,2550.32,2675.48,2643.0,MODERATE,1330180877.0,NOT_AVAILABLE,NOT_AVAILABLE,,False,False,False,26.37,WATCH,WATCH
1760,YATRA,2026-08-28,109.82,Neutral-Range,32.94,29.03,-3,35,4/10,Low,46.8,4.89,4.45,36.67,112.08,110.61,117.57,-0.5925,-0.1567,0.62,46.67,114.88,-4.41,5.81,0.419,1.86,-6.08,-3.68,3.14,0.49,36.26,113.52,107.23,107.81,119.7,107.23,45.33,50.4,2.29,-2.03,0.42,23.87,9.87,2.02,-2.06,87.76,7,7,21,52.38,-0.11,28.57,-0.7,28.57,-1.19,23.81,-2.01,42.86,0.12,NEGATIVE,20.53,NEGATIVE,Liquidity,"Trend, Momentum, VWAP",-4.45,4.45,104.93,114.71,107.81,HIGH,293997735.0,NOT_AVAILABLE,NOT_AVAILABLE,,False,False,False,26.22,WATCH,WATCH
1761,BASILIC,2026-08-28,186.45,Neutral-Range,40.69,29.96,-1,45,4/10,Low,44.46,9.82,5.27,33.33,190.84,197.72,241.19,-0.4701,0.2165,0.13,0.83,189.32,-1.52,1.77,0.403,1.72,-2.02,-7.22,-6.52,1.47,60.0,186.0,182.0,183.3,198.4,177.0,44.53,50.0,2.89,-2.57,0.31,32.83,16.6,2.3,-3.01,82.3,9,7,100,42.0,-0.26,37.0,-0.72,40.0,-0.41,32.0,-2.18,31.0,-2.06,NEGATIVE,29.84,NEGATIVE,Structure + Gap + Delivery,"Trend, Momentum, VWAP",-5.27,5.27,176.63,196.27,183.3,VERY_HIGH,6659294.0,NOT_AVAILABLE,NOT_AVAILABLE,,False,False,False,26.16,WATCH,WATCH
1762,KALAMANDIR,2026-08-28,87.09,Neutral-Range,32.38,25.88,-2,40,3/10,Low,43.92,2.33,2.68,1.67,87.77,92.46,111.6,0.614,-0.0115,0.4,9.17,87.25,-0.19,1.21,0.345,0.71,0.93,0.06,-2.29,0.0,70.05,88.29,86.1,86.48,92.0,86.0,41.81,53.53,2.19,-1.9,0.27,15.98,7.32,1.74,-2.43,87.2,12,10,8,50.0,0.06,25.0,-0.91,37.5,-2.61,12.5,-5.84,25.0,-7.81,NEGATIVE,12.5,NEGATIVE,Delivery,"Trend, Momentum, RSI",-2.68,2.68,84.76,89.42,86.48,MODERATE,34363097.0,NOT_AVAILABLE,NOT_AVAILABLE,,False,False,False,26.1,WATCH,WATCH
1763,LAXMIINDIA,2026-08-28,126.29,Neutral-Range,40.55,34.39,0,50,1/10,Low,49.4,6.96,5.51,49.17,127.75,123.06,117.84,-1.5774,0.1709,0.59,45.83,131.21,-3.75,4.52,0.217,3.09,-1.92,1.54,-0.15,0.73,52.53,128.35,122.0,122.5,134.68,121.66,41.09,54.18,3.39,-2.47,0.23,18.18,12.0,2.32,-2.5,84.28,6,7,15,40.0,-0.34,40.0,-1.05,33.33,-2.8,46.67,-2.56,13.33,-2.73,NEGATIVE,23.0,NEGATIVE,Delivery,VWAP,-5.51,5.51,119.33,133.25,122.5,VERY_HIGH,28190817.0,NOT_AVAILABLE,NOT_AVAILABLE,,False,False,False,25.73,WATCH,WATCH
1764,SKMEGGPROD,2026-08-28,257.55,Neutral-Range,39.13,33.76,-1,45,3/10,Low,45.58,13.85,5.38,27.5,262.44,263.62,252.48,2.1814,-0.4838,0.51,30.0,251.82,2.28,3.63,0.587,-3.49,-0.58,-0.75,3.08,-0.33,57.0,277.3,265.1,266.86,277.3,253.0,44.74,50.92,2.61,-2.29,0.17,23.42,11.97,2.04,-3.34,78.99,9,7,100,44.0,0.14,35.0,-0.15,35.0,-1.11,35.0,-2.42,29.0,-3.46,NEGATIVE,25.38,NEGATIVE,VWAP + Liquidity,"Trend, Structure, Delivery",-5.38,5.38,243.7,271.4,266.86,VERY_HIGH,107423465.0,NOT_AVAILABLE,NOT_AVAILABLE,,False,False,False,25.71,WATCH,WATCH
1765,WESTLIFE,2026-08-28,555.75,Neutral-Range,32.17,29.33,-3,35,3/10,Low,50.2,22.32,4.02,34.17,563.59,533.03,527.94,-6.2255,-1.1651,0.3,27.5,579.52,-4.1,2.97,0.488,-1.33,-5.51,-4.66,9.59,0.81,44.59,570.25,553.45,563.25,602.35,553.45,43.03,52.5,1.69,-1.49,0.03,8.16,7.37,1.74,-2.21,88.35,6,8,15,20.0,-0.95,26.67,-1.91,40.0,-1.04,26.67,-4.08,33.33,0.44,NEGATIVE,18.33,NEGATIVE,No strong driver,"Momentum, VWAP, MACD",-4.02,4.02,533.43,578.07,563.25,HIGH,89902667.0,NOT_AVAILABLE,NOT_AVAILABLE,,False,False,False,25.53,WATCH,WATCH
1766,TCIEXP,2026-08-28,555.8,Neutral-Range,36.88,28.71,0,50,1/10,Low,51.86,22.59,4.07,25.0,551.97,547.66,564.42,-0.4442,0.5766,0.25,28.33,571.65,-2.77,3.72,0.328,-0.46,0.88,-0.72,2.61,0.12,42.03,560.0,540.1,558.35,560.0,527.0,43.16,52.37,1.53,-1.46,0.19,10.66,6.05,1.68,-1.97,89.7,8,8,8,50.0,0.24,37.5,-1.6,37.5,-3.41,12.5,-3.63,12.5,-1.94,NEGATIVE,12.5,NEGATIVE,Trend,VWAP,-4.07,4.07,533.21,578.39,558.35,HIGH,73077584.0,NOT_AVAILABLE,NOT_AVAILABLE,,False,False,False,25.3,WATCH,WATCH
1767,ASTRAMICRO,2026-08-28,1706.6,Neutral-Range,36.15,29.91,0,50,1/10,Low,48.56,65.0,3.81,27.5,1717.49,1676.02,1339.0,-5.6787,2.4856,0.62,53.33,1729.5,-1.32,3.11,0.254,1.13,2.67,-1.88,-8.33,0.14,44.49,1715.0,1680.7,1687.5,1726.9,1642.9,49.61,46.18,2.16,-1.83,0.26,13.55,6.71,1.85,-2.41,82.13,8,7,34,50.0,-0.32,38.24,-1.66,26.47,-1.48,17.65,-3.61,14.71,-3.17,NEGATIVE,10.44,NEGATIVE,Liquidity,VWAP,-3.81,3.81,1641.6,1771.6,1687.5,HIGH,677482733.0,NOT_AVAILABLE,NOT_AVAILABLE,,False,False,False,24.93,WATCH,WATCH
1768,LEMERITE,2026-08-28,20.97,Neutral-Range,36.25,29.14,-3,35,4/10,Low,23.97,1.46,6.98,45.83,23.05,50.15,221.03,0.7916,-0.1521,0.63,43.33,23.07,-9.11,7.75,0.048,-3.85,-7.95,-9.5,-9.88,3.12,35.54,22.3,21.5,21.81,23.7,21.5,45.42,48.31,2.38,-2.14,0.63,43.9,14.92,2.68,-4.2,86.57,9,10,17,35.29,-6.33,47.06,-5.57,58.82,-4.81,41.18,-3.43,52.94,-5.03,MIXED,30.0,NEGATIVE,Gap,"Trend, Momentum, Structure",-6.98,6.98,19.51,22.43,21.81,VERY_HIGH,7153532.0,NOT_AVAILABLE,NOT_AVAILABLE,,False,False,False,24.62,WATCH,WATCH
1769,KOTARISUG,2026-08-28,31.43,Neutral-Range,39.46,34.08,0,50,3/10,Low,57.44,2.27,7.21,100.0,29.84,27.69,27.59,0.4701,-0.2644,0.33,6.67,34.38,-8.58,6.2,0.428,-2.12,-5.59,19.6,24.33,-1.99,,33.85,32.11,32.11,39.94,29.2,42.24,52.63,1.9,-1.62,0.32,30.0,16.05,1.93,-1.93,91.81,8,9,100,41.0,-0.25,39.0,-1.07,33.0,-1.77,31.0,-2.61,23.0,-3.29,NEGATIVE,19.88,NEGATIVE,Trend + Momentum + RSI,"Structure, VWAP, Gap",-7.21,7.21,29.16,33.7,32.11,VERY_HIGH,16042567.0,NOT_AVAILABLE,NOT_AVAILABLE,,False,False,False,24.53,WATCH,WATCH
1770,MATRIMONY,2026-08-28,515.0,Neutral-Range,31.4,33.31,-2,40,4/10,Low,58.44,20.82,4.04,53.33,507.67,473.78,465.52,-4.5303,-0.9416,0.06,0.83,524.79,-1.87,1.46,0.655,-0.09,-4.11,-4.35,17.85,-0.65,67.11,531.0,507.05,515.45,560.85,507.05,42.89,52.5,1.51,-1.23,0.05,9.74,11.97,1.94,-1.9,94.12,7,12,9,44.44,-0.05,22.22,-0.8,11.11,-1.25,11.11,-2.02,66.67,2.61,NEGATIVE,9.7,NEGATIVE,Trend + RSI,"Momentum, VWAP, MACD",-4.04,4.04,494.18,535.82,515.45,HIGH,62090987.0,NOT_AVAILABLE,NOT_AVAILABLE,,False,False,False,24.34,WATCH,WATCH
1771,GREENPANEL,2026-08-28,161.06,Neutral-Range,31.74,26.5,-3,35,4/10,Low,31.44,6.29,3.9,18.33,170.85,182.15,209.14,-1.0648,0.6026,0.74,49.17,170.28,-5.42,3.58,0.121,0.73,0.06,-7.72,-16.56,-0.03,61.48,160.39,157.94,159.9,164.75,155.01,43.82,51.58,1.77,-1.67,0.16,14.21,9.08,1.63,-1.95,89.64,7,10,38,21.05,-0.98,26.32,-2.13,34.21,-2.38,28.95,-2.73,39.47,-3.62,NEGATIVE,17.11,NEGATIVE,Delivery,"Trend, Momentum, VWAP",-3.9,3.9,154.77,167.35,159.9,HIGH,50405117.0,NOT_AVAILABLE,NOT_AVAILABLE,,False,False,False,24.25,WATCH,WATCH
1772,AARTISURF,2026-08-28,541.5,Neutral-Range,38.08,32.31,-1,45,3/10,Low,53.87,34.87,6.44,95.0,540.65,485.29,438.02,-12.3018,-0.397,0.1,3.33,563.16,-3.85,4.26,0.388,0.3,-5.49,-17.77,35.09,-0.54,,546.0,530.0,539.9,588.9,521.55,42.11,53.55,2.1,-1.62,0.37,22.37,12.76,2.51,-2.14,87.97,5,9,75,38.67,-0.15,37.33,-0.35,36.0,-0.83,30.67,-3.16,17.33,-5.13,NEGATIVE,22.37,NEGATIVE,Trend + RSI,"Momentum, VWAP, MACD",-6.44,6.44,506.63,576.37,539.9,VERY_HIGH,58208600.0,NOT_AVAILABLE,NOT_AVAILABLE,,False,False,False,24.21,WATCH,WATCH
1773,JNKINDIA,2026-08-28,447.65,Neutral-Range,38.31,30.9,2,60,2/10,Low,49.36,21.52,4.81,0.83,448.18,445.93,378.64,2.2306,-0.4898,0.32,26.67,434.49,3.03,2.92,0.687,0.65,-1.47,-1.88,2.31,-0.9,45.99,457.9,442.05,444.75,466.7,442.05,41.54,55.11,2.81,-2.15,0.48,27.47,12.4,2.61,-2.33,87.11,9,13,8,12.5,-2.01,0.0,-3.89,0.0,-5.2,25.0,-2.38,37.5,-2.58,NEGATIVE,3.75,NEGATIVE,VWAP + Liquidity,None material,-4.81,4.81,426.13,469.17,444.75,HIGH,145825842.0,NOT_AVAILABLE,NOT_AVAILABLE,,False,False,False,24.2,WATCH,WATCH
1774,NFL,2026-08-28,71.09,Bearish,26.63,21.54,-4,30,4/10,Low,45.39,1.36,1.92,14.17,71.49,72.48,77.96,0.1075,-0.0198,0.36,10.0,71.93,-1.17,1.12,0.203,-0.38,1.12,-1.0,-0.53,0.18,50.56,72.0,71.21,71.36,75.38,70.01,46.05,49.21,1.98,-1.8,0.22,10.79,6.97,2.03,-2.37,71.36,6,7,11,27.27,-0.24,27.27,-0.94,9.09,-2.39,27.27,-2.31,36.36,-0.77,NEGATIVE,8.93,NEGATIVE,No strong driver,"Trend, Structure, VWAP",-2.87,-0.67,69.05,70.61,72.0,LOW,68161325.0,NOT_AVAILABLE,NOT_AVAILABLE,,False,False,False,24.18,WATCH,WATCH
1775,VGINFOTECH,2026-08-28,148.5,Neutral-Range,33.6,30.19,-1,45,2/10,Low,47.09,5.04,3.39,0.83,150.08,149.42,148.92,-0.6697,0.0954,0.36,20.0,150.9,-1.59,1.86,0.355,0.54,-1.66,-5.38,-0.67,0.2,100.0,150.0,146.0,147.7,152.0,145.65,47.35,47.35,2.13,-2.11,0.25,29.91,17.76,2.14,-2.31,86.17,6,6,12,16.67,-1.06,8.33,-2.63,8.33,-2.96,33.33,-3.62,33.33,-3.31,NEGATIVE,9.58,NEGATIVE,Delivery,"Trend, VWAP",-3.39,3.39,143.46,153.54,147.7,HIGH,5040098.0,NOT_AVAILABLE,NOT_AVAILABLE,,False,False,False,24.03,WATCH,WATCH
1776,MASON,2026-08-28,118.35,Bearish,31.32,21.32,-4,30,4/10,Low,46.29,5.79,4.89,20.0,120.37,122.87,138.45,0.2064,-0.1699,0.46,47.5,119.78,-1.2,2.46,0.412,-2.99,-1.33,-5.21,-5.32,-3.28,83.33,123.95,117.0,122.0,126.0,113.0,40.48,53.89,3.89,-2.79,0.15,30.83,27.88,3.2,-3.06,74.29,4,7,100,41.0,0.01,36.0,-0.47,30.0,-1.14,29.0,-2.19,27.0,-4.2,NEGATIVE,22.33,NEGATIVE,No strong driver,"Trend, VWAP, Gap",-7.33,-1.71,109.67,116.33,123.95,HIGH,7007351.0,NOT_AVAILABLE,NOT_AVAILABLE,,False,False,False,23.87,WATCH,WATCH
1777,ESTER,2026-08-28,93.73,Neutral-Range,31.32,26.22,-3,35,4/10,Low,49.75,3.81,4.06,36.67,94.34,92.91,96.94,-0.576,-0.03,0.13,0.83,99.73,-6.02,1.57,0.379,0.78,-1.48,-7.22,6.63,0.15,60.75,94.41,92.0,93.0,97.68,92.0,42.37,53.03,2.44,-1.86,0.28,15.39,6.58,2.11,-2.07,85.85,6,7,34,29.41,-0.89,14.71,-2.36,20.59,-2.79,29.41,-1.36,29.41,-1.79,NEGATIVE,15.9,NEGATIVE,Delivery,"Trend, Momentum, VWAP",-4.06,4.06,89.92,97.54,93.0,HIGH,31592020.0,NOT_AVAILABLE,NOT_AVAILABLE,,False,False,False,23.74,WATCH,WATCH
1778,PLASTIBLEN,2026-08-28,189.56,Neutral-Range,33.64,27.7,-1,45,2/10,Low,47.93,6.87,3.63,21.67,191.36,187.46,176.01,-0.9974,0.1059,0.3,20.83,196.63,-3.6,1.91,0.189,0.17,-1.03,-4.83,1.84,0.38,55.8,196.19,189.0,189.24,196.7,187.66,45.53,50.26,1.86,-1.68,0.49,28.03,8.29,2.15,-2.18,90.24,8,8,16,18.75,-0.48,18.75,-1.39,12.5,-2.55,18.75,-1.51,25.0,-5.36,NEGATIVE,9.7,NEGATIVE,Delivery,"Structure, VWAP",-3.63,3.63,182.69,196.43,189.24,HIGH,11250966.0,NOT_AVAILABLE,NOT_AVAILABLE,,False,False,False,23.33,WATCH,WATCH
1779,FINKURVE,2026-08-28,75.56,Neutral-Range,42.25,31.13,2,60,4/10,Low,60.24,5.23,6.92,63.33,71.71,68.06,76.04,0.9041,-0.4373,0.44,37.5,73.48,2.84,7.16,0.705,-3.35,-1.0,3.88,20.45,-0.23,55.96,82.5,76.75,78.18,83.1,75.11,42.37,51.69,2.83,-2.52,1.25,52.54,13.14,2.92,-2.14,94.04,5,7,98,37.76,-0.22,36.73,-0.87,32.65,-1.8,24.49,-3.62,24.49,-5.07,NEGATIVE,15.0,NEGATIVE,Trend + Momentum + VWAP + RSI,"Structure, Delivery",-6.92,6.92,70.33,80.79,78.18,VERY_HIGH,18405984.0,NOT_AVAILABLE,NOT_AVAILABLE,,False,False,False,23.26,WATCH,WATCH
1780,GGBL,2026-08-28,224.9,Neutral-Range,32.38,19.61,-3,35,4/10,Low,33.01,10.43,4.64,27.5,239.52,257.98,305.51,-0.7275,0.0817,0.56,25.0,237.28,-5.22,3.9,0.244,3.09,-5.64,-3.1,-10.56,0.0,70.15,232.3,211.0,218.15,244.9,211.0,40.05,56.02,3.05,-2.43,0.45,27.55,13.43,2.55,-2.32,84.91,5,9,36,27.78,-0.74,36.11,-1.46,22.22,-1.53,22.22,-1.37,19.44,-3.31,NEGATIVE,18.95,NEGATIVE,Delivery,"Trend, Momentum, VWAP",-4.64,4.64,214.47,235.33,218.15,HIGH,8463622.0,NOT_AVAILABLE,NOT_AVAILABLE,,False,False,False,22.83,WATCH,WATCH
1781,DIGITIDE,2026-08-28,99.46,Neutral-Range,32.25,25.22,-2,40,2/10,Low,49.69,4.62,4.64,5.0,99.8,98.39,112.29,0.028,-0.056,0.97,75.0,100.96,-1.49,5.32,0.387,-2.91,2.53,-0.63,-1.85,-0.58,49.48,103.25,99.24,102.44,104.15,94.91,40.45,55.41,2.78,-2.42,0.17,16.88,10.51,1.9,-2.33,86.72,6,8,100,42.0,-0.45,32.0,-1.29,28.0,-2.83,21.0,-4.95,14.0,-7.02,NEGATIVE,12.15,NEGATIVE,No strong driver,"Trend, VWAP",-4.64,4.64,94.84,104.08,102.44,HIGH,37157437.0,NOT_AVAILABLE,NOT_AVAILABLE,,False,False,False,22.78,WATCH,WATCH
1782,SCHAND,2026-08-28,137.97,Neutral-Range,35.65,23.96,0,50,3/10,Low,43.62,4.19,3.04,19.17,139.19,144.06,157.68,0.1914,0.1999,0.78,45.0,138.87,-0.65,2.95,0.282,2.41,0.88,0.08,-3.34,0.22,83.21,138.46,134.5,134.72,139.75,134.1,44.74,50.66,1.71,-1.63,0.28,15.66,6.97,1.92,-1.79,92.68,8,7,15,40.0,-0.49,20.0,-1.66,26.67,-3.11,13.33,-4.03,13.33,-4.22,NEGATIVE,9.0,NEGATIVE,Momentum + MACD + Delivery,"Trend, VWAP, RSI",-3.04,3.04,133.78,142.16,134.72,HIGH,5598065.0,NOT_AVAILABLE,NOT_AVAILABLE,,False,False,False,22.63,WATCH,WATCH
1783,SOLARWORLD,2026-08-28,148.75,Neutral-Range,31.02,23.26,-3,35,4/10,Low,26.07,6.43,4.33,7.5,160.39,175.46,211.73,-0.0026,0.333,0.31,22.5,161.59,-7.95,2.36,0.049,0.53,-0.81,-5.91,-21.0,1.38,48.32,151.06,146.5,147.96,156.08,146.5,35.86,58.65,2.61,-2.07,0.43,22.36,9.28,2.35,-2.16,83.93,4,8,68,36.76,-0.38,36.76,-1.21,26.47,-2.29,30.88,-3.8,38.24,-3.76,NEGATIVE,15.07,NEGATIVE,Gap,"Trend, Momentum, Structure",-4.33,4.33,142.32,155.18,147.96,HIGH,69423804.0,NOT_AVAILABLE,NOT_AVAILABLE,,False,False,False,22.55,WATCH,WATCH
1784,SFL,2026-08-28,637.0,Neutral-Range,32.05,24.96,-2,40,4/10,Low,29.96,25.01,3.93,43.33,680.61,695.87,653.49,-4.652,0.5585,0.51,35.83,707.47,-9.96,2.18,0.044,0.11,-4.2,-8.99,-18.73,-0.2,58.23,655.0,633.3,636.3,676.0,633.3,43.29,52.37,1.51,-1.36,0.26,10.92,5.92,2.09,-2.1,85.99,6,8,15,40.0,-0.1,33.33,-0.98,26.67,-1.14,13.33,-3.22,6.67,-5.44,NEGATIVE,11.56,NEGATIVE,Delivery + Liquidity,"Trend, Momentum, Structure",-3.93,3.93,611.99,662.01,636.3,HIGH,221770444.0,NOT_AVAILABLE,NOT_AVAILABLE,,False,False,False,22.49,WATCH,WATCH
1785,63MOONS,2026-08-28,776.4,Neutral-Range,36.54,31.11,-1,45,2/10,Low,48.6,39.0,5.02,43.33,788.19,759.81,714.68,-10.1488,1.5582,0.52,35.83,840.3,-7.6,5.91,0.17,4.15,-2.4,-1.25,-16.64,-0.06,39.94,784.5,739.1,745.45,822.0,739.1,45.0,50.53,3.02,-2.34,0.41,24.47,12.24,2.61,-2.66,77.15,12,8,32,28.12,-0.56,34.38,-1.51,40.62,-1.96,25.0,-3.91,21.88,-4.76,NEGATIVE,17.97,NEGATIVE,Liquidity,"Structure, VWAP",-5.02,5.02,737.4,815.4,745.45,VERY_HIGH,388385072.0,NOT_AVAILABLE,NOT_AVAILABLE,,False,False,False,22.29,WATCH,WATCH
1786,HINDWAREAP,2026-08-28,191.61,Neutral-Range,31.26,20.98,-3,35,4/10,Low,29.45,7.78,4.06,9.17,203.22,215.37,236.62,-0.1938,0.077,0.23,17.5,202.5,-5.38,2.27,0.115,0.4,-3.53,-1.97,-13.08,0.58,50.76,197.53,190.0,190.84,203.41,190.0,42.11,53.55,2.31,-2.0,0.06,12.63,10.53,1.95,-2.37,88.61,8,11,27,37.04,0.3,40.74,-0.23,33.33,-2.39,25.93,-4.07,18.52,-5.93,NEGATIVE,15.74,NEGATIVE,Delivery,"Trend, Momentum, Structure",-4.06,4.06,183.83,199.39,190.84,HIGH,41580322.0,NOT_AVAILABLE,NOT_AVAILABLE,,False,False,False,22.11,WATCH,WATCH
1787,VALIANTORG,2026-08-28,297.4,Bearish,29.08,22.78,-4,30,4/10,Low,50.78,14.18,4.77,29.17,298.54,290.26,284.77,-2.3808,-0.1157,0.65,55.0,311.3,-4.47,3.29,0.423,-1.06,-1.75,-8.35,11.51,0.47,,307.4,298.05,300.6,315.95,290.0,40.53,55.0,2.35,-1.79,0.43,25.92,10.39,2.17,-2.24,90.5,5,8,15,20.0,-1.01,26.67,-1.46,20.0,-2.94,26.67,-0.91,20.0,-1.04,NEGATIVE,15.93,NEGATIVE,No strong driver,"Momentum, Structure, VWAP",-7.15,-1.67,276.13,292.44,311.3,HIGH,14277766.0,NOT_AVAILABLE,NOT_AVAILABLE,,False,False,False,22.04,WATCH,WATCH
1788,WEBELSOLAR,2026-08-28,77.84,Neutral-Range,32.99,20.14,-2,40,4/10,Low,28.28,3.47,4.45,36.67,85.51,92.47,240.26,-0.6002,0.1238,0.63,41.67,85.99,-9.48,1.99,0.047,0.71,-5.99,-8.53,-19.5,0.01,60.34,80.7,76.8,77.29,84.29,76.8,45.79,49.74,3.5,-2.88,0.37,33.82,17.63,2.81,-3.83,77.96,8,8,20,40.0,0.84,25.0,-0.66,35.0,-0.54,20.0,-6.49,5.0,-8.96,NEGATIVE,14.25,NEGATIVE,Delivery + Liquidity,"Trend, Momentum, Structure",-4.45,4.45,74.37,81.31,77.29,HIGH,200340921.0,NOT_AVAILABLE,NOT_AVAILABLE,,False,False,False,22.0,WATCH,WATCH
1789,KOTYARK,2026-08-28,34.8,Bearish,34.61,20.59,-4,30,4/10,Low,27.51,3.35,9.64,60.83,39.72,90.86,299.29,3.6032,-0.2758,0.55,35.83,40.03,-13.06,4.95,0.123,-1.53,-6.78,-13.6,4.72,0.0,,35.7,34.05,35.34,38.08,33.81,43.54,51.19,3.3,-2.94,0.3,33.16,11.05,2.71,-6.11,81.36,8,8,33,36.36,0.23,39.39,2.53,39.39,5.88,33.33,-8.06,27.27,-13.42,MIXED,31.73,NEGATIVE,No strong driver,"Trend, Momentum, Structure",-14.45,-3.37,29.77,33.63,40.03,VERY_HIGH,11662941.0,NOT_AVAILABLE,NOT_AVAILABLE,,False,False,False,21.99,WATCH,WATCH
1790,PAKKA,2026-08-28,78.38,Neutral-Range,35.0,29.61,-2,40,4/10,Low,49.43,4.35,5.55,76.67,79.39,78.8,97.74,-0.276,-0.2924,0.28,1.67,89.38,-12.31,3.37,0.274,0.95,-7.26,5.35,10.72,1.17,54.36,81.79,77.1,77.64,89.5,77.1,40.66,54.87,2.76,-2.17,0.36,18.82,9.21,2.11,-2.27,86.81,6,8,31,54.84,1.28,67.74,0.81,45.16,-0.2,16.13,-3.91,25.81,-3.13,MIXED,20.01,NEGATIVE,Gap + Delivery,"Trend, Momentum, VWAP",-5.55,5.55,74.03,82.73,77.64,VERY_HIGH,27716475.0,NOT_AVAILABLE,NOT_AVAILABLE,,False,False,False,21.89,WATCH,WATCH
1791,THYROCARE,2026-08-28,584.35,Neutral-Range,32.27,25.77,-1,45,2/10,Low,49.24,23.22,3.97,35.83,590.81,568.76,592.89,-4.8792,0.1179,0.21,5.0,606.55,-3.66,1.74,0.215,0.5,3.32,-6.36,0.92,0.0,49.9,605.2,577.75,581.45,606.5,563.1,46.32,49.34,2.05,-1.74,0.21,14.21,7.5,2.28,-3.1,87.39,9,7,13,15.38,-0.24,30.77,-0.37,15.38,-1.88,15.38,-4.49,15.38,-5.81,NEGATIVE,5.77,NEGATIVE,Liquidity,"Trend, VWAP",-3.97,3.97,561.13,607.57,581.45,HIGH,492583242.0,NOT_AVAILABLE,NOT_AVAILABLE,,False,False,False,21.35,WATCH,WATCH
1792,TNPL,2026-08-28,141.22,Neutral-Range,30.12,22.12,-3,35,4/10,Low,41.85,4.3,3.04,33.33,143.94,145.71,146.59,-0.5584,0.214,0.24,5.0,146.2,-3.41,1.53,0.208,0.94,0.08,0.07,-6.28,0.15,61.12,143.2,139.11,139.91,143.2,138.81,43.42,52.24,1.65,-1.5,0.13,8.29,7.11,1.78,-1.86,81.19,8,10,12,33.33,-0.28,25.0,-0.96,25.0,-1.53,25.0,-4.66,25.0,-8.21,NEGATIVE,12.5,NEGATIVE,Delivery,"Trend, Momentum, VWAP",-3.04,3.04,136.92,145.52,139.91,HIGH,30749413.0,NOT_AVAILABLE,NOT_AVAILABLE,,False,False,False,21.3,WATCH,WATCH
1793,LAXMIDENTL,2026-08-28,199.78,Neutral-Range,31.64,21.96,-2,40,4/10,Low,42.35,6.41,3.21,0.83,203.0,210.05,236.39,-0.1721,0.5423,0.54,43.33,205.09,-2.59,3.65,0.207,2.55,0.83,-1.01,-6.07,0.74,56.07,196.9,193.9,194.82,201.0,192.44,40.1,56.72,2.46,-2.09,0.25,19.56,10.51,2.17,-2.82,89.08,5,10,100,35.0,-0.49,38.0,-1.43,26.0,-2.25,18.0,-4.89,19.0,-6.0,NEGATIVE,10.4,NEGATIVE,Structure + Delivery,"Trend, Momentum, VWAP",-3.21,3.21,193.37,206.19,194.82,HIGH,28813977.0,NOT_AVAILABLE,NOT_AVAILABLE,,False,False,False,21.18,WATCH,WATCH
1794,MADRASFERT,2026-08-28,67.43,Neutral-Range,33.2,24.8,0,50,3/10,Low,52.6,2.1,3.11,18.33,66.87,67.16,70.82,0.3856,-0.0712,0.5,34.17,68.63,-1.75,2.96,0.486,-0.79,2.92,2.85,1.51,0.06,52.58,70.9,67.8,67.97,72.1,65.01,46.97,48.42,1.96,-1.87,0.26,15.13,7.89,1.77,-1.85,80.61,8,10,10,40.0,0.12,30.0,-1.25,10.0,-3.32,10.0,-2.83,10.0,-4.17,NEGATIVE,2.0,NEGATIVE,Trend + Momentum + RSI,"Structure, VWAP, Delivery",-3.11,3.11,65.33,69.53,67.97,HIGH,8297192.0,NOT_AVAILABLE,NOT_AVAILABLE,,False,False,False,20.4,WATCH,WATCH
1795,C2C,2026-08-28,228.4,Neutral-Range,38.22,23.98,0,50,3/10,Low,34.45,15.99,7.0,48.33,249.28,295.95,421.55,2.8421,0.286,0.36,2.5,242.29,-5.73,4.57,0.341,0.42,-0.67,-9.92,-13.42,0.24,70.28,232.0,224.55,227.45,246.95,224.55,41.44,53.61,3.84,-3.58,0.05,30.8,24.33,2.91,-3.71,75.94,5,8,41,36.59,-0.43,31.71,-1.07,31.71,-2.77,29.27,-4.51,29.27,-8.11,NEGATIVE,16.34,NEGATIVE,Momentum + MACD + Delivery,"Trend, VWAP, RSI",-7.0,7.0,212.41,244.39,227.45,VERY_HIGH,28534746.0,NOT_AVAILABLE,NOT_AVAILABLE,,False,False,False,20.24,WATCH,WATCH
1796,SUMEETINDS,2026-08-28,12.68,Neutral-Range,36.71,22.92,-1,45,4/10,Low,18.71,0.89,7.03,83.33,16.0,21.13,30.15,0.2728,0.0581,0.21,14.17,14.32,-11.46,4.23,0.049,-2.39,-6.21,-14.15,-43.11,0.08,87.17,13.42,12.94,12.99,13.89,12.82,45.74,48.12,8.1,-3.22,2.49,43.56,28.51,8.09,-3.69,56.83,21,18,100,33.0,-0.71,34.0,-1.92,33.0,-2.51,34.0,-3.34,26.0,-5.1,NEGATIVE,18.45,NEGATIVE,Momentum + MACD + Liquidity,"Trend, Structure, VWAP",-7.03,7.03,11.79,13.57,12.99,VERY_HIGH,109163957.0,NOT_AVAILABLE,NOT_AVAILABLE,,False,False,False,20.0,WATCH,WATCH
1797,UEL,2026-08-28,189.33,Neutral-Range,40.35,24.99,2,60,3/10,Low,50.84,11.48,6.07,50.0,191.12,175.22,183.6,-8.0748,1.5849,0.08,2.5,215.21,-12.03,0.0,0.254,5.0,4.47,-19.15,23.16,5.0,100.0,180.32,180.32,180.32,181.23,157.1,52.15,44.55,6.26,-4.25,1.21,45.87,32.34,6.46,-5.43,39.23,37,10,12,33.33,-1.5,41.67,-3.8,33.33,-1.05,8.33,-18.14,0.0,-24.3,NEGATIVE,9.58,NEGATIVE,Structure + Gap + Delivery,VWAP,-6.07,6.07,177.85,200.81,180.32,VERY_HIGH,7691463.0,NOT_AVAILABLE,NOT_AVAILABLE,,False,False,False,19.5,WATCH,WATCH
1798,LAMBODHARA,2026-08-28,138.48,Neutral-Range,34.99,30.72,0,50,2/10,Low,72.2,7.53,5.44,69.17,123.73,117.06,114.86,3.1634,-0.3165,0.35,35.83,138.34,0.1,6.01,0.791,-1.58,17.28,24.15,21.74,2.34,57.63,147.19,139.51,140.71,147.19,105.5,42.11,53.55,2.64,-2.03,0.58,33.55,9.08,2.15,-2.06,90.15,7,9,26,23.08,-1.22,30.77,-3.23,26.92,-4.75,7.69,-7.81,11.54,-9.53,NEGATIVE,7.11,NEGATIVE,Trend + Gap,"Structure, Delivery",-5.44,5.44,130.95,146.01,140.71,VERY_HIGH,12367696.0,NOT_AVAILABLE,NOT_AVAILABLE,,False,False,False,18.99,WATCH,WATCH
1799,ABDL,2026-08-28,610.0,Neutral-Range,32.5,21.98,0,50,2/10,Low,48.28,21.63,3.55,10.83,613.4,612.17,562.32,0.7525,-0.0509,0.3,7.5,614.34,-0.71,1.28,0.431,0.41,2.52,1.76,-1.53,0.0,51.87,621.2,605.0,607.5,643.9,584.3,46.74,49.64,2.19,-1.76,0.23,16.12,7.07,1.82,-2.36,89.42,7,10,9,44.44,-0.69,0.0,-3.45,0.0,-6.66,0.0,-10.09,11.11,-13.91,NEGATIVE,0.0,NEGATIVE,Delivery + Liquidity,"Trend, VWAP",-3.55,3.55,588.37,631.63,607.5,HIGH,220739488.0,NOT_AVAILABLE,NOT_AVAILABLE,,False,False,False,18.84,WATCH,WATCH
1800,GALAPREC,2026-08-28,1034.2,Neutral-Range,30.49,28.61,-3,35,3/10,Low,45.5,54.76,5.3,80.83,1058.99,1056.58,927.62,2.034,-1.1109,0.66,45.83,1048.9,-1.4,2.96,0.328,-0.54,-5.06,3.36,-5.46,0.79,53.45,1075.0,1012.0,1039.8,1122.0,1012.0,44.14,52.68,2.7,-2.04,0.28,22.07,12.33,2.23,-2.38,87.78,5,8,17,35.29,0.07,17.65,-2.41,17.65,-4.31,35.29,-1.49,47.06,-2.21,NEGATIVE,13.53,NEGATIVE,No strong driver,"Trend, VWAP, Delivery",-5.3,5.3,979.44,1088.96,1039.8,VERY_HIGH,57919160.0,NOT_AVAILABLE,NOT_AVAILABLE,,False,False,False,18.61,WATCH,WATCH
1801,AMRUTANJAN,2026-08-28,514.25,Neutral-Range,26.72,15.11,-3,35,3/10,Low,48.09,17.87,3.47,64.17,516.64,524.91,572.52,2.333,-0.6754,0.38,20.83,516.89,-0.51,2.13,0.469,-0.54,-4.12,3.67,-0.15,0.03,50.36,527.75,506.55,517.05,548.0,506.55,43.29,52.37,1.47,-1.24,0.08,6.84,6.71,2.06,-1.79,92.05,7,8,9,55.56,0.25,22.22,-0.74,11.11,-1.16,11.11,-4.97,11.11,-5.77,NEGATIVE,2.78,NEGATIVE,No strong driver,"Trend, VWAP, Delivery",-3.47,3.47,496.38,532.12,517.05,HIGH,90392061.0,NOT_AVAILABLE,NOT_AVAILABLE,,False,False,False,15.74,WATCH,WATCH
